trial,subject,condition,tsec,arousal,arousal_mean,above,above_adaptive,sustained,rate,excess_fixed,excess_adaptive,event,a100,am100,strat
0_1,0,2,0,0.0,17.708525367727084,0.0,0.0,1.0,8.333054801126156,0.0,0.0,0.0,0.0,0.17708525367727085,<30
0_1,0,2,5,15.380921913884315,42.548538578076446,1.0,1.0,1.0,7.179574037201414,5.517368589477394,1.483331871445273,0.0,0.15380921913884316,0.42548538578076445,<30
0_1,0,2,10,72.64358044290485,34.07940346252846,1.0,1.0,1.0,-8.171017975534312,59.55927192171768,42.16679437697963,0.0,0.7264358044290485,0.3407940346252846,<30
0_1,0,2,15,10.682731945304589,26.894528912801796,0.0,0.0,1.0,3.9662895639821896,0.0,0.0,0.0,0.10682731945304588,0.26894528912801796,<30
0_1,0,2,20,18.071902481912304,9.59483574310911,0.0,0.0,0.0,-6.160383895767948,0.0,0.0,0.0,0.18071902481912303,0.0959483574310911,<30
0_1,0,2,25,10.164681892041862,17.608641818801704,0.0,0.0,0.0,2.710934607573571,0.0,0.0,0.0,0.10164681892041863,0.17608641818801704,<30
0_1,0,2,30,16.90669266385625,20.43265941937504,0.0,0.0,0.0,0.5199848306356588,0.0,0.0,0.0,0.16906692663856251,0.20432659419375038,30-40
0_1,0,2,35,40.18625257972593,27.77759066098389,0.0,1.0,0.0,0.2913530386970089,0.0,3.661829010420071,1.0,0.4018625257972593,0.2777759066098389,30-40
0_11,0,3,0,0.0,0.5025585158162011,0.0,0.0,0.0,0.2431091398683462,0.0,0.0,0.0,0.0,0.005025585158162011,<30
0_11,0,3,5,0.209308683849081,0.5329782304348306,0.0,0.0,0.0,0.01575907935375097,0.0,0.0,0.0,0.00209308683849081,0.005329782304348306,<30
0_11,0,3,10,1.355241026499646,1.9291574650336532,0.0,0.0,0.0,0.2685004258652698,0.0,0.0,0.0,0.01355241026499646,0.01929157465033653,<30
0_11,0,3,15,2.8007656832912176,1.6868977232378968,0.0,0.0,0.0,-0.16201028960448444,0.0,0.0,0.0,0.028007656832912176,0.016868977232378967,<30
0_11,0,3,20,3.8944936429769914,13.634867049458734,0.0,0.0,0.0,3.32371510651607,0.0,0.0,0.0,0.038944936429769914,0.13634867049458735,<30
0_11,0,3,25,14.568357100824883,8.603202866266283,0.0,0.0,0.0,-2.400793232380912,0.0,0.0,0.0,0.14568357100824883,0.08603202866266284,<30
0_11,0,3,30,8.822959460378936,17.10762282968711,0.0,0.0,0.0,3.315333564138605,0.0,0.0,0.0,0.08822959460378936,0.17107622829687108,30-40
0_11,0,3,35,28.07832156311737,19.744965291424332,0.0,0.0,0.0,-1.0022660864711015,0.0,0.0,0.0,0.2807832156311737,0.19744965291424332,30-40
0_11,0,3,40,31.758617165265072,58.31765888817372,0.0,0.0,0.0,10.25637215415627,0.0,0.0,0.0,0.31758617165265074,0.5831765888817372,30-40
0_11,0,3,45,45.69494429463336,62.169120442236114,0.0,0.0,0.0,1.2365599615640241,0.0,0.0,0.0,0.4569494429463336,0.6216912044223611,41-52
0_11,0,3,50,93.26377854367381,96.39028127066963,0.0,1.0,0.0,4.4587070319657,0.0,0.41398630386572677,0.0,0.932637785436738,0.9639028127066963,41-52
0_11,0,3,55,96.18457426361314,95.77886136612113,0.0,0.0,0.0,-0.36621284272007887,0.0,0.0,0.0,0.9618457426361314,0.9577886136612114,53+
0_11,0,3,60,92.85249650134696,92.85249650134696,0.0,0.0,0.0,-0.990661020122578,0.0,0.0,1.0,0.9285249650134696,0.9285249650134696,53+
0_13,0,3,0,0.0,0.3877312664277623,0.0,0.0,0.0,0.12934181706569284,0.0,0.0,0.0,0.0,0.003877312664277623,<30
0_13,0,3,5,5.548584543064559,6.415521784499897,0.0,0.0,0.0,1.1947290711914278,0.0,0.0,0.0,0.05548584543064559,0.06415521784499897,<30
0_13,0,3,10,5.5521123675454085,4.588586607402599,0.0,0.0,0.0,-0.5341004798833702,0.0,0.0,0.0,0.05552112367545409,0.045885866074025984,<30
0_13,0,3,15,1.8957931150302891,2.0360100851695044,0.0,0.0,0.0,-0.31592234616754655,0.0,0.0,0.0,0.018957931150302892,0.020360100851695043,<30
0_13,0,3,20,1.123007360947389,0.4451535139130988,0.0,0.0,0.0,-0.43887612078987387,0.0,0.0,0.0,0.01123007360947389,0.004451535139130988,<30
0_13,0,3,25,0.056502060930338216,0.1991070732347086,0.0,0.0,0.0,0.021930920709922766,0.0,0.0,0.0,0.0005650206093033821,0.001991070732347086,<30
0_13,0,3,30,0.20536804077007165,0.10408132842524935,0.0,0.0,0.0,-0.0430892370306314,0.0,0.0,0.0,0.0020536804077007165,0.0010408132842524935,30-40
0_13,0,3,35,0.5263578522948343,0.5144143163231997,0.0,0.0,0.0,0.06708615329861371,0.0,0.0,0.0,0.005263578522948343,0.005144143163231997,30-40
0_13,0,3,40,0.10659232600535558,0.045059069659492954,0.0,0.0,0.0,-0.07673660364689937,0.0,0.0,0.0,0.0010659232600535558,0.00045059069659492953,30-40
0_13,0,3,45,0.05447369665546253,7.329667529989857,0.0,0.0,0.0,2.3784326945483842,0.0,0.0,0.0,0.0005447369665546253,0.07329667529989857,41-52
0_13,0,3,50,22.118918036371422,10.555311342527125,0.0,0.0,0.0,-1.326260660991294,0.0,0.0,0.0,0.2211891803637142,0.10555311342527124,41-52
0_13,0,3,55,6.550169116979246,55.46609473997071,0.0,0.0,0.0,14.86030577302284,0.0,0.0,0.0,0.06550169116979246,0.5546609473997071,53+
0_13,0,3,60,84.40873959305881,86.55821524723326,0.0,0.0,0.0,2.32483354951526,0.0,0.0,1.0,0.8440873959305881,0.8655821524723326,53+
0_15,0,1,0,0.0,0.014376266672617507,0.0,0.0,0.0,0.005474237532056822,0.0,0.0,0.0,0.0,0.00014376266672617508,<30
0_15,0,1,5,0.011743220008568029,0.004654620168137639,0.0,0.0,0.0,-0.004335696142763229,0.0,0.0,0.0,0.00011743220008568028,4.654620168137639e-05,<30
0_15,0,1,10,0.0004189275524609802,0.00908377319493725,0.0,0.0,0.0,0.002618942879866808,0.0,0.0,0.0,4.189275524609802e-06,9.08377319493725e-05,<30
0_15,0,1,15,0.015158700011143878,0.07688373443422812,0.0,0.0,0.0,0.021112825481789235,0.0,0.0,0.0,0.00015158700011143878,0.0007688373443422812,<30
0_15,0,1,20,1.5821928323461667,2.4098137214748387,0.0,0.0,0.0,0.5315052023020653,0.0,0.0,0.0,0.015821928323461666,0.024098137214748388,<30
0_15,0,1,25,2.0064268736939304,1.5441144839219334,0.0,0.0,0.0,-0.2908970754914795,0.0,0.0,0.0,0.020064268736939304,0.015441144839219333,<30
0_15,0,1,30,0.37933169710662423,3.2805201393552954,0.0,0.0,0.0,0.6924079318012064,0.0,0.0,0.0,0.0037933169710662423,0.03280520139355295,30-40
0_15,0,1,35,3.2271729732304895,4.577227814252628,0.0,0.0,0.0,-0.04584794738011611,0.0,0.0,0.0,0.032271729732304896,0.045772278142526275,30-40
0_15,0,1,40,14.456843585408741,24.658268065982345,0.0,0.0,0.0,4.007194891007387,0.0,0.0,0.0,0.1445684358540874,0.24658268065982344,30-40
0_15,0,1,45,11.306622774671315,16.694557990760977,0.0,0.0,0.0,-1.4770226447662362,0.0,0.0,0.0,0.11306622774671314,0.16694557990760978,41-52
0_15,0,1,50,6.596569905861774,40.827858860218576,0.0,0.0,0.0,8.893904118344532,0.0,0.0,0.0,0.06596569905861774,0.40827858860218574,41-52
0_15,0,1,55,95.22220752158344,98.32873851485768,0.0,0.0,0.0,7.531148206587543,0.0,0.0,0.0,0.9522220752158345,0.9832873851485767,53+
0_15,0,1,60,99.30604088347565,99.30604088347565,0.0,0.0,0.0,0.03483816414108295,0.0,0.0,1.0,0.9930604088347564,0.9930604088347564,53+
0_17,0,1,0,0.0,1.0714412814307772,0.0,0.0,0.0,0.4863633358307963,0.0,0.0,0.0,0.0,0.010714412814307772,<30
0_17,0,1,5,0.9900688979171832,1.8360126716001943,0.0,0.0,0.0,0.12217107477210434,0.0,0.0,0.0,0.009900688979171832,0.018360126716001943,<30
0_17,0,1,10,0.8312431186903074,0.38985599499560375,0.0,0.0,0.0,-0.3695834568433964,0.0,0.0,0.0,0.008312431186903075,0.0038985599499560377,<30
0_17,0,1,15,1.0123309125216748,1.583819633890261,0.0,0.0,0.0,0.2860225416952168,0.0,0.0,0.0,0.010123309125216749,0.01583819633890261,<30
0_17,0,1,20,0.7331467358727262,0.7547160204431174,0.0,0.0,0.0,-0.16797926217118236,0.0,0.0,0.0,0.007331467358727262,0.007547160204431174,<30
0_17,0,1,25,2.2756583476257513,2.28074244594393,0.0,0.0,0.0,0.2042120782598551,0.0,0.0,0.0,0.022756583476257513,0.0228074244594393,<30
0_17,0,1,30,0.5863391969300797,4.074930505215858,0.0,0.0,0.0,0.9125777442571756,0.0,0.0,0.0,0.0058633919693007975,0.040749305052158576,30-40
0_17,0,1,35,24.606675130548112,30.66729242202437,0.0,0.0,0.0,4.846885728981127,0.0,0.0,0.0,0.2460667513054811,0.3066729242202437,30-40
0_17,0,1,40,17.55560904370334,40.4136590132085,0.0,0.0,0.0,3.895921212553675,0.0,0.0,0.0,0.17555609043703338,0.404136590132085,30-40
0_17,0,1,45,28.185335730186026,13.231372590887378,0.0,0.0,0.0,-8.545290340103959,0.0,0.0,0.0,0.28185335730186023,0.13231372590887377,41-52
0_17,0,1,50,10.656998169382385,10.911306402458226,0.0,0.0,0.0,0.39315930138825933,0.0,0.0,0.0,0.10656998169382385,0.10911306402458226,41-52
0_17,0,1,55,2.3819011764090083,1.875285488335523,0.0,0.0,0.0,-1.492711576471509,0.0,0.0,0.0,0.023819011764090084,0.01875285488335523,53+
0_17,0,1,60,15.701774128654652,35.277242746276045,0.0,0.0,0.0,7.514582189673007,0.0,0.0,0.0,0.15701774128654652,0.35277242746276044,53+
0_17,0,1,65,28.45770798242942,26.98541830470276,0.0,0.0,0.0,-4.943884577887549,0.0,0.0,1.0,0.2845770798242942,0.2698541830470276,53+
0_19,0,3,0,0.0,0.022640790648228097,0.0,0.0,0.0,0.010732055416228752,0.0,0.0,0.0,0.0,0.00022640790648228098,<30
0_19,0,3,5,0.13174328980078484,0.7615788287502664,0.0,0.0,0.0,0.18887947479466372,0.0,0.0,0.0,0.0013174328980078483,0.007615788287502664,<30
0_19,0,3,10,0.35668941274646837,0.23944901122980577,0.0,0.0,0.0,-0.15074126213417133,0.0,0.0,0.0,0.003566894127464684,0.0023944901122980576,<30
0_19,0,3,15,0.58881268060002,0.3295625099907074,0.0,0.0,0.0,-0.00492533609218315,0.0,0.0,0.0,0.0058881268060002,0.003295625099907074,<30
0_19,0,3,20,0.06844409038697474,1.9108700962505587,0.0,0.0,0.0,0.5911374399955527,0.0,0.0,0.0,0.0006844409038697474,0.01910870096250559,<30
0_19,0,3,25,10.005080555192666,8.229410620275143,0.0,0.0,0.0,0.7617444957846526,0.0,0.0,0.0,0.10005080555192666,0.08229410620275143,<30
0_19,0,3,30,5.4006061556163445,2.6536536644856046,0.0,0.0,0.0,-1.0987376722445366,0.0,0.0,0.0,0.05400606155616344,0.026536536644856046,30-40
0_19,0,3,35,9.079962396474954,41.36403067699276,0.0,0.0,0.0,9.928538139642146,0.0,0.0,0.0,0.09079962396474954,0.41364030676992763,30-40
0_19,0,3,40,26.45168937860545,11.524512116355883,0.0,0.0,0.0,-9.145402959927946,0.0,0.0,0.0,0.26451689378605453,0.11524512116355883,30-40
0_19,0,3,45,1.4949910634335488,13.450165574762158,0.0,0.0,0.0,3.182667215445265,0.0,0.0,0.0,0.014949910634335489,0.13450165574762157,41-52
0_19,0,3,50,41.7552451860806,34.31945771796442,0.0,0.0,0.0,2.30034698341946,0.0,0.0,0.0,0.41755245186080603,0.3431945771796442,41-52
0_19,0,3,55,50.40326531948348,38.49301979941194,0.0,0.0,0.0,-0.07268557305049975,0.0,0.0,0.0,0.5040326531948348,0.38493019799411937,53+
0_19,0,3,60,47.63586673227,77.90556149662429,0.0,0.0,0.0,11.869369565926569,0.0,0.0,0.0,0.47635866732270005,0.7790556149662429,53+
0_19,0,3,65,97.72832069886373,98.2447376897748,0.0,0.0,0.0,1.3405406862586262,0.0,0.0,0.0,0.9772832069886372,0.982447376897748,53+
0_19,0,3,70,98.51559490966353,98.91058701496063,0.0,0.0,0.0,0.14282954902349984,0.0,0.0,1.0,0.9851559490966353,0.9891058701496063,53+
0_21,0,3,0,0.0,8.645089673822373,0.0,0.0,1.0,4.088277434234608,0.0,0.0,0.0,0.0,0.08645089673822373,<30
0_21,0,3,5,16.028854262182165,26.636004950997698,1.0,1.0,1.0,3.88140889640867,6.165300937775244,6.015166004759529,0.0,0.16028854262182166,0.266360049509977,<30
0_21,0,3,10,17.72607945715668,7.462839865052755,1.0,1.0,1.0,-5.389376969174018,4.641770935969507,1.4115262492519456,0.0,0.1772607945715668,0.07462839865052756,<30
0_21,0,3,15,2.1697299518347726,5.32080876952607,0.0,0.0,0.0,0.6345775786737039,0.0,0.0,0.0,0.021697299518347726,0.0532080876952607,<30
0_21,0,3,20,3.2219042623124716,1.292790017073973,0.0,0.0,0.0,-1.1724925153368848,0.0,0.0,0.0,0.032219042623124715,0.01292790017073973,<30
0_21,0,3,25,0.42339556867185446,7.799006888792704,0.0,0.0,0.0,2.086001076821332,0.0,0.0,0.0,0.004233955686718544,0.07799006888792703,<30
0_21,0,3,30,3.7114508745215646,1.473984725473613,0.0,0.0,0.0,-2.072393862021591,0.0,0.0,0.0,0.037114508745215644,0.014739847254736128,30-40
0_21,0,3,35,0.32176929091481854,5.341452444290946,0.0,0.0,0.0,1.586506863754515,0.0,0.0,0.0,0.0032176929091481854,0.05341452444290946,30-40
0_21,0,3,40,28.013393892367052,20.09507480430436,0.0,0.0,0.0,1.4744307769920693,0.0,0.0,0.0,0.2801339389236705,0.2009507480430436,30-40
0_21,0,3,45,8.134566709653033,17.26419719878651,0.0,0.0,0.0,1.1893713422829584,0.0,0.0,0.0,0.08134566709653032,0.17264197198786507,41-52
0_21,0,3,50,49.76717914338336,56.292405025625115,0.0,0.0,0.0,6.619867082536618,0.0,0.0,0.0,0.4976717914338336,0.5629240502562511,41-52
0_21,0,3,55,23.894313519914643,10.97805688394485,0.0,0.0,0.0,-9.89339941319395,0.0,0.0,0.0,0.23894313519914642,0.1097805688394485,53+
0_21,0,3,60,2.2382848012704013,2.339979989338461,0.0,0.0,0.0,-0.6247699761654102,0.0,0.0,0.0,0.022382848012704012,0.023399799893384608,53+
0_21,0,3,65,0.8753009362265283,0.6063645778373847,0.0,0.0,0.0,-0.3574841518844073,0.0,0.0,0.0,0.008753009362265283,0.0060636457783738475,53+
0_21,0,3,70,4.2362165007502295,4.2362165007502295,0.0,0.0,0.0,1.2961347047685619,0.0,0.0,1.0,0.0423621650075023,0.0423621650075023,53+
0_23,0,2,0,0.0,31.019735441234502,0.0,0.0,1.0,13.788721228891788,0.0,0.0,0.0,0.0,0.310197354412345,<30
0_23,0,2,5,15.34659842252384,16.531429865919982,1.0,0.0,1.0,-4.926109330640967,5.48304509811692,0.0,0.0,0.1534659842252384,0.16531429865919983,<30
0_23,0,2,10,11.731624454876519,4.752031260843216,0.0,0.0,0.0,-3.3567270263656126,0.0,0.0,0.0,0.11731624454876519,0.04752031260843216,<30
0_23,0,2,15,3.1814886158872566,8.131824542980786,0.0,0.0,0.0,1.6404896870344232,0.0,0.0,0.0,0.03181488615887257,0.08131824542980785,<30
0_23,0,2,20,13.991000313801976,8.278084463854784,0.0,0.0,0.0,-0.959910998663861,0.0,0.0,0.0,0.13991000313801977,0.08278084463854783,<30
0_23,0,2,25,5.355851817916692,2.9497380023057778,0.0,0.0,0.0,-0.7487791815277898,0.0,0.0,0.0,0.053558518179166924,0.029497380023057778,<30
0_23,0,2,30,0.54960956650655,0.22400541153426046,0.0,0.0,0.0,-0.3090568832628589,0.0,0.0,0.0,0.0054960956650655,0.0022400541153426044,30-40
0_23,0,2,35,0.03233495706353022,1.182135772201033,0.0,0.0,0.0,0.3661579107407096,0.0,0.0,0.0,0.0003233495706353022,0.011821357722010331,30-40
0_23,0,2,40,1.3792139880492074,2.6416577353970006,0.0,0.0,0.0,0.3397534216491187,0.0,0.0,0.0,0.013792139880492073,0.026416577353970006,30-40
0_23,0,2,45,22.28755742817721,51.758178775504675,0.0,0.0,0.0,12.591330226236291,0.0,0.0,0.0,0.2228755742817721,0.5175817877550467,41-52
0_23,0,2,50,92.50188088693585,87.13566932221553,0.0,0.0,0.0,3.3568111171745505,0.0,0.0,0.0,0.9250188088693585,0.8713566932221554,41-52
0_23,0,2,55,64.19848535092638,70.69768580534382,0.0,0.0,0.0,-1.2331041034577424,0.0,0.0,0.0,0.6419848535092637,0.7069768580534382,53+
0_23,0,2,60,88.93561256639191,82.04199315051052,0.0,0.0,0.0,0.6371597807048841,0.0,0.0,1.0,0.8893561256639191,0.8204199315051052,53+
0_3,0,3,0,0.0,2.485336788087967,0.0,0.0,0.0,1.2799896548332224,0.0,0.0,0.0,0.0,0.024853367880879672,<30
0_3,0,3,5,1.0058667166383386,6.840973484779161,0.0,0.0,0.0,1.510981113091622,0.0,0.0,0.0,0.010058667166383387,0.06840973484779161,<30
0_3,0,3,10,4.75387360397745,9.04076069466602,0.0,0.0,0.0,0.4841773171456866,0.0,0.0,0.0,0.0475387360397745,0.0904076069466602,<30
0_3,0,3,15,41.178918171118745,25.57625879949484,1.0,1.0,1.0,0.5070164397193292,24.5551541678903,21.6486396386079,0.0,0.41178918171118745,0.2557625879949484,<30
0_3,0,3,20,4.225387512454725,3.5545817385559553,0.0,0.0,0.0,-2.3226667515751873,0.0,0.0,0.0,0.04225387512454725,0.03554581738555955,<30
0_3,0,3,25,3.525126123051706,10.437287728465753,0.0,0.0,0.0,2.234053306957578,0.0,0.0,0.0,0.035251261230517056,0.10437287728465754,<30
0_3,0,3,30,15.412884285566674,7.295304146130137,0.0,0.0,0.0,-2.200364262597281,0.0,0.0,0.0,0.15412884285566675,0.07295304146130137,30-40
0_3,0,3,35,4.4712310925882495,26.927310822078528,0.0,0.0,0.0,7.0875722963884815,0.0,0.0,0.0,0.044712310925882494,0.26927310822078526,30-40
0_3,0,3,40,51.18422589287084,69.77169465132502,0.0,0.0,0.0,6.789831655481135,0.0,0.0,0.0,0.5118422589287084,0.6977169465132502,30-40
0_3,0,3,45,58.052682837767705,72.51410981935689,0.0,0.0,0.0,0.809292633519237,0.0,0.0,0.0,0.580526828377677,0.7251410981935689,41-52
0_3,0,3,50,90.46569875827058,85.62094881188712,0.0,1.0,0.0,1.010770354553306,0.0,4.523902221785349,0.0,0.9046569875827057,0.8562094881188712,41-52
0_3,0,3,55,72.07597836756096,44.43106064757799,0.0,0.0,0.0,-9.291052318826988,0.0,0.0,0.0,0.7207597836756097,0.4443106064757799,53+
0_3,0,3,60,59.408315711543835,62.41536326056058,0.0,0.0,0.0,8.907833052219594,0.0,0.0,1.0,0.5940831571154384,0.6241536326056059,53+
0_5,0,1,0,0.0,0.19389944557963573,0.0,0.0,0.0,0.07600833986609441,0.0,0.0,0.0,0.0,0.0019389944557963573,<30
0_5,0,1,5,1.877570566041168,1.60260988469072,0.0,0.0,0.0,0.20550948942562175,0.0,0.0,0.0,0.01877570566041168,0.0160260988469072,<30
0_5,0,1,10,1.6323028868018339,2.290422585928359,0.0,0.0,0.0,0.15822986756555915,0.0,0.0,0.0,0.016323028868018338,0.022904225859283592,<30
0_5,0,1,15,1.827464643145297,1.6409986966141894,0.0,0.0,0.0,-0.17503963516551896,0.0,0.0,0.0,0.01827464643145297,0.016409986966141894,<30
0_5,0,1,20,0.6358462396420971,8.255650775807016,0.0,0.0,0.0,2.3379904565948486,0.0,0.0,0.0,0.006358462396420971,0.08255650775807016,<30
0_5,0,1,25,15.727901514041818,8.014302601985907,0.0,0.0,0.0,-1.6812473548441118,0.0,0.0,0.0,0.15727901514041817,0.08014302601985906,<30
0_5,0,1,30,1.8651057189971172,8.241160918380277,0.0,0.0,0.0,1.5038166156496777,0.0,0.0,0.0,0.018651057189971173,0.08241160918380278,30-40
0_5,0,1,35,37.88079381798288,62.35592794499048,0.0,0.0,1.0,11.46905200841043,0.0,0.0,0.0,0.3788079381798288,0.6235592794499049,30-40
0_5,0,1,40,65.40199608255136,83.93097353806658,0.0,0.0,0.0,4.293631148818353,0.0,0.0,0.0,0.6540199608255136,0.8393097353806658,30-40
0_5,0,1,45,96.37867660592778,97.17447063931218,0.0,1.0,0.0,1.3027692673186853,0.0,24.539225610992872,0.0,0.9637867660592778,0.9717447063931217,41-52
0_5,0,1,50,98.21602478102163,96.95706190854018,0.0,1.0,0.0,-0.30408895300449595,0.0,14.162669624609222,0.0,0.9821602478102163,0.9695706190854019,41-52
0_5,0,1,55,83.08363757239027,88.90546379430425,0.0,0.0,0.0,-0.9672798730387674,0.0,0.0,0.0,0.8308363757239028,0.8890546379430425,53+
0_5,0,1,60,89.96199462890527,89.96199462890527,0.0,0.0,0.0,0.03385674778241802,0.0,0.0,1.0,0.8996199462890527,0.8996199462890527,53+
0_7,0,3,0,0.0,0.23951511110502094,0.0,0.0,0.0,0.1128960376528245,0.0,0.0,0.0,0.0,0.0023951511110502093,<30
0_7,0,3,5,0.4258897175255816,18.455938343965055,0.0,0.0,0.0,5.984805751705787,0.0,0.0,0.0,0.004258897175255816,0.18455938343965056,<30
0_7,0,3,10,41.82199364115394,19.912246940593132,1.0,1.0,1.0,-4.10928800822986,28.737685119966766,17.11851184214652,0.0,0.4182199364115394,0.1991224694059313,<30
0_7,0,3,15,3.42782380888794,3.1561794825952068,0.0,0.0,0.0,-1.3799858924971542,0.0,0.0,0.0,0.0342782380888794,0.03156179482595207,<30
0_7,0,3,20,3.073092459317314,6.056673256699664,0.0,0.0,0.0,0.6439843562104484,0.0,0.0,0.0,0.03073092459317314,0.06056673256699664,<30
0_7,0,3,25,2.2490379978138173,2.752152318996182,0.0,0.0,0.0,-0.6486289978152261,0.0,0.0,0.0,0.022490379978138172,0.02752152318996182,<30
0_7,0,3,30,2.642979041349173,4.983373644909875,0.0,0.0,0.0,0.7660489434712879,0.0,0.0,0.0,0.02642979041349173,0.04983373644909875,30-40
0_7,0,3,35,21.727633021075807,21.940339972123617,0.0,0.0,0.0,2.513228494188067,0.0,0.0,0.0,0.21727633021075807,0.21940339972123618,30-40
0_7,0,3,40,5.516493196582388,8.51062610288705,0.0,0.0,0.0,-1.5936423296819107,0.0,0.0,0.0,0.05516493196582388,0.0851062610288705,30-40
0_7,0,3,45,50.96042291558827,71.04819989741993,0.0,0.0,0.0,13.417547887108347,0.0,0.0,0.0,0.5096042291558827,0.7104819989741994,41-52
0_7,0,3,50,77.40957066614396,52.76105176778371,0.0,0.0,0.0,-7.195566227421,0.0,0.0,0.0,0.7740957066614397,0.5276105176778372,41-52
0_7,0,3,55,60.694097589559604,79.96945310943099,0.0,0.0,0.0,8.928788466096034,0.0,0.0,0.0,0.606940975895596,0.7996945310943099,53+
0_7,0,3,60,92.84745360522413,95.75481518487315,0.0,0.0,0.0,2.9417352669958188,0.0,0.0,1.0,0.9284745360522413,0.9575481518487315,53+
0_9,0,2,0,0.0,4.269657460714886e-05,0.0,0.0,0.0,1.4232191535716287e-05,0.0,0.0,0.0,0.0,4.269657460714886e-07,<30
0_9,0,2,5,0.006311106709105958,0.025074309738276273,0.0,0.0,0.0,0.007596162909946018,0.0,0.0,0.0,6.311106709105958e-05,0.0002507430973827627,<30
0_9,0,2,10,0.023601274239430692,0.013319724853493605,0.0,0.0,0.0,-0.005551724981313021,0.0,0.0,0.0,0.00023601274239430693,0.00013319724853493606,<30
0_9,0,2,15,0.14605705304099725,0.1751551571431706,0.0,0.0,0.0,0.022786759556552075,0.0,0.0,0.0,0.0014605705304099725,0.0017515515714317058,<30
0_9,0,2,20,0.028382973706386934,0.011250062738250504,0.0,0.0,0.0,-0.02395909398372382,0.0,0.0,0.0,0.00028382973706386934,0.00011250062738250503,<30
0_9,0,2,25,0.001012534015176895,0.013986160250600791,0.0,0.0,0.0,0.003673558636391857,0.0,0.0,0.0,1.012534015176895e-05,0.00013986160250600792,<30
0_9,0,2,30,0.16255808290248605,0.2242035703964315,0.0,0.0,0.0,0.05331510182352748,0.0,0.0,0.0,0.0016255808290248604,0.002242035703964315,30-40
0_9,0,2,35,6.582262826691469,40.21294610198085,0.0,0.0,0.0,11.594491434713579,0.0,0.0,0.0,0.06582262826691469,0.40212946101980845,30-40
0_9,0,2,40,65.32871133695326,76.103340372495,0.0,0.0,0.0,4.937613595170782,0.0,0.0,0.0,0.6532871133695326,0.76103340372495,30-40
0_9,0,2,45,89.9666496240898,83.81708133131922,0.0,1.0,0.0,-0.5427652069665359,0.0,8.365214207944405,0.0,0.899666496240898,0.8381708133131922,41-52
0_9,0,2,50,68.90008522893156,70.5424284777343,0.0,0.0,0.0,-1.494139222520039,0.0,0.0,1.0,0.6890008522893156,0.7054242847773431,41-52
10_1,10,2,0,0.0,0.0,0.0,0.0,0.0,0.0,0.0,0.0,0.0,0.0,0.0,<30
10_1,10,2,5,0.004525373801531622,1.4729307983287723,0.0,0.0,0.0,0.47281074547672064,0.0,0.0,0.0,4.525373801531623e-05,0.014729307983287723,<30
10_1,10,2,10,12.722732525511592,14.34562642458971,0.0,1.0,0.0,2.308998410479245,0.0,2.6471394885246653,0.0,0.12722732525511593,0.1434562642458971,<30
10_1,10,2,15,15.394207236819074,7.67485849135633,0.0,1.0,0.0,-1.9142487960507082,0.0,0.4515062404998318,0.0,0.15394207236819074,0.0767485849135633,<30
10_1,10,2,20,2.539328284255693,4.011645984822738,0.0,0.0,0.0,0.15289375434825764,0.0,0.0,0.0,0.02539328284255693,0.04011645984822738,<30
10_1,10,2,25,8.847464835206832,5.313643472557848,0.0,0.0,0.0,-0.3136857556893057,0.0,0.0,0.0,0.08847464835206832,0.053136434725578476,<30
10_1,10,2,30,9.743661627157854,9.743661627157854,0.0,0.0,0.0,1.7302398613734846,0.0,0.0,1.0,0.09743661627157854,0.09743661627157854,30-40
10_11,10,2,0,0.0,0.8730832626733613,0.0,0.0,0.0,0.35774080607023623,0.0,0.0,0.0,0.0,0.008730832626733614,<30
10_11,10,2,5,0.5078258350997786,1.4171211736775078,0.0,0.0,0.0,0.11319631749899459,0.0,0.0,0.0,0.005078258350997786,0.014171211736775078,<30
10_11,10,2,10,1.6869130852483791,1.7526707931921315,0.0,0.0,0.0,-0.04554195206078661,0.0,0.0,0.0,0.01686913085248379,0.017526707931921313,<30
10_11,10,2,15,2.8597143565778644,1.6419167121060194,0.0,0.0,0.0,-0.12344917329283792,0.0,0.0,0.0,0.028597143565778645,0.016419167121060195,<30
10_11,10,2,20,0.9737053888943827,0.8233750289397671,0.0,0.0,0.0,-0.08013690909679186,0.0,0.0,0.0,0.009737053888943827,0.00823375028939767,<30
10_11,10,2,25,0.6886351014742488,1.5906006344604076,0.0,0.0,0.0,0.30862796746103777,0.0,0.0,0.0,0.006886351014742487,0.015906006344604075,<30
10_11,10,2,30,2.975600782544268,2.6505818225530016,0.0,0.0,0.0,0.04894528522762483,0.0,0.0,1.0,0.02975600782544268,0.026505818225530015,30-40
10_13,10,3,0,0.0,0.06521119681533075,0.0,0.0,0.0,0.02202305078553926,0.0,0.0,0.0,0.0,0.0006521119681533074,<30
10_13,10,3,5,0.2721119767399858,0.14203304224504715,0.0,0.0,0.0,-0.002716867080815969,0.0,0.0,0.0,0.0027211197673998578,0.0014203304224504716,<30
10_13,10,3,10,1.9999982620721448,6.240556760156373,0.0,0.0,0.0,1.474624850767844,0.0,0.0,0.0,0.01999998262072145,0.06240556760156373,<30
10_13,10,3,15,11.76229563918196,6.663282327093786,0.0,0.0,0.0,-0.6781884557955133,0.0,0.0,0.0,0.1176229563918196,0.06663282327093786,<30
10_13,10,3,20,2.4544257106476053,2.1743343865420397,0.0,0.0,0.0,-0.4587511913508598,0.0,0.0,0.0,0.024544257106476054,0.021743343865420397,<30
10_13,10,3,25,0.4371767634253664,0.17328226658413623,0.0,0.0,0.0,-0.34305336647180074,0.0,0.0,0.0,0.004371767634253664,0.0017328226658413623,<30
10_13,10,3,30,0.015595840950009966,0.00923801057346177,0.0,0.0,0.0,-0.019674055932120495,0.0,0.0,1.0,0.00015595840950009967,9.238010573461771e-05,30-40
10_15,10,3,0,0.0,0.0888901379721263,0.0,0.0,0.0,0.045399748194033265,0.0,0.0,0.0,0.0,0.000888901379721263,<30
10_15,10,3,5,0.35257510736745085,0.23290311959697213,0.0,0.0,0.0,0.010396616091913646,0.0,0.0,0.0,0.0035257510736745085,0.0023290311959697214,<30
10_15,10,3,10,0.546629370374383,0.8449948706612485,0.0,0.0,0.0,0.13769533386565974,0.0,0.0,0.0,0.005466293703743829,0.008449948706612484,<30
10_15,10,3,15,0.22445516060195517,2.112793944997427,0.0,0.0,0.0,0.5055260239764926,0.0,0.0,0.0,0.002244551606019552,0.021127939449974268,<30
10_15,10,3,20,13.56550228269825,10.705197475892533,0.0,0.0,0.0,1.2418518278914352,0.0,0.0,0.0,0.1356550228269825,0.10705197475892532,<30
10_15,10,3,25,5.17125140836994,2.4464713775141043,0.0,0.0,0.0,-1.631623521946675,0.0,0.0,0.0,0.0517125140836994,0.024464713775141044,<30
10_15,10,3,30,0.5930217307936981,1.7489128250239603,0.0,0.0,0.0,0.24126100060811972,0.0,0.0,0.0,0.005930217307936981,0.017489128250239603,30-40
10_15,10,3,35,8.520790833965593,6.010780242978763,0.0,0.0,0.0,0.28824555378733496,0.0,0.0,0.0,0.08520790833965593,0.06010780242978763,30-40
10_15,10,3,40,1.0896062350679325,1.0896062350679325,0.0,0.0,0.0,-1.8737877148391384,0.0,0.0,1.0,0.010896062350679326,0.010896062350679326,30-40
10_17,10,2,0,0.0,0.0,0.0,0.0,0.0,0.0,0.0,0.0,0.0,0.0,0.0,<30
10_17,10,2,5,0.0,0.0,0.0,0.0,0.0,0.0,0.0,0.0,0.0,0.0,0.0,<30
10_17,10,2,10,0.07520188611580275,1.334408098775961,0.0,0.0,0.0,0.39206343934630056,0.0,0.0,0.0,0.0007520188611580275,0.01334408098775961,<30
10_17,10,2,15,1.471671014261597,0.7454872905625555,0.0,0.0,0.0,-0.3011325872903368,0.0,0.0,0.0,0.01471671014261597,0.007454872905625555,<30
10_17,10,2,20,0.49687663787240066,0.2401241524353488,0.0,0.0,0.0,-0.06650360286103169,0.0,0.0,0.0,0.0049687663787240065,0.002401241524353488,<30
10_17,10,2,25,0.029911695253101216,1.348253887775396,0.0,0.0,0.0,0.41043337868087015,0.0,0.0,0.0,0.00029911695253101217,0.01348253887775396,<30
10_17,10,2,30,1.0524570012027659,0.41715880144643674,0.0,0.0,0.0,-0.40199479023805473,0.0,0.0,1.0,0.010524570012027659,0.004171588014464368,30-40
10_19,10,3,0,0.0,1.5136781961157433,0.0,0.0,0.0,0.7699681196366249,0.0,0.0,0.0,0.0,0.015136781961157433,<30
10_19,10,3,5,0.5579362222096889,0.6775933119678405,0.0,0.0,0.0,-0.1633467684869673,0.0,0.0,0.0,0.005579362222096889,0.006775933119678405,<30
10_19,10,3,10,0.8885160372593449,1.0628310403134658,0.0,0.0,0.0,0.060305846537056174,0.0,0.0,0.0,0.008885160372593449,0.010628310403134658,<30
10_19,10,3,15,0.5614297506588195,0.6460585942939359,0.0,0.0,0.0,-0.06334067613980172,0.0,0.0,0.0,0.005614297506588195,0.006460585942939359,<30
10_19,10,3,20,2.4040055688096897,1.3123699495672803,0.0,0.0,0.0,-0.003981771686336411,0.0,0.0,0.0,0.024040055688096897,0.013123699495672802,<30
10_19,10,3,25,2.5256428547687104,2.947820270134371,0.0,0.0,0.0,0.2712999574662922,0.0,0.0,0.0,0.025256428547687105,0.02947820270134371,<30
10_19,10,3,30,0.5013768434686747,0.2900459244018328,0.0,0.0,0.0,-0.37827072193823114,0.0,0.0,0.0,0.005013768434686748,0.002900459244018328,30-40
10_19,10,3,35,1.759657827422255,1.9928722637336258,0.0,0.0,0.0,0.60196369769334,0.0,0.0,1.0,0.01759657827422255,0.01992872263733626,30-40
10_21,10,2,0,0.0,0.0,0.0,0.0,0.0,0.0,0.0,0.0,0.0,0.0,0.0,<30
10_21,10,2,5,0.0,0.0,0.0,0.0,0.0,0.0,0.0,0.0,0.0,0.0,0.0,<30
10_21,10,2,10,0.0,0.0,0.0,0.0,0.0,0.0,0.0,0.0,0.0,0.0,0.0,<30
10_21,10,2,15,0.0,0.0,0.0,0.0,0.0,0.0,0.0,0.0,0.0,0.0,0.0,<30
10_21,10,2,20,0.01043067877763143,1.0255513143751434,0.0,0.0,0.0,0.33138006443070067,0.0,0.0,0.0,0.0001043067877763143,0.010255513143751433,<30
10_21,10,2,25,0.9468474028431186,0.6382070495708576,0.0,0.0,0.0,-0.2199014992883806,0.0,0.0,0.0,0.009468474028431186,0.006382070495708576,<30
10_21,10,2,30,0.4978590010371443,1.6724430901236622,0.0,0.0,0.0,0.3946824000118273,0.0,0.0,0.0,0.004978590010371443,0.016724430901236622,30-40
10_21,10,2,35,3.092450610917954,1.2640826075447142,0.0,0.0,0.0,-0.3974394726992204,0.0,0.0,0.0,0.030924506109179538,0.012640826075447142,30-40
10_21,10,2,40,2.167629368889895,4.378140437128738,0.0,0.0,0.0,0.7715750602639257,0.0,0.0,0.0,0.021676293688898948,0.04378140437128738,30-40
10_21,10,2,45,1.5771813657643787,6.524254429930672,0.0,0.0,0.0,0.3181063263463153,0.0,0.0,1.0,0.015771813657643786,0.06524254429930672,41-52
10_23,10,2,0,0.0,1.949453641042656,0.0,0.0,0.0,0.9036010666332451,0.0,0.0,0.0,0.0,0.01949453641042656,<30
10_23,10,2,5,1.0693774393992423,0.5939616651642977,0.0,0.0,0.0,-0.4033715614322507,0.0,0.0,0.0,0.010693774393992423,0.005939616651642977,<30
10_23,10,2,10,7.705429986886319,26.878185640458184,0.0,0.0,1.0,5.7331225321112385,0.0,0.0,0.0,0.0770542998688632,0.26878185640458185,<30
10_23,10,2,15,7.127514614537638,2.8693366063073085,0.0,0.0,0.0,-5.585809314058173,0.0,0.0,0.0,0.07127514614537639,0.028693366063073086,<30
10_23,10,2,20,1.8056704903399403,1.7893261819489876,0.0,0.0,0.0,0.0678328138288438,0.0,0.0,0.0,0.018056704903399404,0.017893261819489876,<30
10_23,10,2,25,4.1257068544287705,6.42920105876032,0.0,0.0,0.0,1.1334762343282336,0.0,0.0,0.0,0.041257068544287706,0.0642920105876032,<30
10_23,10,2,30,2.562839074962306,29.79216125271776,0.0,0.0,0.0,8.123776211940077,0.0,0.0,0.0,0.02562839074962306,0.29792161252717764,30-40
10_23,10,2,35,40.04047886720991,24.285538290153998,0.0,0.0,0.0,-7.842160492081734,0.0,0.0,1.0,0.4004047886720991,0.24285538290153996,30-40
10_3,10,2,0,0.0,1.8341148445322553,0.0,0.0,0.0,0.6180519748394502,0.0,0.0,0.0,0.0,0.01834114844532255,<30
10_3,10,2,5,3.5748858267569616,3.3534152011971465,0.0,0.0,0.0,0.03703148006173922,0.0,0.0,0.0,0.035748858267569614,0.03353415201197146,<30
10_3,10,2,10,9.050637738092199,25.646971155400696,0.0,1.0,1.0,5.009749294294969,0.0,0.15714800086398029,0.0,0.09050637738092199,0.25646971155400694,<30
10_3,10,2,15,19.807697789539734,7.944836263017786,1.0,0.0,1.0,-5.021310291223307,3.1839337863112895,0.0,0.0,0.19807697789539735,0.07944836263017786,<30
10_3,10,2,20,2.7058778613119334,4.27539369646532,0.0,0.0,0.0,0.23518537034099768,0.0,0.0,0.0,0.027058778613119335,0.042753936964653204,<30
10_3,10,2,25,3.119600907527926,2.722819553802852,0.0,0.0,0.0,-0.3832225034725984,0.0,0.0,0.0,0.03119600907527926,0.027228195538028518,<30
10_3,10,2,30,0.8120689931992887,23.126820318462833,0.0,0.0,0.0,6.998397840054379,0.0,0.0,1.0,0.008120689931992888,0.23126820318462835,30-40
10_5,10,3,0,0.0,0.0,0.0,0.0,0.0,0.0,0.0,0.0,0.0,0.0,0.0,<30
10_5,10,3,5,0.0024693949928348965,1.7363958044060674,0.0,0.0,0.0,0.5433738493472652,0.0,0.0,0.0,2.4693949928348966e-05,0.017363958044060674,<30
10_5,10,3,10,2.9242387059163657,6.984953968350865,0.0,0.0,0.0,1.3148971778739957,0.0,0.0,0.0,0.029242387059163658,0.06984953968350865,<30
10_5,10,3,15,8.35676708446351,4.12161723655848,0.0,0.0,0.0,-1.3870825335744004,0.0,0.0,0.0,0.0835676708446351,0.0412161723655848,<30
10_5,10,3,20,4.524989402683833,2.5234543369968385,0.0,0.0,0.0,-0.12817270947042317,0.0,0.0,0.0,0.04524989402683833,0.025234543369968384,<30
10_5,10,3,25,0.5569234907090485,2.255219800335632,0.0,0.0,0.0,0.35223043917289887,0.0,0.0,0.0,0.0055692349070904845,0.022552198003356318,<30
10_5,10,3,30,18.553665292301126,45.624283373145815,0.0,0.0,1.0,10.942217356545871,0.0,0.0,0.0,0.18553665292301125,0.45624283373145813,30-40
10_5,10,3,35,68.2889486513003,74.3463770249022,1.0,1.0,1.0,3.618685859532074,11.71659504166631,12.611991400270156,0.0,0.6828894865130031,0.743463770249022,30-40
10_5,10,3,40,95.44447621446082,95.44447621446082,1.0,1.0,0.0,7.888995781162445,15.997805976016693,34.169901388723304,1.0,0.9544447621446082,0.9544447621446082,30-40
10_7,10,3,0,0.0,3.7650368846211983,0.0,0.0,0.0,1.5160122605980757,0.0,0.0,0.0,0.0,0.037650368846211986,<30
10_7,10,3,5,4.312236179880857,2.7425328853997573,0.0,0.0,0.0,-0.7520915842579571,0.0,0.0,0.0,0.04312236179880857,0.027425328853997573,<30
10_7,10,3,10,2.1036718820809255,1.2954741191016315,0.0,0.0,0.0,-0.21028235521839517,0.0,0.0,0.0,0.021036718820809253,0.012954741191016314,<30
10_7,10,3,15,2.694149424519792,3.436305582200575,0.0,0.0,0.0,0.5749795031152718,0.0,0.0,0.0,0.02694149424519792,0.034363055822005745,<30
10_7,10,3,20,7.443519200685843,3.9948665087715476,0.0,0.0,0.0,-0.2839995911513985,0.0,0.0,0.0,0.07443519200685843,0.039948665087715475,<30
10_7,10,3,25,0.8905049365758819,0.7535663102581073,0.0,0.0,0.0,-0.3246203958217787,0.0,0.0,0.0,0.008905049365758819,0.007535663102581073,<30
10_7,10,3,30,1.431614453362759,34.52604145172051,0.0,0.0,0.0,10.84850283136719,0.0,0.0,1.0,0.014316144533627591,0.34526041451720507,30-40
10_9,10,1,0,0.0,0.22928916921000222,0.0,0.0,0.0,0.11875309977555511,0.0,0.0,0.0,0.0,0.0022928916921000223,<30
10_9,10,1,5,0.054772106664369186,0.022108774918619373,0.0,0.0,0.0,-0.04540472539895877,0.0,0.0,0.0,0.0005477210666436919,0.00022108774918619373,<30
10_9,10,1,10,0.0033584856459840345,0.03199276983047417,0.0,0.0,0.0,0.007786993422528402,0.0,0.0,0.0,3.358485645984035e-05,0.00031992769830474174,<30
10_9,10,1,15,0.04895349631383926,0.01948372568034859,0.0,0.0,0.0,-0.008088922620234404,0.0,0.0,0.0,0.0004895349631383926,0.0001948372568034859,<30
10_9,10,1,20,0.03703767919487851,0.060270237920615144,0.0,0.0,0.0,0.007560634157808522,0.0,0.0,0.0,0.00037037679194878515,0.0006027023792061514,<30
10_9,10,1,25,0.035491991463224105,0.2943772117060774,0.0,0.0,0.0,0.07143516153408087,0.0,0.0,0.0,0.0003549199146322411,0.0029437721170607737,<30
10_9,10,1,30,0.8356270255977366,19.488223034612947,0.0,0.0,0.0,6.318290848118099,0.0,0.0,1.0,0.008356270255977367,0.19488223034612948,30-40
11_1,11,3,0,0.0,0.0,0.0,0.0,0.0,0.0,0.0,0.0,0.0,0.0,0.0,<30
11_1,11,3,5,0.009090757856427968,0.5440749102424508,0.0,0.0,0.0,0.15848193594596,0.0,0.0,0.0,9.090757856427969e-05,0.005440749102424508,<30
11_1,11,3,10,2.077639729675045,1.575980996831078,0.0,0.0,0.0,0.10660429241371934,0.0,0.0,0.0,0.02077639729675045,0.015759809968310782,<30
11_1,11,3,15,1.3075321640909974,1.071346220494957,0.0,0.0,0.0,-0.07547051759517308,0.0,0.0,0.0,0.013075321640909974,0.010713462204949571,<30
11_1,11,3,20,0.5934717298056491,0.5185292621273165,0.0,0.0,0.0,-0.08625706719552065,0.0,0.0,0.0,0.005934717298056491,0.005185292621273165,<30
11_1,11,3,25,0.2193277438974863,0.6743993270136248,0.0,0.0,0.0,0.09690962775109373,0.0,0.0,0.0,0.002193277438974863,0.006743993270136248,<30
11_1,11,3,30,2.551588421963107,2.3924806944013706,0.0,0.0,0.0,0.2053213793762311,0.0,0.0,0.0,0.02551588421963107,0.023924806944013707,30-40
11_1,11,3,35,0.618187887642546,0.2971481374204637,0.0,0.0,0.0,-0.36939074421482004,0.0,0.0,0.0,0.006181878876425459,0.002971481374204637,30-40
11_1,11,3,40,0.4131774949629921,1.4839206017296802,0.0,0.0,0.0,0.3518322814819296,0.0,0.0,0.0,0.004131774949629921,0.014839206017296802,30-40
11_1,11,3,45,2.9226925303721694,23.58121587055468,0.0,0.0,0.0,6.624810341167857,0.0,0.0,0.0,0.029226925303721694,0.23581215870554678,41-52
11_1,11,3,50,43.731684991586434,29.304346500416823,0.0,0.0,0.0,-2.326455132621212,0.0,0.0,0.0,0.43731684991586434,0.2930434650041682,41-52
11_1,11,3,55,15.024540314915617,13.203890889380745,0.0,0.0,0.0,-2.2442666988972197,0.0,0.0,0.0,0.15024540314915616,0.13203890889380746,53+
11_1,11,3,60,5.5850608118911875,7.57036606371225,0.0,0.0,0.0,-1.5467441414506589,0.0,0.0,1.0,0.055850608118911876,0.0757036606371225,53+
11_11,11,3,0,0.0,2.248254389577109e-05,0.0,0.0,0.0,7.494181298590362e-06,0.0,0.0,0.0,0.0,2.2482543895771088e-07,<30
11_11,11,3,5,0.016576211239442952,0.045957979501293156,0.0,0.0,0.0,0.011991394836619776,0.0,0.0,0.0,0.00016576211239442953,0.00045957979501293157,<30
11_11,11,3,10,0.09899012947479263,0.32540165641849306,0.0,0.0,0.0,0.06832668270755769,0.0,0.0,0.0,0.0009899012947479262,0.0032540165641849307,<30
11_11,11,3,15,0.13909969364951452,0.4098893006619903,0.0,0.0,0.0,0.038065531483759255,0.0,0.0,0.0,0.0013909969364951451,0.004098893006619903,<30
11_11,11,3,20,0.42937814131409974,2.0431966058397752,0.0,0.0,0.0,0.5153757322645551,0.0,0.0,0.0,0.004293781413140997,0.02043196605839775,<30
11_11,11,3,25,4.204106148148412,9.33139331713347,0.0,0.0,0.0,1.6973494087272532,0.0,0.0,0.0,0.04204106148148412,0.0933139331713347,<30
11_11,11,3,30,23.778132443486477,24.27209800580721,0.0,0.0,0.0,4.205505594933999,0.0,0.0,1.0,0.23778132443486477,0.24272098005807208,30-40
11_13,11,3,0,0.0,0.14198283232592163,0.0,0.0,0.0,0.05099399705341283,0.0,0.0,0.0,0.0,0.0014198283232592162,<30
11_13,11,3,5,0.14501329967668247,0.26256650642115203,0.0,0.0,0.0,0.024942781750178174,0.0,0.0,0.0,0.0014501329967668247,0.0026256650642115203,<30
11_13,11,3,10,0.5072834292012536,0.5325767322155267,0.0,0.0,0.0,0.04482433352546169,0.0,0.0,0.0,0.005072834292012536,0.005325767322155267,<30
11_13,11,3,15,0.438893695408985,0.2865620926294012,0.0,0.0,0.0,-0.07745522838876681,0.0,0.0,0.0,0.00438893695408985,0.0028656209262940117,<30
11_13,11,3,20,0.058929975632341244,1.0505503686178557,0.0,0.0,0.0,0.3042374935270354,0.0,0.0,0.0,0.0005892997563234125,0.010505503686178556,<30
11_13,11,3,25,1.7283723792063734,0.68644093747331,0.0,0.0,0.0,-0.2893745024078388,0.0,0.0,0.0,0.017283723792063735,0.006864409374733101,<30
11_13,11,3,30,0.5260823909200498,2.316178622675287,0.0,0.0,0.0,0.5166616704586391,0.0,0.0,0.0,0.005260823909200498,0.02316178622675287,30-40
11_13,11,3,35,3.7957378460193585,5.6466226274664475,0.0,0.0,0.0,0.8317756087298577,0.0,0.0,0.0,0.037957378460193585,0.05646622627466447,30-40
11_13,11,3,40,22.347190086965654,27.378278481370945,0.0,0.0,0.0,4.728643942824563,0.0,0.0,0.0,0.22347190086965654,0.27378278481370943,30-40
11_13,11,3,45,20.32870374316477,16.524917532193605,0.0,0.0,0.0,-2.7759876303015623,0.0,0.0,0.0,0.2032870374316477,0.16524917532193606,41-52
11_13,11,3,50,24.004659324686514,55.534005826136266,0.0,0.0,0.0,11.85894681731121,0.0,0.0,0.0,0.24004659324686514,0.5553400582613627,41-52
11_13,11,3,55,97.54206701542813,97.38621844309176,0.0,0.0,0.0,5.31547869008215,0.0,0.0,1.0,0.9754206701542814,0.9738621844309177,53+
11_15,11,1,0,0.0,0.0005008806010170668,0.0,0.0,0.0,0.0001669602003390223,0.0,0.0,0.0,0.0,5.0088060101706685e-06,<30
11_15,11,1,5,0.06596678842273906,0.16476412505756693,0.0,0.0,0.0,0.03931560078076922,0.0,0.0,0.0,0.0006596678842273906,0.0016476412505756694,<30
11_15,11,1,10,0.1466713923905557,0.5079657314542756,0.0,0.0,0.0,0.11490334985083377,0.0,0.0,0.0,0.001466713923905557,0.005079657314542756,<30
11_15,11,1,15,1.559814344111484,1.7106339451014356,0.0,0.0,0.0,0.16337455214716168,0.0,0.0,0.0,0.015598143441114841,0.017106339451014356,<30
11_15,11,1,20,0.8096854338737711,0.9154719192055438,0.0,0.0,0.0,-0.12638531337230632,0.0,0.0,0.0,0.008096854338737712,0.009154719192055438,<30
11_15,11,1,25,0.5688559613751278,0.28610770744672404,0.0,0.0,0.0,-0.15426999987434237,0.0,0.0,0.0,0.005688559613751278,0.00286107707446724,<30
11_15,11,1,30,2.4277759290433796,4.011246474133387,0.0,0.0,0.0,0.7029483593426074,0.0,0.0,0.0,0.024277759290433795,0.04011246474133387,30-40
11_15,11,1,35,4.025833364727909,2.7531926944224834,0.0,0.0,0.0,-0.4031306621734954,0.0,0.0,0.0,0.040258333647279085,0.027531926944224835,30-40
11_15,11,1,40,0.4399374433155039,0.2651603652535244,0.0,0.0,0.0,-0.4731512897514368,0.0,0.0,1.0,0.004399374433155039,0.002651603652535244,30-40
11_17,11,3,0,0.0,0.0026154500220126153,0.0,0.0,0.0,0.0008718166740042052,0.0,0.0,0.0,0.0,2.615450022012615e-05,<30
11_17,11,3,5,0.03123819491827489,0.013080389969085796,0.0,0.0,0.0,0.00024470652197407813,0.0,0.0,0.0,0.0003123819491827489,0.00013080389969085795,<30
11_17,11,3,10,0.08489314965849579,0.18083597311298377,0.0,0.0,0.0,0.037171701772987044,0.0,0.0,0.0,0.0008489314965849579,0.0018083597311298377,<30
11_17,11,3,15,0.350961715955313,0.7740519484415367,0.0,0.0,0.0,0.1578152380255374,0.0,0.0,0.0,0.00350961715955313,0.007740519484415367,<30
11_17,11,3,20,2.231132284758732,1.906611839977261,0.0,0.0,0.0,0.12648433919801216,0.0,0.0,0.0,0.022311322847587318,0.01906611839977261,<30
11_17,11,3,25,1.8111084174159382,1.0274164239036074,0.0,0.0,0.0,-0.19858740154064053,0.0,0.0,0.0,0.01811108417415938,0.010274164239036074,<30
11_17,11,3,30,0.3418213840552974,3.452360435600876,0.0,0.0,0.0,0.9358611526508328,0.0,0.0,0.0,0.003418213840552974,0.03452360435600876,30-40
11_17,11,3,35,6.884408048375109,10.026905819456672,0.0,0.0,0.0,1.254113185026527,0.0,0.0,0.0,0.06884408048375108,0.10026905819456672,30-40
11_17,11,3,40,15.555411675843832,11.455862964703375,0.0,0.0,0.0,-0.41823803952220634,0.0,0.0,0.0,0.15555411675843833,0.11455862964703374,30-40
11_17,11,3,45,7.317944294230486,5.654280440455783,0.0,0.0,0.0,-0.8987190109785999,0.0,0.0,0.0,0.07317944294230486,0.05654280440455783,41-52
11_17,11,3,50,5.942187850764821,12.75781611762179,0.0,0.0,0.0,2.0665144204907184,0.0,0.0,0.0,0.05942187850764821,0.1275781611762179,41-52
11_17,11,3,55,17.944916687806213,35.59485974188338,0.0,0.0,0.0,6.540128387911678,0.0,0.0,1.0,0.17944916687806212,0.35594859741883383,53+
11_19,11,1,0,0.0,0.028022203925219702,0.0,0.0,0.0,0.00968738158118267,0.0,0.0,0.0,0.0,0.00028022203925219703,<30
11_19,11,1,5,0.21234139272225094,0.1067560944530194,0.0,0.0,0.0,0.0016911476248781074,0.0,0.0,0.0,0.0021234139272225095,0.001067560944530194,<30
11_19,11,1,10,0.012480499880337805,0.004946853282921972,0.0,0.0,0.0,-0.010395694444488146,0.0,0.0,0.0,0.00012480499880337806,4.946853282921972e-05,<30
11_19,11,1,15,0.00044522926970155845,0.00017647401110479339,0.0,0.0,0.0,-0.0003758341189839432,0.0,0.0,0.0,4.452292697015584e-06,1.764740111047934e-06,<30
11_19,11,1,20,1.588310600533555e-05,6.29553269811539e-06,0.0,0.0,0.0,-1.3407503860303753e-05,0.0,0.0,0.0,1.5883106005335549e-07,6.29553269811539e-08,<30
11_19,11,1,25,5.66613817968049e-07,2.245867915899799e-07,0.0,0.0,0.0,-4.782992035157406e-07,0.0,0.0,0.0,5.6661381796804905e-09,2.245867915899799e-09,<30
11_19,11,1,30,0.00040869929105637805,0.056101342514825035,0.0,0.0,0.0,0.017822197420363846,0.0,0.0,0.0,4.086992910563781e-06,0.0005610134251482503,30-40
11_19,11,1,35,0.7817792516780862,2.4094654684847976,0.0,0.0,0.0,0.609898224434873,0.0,0.0,0.0,0.007817792516780862,0.024094654684847977,30-40
11_19,11,1,40,1.048874205352226,0.4578499857511239,0.0,0.0,0.0,-0.5809415047013079,0.0,0.0,0.0,0.01048874205352226,0.004578499857511239,30-40
11_19,11,1,45,1.9040161074007225,2.4524929631827086,0.0,0.0,0.0,0.33627260634763073,0.0,0.0,0.0,0.019040161074007224,0.024524929631827085,41-52
11_19,11,1,50,0.43834857896939644,0.43834857896939644,0.0,0.0,0.0,-0.9302297197140273,0.0,0.0,1.0,0.004383485789693964,0.004383485789693964,41-52
11_21,11,2,0,0.0,0.00010987174656752586,0.0,0.0,0.0,6.0691475949183506e-05,0.0,0.0,0.0,0.0,1.0987174656752586e-06,<30
11_21,11,2,5,1.9960441284839726e-05,7.911652213068893e-06,0.0,0.0,0.0,-1.6849329941508577e-05,0.0,0.0,0.0,1.9960441284839726e-07,7.911652213068893e-08,<30
11_21,11,2,10,7.120686496035995e-07,0.01507975927157168,0.0,0.0,0.0,0.0050258912608968495,0.0,0.0,0.0,7.120686496035995e-09,0.0001507975927157168,<30
11_21,11,2,15,0.1118661024865354,0.3112438633405197,0.0,0.0,0.0,0.07935684331707614,0.0,0.0,0.0,0.001118661024865354,0.0031124386334051967,<30
11_21,11,2,20,0.4274508328992329,1.250532072296626,0.0,0.0,0.0,0.27292905120922306,0.0,0.0,0.0,0.004274508328992329,0.01250532072296626,<30
11_21,11,2,25,4.751091226507147,3.904998688845937,0.0,0.0,0.0,0.22706050623318136,0.0,0.0,0.0,0.04751091226507147,0.03904998688845937,<30
11_21,11,2,30,1.9507543082188152,5.402985728384228,0.0,0.0,0.0,0.8196434423709406,0.0,0.0,0.0,0.01950754308218815,0.05402985728384228,30-40
11_21,11,2,35,7.422418981261654,7.050784967947317,0.0,0.0,0.0,0.4602457830482144,0.0,0.0,1.0,0.07422418981261654,0.07050784967947317,30-40
11_23,11,2,0,0.0,0.0002871291912965707,0.0,0.0,0.0,0.00010752991004671476,0.0,0.0,0.0,0.0,2.871291912965707e-06,<30
11_23,11,2,5,0.00018828860618834051,7.463131433757795e-05,0.0,0.0,0.0,-8.982990564794564e-05,0.0,0.0,0.0,1.8828860618834051e-06,7.463131433757795e-07,<30
11_23,11,2,10,6.717006484526333e-06,0.001127401435335298,0.0,0.0,0.0,0.00036924294482069904,0.0,0.0,0.0,6.717006484526333e-08,1.1274014353352981e-05,<30
11_23,11,2,15,0.0755124620291604,0.18392907430980893,0.0,0.0,0.0,0.044729357868301914,0.0,0.0,0.0,0.000755124620291604,0.0018392907430980893,<30
11_23,11,2,20,0.35825705610475617,0.4649804865064011,0.0,0.0,0.0,0.0669336634912349,0.0,0.0,0.0,0.0035825705610475615,0.004649804865064011,<30
11_23,11,2,25,0.5982242422916497,0.6463068696488875,0.0,0.0,0.0,0.03819977182497104,0.0,0.0,0.0,0.005982242422916497,0.006463068696488875,<30
11_23,11,2,30,0.38973533047746756,0.29491709672390365,0.0,0.0,0.0,-0.15455326830829924,0.0,0.0,1.0,0.0038973533047746757,0.0029491709672390364,30-40
11_3,11,1,0,0.0,0.3335447795418885,0.0,0.0,0.0,0.11633604130548147,0.0,0.0,0.0,0.0,0.003335447795418885,<30
11_3,11,1,5,1.004301051842295,0.6048866158567072,0.0,0.0,0.0,-0.02374686530313982,0.0,0.0,0.0,0.01004301051842295,0.006048866158567073,<30
11_3,11,1,10,0.7024808451753985,0.6115865768511067,0.0,0.0,0.0,0.035135679219194325,0.0,0.0,0.0,0.007024808451753985,0.006115865768511067,<30
11_3,11,1,15,0.4321786275081718,0.7260813183450845,0.0,0.0,0.0,0.05464351900346511,0.0,0.0,0.0,0.004321786275081718,0.007260813183450845,<30
11_3,11,1,20,3.932379687764187,4.736382024646717,0.0,0.0,0.0,0.8211765386346952,0.0,0.0,0.0,0.03932379687764187,0.047363820246467174,<30
11_3,11,1,25,3.924042841829484,3.359936453978322,0.0,0.0,0.0,-0.46690358689983863,0.0,0.0,0.0,0.03924042841829484,0.03359936453978322,<30
11_3,11,1,30,1.5386949544605142,7.538740141033034,0.0,0.0,0.0,1.748125219433214,0.0,0.0,0.0,0.015386949544605143,0.07538740141033035,30-40
11_3,11,1,35,37.479533152741126,37.581397163554016,0.0,0.0,0.0,4.684658454055788,0.0,0.0,0.0,0.3747953315274113,0.37581397163554014,30-40
11_3,11,1,40,15.747456399379226,10.048766728346711,0.0,0.0,0.0,-5.332191713671831,0.0,0.0,0.0,0.15747456399379225,0.10048766728346711,30-40
11_3,11,1,45,17.835980927514854,17.514687449535714,0.0,0.0,0.0,2.313974338949568,0.0,0.0,1.0,0.17835980927514852,0.17514687449535715,41-52
11_5,11,3,0,0.0,0.0,0.0,0.0,0.0,0.0,0.0,0.0,0.0,0.0,0.0,<30
11_5,11,3,5,0.0,0.0,0.0,0.0,0.0,0.0,0.0,0.0,0.0,0.0,0.0,<30
11_5,11,3,10,0.0,0.03719793895726742,0.0,0.0,0.0,0.012399312985755806,0.0,0.0,0.0,0.0,0.0003719793895726742,<30
11_5,11,3,15,0.3520308007238082,3.21873230313534,0.0,0.0,0.0,0.9442760860616113,0.0,0.0,0.0,0.0035203080072380823,0.0321873230313534,<30
11_5,11,3,20,4.72927564100733,1.9890624315260077,0.0,0.0,0.0,-0.7906017466427078,0.0,0.0,0.0,0.0472927564100733,0.019890624315260078,<30
11_5,11,3,25,0.18971956496053716,0.09514251634176144,0.0,0.0,0.0,-0.1535011361191851,0.0,0.0,0.0,0.0018971956496053716,0.0009514251634176144,<30
11_5,11,3,30,0.6598397247198875,0.6598397247198875,0.0,0.0,0.0,0.203276730117243,0.0,0.0,1.0,0.006598397247198875,0.006598397247198875,30-40
11_7,11,1,0,0.0,0.0,0.0,0.0,0.0,0.0,0.0,0.0,0.0,0.0,0.0,<30
11_7,11,1,5,0.0,0.0,0.0,0.0,0.0,0.0,0.0,0.0,0.0,0.0,0.0,<30
11_7,11,1,10,0.0,0.02923204962850538,0.0,0.0,0.0,0.009744016542835127,0.0,0.0,0.0,0.0,0.0002923204962850538,<30
11_7,11,1,15,0.7483673674534633,0.6892090358431298,0.0,0.0,0.0,0.11237182653293132,0.0,0.0,0.0,0.007483673674534634,0.006892090358431298,<30
11_7,11,1,20,0.24438614356224736,0.40808073756769436,0.0,0.0,0.0,-0.01331803966200995,0.0,0.0,0.0,0.0024438614356224737,0.004080807375676943,<30
11_7,11,1,25,0.3008864783795474,2.5392690960427364,0.0,0.0,0.0,0.696816956847201,0.0,0.0,0.0,0.0030088647837954743,0.025392690960427365,<30
11_7,11,1,30,6.634951540485493,6.634951540485493,0.0,0.0,0.0,1.7956713994696603,0.0,0.0,1.0,0.06634951540485493,0.06634951540485493,30-40
11_9,11,2,0,0.0,0.0,0.0,0.0,0.0,0.0,0.0,0.0,0.0,0.0,0.0,<30
11_9,11,2,5,0.0,0.0,0.0,0.0,0.0,0.0,0.0,0.0,0.0,0.0,0.0,<30
11_9,11,2,10,0.0,0.0007015849971854268,0.0,0.0,0.0,0.00023386166572847558,0.0,0.0,0.0,0.0,7.015849971854268e-06,<30
11_9,11,2,15,0.05661941478766198,0.059745540713179654,0.0,0.0,0.0,0.012044116806163328,0.0,0.0,0.0,0.0005661941478766198,0.0005974554071317966,<30
11_9,11,2,20,0.02247388296806415,0.1852358884051034,0.0,0.0,0.0,0.046824743022307526,0.0,0.0,0.0,0.0002247388296806415,0.0018523588840510341,<30
11_9,11,2,25,0.7146448604441495,11.144855403674077,0.0,0.0,0.0,3.4265685341674113,0.0,0.0,0.0,0.007146448604441496,0.11144855403674077,<30
11_9,11,2,30,25.97464125619746,15.292790881291186,0.0,0.0,0.0,-1.7347984898690385,0.0,0.0,0.0,0.2597464125619746,0.15292790881291185,30-40
11_9,11,2,35,2.145850730906453,0.861920682040496,0.0,0.0,0.0,-1.6818885332767288,0.0,0.0,0.0,0.02145850730906453,0.00861920682040496,30-40
11_9,11,2,40,0.08214831564453177,0.06093674310758843,0.0,0.0,0.0,-0.09466147315720978,0.0,0.0,1.0,0.0008214831564453178,0.0006093674310758843,30-40
12_1,12,1,0,0.0,6.506955321225574,0.0,0.0,0.0,2.2054591949960893,0.0,0.0,0.0,0.0,0.06506955321225574,<30
12_1,12,1,5,15.042074894586797,7.609711593722054,1.0,1.0,1.0,-1.2241546487134005,5.178521570179877,1.686614040834506,0.0,0.15042074894586796,0.07609711593722053,<30
12_1,12,1,10,1.191299046074342,0.5220543254921526,0.0,0.0,0.0,-0.8700124570830633,0.0,0.0,0.0,0.011912990460743421,0.005220543254921526,<30
12_1,12,1,15,0.11665063836614917,2.4581800676383323,0.0,0.0,0.0,0.7475526743084038,0.0,0.0,0.0,0.0011665063836614918,0.024581800676383322,<30
12_1,12,1,20,5.138702880925576,2.899754249954968,0.0,0.0,0.0,-0.4304224839144773,0.0,0.0,0.0,0.05138702880925576,0.02899754249954968,<30
12_1,12,1,25,3.2245440190553074,8.364263594453783,0.0,0.0,0.0,1.719018164452169,0.0,0.0,0.0,0.032245440190553074,0.08364263594453783,<30
12_1,12,1,30,27.093742329305904,53.751692326227975,0.0,0.0,1.0,11.068838567844146,0.0,0.0,0.0,0.27093742329305903,0.5375169232622797,30-40
12_1,12,1,35,78.03886182354873,54.591037778011824,1.0,1.0,1.0,-4.824392855906338,21.466508213914736,21.2826990020724,0.0,0.7803886182354873,0.5459103777801182,30-40
12_1,12,1,40,39.38820823905829,30.606418159595012,0.0,0.0,0.0,-2.8982576402647036,0.0,0.0,0.0,0.39388208239058287,0.3060641815959501,30-40
12_1,12,1,45,15.18498288192188,23.820591184409448,0.0,0.0,0.0,0.8474452619756155,0.0,0.0,0.0,0.1518498288192188,0.23820591184409448,41-52
12_1,12,1,50,28.847659739208392,24.926205405441923,0.0,0.0,0.0,-1.1390302476616359,0.0,0.0,0.0,0.2884765973920839,0.24926205405441923,41-52
12_1,12,1,55,69.19549337125,58.126894117171034,0.0,0.0,0.0,4.96025652175169,0.0,0.0,0.0,0.6919549337124999,0.5812689411717104,53+
12_1,12,1,60,27.349739258113225,42.8821614917888,0.0,0.0,0.0,0.49705474280923595,0.0,0.0,0.0,0.27349739258113226,0.428821614917888,53+
12_1,12,1,65,74.80636394805802,90.39276710093519,0.0,0.0,0.0,8.795055663543874,0.0,0.0,0.0,0.7480636394805802,0.9039276710093519,53+
12_1,12,1,70,97.54954535017413,98.77163061016252,0.0,0.0,0.0,0.5956520852658085,0.0,0.0,1.0,0.9754954535017413,0.9877163061016252,53+
12_11,12,1,0,0.0,0.0022098827319763903,0.0,0.0,0.0,0.0007366275773254634,0.0,0.0,0.0,0.0,2.2098827319763902e-05,<30
12_11,12,1,5,0.004794930115837917,1.1539597368845023,0.0,0.0,0.0,0.3809654353479738,0.0,0.0,0.0,4.794930115837917e-05,0.011539597368845023,<30
12_11,12,1,10,0.6183611871236455,0.2729420798492156,0.0,0.0,0.0,-0.3531105967314435,0.0,0.0,0.0,0.006183611871236455,0.002729420798492156,<30
12_11,12,1,15,0.4516228003007542,6.6006251574115655,0.0,0.0,0.0,2.107099776014112,0.0,0.0,0.0,0.004516228003007542,0.06600625157411566,<30
12_11,12,1,20,7.519896771205033,3.5546585877973755,0.0,0.0,0.0,-1.7807833699173923,0.0,0.0,0.0,0.07519896771205033,0.035546585877973755,<30
12_11,12,1,25,0.4958105067380656,0.5119390491018527,0.0,0.0,0.0,-0.2342860631695322,0.0,0.0,0.0,0.004958105067380656,0.005119390491018528,<30
12_11,12,1,30,8.294414788711679,53.91608031025904,0.0,0.0,1.0,14.768525182387137,0.0,0.0,0.0,0.08294414788711679,0.5391608031025904,30-40
12_11,12,1,35,95.0380289191495,96.91092269013888,1.0,1.0,1.0,7.4883959108659885,38.465675309515504,28.93168084595574,1.0,0.950380289191495,0.9691092269013888,30-40
12_13,12,1,0,0.0,0.00015757089924715005,0.0,0.0,0.0,5.252363308238335e-05,0.0,0.0,0.0,0.0,1.5757089924715005e-06,<30
12_13,12,1,5,0.006771862031518389,0.1930191794724309,0.0,0.0,0.0,0.05724531029017379,0.0,0.0,0.0,6.771862031518388e-05,0.001930191794724309,<30
12_13,12,1,10,0.22314449263727937,1.1204368033022998,0.0,0.0,0.0,0.21926640206029252,0.0,0.0,0.0,0.0022314449263727935,0.011204368033022999,<30
12_13,12,1,15,9.739575891746366,34.689008148759775,0.0,0.0,1.0,9.24288217045898,0.0,0.0,0.0,0.09739575891746366,0.34689008148759776,<30
12_13,12,1,20,31.215175575185196,15.900298458760258,1.0,1.0,1.0,-7.578916354743986,9.760774783621155,0.27768983370409117,0.0,0.31215175575185194,0.15900298458760256,<30
12_13,12,1,25,10.376542464330353,14.933751174975786,0.0,0.0,0.0,1.265425635110233,0.0,0.0,0.0,0.10376542464330353,0.14933751174975785,<30
12_13,12,1,30,18.327667699532697,15.71585773341867,0.0,0.0,0.0,-0.06493347457313772,0.0,0.0,0.0,0.18327667699532696,0.1571585773341867,30-40
12_13,12,1,35,19.173535444494796,23.78586793499016,0.0,0.0,0.0,2.173043644340166,0.0,0.0,0.0,0.19173535444494796,0.23785867934990162,30-40
12_13,12,1,40,72.28431223414407,79.67329049280161,0.0,1.0,0.0,11.028199947020306,0.0,14.734651569066841,0.0,0.7228431223414407,0.7967329049280161,30-40
12_13,12,1,45,83.26376160465549,93.38709279503836,0.0,0.0,0.0,3.053854054890244,0.0,0.0,0.0,0.8326376160465548,0.9338709279503835,41-52
12_13,12,1,50,97.91716966699153,97.27913630039811,0.0,1.0,0.0,-0.05598169823798007,0.0,14.533556751708232,0.0,0.9791716966699152,0.9727913630039811,41-52
12_13,12,1,55,98.00929792462124,99.41634558477077,0.0,0.0,0.0,0.6330614651341344,0.0,0.0,0.0,0.9800929792462124,0.9941634558477077,53+
12_13,12,1,60,99.7515644523221,99.84702738183626,0.0,0.0,0.0,-0.006323581692094471,0.0,0.0,1.0,0.997515644523221,0.9984702738183625,53+
12_15,12,3,0,0.0,0.0,0.0,0.0,0.0,0.0,0.0,0.0,0.0,0.0,0.0,<30
12_15,12,3,5,0.0,6.936298197621379,0.0,0.0,0.0,2.3118902651793602,0.0,0.0,0.0,0.0,0.06936298197621378,<30
12_15,12,3,10,12.729512577016287,15.480115164927128,0.0,0.0,0.0,1.4957823668618782,0.0,0.0,0.0,0.12729512577016286,0.15480115164927127,<30
12_15,12,3,15,12.930219512023971,23.148669894141438,0.0,0.0,0.0,2.4300167968641873,0.0,0.0,0.0,0.12930219512023972,0.23148669894141438,<30
12_15,12,3,20,38.09513541280016,46.75921883380103,1.0,1.0,1.0,3.400331691692555,16.64073462123612,16.031651662218138,0.0,0.38095135412800163,0.4675921883380103,<30
12_15,12,3,25,55.0838662315912,71.70585723562964,1.0,1.0,1.0,5.762825971966221,26.21975188386752,24.567730282009155,0.0,0.550838662315912,0.7170585723562963,<30
12_15,12,3,30,65.16494656417544,82.94270266056756,1.0,1.0,1.0,2.404287396138897,25.024146430938345,30.123036050493425,0.0,0.6516494656417544,0.8294270266056756,30-40
12_15,12,3,35,78.05130232002055,47.79871024949345,1.0,1.0,1.0,-11.02845247045472,21.47894871038656,38.56664622565778,0.0,0.7805130232002055,0.47798710249493453,30-40
12_15,12,3,40,29.303878407345735,26.142907700866125,0.0,0.0,0.0,-1.8296309586279016,0.0,0.0,0.0,0.29303878407345735,0.26142907700866125,30-40
12_15,12,3,45,57.97737057047375,79.27202887130095,0.0,0.0,0.0,12.219863443918435,0.0,0.0,0.0,0.5797737057047375,0.7927202887130095,41-52
12_15,12,3,50,78.17941849728689,40.009800167424004,0.0,0.0,0.0,-12.820150315410256,0.0,0.0,0.0,0.7817941849728689,0.40009800167424003,41-52
12_15,12,3,55,5.135178555665615,6.041886489813775,0.0,0.0,0.0,-2.8831197115237637,0.0,0.0,0.0,0.05135178555665615,0.060418864898137754,53+
12_15,12,3,60,9.885923012640992,10.292761950717805,0.0,0.0,0.0,0.9915131892311182,0.0,0.0,1.0,0.09885923012640992,0.10292761950717805,53+
12_3,12,3,0,0.0,0.19834210591691745,0.0,0.0,0.0,0.07269655864324479,0.0,0.0,0.0,0.0,0.0019834210591691743,<30
12_3,12,3,5,1.0738020510080886,1.1125533734790998,0.0,0.0,0.0,0.10548478619714623,0.0,0.0,0.0,0.010738020510080886,0.011125533734790997,<30
12_3,12,3,10,0.46698897889680696,0.5764700039215059,0.0,0.0,0.0,-0.025538507220325003,0.0,0.0,0.0,0.00466988978896807,0.005764700039215059,<30
12_3,12,3,15,2.4760179129519053,21.69850235028536,0.0,0.0,0.0,6.456891600579942,0.0,0.0,0.0,0.024760179129519052,0.2169850235028536,<30
12_3,12,3,20,59.105917520040165,67.63006517537424,1.0,1.0,1.0,7.87074336295224,37.651516728476125,27.39582274353757,0.0,0.5910591752004016,0.6763006517537424,<30
12_3,12,3,25,75.01750230949665,78.0811887184148,1.0,1.0,1.0,0.9059667707413522,46.153387961772964,33.54878611445587,0.0,0.7501750230949665,0.780811887184148,<30
12_3,12,3,30,82.88040306566359,91.92444297200545,1.0,1.0,1.0,3.850042976870706,42.73960293242649,54.83331618040479,0.0,0.8288040306566359,0.9192444297200545,30-40
12_3,12,3,35,95.3428177990738,84.407608289462,1.0,1.0,1.0,-3.593624035452925,38.77046418943981,57.970380954970636,0.0,0.953428177990738,0.84407608289462,30-40
12_3,12,3,40,89.64713282325633,83.01408199645542,1.0,1.0,1.0,0.15119521995131588,10.2004625848122,41.80357747890793,0.0,0.8964713282325633,0.8301408199645541,30-40
12_3,12,3,45,63.99497798467411,71.39201875477401,0.0,0.0,0.0,-1.0945210938698224,0.0,0.0,0.0,0.6399497798467411,0.7139201875477401,41-52
12_3,12,3,50,88.4328313538771,84.51048407388285,0.0,1.0,0.0,1.9360330496551377,0.0,4.526239943552312,0.0,0.8843283135387711,0.8451048407388285,41-52
12_3,12,3,55,80.26344071300491,62.48284609268302,0.0,0.0,0.0,-6.325900414261852,0.0,0.0,0.0,0.8026344071300491,0.6248284609268302,53+
12_3,12,3,60,44.80482104942652,44.80482104942652,0.0,0.0,0.0,-5.555698798663902,0.0,0.0,1.0,0.44804821049426524,0.44804821049426524,53+
12_5,12,2,0,0.0,0.5510428513150761,0.0,0.0,0.0,0.2972295328564395,0.0,0.0,0.0,0.0,0.005510428513150761,<30
12_5,12,2,5,0.11155842631202625,0.04421803395140282,0.0,0.0,0.0,-0.09408090254856961,0.0,0.0,0.0,0.0011155842631202625,0.0004421803395140282,<30
12_5,12,2,10,0.003979734558085201,0.01128849751845504,0.0,0.0,0.0,-0.00012241656141293925,0.0,0.0,0.0,3.9797345580852006e-05,0.0001128849751845504,<30
12_5,12,2,15,0.09026938702385415,1.745400592239066,0.0,0.0,0.0,0.5521884095890405,0.0,0.0,0.0,0.0009026938702385415,0.017454005922390662,<30
12_5,12,2,20,2.298963681358951,0.9444457894127078,0.0,0.0,0.0,-0.47794982219377175,0.0,0.0,0.0,0.022989636813589513,0.009444457894127078,<30
12_5,12,2,25,0.7912874744345421,3.431182756976523,0.0,0.0,0.0,0.7336324866043449,0.0,0.0,0.0,0.00791287474434542,0.03431182756976523,<30
12_5,12,2,30,9.556203449371747,26.51084803744495,0.0,0.0,0.0,6.431031687536162,0.0,0.0,0.0,0.09556203449371747,0.2651084803744495,30-40
12_5,12,2,35,64.84505627494917,71.53640076571537,1.0,1.0,1.0,7.169930224359693,8.27270266531518,15.657906415901238,0.0,0.6484505627494918,0.7153640076571537,30-40
12_5,12,2,40,93.84978955646955,95.52381798513025,1.0,1.0,1.0,4.6352588424307175,14.403119318025418,26.628668610897478,0.0,0.9384978955646954,0.9552381798513025,30-40
12_5,12,2,45,85.06851904369753,80.64415452854904,0.0,1.0,0.0,-5.105419469680949,0.0,17.718341221986165,1.0,0.8506851904369753,0.8064415452854904,41-52
12_7,12,1,0,0.0,0.21558499382466295,0.0,0.0,0.0,0.07246831660248447,0.0,0.0,0.0,0.0,0.0021558499382466293,<30
12_7,12,1,5,0.48306946800770034,4.132448571416247,0.0,0.0,0.0,1.2433353773204523,0.0,0.0,0.0,0.004830694680077003,0.041324485714162466,<30
12_7,12,1,10,3.6343892387158334,1.593357412888905,0.0,0.0,0.0,-1.1503268958248607,0.0,0.0,0.0,0.036343892387158336,0.01593357412888905,<30
12_7,12,1,15,4.147982455578329,12.204134256181622,0.0,0.0,0.0,2.4447632845726393,0.0,0.0,0.0,0.041479824555783286,0.12204134256181622,<30
12_7,12,1,20,10.70442169723762,23.615451266052634,0.0,0.0,0.0,3.8571835271360584,0.0,0.0,0.0,0.1070442169723762,0.23615451266052634,<30
12_7,12,1,25,36.286866061264845,60.87325540006589,1.0,1.0,1.0,8.196613105064428,7.422751713541164,9.77427057579802,0.0,0.36286866061264844,0.6087325540006588,<30
12_7,12,1,30,84.67762377057421,88.59191584984141,1.0,1.0,1.0,5.0923231805092435,44.53682363733712,38.73815916197664,1.0,0.8467762377057422,0.8859191584984142,30-40
12_9,12,1,0,0.0,0.006876908220457857,0.0,0.0,0.0,0.002292302740152619,0.0,0.0,0.0,0.0,6.876908220457857e-05,<30
12_9,12,1,5,0.02160727477568407,0.008755036273812819,0.0,0.0,0.0,-0.001554011951625772,0.0,0.0,0.0,0.00021607274775684067,8.755036273812819e-05,<30
12_9,12,1,10,0.0008801146135291199,0.0003488480354976203,0.0,0.0,0.0,-0.0007108068115493549,0.0,0.0,0.0,8.801146135291198e-06,3.488480354976203e-06,<30
12_9,12,1,15,3.139720286785765e-05,0.1739937977927808,0.0,0.0,0.0,0.05796728081632878,0.0,0.0,0.0,3.139720286785765e-07,0.001739937977927808,<30
12_9,12,1,20,0.2687393424972928,0.9395861629173543,0.0,0.0,0.0,0.2260076599636661,0.0,0.0,0.0,0.002687393424972928,0.009395861629173543,<30
12_9,12,1,25,3.2106433139337103,14.552971204567324,0.0,0.0,0.0,4.130336878714971,0.0,0.0,0.0,0.0321064331393371,0.14552971204567325,<30
12_9,12,1,30,28.597548354950085,47.30036250697949,0.0,0.0,1.0,6.421619139337034,0.0,0.0,0.0,0.28597548354950086,0.4730036250697949,30-40
12_9,12,1,35,42.33578374019258,35.00263802210283,0.0,0.0,0.0,-6.733941906520116,0.0,0.0,1.0,0.42335783740192584,0.3500263802210283,30-40
13_1,13,2,0,0.0,2.6243523946251375,0.0,0.0,0.0,1.1651939516770544,0.0,0.0,0.0,0.0,0.026243523946251374,<30
13_1,13,2,5,7.5904408042347775,7.630144295665341,0.0,1.0,0.0,0.9471925608681673,0.0,0.3535413272422048,0.0,0.07590440804234777,0.0763014429566534,<30
13_1,13,2,10,8.95497434399034,17.330267453961845,0.0,0.0,1.0,2.898631395019291,0.0,0.0,0.0,0.0895497434399034,0.17330267453961845,<30
13_1,13,2,15,16.65128298638631,13.686724388676229,1.0,1.0,1.0,-3.6895880803675993,0.02751898315786505,1.610416749407765,1.0,0.1665128298638631,0.1368672438867623,<30
13_11,13,1,0,0.0,0.02766820631241876,0.0,0.0,0.0,0.01128285655005121,0.0,0.0,0.0,0.0,0.00027668206312418756,<30
13_11,13,1,5,0.01360772639929739,0.0575878127882415,0.0,0.0,0.0,0.008706259653365146,0.0,0.0,0.0,0.0001360772639929739,0.000575878127882415,<30
13_11,13,1,10,0.16941702891748361,0.39535417684446594,0.0,0.0,0.0,0.05602996855564705,0.0,0.0,0.0,0.001694170289174836,0.003953541768444659,<30
13_11,13,1,15,0.3981553228618673,1.1691666187967584,0.0,0.0,0.0,0.26283565597593583,0.0,0.0,0.0,0.003981553228618673,0.011691666187967584,<30
13_11,13,1,20,2.116948534246281,9.508083711745966,0.0,0.0,0.0,2.243890783739174,0.0,0.0,0.0,0.02116948534246281,0.09508083711745967,<30
13_11,13,1,25,14.688651663939027,43.26870240382383,0.0,0.0,1.0,9.142117010219163,0.0,0.0,0.0,0.14688651663939026,0.43268702403823833,<30
13_11,13,1,30,34.84728244087211,15.975531284064804,0.0,0.0,0.0,-10.059638985663083,0.0,0.0,1.0,0.34847282440872107,0.15975531284064803,30-40
13_13,13,1,0,0.0,2.1144991455630553,0.0,0.0,0.0,1.042281966468288,0.0,0.0,0.0,0.0,0.021144991455630553,<30
13_13,13,1,5,0.6425071917980356,1.0683261939040312,0.0,0.0,0.0,-0.2035853509930937,0.0,0.0,0.0,0.006425071917980356,0.010683261939040312,<30
13_13,13,1,10,6.560335252768752,9.120450902243022,0.0,0.0,0.0,1.434910053790176,0.0,0.0,0.0,0.06560335252768752,0.09120450902243021,<30
13_13,13,1,15,9.393195351868528,6.654810113886938,0.0,0.0,0.0,-0.5632958153533515,0.0,0.0,0.0,0.09393195351868527,0.06654810113886939,<30
13_13,13,1,20,2.156575176520888,5.96051775421328,0.0,0.0,0.0,0.560574011334501,0.0,0.0,0.0,0.021565751765208876,0.0596051775421328,<30
13_13,13,1,25,6.705991261384792,32.481458765335745,0.0,0.0,0.0,8.114034074882099,0.0,0.0,1.0,0.06705991261384792,0.32481458765335747,<30
13_15,13,3,0,0.0,0.5252336441805567,0.0,0.0,0.0,0.2725964710452837,0.0,0.0,0.0,0.0,0.005252336441805568,<30
13_15,13,3,5,0.26990442572548184,2.990006981804775,0.0,0.0,0.0,0.8657404401447787,0.0,0.0,0.0,0.0026990442572548184,0.02990006981804775,<30
13_15,13,3,10,2.935415120095715,24.657094812903882,0.0,0.0,1.0,6.884077543980001,0.0,0.0,0.0,0.02935415120095715,0.24657094812903882,<30
13_15,13,3,15,31.89866689009672,28.954918882971945,1.0,1.0,1.0,-1.7372726233236886,15.274902886868276,6.478157506051069,0.0,0.3189866689009672,0.2895491888297195,<30
13_15,13,3,20,19.017636196261506,19.03108401339807,0.0,0.0,0.0,-2.232175916243865,0.0,0.0,0.0,0.19017636196261506,0.1903108401339807,<30
13_15,13,3,25,44.299850808361924,48.92709273736445,1.0,1.0,1.0,4.835085793934407,15.435736460638243,21.480218585576672,0.0,0.44299850808361924,0.48927092737364447,<30
13_15,13,3,30,19.387201006928485,19.387201006928485,0.0,0.0,0.0,-17.15353368052299,0.0,0.0,1.0,0.19387201006928487,0.19387201006928487,30-40
13_17,13,3,0,0.0,0.008996302933687729,0.0,0.0,0.0,0.0029987676445625763,0.0,0.0,0.0,0.0,8.99630293368773e-05,<30
13_17,13,3,5,0.030810795828558075,0.1596049977561213,0.0,0.0,0.0,0.04709425921694735,0.0,0.0,0.0,0.0003081079582855807,0.001596049977561213,<30
13_17,13,3,10,0.3125465671128934,1.9326438244344406,0.0,0.0,0.0,0.5625805916776502,0.0,0.0,0.0,0.003125465671128934,0.019326438244344407,<30
13_17,13,3,15,19.427994804448883,36.00840812307458,1.0,1.0,1.0,7.277970672226985,2.804230801220438,5.693176152882224,0.0,0.19427994804448884,0.3600840812307458,<30
13_17,13,3,20,24.33596398142815,19.38374635140659,1.0,0.0,1.0,-4.796006400918972,2.88156318986411,0.0,0.0,0.24335963981428152,0.1938374635140659,<30
13_17,13,3,25,6.824717974139514,27.274536028484796,0.0,0.0,0.0,3.269138960524354,0.0,0.0,0.0,0.06824717974139513,0.27274536028484797,<30
13_17,13,3,30,19.06958432815938,12.849955628703047,0.0,0.0,0.0,-4.167604911345682,0.0,0.0,1.0,0.1906958432815938,0.12849955628703047,30-40
13_19,13,1,0,0.0,0.8527422145894364,0.0,0.0,0.0,0.39918011341557524,0.0,0.0,0.0,0.0,0.008527422145894364,<30
13_19,13,1,5,0.29702655760903507,0.2791573064200875,0.0,0.0,0.0,-0.16186428526292312,0.0,0.0,0.0,0.0029702655760903505,0.002791573064200875,<30
13_19,13,1,10,1.241501121643348,0.5895502640661182,0.0,0.0,0.0,0.007042409614767764,0.0,0.0,0.0,0.01241501121643348,0.0058955026406611825,<30
13_19,13,1,15,0.15803497116074497,3.5784927644781996,0.0,0.0,0.0,1.067688880543061,0.0,0.0,0.0,0.0015803497116074496,0.035784927644782,<30
13_19,13,1,20,9.179607129811986,17.304652220220635,0.0,0.0,0.0,2.762957524024579,0.0,0.0,0.0,0.09179607129811986,0.17304652220220634,<30
13_19,13,1,25,8.73957453534964,7.515649262006752,0.0,0.0,0.0,-2.4410595750313457,0.0,0.0,0.0,0.0873957453534964,0.07515649262006752,<30
13_19,13,1,30,14.468143806582766,14.468143806582766,0.0,0.0,0.0,2.2665933270036542,0.0,0.0,1.0,0.14468143806582767,0.14468143806582767,30-40
13_21,13,3,0,0.0,0.01536068138847147,0.0,0.0,0.0,0.0074930395204835035,0.0,0.0,0.0,0.0,0.0001536068138847147,<30
13_21,13,3,5,0.0046058079557109366,0.0050377432573538924,0.0,0.0,0.0,-0.0025173626508499147,0.0,0.0,0.0,4.6058079557109366e-05,5.037743257353892e-05,<30
13_21,13,3,10,0.2377605081125757,1.2606740933447071,0.0,0.0,0.0,0.3440205161041482,0.0,0.0,0.0,0.0023776050811257572,0.012606740933447071,<30
13_21,13,3,15,15.11933871128672,9.624999094808704,0.0,1.0,0.0,0.8654852067684274,0.0,2.6471125059839657,0.0,0.1511933871128672,0.09624999094808703,<30
13_21,13,3,20,3.6317154741757554,3.697606474812725,0.0,0.0,0.0,-0.49824794862484734,0.0,0.0,0.0,0.036317154741757555,0.03697606474812725,<30
13_21,13,3,25,11.400052391686275,31.22762602312914,0.0,0.0,1.0,7.516677483966656,0.0,0.0,0.0,0.11400052391686274,0.3122762602312914,<30
13_21,13,3,30,33.63300432090486,18.857120796322555,0.0,0.0,0.0,-5.73432583136305,0.0,0.0,1.0,0.3363300432090486,0.18857120796322555,30-40
13_23,13,2,0,0.0,0.06699499377181437,0.0,0.0,0.0,0.02240555482801805,0.0,0.0,0.0,0.0,0.0006699499377181437,<30
13_23,13,2,5,0.1367912035640526,0.07132279258218853,0.0,0.0,0.0,-0.012371732488541646,0.0,0.0,0.0,0.0013679120356405261,0.0007132279258218853,<30
13_23,13,2,10,0.06828185052112444,0.7894823529936941,0.0,0.0,0.0,0.2317503974080589,0.0,0.0,0.0,0.0006828185052112444,0.00789482352993694,<30
13_23,13,2,15,5.257345998098774,4.302777712883777,0.0,0.0,0.0,0.5103779056469668,0.0,0.0,0.0,0.052573459980987745,0.04302777712883777,<30
13_23,13,2,20,3.154893969032108,1.7578775638298505,0.0,0.0,0.0,-0.5293893540390313,0.0,0.0,0.0,0.031548939690321076,0.017578775638298506,<30
13_23,13,2,25,5.168071608747207,5.441848902641453,0.0,0.0,0.0,0.6402818451012886,0.0,0.0,0.0,0.051680716087472066,0.05441848902641453,<30
13_23,13,2,30,4.752185206744344,5.963965770446777,0.0,0.0,0.0,0.34646618393302386,0.0,0.0,0.0,0.04752185206744344,0.05963965770446777,30-40
13_23,13,2,35,8.24447328282819,31.212224955841386,0.0,0.0,0.0,8.205226907354318,0.0,0.0,1.0,0.08244473282828191,0.31212224955841383,30-40
13_3,13,2,0,0.0,0.5700016100996703,0.0,0.0,0.0,0.24495209155212816,0.0,0.0,0.0,0.0,0.005700016100996703,<30
13_3,13,2,5,0.597103613308745,1.34749004304328,0.0,0.0,0.0,0.1293980279883285,0.0,0.0,0.0,0.00597103613308745,0.013474900430432799,<30
13_3,13,2,10,22.31242109879447,16.679178916555184,1.0,1.0,1.0,1.886383952265217,9.228112577607298,9.757568605902456,0.0,0.2231242109879447,0.16679178916555185,<30
13_3,13,2,15,28.274565753820404,60.244378810914796,1.0,1.0,1.0,11.11711514067769,11.65080175059196,9.526564533599334,0.0,0.282745657538204,0.602443788109148,<30
13_3,13,2,20,19.007165855417295,23.654113556009086,0.0,0.0,0.0,-7.359398032462638,0.0,0.0,1.0,0.19007165855417296,0.23654113556009088,<30
13_5,13,3,0,0.0,1.8575287116196377,0.0,0.0,0.0,0.6927344879931397,0.0,0.0,0.0,0.0,0.018575287116196378,<30
13_5,13,3,5,2.730483074871557,1.6771606860691897,0.0,0.0,0.0,-0.4270711099486176,0.0,0.0,1.0,0.02730483074871557,0.016771606860691898,<30
13_7,13,2,0,0.0,5.121999716810865,0.0,0.0,0.0,2.1148172688721014,0.0,0.0,0.0,0.0,0.05121999716810865,<30
13_7,13,2,5,30.50111374105174,45.6505514701579,1.0,1.0,1.0,10.110951334197704,20.637560416644817,15.45698909809171,0.0,0.3050111374105174,0.456505514701579,<30
13_7,13,2,10,95.85812161333824,80.48808645204954,1.0,1.0,1.0,2.710943133245791,82.77381309215107,56.74659687097832,1.0,0.9585812161333824,0.8048808645204955,<30
13_9,13,3,0,0.0,0.2657025052793598,0.0,0.0,0.0,0.10074829123465068,0.0,0.0,0.0,0.0,0.002657025052793598,<30
13_9,13,3,5,0.1829307227075314,0.16881425039207823,0.0,0.0,0.0,-0.050406254707878885,0.0,0.0,0.0,0.0018293072270753141,0.0016881425039207824,<30
13_9,13,3,10,3.9522433270650743,6.375302902945834,0.0,0.0,0.0,1.4125170357318633,0.0,0.0,0.0,0.03952243327065074,0.06375302902945834,<30
13_9,13,3,15,14.965283508125776,18.0025973568329,0.0,1.0,0.0,1.8148012495162633,0.0,2.244530776519298,0.0,0.14965283508125776,0.180025973568329,<30
13_9,13,3,20,6.7887909295213795,5.820749866046421,0.0,0.0,0.0,-2.1078281417495495,0.0,0.0,0.0,0.0678879092952138,0.058207498660464214,<30
13_9,13,3,25,6.797963970528249,12.119025209601048,0.0,0.0,0.0,1.6919750213309457,0.0,0.0,0.0,0.0679796397052825,0.12119025209601048,<30
13_9,13,3,30,30.936490808017364,24.173618522628193,0.0,1.0,0.0,1.3505441567421503,0.0,2.09286193030686,0.0,0.30936490808017364,0.24173618522628193,30-40
13_9,13,3,35,14.969114414123872,18.326145586465188,0.0,0.0,0.0,-0.38849105470466794,0.0,0.0,1.0,0.1496911441412387,0.18326145586465187,30-40
14_1,14,2,0,0.0,9.207407836795568,0.0,0.0,1.0,3.881217688283299,0.0,0.0,0.0,0.0,0.09207407836795568,<30
14_1,14,2,5,29.71879755464401,38.8854306905134,1.0,1.0,1.0,6.225388164270819,19.85524423023709,15.607157321789748,0.0,0.2971879755464401,0.388854306905134,<30
14_1,14,2,10,71.44059083294276,61.43340565306467,1.0,1.0,1.0,1.7879724445078373,58.35628231175559,44.14740829687726,0.0,0.7144059083294276,0.6143340565306467,<30
14_1,14,2,15,45.80874773661397,52.06904389798634,1.0,1.0,1.0,0.19239766904365135,29.184983733385522,22.898604675880136,0.0,0.45808747736613964,0.5206904389798634,<30
14_1,14,2,20,65.76040314090544,74.35401122871772,1.0,1.0,1.0,4.639760152008391,44.3060023493414,45.161641210316404,0.0,0.6576040314090544,0.7435401122871772,<30
14_1,14,2,25,68.34506774422415,52.654781670875096,1.0,1.0,1.0,-6.485733107295983,39.48095339650047,42.29310444932359,0.0,0.6834506774422415,0.526547816708751,<30
14_1,14,2,30,34.24108944931344,44.09143814509293,0.0,0.0,0.0,0.7166690884073562,0.0,0.0,0.0,0.34241089449313444,0.4409143814509293,30-40
14_1,14,2,35,58.28872386018222,54.35441335690293,1.0,1.0,0.0,1.5147003805040835,1.7163702505482306,18.628322106848465,0.0,0.5828872386018222,0.5435441335690293,30-40
14_1,14,2,40,78.21989446293524,64.27457235277656,0.0,1.0,0.0,0.7251963030969412,0.0,23.350439889619665,0.0,0.7821989446293525,0.6427457235277656,30-40
14_1,14,2,45,45.97824795742763,44.25723232244869,0.0,0.0,0.0,-4.015579154549868,0.0,0.0,1.0,0.45978247957427626,0.44257232322448686,41-52
14_11,14,1,0,0.0,5.2553863697251355,0.0,0.0,0.0,1.8976159337974834,0.0,0.0,0.0,0.0,0.05255386369725135,<30
14_11,14,1,5,23.25741985952142,53.481862511851816,1.0,1.0,1.0,12.087549464784137,13.3938665351145,10.085407160181411,0.0,0.2325741985952142,0.5348186251185182,<30
14_11,14,1,10,88.47595921256651,79.62010236247197,1.0,1.0,1.0,0.9838772116030995,75.39165069137934,49.79695925259248,0.0,0.8847595921256651,0.7962010236247197,<30
14_11,14,1,15,53.81636821989702,48.482447392879145,1.0,1.0,1.0,-4.958351859671916,37.19260421666858,25.17283494783443,0.0,0.5381636821989703,0.48482447392879147,<30
14_11,14,1,20,37.01365168207707,34.09490153628128,1.0,1.0,1.0,-2.87053025739318,15.559250890513027,8.088279911308472,0.0,0.3701365168207707,0.34094901536281275,<30
14_11,14,1,25,32.943589435467985,36.32209859416025,1.0,1.0,1.0,0.9931861224197576,4.079475087744303,10.033296890747629,0.0,0.32943589435467985,0.3632209859416025,<30
14_11,14,1,30,58.377426193595994,78.6334525619483,1.0,1.0,1.0,9.308280606700556,18.2366260603589,29.89781399934315,0.0,0.5837742619359599,0.786334525619483,30-40
14_11,14,1,35,80.64435297261429,71.05601028773394,1.0,1.0,1.0,-3.4491050214637142,24.071999362980293,29.064475206824838,0.0,0.8064435297261429,0.7105601028773394,30-40
14_11,14,1,40,48.00713617806362,43.85117778732068,0.0,0.0,0.0,-5.494043172167891,0.0,0.0,0.0,0.4800713617806362,0.4385117778732068,30-40
14_11,14,1,45,21.391764464597998,24.14586356205203,0.0,0.0,0.0,-8.410054421432793,0.0,0.0,1.0,0.21391764464597998,0.24145863562052028,41-52
14_13,14,2,0,0.0,2.884313631260228,0.0,0.0,0.0,0.9658374274984922,0.0,0.0,0.0,0.0,0.028843136312602283,<30
14_13,14,2,5,46.014500969986614,49.08391734614365,1.0,1.0,1.0,8.837282702962664,36.15094764557969,24.37660515434481,0.0,0.46014500969986616,0.4908391734614365,<30
14_13,14,2,10,41.83727991613118,30.603315782513267,1.0,1.0,1.0,-4.661054541194337,28.75297139494401,12.614795646990874,0.0,0.4183727991613118,0.3060331578251327,<30
14_13,14,2,15,15.351193224397177,17.02055300903705,0.0,0.0,0.0,-1.1258735863817422,0.0,0.0,0.0,0.15351193224397178,0.1702055300903705,<30
14_13,14,2,20,58.62633369613471,69.57097992239889,1.0,1.0,1.0,10.466203186943586,37.17193290457067,33.02595646530277,0.0,0.586263336961347,0.6957097992239889,<30
14_13,14,2,25,75.99743648239406,89.2969906489441,1.0,1.0,1.0,4.485894190825842,47.13332213467038,33.201905685579774,0.0,0.7599743648239407,0.8929699064894411,<30
14_13,14,2,30,99.21515005555969,81.83406786968968,1.0,1.0,1.0,-4.686015813441507,59.0743499223226,65.8107377717358,1.0,0.9921515005555969,0.8183406786968968,30-40
14_15,14,3,0,0.0,0.006709606458697327,0.0,0.0,0.0,0.0022365354862324423,0.0,0.0,0.0,0.0,6.709606458697327e-05,<30
14_15,14,3,5,0.0649443245101628,0.06754290900588777,0.0,0.0,0.0,0.0130600595472884,0.0,0.0,0.0,0.000649443245101628,0.0006754290900588777,<30
14_15,14,3,10,0.13365168608979996,0.7042112054764079,0.0,0.0,0.0,0.20478790368649405,0.0,0.0,0.0,0.0013365168608979996,0.007042112054764079,<30
14_15,14,3,15,2.3293195566204634,4.870883184404329,0.0,0.0,0.0,1.072646749416226,0.0,0.0,0.0,0.023293195566204634,0.048708831844043295,<30
14_15,14,3,20,29.459982893698758,62.90213861534105,1.0,1.0,1.0,14.452721918046228,8.005582102134717,10.115231057150769,0.0,0.29459982893698755,0.6290213861534105,<30
14_15,14,3,25,89.53536339019686,92.94379266162063,1.0,1.0,1.0,3.1864499530333177,60.67124904247318,39.82694926213531,0.0,0.8953536339019686,0.9294379266162064,<30
14_15,14,3,30,89.98710679939585,89.98710679939585,1.0,1.0,1.0,-1.0740180739577785,49.84630666615875,49.076115716617565,1.0,0.8998710679939584,0.8998710679939584,30-40
14_17,14,1,0,0.0,53.24378599014899,0.0,0.0,1.0,21.59334951701847,0.0,0.0,0.0,0.0,0.53243785990149,<30
14_17,14,1,5,91.25660819554875,75.40499173064828,1.0,1.0,1.0,-2.9260478958823595,81.39305487114183,51.353564844160815,0.0,0.9125660819554875,0.7540499173064827,<30
14_17,14,1,10,37.5825006542382,62.70908868766558,1.0,1.0,1.0,1.6671891077267986,24.49819213305103,1.7245541068891015,0.0,0.37582500654238205,0.6270908868766558,<30
14_17,14,1,15,69.11864477813666,60.092602306136676,1.0,1.0,1.0,-3.3902908859506815,52.49488077490821,44.55471539674237,0.0,0.6911864477813665,0.6009260230613668,<30
14_17,14,1,20,39.55512412600986,31.474630743068367,1.0,1.0,1.0,-5.378202789440548,18.100723334445817,16.633928758100744,0.0,0.39555124126009855,0.31474630743068366,<30
14_17,14,1,25,39.10365339374293,58.27237272523073,1.0,1.0,1.0,7.718668408709091,10.23953904601925,9.888002306892776,0.0,0.3910365339374293,0.5827237272523074,<30
14_17,14,1,30,80.41548747831577,80.41548747831577,1.0,1.0,1.0,7.170565199863394,40.274687345078675,40.88758140838402,1.0,0.8041548747831577,0.8041548747831577,30-40
14_19,14,3,0,0.0,10.383116023123515,0.0,0.0,0.0,3.795523890609199,0.0,0.0,0.0,0.0,0.10383116023123515,<30
14_19,14,3,5,42.30911012608307,49.596001539806174,1.0,1.0,1.0,6.983931065116887,32.44555680167615,21.611490372929275,0.0,0.4230911012608307,0.4959600153980617,<30
14_19,14,3,10,46.11317229293009,64.79213204605955,1.0,1.0,1.0,3.6896481293328174,33.02886377174292,18.708543591773314,0.0,0.4611317229293009,0.6479213204605955,<30
14_19,14,3,15,36.98153615934804,34.094727697377394,1.0,1.0,1.0,-6.512812620616193,20.357772156119594,15.528852787053083,0.0,0.3698153615934804,0.3409472769737739,<30
14_19,14,3,20,54.38611180664322,31.069471681960106,1.0,1.0,1.0,-3.649731031271358,32.93171101507918,24.418713681126356,0.0,0.5438611180664322,0.31069471681960104,<30
14_19,14,3,25,8.013053128755715,24.595505546399984,0.0,0.0,0.0,2.640175260188181,0.0,0.0,0.0,0.08013053128755715,0.24595505546399984,<30
14_19,14,3,30,57.13274983409212,84.62511687911174,1.0,1.0,1.0,12.409022818754334,16.991949700855024,20.94074622790213,0.0,0.5713274983409211,0.8462511687911174,30-40
14_19,14,3,35,97.93132390312978,92.92400590679497,1.0,1.0,1.0,-0.9494460575784132,41.35897029349579,35.74991338747071,0.0,0.9793132390312977,0.9292400590679497,30-40
14_19,14,3,40,75.987749229316,78.21921599324523,0.0,1.0,0.0,-1.9398935793953573,0.0,23.917142529492523,0.0,0.7598774922931599,0.7821921599324523,30-40
14_19,14,3,45,70.28382387230988,77.52729580241255,0.0,1.0,0.0,-0.15918215090733182,0.0,5.6654567480390625,0.0,0.7028382387230988,0.7752729580241255,41-52
14_19,14,3,50,50.01831855409538,56.31721144854261,0.0,0.0,0.0,-4.061909748206655,0.0,0.0,1.0,0.5001831855409538,0.563172114485426,41-52
14_21,14,3,0,0.0,0.0,0.0,0.0,0.0,0.0,0.0,0.0,0.0,0.0,0.0,<30
14_21,14,3,5,0.0,0.0,0.0,0.0,0.0,0.0,0.0,0.0,0.0,0.0,0.0,<30
14_21,14,3,10,0.0,0.0765601255552825,0.0,0.0,0.0,0.025520041851760832,0.0,0.0,0.0,0.0,0.000765601255552825,<30
14_21,14,3,15,1.2880364717141073,19.400944961528307,0.0,0.0,0.0,6.231274528197294,0.0,0.0,0.0,0.012880364717141072,0.19400944961528307,<30
14_21,14,3,20,74.18068874522018,81.3565899595668,1.0,1.0,1.0,10.744689751177038,52.72628795365614,37.97498512010869,0.0,0.7418068874522018,0.813565899595668,<30
14_21,14,3,25,91.34843253612331,93.16726466257349,1.0,1.0,1.0,1.8309277154931898,62.48431818839963,41.39803329923799,0.0,0.9134843253612331,0.9316726466257349,<30
14_21,14,3,30,95.82732692705434,93.80366435872334,1.0,1.0,1.0,-0.11946527495769665,55.68652679381725,67.99487427787778,1.0,0.9582732692705435,0.9380366435872334,30-40
14_23,14,2,0,0.0,51.83987479421262,0.0,0.0,1.0,22.41403872396472,0.0,0.0,0.0,0.0,0.5183987479421261,<30
14_23,14,2,5,85.87175377878452,87.32650634035784,1.0,1.0,1.0,2.9464184942751155,76.0082004543776,51.97473826761558,0.0,0.8587175377878452,0.8732650634035783,<30
14_23,14,2,10,91.1957397127109,78.19376811592107,1.0,1.0,1.0,-3.4476473582575693,78.11143119152374,58.3812110409581,0.0,0.911957397127109,0.7819376811592107,<30
14_23,14,2,15,42.42088564655494,57.49707513342289,1.0,1.0,1.0,-0.5578312967489936,25.7971216433265,17.20989765597224,0.0,0.42420885646554946,0.5749707513342289,<30
14_23,14,2,20,81.40024168686924,81.40024168686924,1.0,1.0,1.0,9.93512912978638,59.945840895305196,52.01700911904315,1.0,0.8140024168686923,0.8140024168686923,<30
14_3,14,1,0,0.0,1.119675089247363,0.0,0.0,0.0,0.3775223021916884,0.0,0.0,0.0,0.0,0.01119675089247363,<30
14_3,14,1,5,11.725367950513363,12.852381703808215,1.0,1.0,1.0,2.294155594631868,1.861814626106442,2.5698439154448387,0.0,0.11725367950513363,0.12852381703808213,<30
14_3,14,1,10,19.005760173962948,26.353485074783595,1.0,1.0,1.0,3.1908654021445666,5.921451652775776,5.877240976953532,0.0,0.1900576017396295,0.26353485074783595,<30
14_3,14,1,15,27.160862686439195,45.83335567829347,1.0,1.0,1.0,4.899200678445902,10.53709868321075,11.588719046835218,0.0,0.27160862686439197,0.45833355678293475,<30
14_3,14,1,20,44.83281373629598,50.42046764524006,1.0,1.0,1.0,-0.07586355128054975,23.37841294473194,21.745991307825467,0.0,0.44832813736295984,0.5042046764524006,<30
14_3,14,1,25,73.1155506346034,75.20948030644442,1.0,1.0,1.0,4.400343521034668,44.25143628687971,47.01246607885494,0.0,0.731155506346034,0.7520948030644442,<30
14_3,14,1,30,73.95855792347507,81.13549823547282,1.0,1.0,1.0,1.9086417746708184,33.81775779023798,40.35421612020049,1.0,0.7395855792347507,0.8113549823547282,30-40
14_5,14,2,0,0.0,0.07554429055898751,0.0,0.0,0.0,0.03407910783668106,0.0,0.0,0.0,0.0,0.0007554429055898751,<30
14_5,14,2,5,0.15381266196509352,0.42033748671587967,0.0,0.0,0.0,0.08388078896229237,0.0,0.0,0.0,0.0015381266196509353,0.004203374867158796,<30
14_5,14,2,10,1.2280007610320003,1.8198276404939293,0.0,0.0,0.0,0.3203692740908878,0.0,0.0,0.0,0.012280007610320004,0.018198276404939293,<30
14_5,14,2,15,5.846528454269738,31.698180494238283,0.0,0.0,1.0,8.929353197916031,0.0,0.0,0.0,0.058465284542697386,0.3169818049423828,<30
14_5,14,2,20,62.350370485450256,54.43955093412116,1.0,1.0,1.0,1.4495350563243181,40.895969693886215,27.294828002812366,0.0,0.6235037048545026,0.5443955093412116,<30
14_5,14,2,25,78.19570288569909,86.50727405957669,1.0,1.0,1.0,7.088393044511184,49.331588537975406,41.9268526608843,0.0,0.7819570288569909,0.8650727405957669,<30
14_5,14,2,30,86.81009779242046,86.7241118137798,1.0,1.0,1.0,-0.8532470945691537,46.66929765918337,49.16086742801021,0.0,0.8681009779242046,0.867241118137798,30-40
14_5,14,2,35,48.761296635660386,69.97849408544391,0.0,1.0,1.0,-0.6072800724676621,0.0,6.971349349838505,0.0,0.48761296635660384,0.6997849408544391,30-40
14_5,14,2,40,74.0930389930268,68.89188621621838,0.0,1.0,0.0,-2.8921537946488636,0.0,19.357473821643453,1.0,0.7409303899302679,0.6889188621621838,30-40
14_7,14,2,0,0.0,0.27979346188349974,0.0,0.0,0.0,0.094999520227927,0.0,0.0,0.0,0.0,0.0027979346188349973,<30
14_7,14,2,5,2.93558466213009,28.920928765718212,0.0,0.0,1.0,8.6065151583377,0.0,0.0,0.0,0.029355846621300898,0.2892092876571821,<30
14_7,14,2,10,51.85987002789196,56.2699232592042,1.0,1.0,1.0,3.1887580997309293,38.77556150670479,23.393996881219994,0.0,0.5185987002789196,0.562699232592042,<30
14_7,14,2,15,83.1819152543869,64.66914032867342,1.0,1.0,1.0,-0.6115142081496199,66.55815125115845,51.73512576724407,0.0,0.831819152543869,0.6466914032867342,<30
14_7,14,2,20,61.909055656831505,65.80283634177758,1.0,1.0,1.0,1.6046224419928752,40.454654865267464,40.22042477727163,0.0,0.619090556568315,0.6580283634177758,<30
14_7,14,2,25,39.16172774559391,58.54235162644238,1.0,1.0,1.0,0.1548976540064063,10.297613397870226,11.031544586473316,0.0,0.39161727745593905,0.5854235162644238,<30
14_7,14,2,30,48.67867531597341,30.8908406065779,1.0,1.0,1.0,-8.214672497783095,8.537875182736315,16.150999962353083,1.0,0.4867867531597341,0.308908406065779,30-40
14_9,14,2,0,0.0,16.39337191631543,0.0,0.0,1.0,6.934091975690107,0.0,0.0,0.0,0.0,0.1639337191631543,<30
14_9,14,2,5,29.68402204905529,53.23996654667902,1.0,1.0,1.0,7.642804841227647,19.82046872464837,14.676860313412098,0.0,0.2968402204905529,0.5323996654667902,<30
14_9,14,2,10,90.3300711125242,96.51028725855221,1.0,1.0,1.0,7.364499941542867,77.24576259133703,57.50598006479357,0.0,0.9033007111252419,0.9651028725855221,<30
14_9,14,2,15,96.56512315849623,91.60540200475012,1.0,1.0,1.0,-1.7058039065875534,79.94135915526779,64.71876660225283,0.0,0.9656512315849624,0.9160540200475011,<30
14_9,14,2,20,90.62970809263734,84.02471470932582,1.0,1.0,1.0,-1.6605623260981826,69.1753073010733,75.9674537818929,0.0,0.9062970809263734,0.8402471470932582,<30
14_9,14,2,25,83.36154186852988,82.6047721342874,1.0,1.0,1.0,0.2090636233996463,54.4974275208062,63.832674016540196,0.0,0.8336154186852989,0.826047721342874,<30
14_9,14,2,30,63.90925006564936,37.25742828847598,1.0,1.0,1.0,-11.012189063404225,23.768449932412267,37.34756771387961,0.0,0.6390925006564936,0.3725742828847598,30-40
14_9,14,2,35,20.696169283224744,16.38419677493996,0.0,0.0,0.0,-2.261246475503076,0.0,0.0,0.0,0.20696169283224744,0.16384196774939958,30-40
14_9,14,2,40,6.851986155246127,9.689547426140962,0.0,0.0,0.0,-1.1759134617691736,0.0,0.0,0.0,0.06851986155246127,0.09689547426140961,30-40
14_9,14,2,45,19.480683994179103,22.057423295926625,0.0,0.0,0.0,3.0424828164769724,0.0,0.0,1.0,0.19480683994179102,0.22057423295926626,41-52
15_0,15,1,0,0.0,39.91266027987569,0.0,0.0,1.0,16.920804343088296,0.0,0.0,0.0,0.0,0.3991266027987569,<30
15_0,15,1,5,46.99756685967918,24.05160334696792,1.0,1.0,1.0,-8.680371209610119,37.13401353527226,20.98364263399298,0.0,0.4699756685967918,0.2405160334696792,<30
15_0,15,1,10,5.320354262421425,4.54398587677549,0.0,0.0,0.0,-1.8141036668646024,0.0,0.0,0.0,0.05320354262421425,0.045439858767754894,<30
15_0,15,1,15,5.520563640234105,3.0445617065752972,0.0,0.0,0.0,-0.4527393368026217,0.0,0.0,0.0,0.05520563640234105,0.030445617065752974,<30
15_0,15,1,20,5.347830931244548,24.79176931482983,0.0,0.0,1.0,6.844506260182842,0.0,0.0,0.0,0.05347830931244548,0.24791769314829828,<30
15_0,15,1,25,26.274089394562203,34.99515929706668,0.0,0.0,1.0,0.9020762787217066,0.0,0.0,0.0,0.26274089394562206,0.3499515929706668,<30
15_0,15,1,30,53.495678575279115,54.47216555211075,1.0,1.0,1.0,2.979607770701994,13.354878442042022,18.30476989793079,0.0,0.5349567857527912,0.5447216555211075,30-40
15_0,15,1,35,66.35047657229174,47.22378866794046,1.0,1.0,1.0,-4.055210360544388,9.778122962657747,24.863179808308608,0.0,0.6635047657229174,0.4722378866794046,30-40
15_0,15,1,40,33.199281460360965,48.404870948658285,0.0,0.0,0.0,3.9566715828984593,0.0,0.0,0.0,0.33199281460360963,0.48404870948658285,30-40
15_0,15,1,45,43.01094210912961,37.59786429366216,0.0,0.0,0.0,-3.3012057722412975,0.0,0.0,0.0,0.4301094210912961,0.37597864293662164,41-52
15_0,15,1,50,55.894453713576794,57.45749827731548,0.0,0.0,0.0,3.5302557343072927,0.0,0.0,0.0,0.558944537135768,0.5745749827731548,41-52
15_0,15,1,55,47.45249861375408,53.311651583310145,0.0,0.0,0.0,-0.31120695008819954,0.0,0.0,1.0,0.4745249861375408,0.5331165158331015,53+
15_10,15,1,0,0.0,0.14848354062235275,0.0,0.0,0.0,0.05275507889964083,0.0,0.0,0.0,0.0,0.0014848354062235276,<30
15_10,15,1,5,2.4208390931445276,11.314885761361438,0.0,0.0,1.0,2.709199219840148,0.0,0.0,0.0,0.024208390931445275,0.11314885761361439,<30
15_10,15,1,10,13.292271989268993,11.186696379917654,1.0,1.0,1.0,-0.644436603898581,0.20796346808182165,0.39251830603885907,0.0,0.13292271989268994,0.11186696379917654,<30
15_10,15,1,15,4.6548180569246735,6.270096308935666,0.0,0.0,0.0,-0.7118829033242036,0.0,0.0,0.0,0.046548180569246735,0.06270096308935666,<30
15_10,15,1,20,7.741040184092364,15.008473535457227,0.0,0.0,0.0,2.301834702198581,0.0,0.0,0.0,0.07741040184092364,0.15008473535457229,<30
15_10,15,1,25,20.989877467735504,13.22089680072599,0.0,1.0,0.0,-1.79634968534716,0.0,0.1724928036792548,0.0,0.20989877467735504,0.1322089680072599,<30
15_10,15,1,30,33.90070810973914,47.283394385624085,0.0,1.0,0.0,7.956278448062738,0.0,5.990123370363378,0.0,0.3390070810973914,0.47283394385624083,30-40
15_10,15,1,35,35.52822626923558,44.97009503101213,0.0,0.0,0.0,0.5234380349279343,0.0,0.0,0.0,0.3552822626923558,0.4497009503101213,30-40
15_10,15,1,40,42.66763397064259,51.18296483642892,0.0,0.0,0.0,0.527739865734894,0.0,0.0,0.0,0.42667633970642593,0.5118296483642892,30-40
15_10,15,1,45,32.23630428338231,14.879274634152836,0.0,0.0,0.0,-9.37090555303384,0.0,0.0,0.0,0.3223630428338231,0.14879274634152836,41-52
15_10,15,1,50,4.348042741517353,43.28561350439397,0.0,0.0,0.0,11.19633176732297,0.0,0.0,0.0,0.04348042741517353,0.4328561350439397,41-52
15_10,15,1,55,96.8550920372702,98.01305164932862,0.0,0.0,0.0,15.503122665243886,0.0,0.0,1.0,0.968550920372702,0.9801305164932862,53+
15_12,15,2,0,0.0,0.07604753747744335,0.0,0.0,0.0,0.02537640905513554,0.0,0.0,0.0,0.0,0.0007604753747744334,<30
15_12,15,2,5,2.8049894666158117,2.8227627255806094,0.0,0.0,0.0,0.4530650729854745,0.0,0.0,0.0,0.028049894666158117,0.028227627255806093,<30
15_12,15,2,10,3.1236001748115756,7.325384472212396,0.0,0.0,0.0,1.3509187483607983,0.0,0.0,0.0,0.031236001748115756,0.07325384472212396,<30
15_12,15,2,15,18.30277153803273,15.305775330764533,1.0,1.0,0.0,0.9736337466170746,1.6790075348042848,5.0714321929090005,0.0,0.1830277153803273,0.15305775330764532,<30
15_12,15,2,20,26.19469361968559,25.47040382480922,1.0,1.0,0.0,2.2976657066579254,4.74029282812155,8.746243328701642,0.0,0.2619469361968559,0.25470403824809223,<30
15_12,15,2,25,45.03624905109342,33.746789908526736,1.0,1.0,1.0,0.44383099586479646,16.17213470336974,20.530014272846742,0.0,0.4503624905109342,0.33746789908526736,<30
15_12,15,2,30,16.01063754696784,10.224343307399792,0.0,0.0,0.0,-3.941840429650868,0.0,0.0,0.0,0.1601063754696784,0.10224343307399791,30-40
15_12,15,2,35,20.236321809295156,25.174702867585914,0.0,0.0,0.0,3.173016224843039,0.0,0.0,0.0,0.20236321809295155,0.25174702867585913,30-40
15_12,15,2,40,13.601036913058127,20.0566719525412,0.0,0.0,0.0,0.014268174803410716,0.0,0.0,0.0,0.1360103691305813,0.20056671952541202,30-40
15_12,15,2,45,21.16497503885097,11.8571471875591,0.0,0.0,0.0,-3.028512883414339,0.0,0.0,0.0,0.2116497503885097,0.118571471875591,41-52
15_12,15,2,50,13.394509335466068,14.138925126895021,0.0,0.0,0.0,1.3107693916194019,0.0,0.0,0.0,0.13394509335466068,0.14138925126895022,41-52
15_12,15,2,55,19.31885283845409,40.087747807576825,0.0,0.0,0.0,7.35259562491067,0.0,0.0,0.0,0.19318852838454093,0.40087747807576823,53+
15_12,15,2,60,51.22904181884803,64.2378354529867,0.0,0.0,0.0,4.0380125630680155,0.0,0.0,1.0,0.5122904181884803,0.642378354529867,53+
15_14,15,3,0,0.0,6.036372313204234,0.0,0.0,0.0,2.089385450238814,0.0,0.0,0.0,0.0,0.06036372313204234,<30
15_14,15,3,5,31.794055951651742,49.952930653183635,1.0,1.0,1.0,10.118684427026409,21.93050262724482,15.089967756036494,0.0,0.31794055951651745,0.49952930653183636,<30
15_14,15,3,10,43.619332094823086,62.74927660543902,1.0,1.0,1.0,2.9896021080165793,30.535023573635915,13.25720242159786,0.0,0.4361933209482309,0.6274927660543902,<30
15_14,15,3,15,59.71194565647851,63.28205392200131,1.0,1.0,1.0,-0.9753312093540873,43.08818165325007,35.885384096296946,0.0,0.5971194565647852,0.6328205392200131,<30
15_14,15,3,20,72.12441949586972,51.44841397407036,1.0,1.0,1.0,-5.47242399282197,50.670018704305676,46.19749647012149,0.0,0.7212441949586972,0.5144841397407036,<30
15_14,15,3,25,22.39475280134431,16.589231554778397,0.0,0.0,0.0,-5.686411180654712,0.0,0.0,0.0,0.22394752801344311,0.16589231554778397,<30
15_14,15,3,30,19.351712501233937,33.065748191956324,0.0,0.0,0.0,5.029396481225447,0.0,0.0,0.0,0.19351712501233936,0.33065748191956323,30-40
15_14,15,3,35,53.33268250873733,57.221495010936984,0.0,1.0,0.0,3.7890013169251566,0.0,11.035864754379311,0.0,0.5333268250873733,0.5722149501093698,30-40
15_14,15,3,40,38.88943456315227,45.47495320434503,0.0,0.0,0.0,-1.78601021332543,0.0,0.0,0.0,0.3888943456315227,0.45474953204345026,30-40
15_14,15,3,45,55.23689793253264,43.98087718327733,0.0,0.0,0.0,-2.762969452015019,0.0,0.0,0.0,0.5523689793253265,0.4398087718327733,41-52
15_14,15,3,50,23.648414808732795,20.05994551968878,0.0,0.0,0.0,-4.149745426668842,0.0,0.0,0.0,0.23648414808732796,0.20059945519688782,41-52
15_14,15,3,55,12.64534078504207,25.044355858199438,0.0,0.0,0.0,3.2956025200153336,0.0,0.0,0.0,0.1264534078504207,0.2504435585819944,53+
15_14,15,3,60,17.688754395727898,10.195900809109185,0.0,0.0,0.0,-4.79331204561356,0.0,0.0,0.0,0.176887543957279,0.10195900809109185,53+
15_14,15,3,65,13.283822204315076,24.22260897964987,0.0,0.0,0.0,5.8010764225013025,0.0,0.0,1.0,0.13283822204315077,0.2422260897964987,53+
15_16,15,1,0,0.0,0.0,0.0,0.0,0.0,0.0,0.0,0.0,0.0,0.0,0.0,<30
15_16,15,1,5,0.0,0.32919321683557934,0.0,0.0,0.0,0.10973107227852644,0.0,0.0,0.0,0.0,0.0032919321683557933,<30
15_16,15,1,10,0.45915007937174424,0.33543192712155906,0.0,0.0,0.0,-0.04448871430433483,0.0,0.0,0.0,0.0045915007937174426,0.0033543192712155905,<30
15_16,15,1,15,1.05664044205994,6.422723817734067,0.0,0.0,0.0,1.9567131261058635,0.0,0.0,0.0,0.0105664044205994,0.06422723817734066,<30
15_16,15,1,20,17.380523618986167,26.340743808459017,0.0,1.0,1.0,3.7075215868091718,0.0,0.12535299451365844,0.0,0.17380523618986168,0.26340743808459016,<30
15_16,15,1,25,29.52567994008666,38.985864877330116,1.0,1.0,1.0,2.61198170140435,0.6615655923629795,3.0835803223344556,0.0,0.29525679940086663,0.3898586487733012,<30
15_16,15,1,30,57.81968815958736,52.193592096530985,1.0,1.0,1.0,1.135391066681433,17.678888026350265,26.30254354517774,1.0,0.5781968815958736,0.5219359209653098,30-40
15_18,15,3,0,0.0,5.181071682581523,0.0,0.0,0.0,2.066323969362083,0.0,0.0,0.0,0.0,0.05181071682581523,<30
15_18,15,3,5,8.53972981851263,6.903716712667887,0.0,1.0,0.0,-0.32236370043122625,0.0,0.15328665054668988,0.0,0.0853972981851263,0.06903716712667887,<30
15_18,15,3,10,2.8788556922597257,2.650466645681793,0.0,0.0,0.0,-0.671447519343882,0.0,0.0,0.0,0.028788556922597255,0.02650466645681793,<30
15_18,15,3,15,5.452447251549166,3.947210426820116,0.0,0.0,0.0,0.08274480131265682,0.0,0.0,0.0,0.05452447251549166,0.03947210426820116,<30
15_18,15,3,20,3.5706148835318463,3.391711409769119,0.0,0.0,0.0,0.007262702388634889,0.0,0.0,0.0,0.03570614883531846,0.03391711409769119,<30
15_18,15,3,25,1.3882260318526651,5.462776775943605,0.0,0.0,0.0,0.872484204024493,0.0,0.0,0.0,0.013882260318526652,0.05462776775943605,<30
15_18,15,3,30,20.179184095753264,33.4256723706549,0.0,0.0,0.0,6.32466900170009,0.0,0.0,0.0,0.20179184095753264,0.334256723706549,30-40
15_18,15,3,35,31.99429169902313,30.334172306273377,0.0,0.0,0.0,-1.595245421104993,0.0,0.0,0.0,0.3199429169902313,0.30334172306273377,30-40
15_18,15,3,40,83.32014169390055,92.57446060073585,1.0,1.0,1.0,20.391914751629702,3.873471455456425,25.76082752308011,1.0,0.8332014169390055,0.9257446060073584,30-40
15_2,15,2,0,0.0,12.344487992461293,0.0,0.0,1.0,4.830410552637602,0.0,0.0,0.0,0.0,0.12344487992461292,<30
15_2,15,2,5,39.084542357184446,36.04839794304417,1.0,1.0,1.0,3.273509117463565,29.220989032777524,20.517658017958492,0.0,0.3908454235718445,0.36048397943044175,<30
15_2,15,2,10,37.44099295523232,30.114869879904216,1.0,1.0,1.0,-1.8554342332028546,24.356684434045146,17.19795623092713,0.0,0.37440992955232316,0.30114869879904216,<30
15_2,15,2,15,28.721804374147705,23.309958978595436,1.0,1.0,1.0,-1.3449036770112275,12.09804037091926,15.310868582448354,0.0,0.2872180437414771,0.23309958978595435,<30
15_2,15,2,20,17.63531098445602,18.638836715306574,0.0,0.0,0.0,0.10789750893929366,0.0,0.0,0.0,0.1763531098445602,0.18638836715306575,<30
15_2,15,2,25,17.65662253339329,53.29229604594244,0.0,0.0,1.0,10.452138653565019,0.0,0.0,0.0,0.1765662253339329,0.5329229604594244,<30
15_2,15,2,30,68.23651233801854,43.84028506922332,1.0,1.0,1.0,-7.7424393013886075,28.09571220478145,23.10682350424213,0.0,0.6823651233801854,0.4384028506922332,30-40
15_2,15,2,35,29.59690607891679,20.398044070498848,0.0,0.0,0.0,-3.3614441520131164,0.0,0.0,0.0,0.2959690607891679,0.20398044070498847,30-40
15_2,15,2,40,7.378475604119325,14.578975945862714,0.0,0.0,0.0,-0.5848231290086424,0.0,0.0,1.0,0.07378475604119325,0.14578975945862716,30-40
15_20,15,1,0,0.0,16.088616318698076,0.0,0.0,1.0,7.13572646029891,0.0,0.0,0.0,0.0,0.16088616318698076,<30
15_20,15,1,5,34.33748191911893,24.97213006066839,1.0,1.0,1.0,-0.35052401276371387,24.473928594712007,18.87454278079574,0.0,0.3433748191911893,0.2497213006066839,<30
15_20,15,1,10,5.5463072310975665,2.547085111543094,0.0,0.0,0.0,-3.6246182756354144,0.0,0.0,0.0,0.055463072310975664,0.02547085111543094,<30
15_20,15,1,15,3.3109902039505807,5.594059325142356,0.0,0.0,0.0,1.2121244060143714,0.0,0.0,0.0,0.033109902039505805,0.05594059325142356,<30
15_20,15,1,20,18.281734120981604,27.308644127981342,0.0,1.0,1.0,4.905399734660066,0.0,2.0894411817506757,0.0,0.18281734120981605,0.2730864412798134,<30
15_20,15,1,25,24.67775378138664,45.665680911105184,0.0,0.0,1.0,4.448760069145314,0.0,0.0,0.0,0.2467775378138664,0.45665680911105183,<30
15_20,15,1,30,37.42107188710706,44.06273183873755,0.0,1.0,0.0,-0.6436575439635177,0.0,4.360357637310621,0.0,0.3742107188710706,0.44062731838737546,30-40
15_20,15,1,35,70.2550996653382,70.8914226613908,1.0,1.0,1.0,8.905978501868566,13.6827460557042,28.083047142211583,1.0,0.7025509966533819,0.708914226613908,30-40
15_22,15,2,0,0.0,24.291481663674308,0.0,0.0,1.0,10.456884594198929,0.0,0.0,0.0,0.0,0.24291481663674308,<30
15_22,15,2,5,37.51106716679602,29.122508767143245,1.0,1.0,1.0,-1.9652796946109352,27.647513842389095,19.449046898608604,0.0,0.3751106716679602,0.29122508767143246,<30
15_22,15,2,10,31.62277171677544,25.117967998536905,1.0,1.0,1.0,-0.7737475427167902,18.538463195588267,14.627598172091275,0.0,0.3162277171677544,0.25117967998536905,<30
15_22,15,2,15,17.051686795634588,28.84809137251517,1.0,1.0,1.0,3.453870087371733,0.42792279240614306,1.5002326884830417,0.0,0.17051686795634588,0.2884809137251517,<30
15_22,15,2,20,59.420768198821406,39.819190966255675,1.0,1.0,1.0,-1.2597616413020363,37.966367407257366,33.94542563477387,0.0,0.594207681988214,0.39819190966255674,<30
15_22,15,2,25,37.24698042511365,36.65637127014047,1.0,1.0,1.0,0.9384800482046132,8.382866077389966,8.594864000634374,0.0,0.37246980425113646,0.3665637127014047,<30
15_22,15,2,30,40.28177586738998,50.396730020264435,1.0,1.0,1.0,4.8733046077352995,0.14097573415288878,11.848346180025178,1.0,0.4028177586738998,0.5039673002026444,30-40
15_4,15,2,0,0.0,15.094540224005144,0.0,0.0,0.0,5.412328813239114,0.0,0.0,0.0,0.0,0.15094540224005143,<30
15_4,15,2,5,57.12207807507188,64.2642225314545,1.0,1.0,1.0,9.108155145106846,47.25852475066496,29.7358993128299,0.0,0.5712207807507188,0.642642225314545,<30
15_4,15,2,10,62.4331770643967,50.66973523175078,1.0,1.0,1.0,-5.323258804432217,49.348868543209534,28.49989138746902,0.0,0.624331770643967,0.5066973523175078,<30
15_4,15,2,15,31.863442458882297,24.97469048098181,1.0,1.0,1.0,-4.108927390896006,15.239678455653852,10.743345834368633,0.0,0.31863442458882296,0.2497469048098181,<30
15_4,15,2,20,17.67087596667903,21.33488963273378,0.0,0.0,0.0,0.13952843458993608,0.0,0.0,0.0,0.1767087596667903,0.2133488963273378,<30
15_4,15,2,25,18.75067219098236,38.144908403280866,0.0,1.0,1.0,5.297124890785308,0.0,0.38175093084260325,0.0,0.1875067219098236,0.38144908403280864,<30
15_4,15,2,30,54.720976904807756,57.413354103624826,1.0,1.0,1.0,2.252683583288928,14.580176771570663,19.082109233643976,0.0,0.5472097690480776,0.5741335410362483,30-40
15_4,15,2,35,94.94524330327845,96.80641195207565,1.0,1.0,1.0,15.178529379370282,38.37288969364445,45.095723837441824,1.0,0.9494524330327845,0.9680641195207564,30-40
15_6,15,3,0,0.0,3.8931847941649678,0.0,0.0,0.0,1.5674209448049,0.0,0.0,0.0,0.0,0.03893184794164968,<30
15_6,15,3,5,12.793767379803379,33.05750234754761,1.0,1.0,1.0,6.80334536699957,2.9302140553964584,3.783031587885022,0.0,0.12793767379803378,0.3305750234754761,<30
15_6,15,3,10,19.01058568176564,33.39247223563156,1.0,0.0,1.0,0.7838888039417149,5.9262771605784685,0.0,0.0,0.1901058568176564,0.3339247223563156,<30
15_6,15,3,15,57.644825474698315,63.76673029354292,1.0,1.0,1.0,5.026634700528373,41.02106147146987,34.919424370167015,0.0,0.5764482547469831,0.6376673029354292,<30
15_6,15,3,20,60.57559234292616,35.549427625422126,1.0,1.0,1.0,-9.117752901851556,39.12119155136212,31.248657119860493,0.0,0.6057559234292615,0.35549427625422125,<30
15_6,15,3,25,17.596904739655017,18.607253217289603,0.0,0.0,0.0,-0.5893524534630558,0.0,0.0,0.0,0.17596904739655017,0.18607253217289604,<30
15_6,15,3,30,62.66111963419468,32.26435210296809,1.0,1.0,1.0,-0.38967467777297704,22.520319500957584,23.539416582714566,1.0,0.6266111963419467,0.3226435210296809,30-40
15_8,15,3,0,0.0,19.62356729487262,0.0,0.0,1.0,8.354102249196014,0.0,0.0,0.0,0.0,0.19623567294872618,<30
15_8,15,3,5,30.3243417890589,32.96228095501925,1.0,1.0,1.0,1.1321986956441275,20.460788464651976,14.314808151109947,0.0,0.303243417890589,0.3296228095501925,<30
15_8,15,3,10,14.960488494618016,22.26518219219519,1.0,0.0,1.0,-1.101752068849112,1.876179973430844,0.0,0.0,0.14960488494618016,0.2226518219219519,<30
15_8,15,3,15,57.64359523071517,28.532648967592603,1.0,1.0,1.0,-2.718586740436314,41.019831227486726,35.2644027200219,0.0,0.5764359523071517,0.28532648967592605,<30
15_8,15,3,20,12.804593374500957,24.855675469861417,0.0,0.0,0.0,3.1440242393832145,0.0,0.0,0.0,0.12804593374500958,0.24855675469861416,<30
15_8,15,3,25,27.27276612102812,27.95145016034586,0.0,0.0,0.0,0.19041582897908976,0.0,0.0,0.0,0.2727276612102812,0.2795145016034586,<30
15_8,15,3,30,45.497840279190015,41.69041182448553,1.0,1.0,0.0,2.0629166024595356,5.357040145952922,15.03504551207958,0.0,0.45497840279190016,0.4169041182448553,30-40
15_8,15,3,35,58.295381434540545,59.71672618525391,1.0,1.0,0.0,3.887560440658187,1.723027824906552,17.228783840276805,0.0,0.5829538143454055,0.5971672618525391,30-40
15_8,15,3,40,49.672945370180756,37.766862153793504,0.0,0.0,0.0,-5.730552449508508,0.0,0.0,0.0,0.49672945370180754,0.377668621537935,30-40
15_8,15,3,45,24.810921858549705,28.330161553743103,0.0,0.0,0.0,-0.7114061633644362,0.0,0.0,0.0,0.24810921858549706,0.28330161553743105,41-52
15_8,15,3,50,36.51099334730439,42.730783736441666,0.0,0.0,0.0,2.6679943916849056,0.0,0.0,0.0,0.36510993347304393,0.42730783736441663,41-52
15_8,15,3,55,26.468932823700133,40.71336371680517,0.0,0.0,0.0,1.10037737063166,0.0,0.0,0.0,0.2646893282370013,0.4071336371680517,53+
15_8,15,3,60,30.24443318629608,19.513365933761467,0.0,0.0,0.0,-6.26979647148371,0.0,0.0,0.0,0.3024443318629608,0.19513365933761467,53+
15_8,15,3,65,33.33167544228828,33.455710874659985,0.0,0.0,0.0,6.819968092695076,0.0,0.0,1.0,0.3333167544228828,0.33455710874659983,53+
1_1,1,2,0,0.0,18.11379427671473,0.0,0.0,1.0,8.618977335582278,0.0,0.0,0.0,0.0,0.18113794276714731,<30
1_1,1,2,5,12.502104248592008,22.462496079586003,1.0,0.0,1.0,1.2123668135205152,2.638550924185088,0.0,0.0,0.12502104248592008,0.22462496079586003,<30
1_1,1,2,10,27.924327570117512,14.389770089871252,1.0,1.0,1.0,-4.139372483685033,14.84001904893034,12.249872652667847,0.0,0.27924327570117513,0.1438977008987125,<30
1_1,1,2,15,3.559672691410965,10.44618328397421,0.0,0.0,0.0,1.475336340093272,0.0,0.0,0.0,0.03559672691410965,0.10446183283974211,<30
1_1,1,2,20,67.67395096121449,74.82312850219316,1.0,1.0,1.0,11.67742625961164,46.21955016965045,38.1895583796654,0.0,0.6767395096121449,0.7482312850219316,<30
1_1,1,2,25,29.248532172536965,16.69736100157504,1.0,0.0,1.0,-12.302286216259642,0.38441782481328346,0.0,0.0,0.2924853217253697,0.1669736100157504,<30
1_1,1,2,30,28.085825744773274,35.86998561231016,0.0,0.0,0.0,7.958895550189671,0.0,0.0,1.0,0.28085825744773274,0.3586998561231016,30-40
1_11,1,2,0,0.0,0.013238137959524096,0.0,0.0,0.0,0.004412712653174698,0.0,0.0,0.0,0.0,0.00013238137959524097,<30
1_11,1,2,5,0.050237981424667705,0.42251026078265613,0.0,0.0,0.0,0.13135530620012842,0.0,0.0,0.0,0.0005023798142466771,0.004225102607826561,<30
1_11,1,2,10,4.477519938109523,8.267167218382255,0.0,0.0,0.0,1.853526407184523,0.0,0.0,0.0,0.04477519938109523,0.08267167218382256,<30
1_11,1,2,15,15.826158871037784,33.20607681887748,0.0,1.0,1.0,5.805006396378049,0.0,2.4166453415691453,0.0,0.15826158871037785,0.3320607681887748,<30
1_11,1,2,20,44.02682566864174,62.64753533179661,1.0,1.0,1.0,6.531343589945129,22.5724248770777,18.271172263492556,0.0,0.4402682566864174,0.6264753533179661,<30
1_11,1,2,25,62.52888409061017,41.061335866030625,1.0,1.0,1.0,-8.04801920636361,33.66476974288649,30.100127475274782,0.0,0.6252888409061017,0.41061335866030624,<30
1_11,1,2,30,35.342036284168486,40.95259074771663,0.0,0.0,0.0,2.6616316169674206,0.0,0.0,0.0,0.3534203628416849,0.4095259074771663,30-40
1_11,1,2,35,46.223482474940724,28.183703352850465,0.0,1.0,0.0,-5.218626131879063,0.0,7.592645383188639,0.0,0.46223482474940725,0.28183703352850464,30-40
1_11,1,2,40,12.524766032792236,28.400906149953595,0.0,0.0,0.0,3.3735221662446273,0.0,0.0,0.0,0.12524766032792237,0.284009061499536,30-40
1_11,1,2,45,30.471713958667003,50.27482482731031,0.0,0.0,0.0,5.029625719912035,0.0,0.0,0.0,0.30471713958667,0.5027482482731032,41-52
1_11,1,2,50,70.53366122605689,78.57185496904121,0.0,0.0,0.0,4.572489761035999,0.0,0.0,0.0,0.7053366122605689,0.7857185496904121,41-52
1_11,1,2,55,89.17104664772825,89.26136406315797,0.0,0.0,0.0,1.1607554109111486,0.0,0.0,0.0,0.8917104664772825,0.8926136406315797,53+
1_11,1,2,60,91.59329105613631,55.190761192963066,0.0,0.0,0.0,-10.99092370121451,0.0,0.0,0.0,0.9159329105613631,0.5519076119296307,53+
1_11,1,2,65,8.251233595019045,7.790711569413296,0.0,0.0,0.0,-11.984225396994285,0.0,0.0,1.0,0.08251233595019045,0.07790711569413296,53+
1_13,1,2,0,0.0,0.23212560206025704,0.0,0.0,0.0,0.07737520068675235,0.0,0.0,0.0,0.0,0.0023212560206025703,<30
1_13,1,2,5,5.933358248352357,26.508593593973092,0.0,0.0,1.0,7.046212948793952,0.0,0.0,0.0,0.059333582483523564,0.2650859359397309,<30
1_13,1,2,10,24.001993225746634,32.343286109124676,1.0,1.0,1.0,-0.09450156703036224,10.917684704559463,2.3021842340434695,0.0,0.24001993225746635,0.32343286109124675,<30
1_13,1,2,15,22.935926525023227,15.478046740106507,1.0,1.0,1.0,-4.896821634828334,6.312162521794782,5.190169342466341,0.0,0.22935926525023226,0.15478046740106507,<30
1_13,1,2,20,2.4986844505336414,0.9903950559369636,0.0,0.0,0.0,-2.0542367171428983,0.0,0.0,0.0,0.024986844505336413,0.009903950559369636,<30
1_13,1,2,25,0.08913805246522077,0.03533134663664716,0.0,0.0,0.0,-0.07524465190410078,0.0,0.0,0.0,0.0008913805246522077,0.0003533134663664716,<30
1_13,1,2,30,0.02385286059838003,0.3528532356501528,0.0,0.0,0.0,0.10206420989473271,0.0,0.0,0.0,0.0002385286059838003,0.003528532356501528,30-40
1_13,1,2,35,2.425110673114712,2.2464039865850287,0.0,0.0,0.0,0.32000982067501316,0.0,0.0,0.0,0.02425110673114712,0.022464039865850285,30-40
1_13,1,2,40,4.881845846806687,17.141468857760636,0.0,0.0,0.0,4.6247725740237895,0.0,0.0,1.0,0.04881845846806687,0.17141468857760636,30-40
1_15,1,3,0,0.0,0.001928415495804104,0.0,0.0,0.0,0.0007591713710993308,0.0,0.0,0.0,0.0,1.928415495804104e-05,<30
1_15,1,3,5,0.001230614547143793,5.195841814964491,0.0,0.0,0.0,1.7209501479396727,0.0,0.0,0.0,1.230614547143793e-05,0.051958418149644914,<30
1_15,1,3,10,12.81505033998537,14.905704484787965,0.0,1.0,1.0,1.3502600098525346,0.0,1.2908269584845495,0.0,0.1281505033998537,0.14905704484787966,<30
1_15,1,3,15,22.233431076211296,49.99692195333671,1.0,1.0,1.0,9.326041177283393,5.609667072982852,7.301305343288874,0.0,0.22233431076211296,0.4999692195333671,<30
1_15,1,3,20,78.08147401012907,47.618417640579985,1.0,1.0,1.0,-6.1722870658644595,56.62707321856503,42.976077420122685,0.0,0.7808147401012907,0.47618417640579985,<30
1_15,1,3,25,9.292445618972884,3.770495944841298,0.0,0.0,0.0,-5.907103754786032,0.0,0.0,0.0,0.09292445618972885,0.037704959448412984,<30
1_15,1,3,30,1.2342054145140056,0.5302659212902804,0.0,0.0,0.0,-0.27342791705425235,0.0,0.0,0.0,0.012342054145140056,0.005302659212902804,30-40
1_15,1,3,35,0.053679482233600084,0.09706063032477508,0.0,0.0,0.0,-0.06361907688353952,0.0,0.0,1.0,0.0005367948223360009,0.0009706063032477507,30-40
1_3,1,2,0,0.0,0.17901556019130094,0.0,0.0,0.0,0.07995159427197907,0.0,0.0,0.0,0.0,0.0017901556019130093,<30
1_3,1,2,5,0.10029432176614822,0.10822212756588472,0.0,0.0,0.0,-0.021258460228176852,0.0,0.0,0.0,0.0010029432176614822,0.001082221275658847,<30
1_3,1,2,10,0.23519691634455414,0.18389174152994153,0.0,0.0,0.0,0.010872046887702397,0.0,0.0,0.0,0.0023519691634455416,0.0018389174152994153,<30
1_3,1,2,15,1.0284494792950662,4.243709863188149,0.0,0.0,0.0,1.1023237576243192,0.0,0.0,0.0,0.010284494792950662,0.04243709863188149,<30
1_3,1,2,20,13.193429103813063,7.60390623343694,0.0,0.0,0.0,-0.2277106027641258,0.0,0.0,0.0,0.13193429103813062,0.0760390623343694,<30
1_3,1,2,25,4.200641039466303,9.777145388854313,0.0,0.0,0.0,1.748921558468426,0.0,0.0,0.0,0.04200641039466303,0.09777145388854314,<30
1_3,1,2,30,24.320827087128134,31.872817840988,0.0,0.0,0.0,4.783301390352249,0.0,0.0,0.0,0.24320827087128133,0.31872817840988,30-40
1_3,1,2,35,64.26123401328051,70.52061578760745,1.0,1.0,1.0,6.8361492613165025,7.688880403646522,17.397065594218155,0.0,0.6426123401328051,0.7052061578760745,30-40
1_3,1,2,40,53.556138639414954,33.019991239858555,0.0,0.0,0.0,-9.216371582434405,0.0,0.0,0.0,0.5355613863941495,0.33019991239858554,30-40
1_3,1,2,45,25.78773692463519,30.031206192719587,0.0,0.0,0.0,1.196294438778687,0.0,0.0,0.0,0.2578773692463519,0.3003120619271959,41-52
1_3,1,2,50,42.31980698061928,58.57142868430883,0.0,0.0,0.0,7.158926839819503,0.0,0.0,0.0,0.42319806980619284,0.5857142868430882,41-52
1_3,1,2,55,93.50129143687337,94.91868708576968,0.0,0.0,0.0,5.597116892848182,0.0,0.0,0.0,0.9350129143687337,0.9491868708576967,53+
1_3,1,2,60,90.34796006818826,90.34796006818826,0.0,0.0,0.0,-1.8644894690867393,0.0,0.0,1.0,0.9034796006818826,0.9034796006818826,53+
1_5,1,1,0,0.0,0.8776163602354311,0.0,0.0,0.0,0.29254951999127293,0.0,0.0,0.0,0.0,0.00877616360235431,<30
1_5,1,1,5,10.810820659772176,40.027132902667255,1.0,1.0,1.0,9.896160159900274,0.9472673353652556,1.9998566824368709,0.0,0.10810820659772176,0.40027132902667256,<30
1_5,1,1,10,19.830967170628462,11.043082189965629,1.0,0.0,1.0,-8.718074275040617,6.74665864944129,0.0,0.0,0.1983096717062846,0.11043082189965629,<30
1_5,1,1,15,6.406189155032548,20.569847207038098,0.0,0.0,0.0,4.345852077392714,0.0,0.0,0.0,0.06406189155032548,0.20569847207038097,<30
1_5,1,1,20,31.520237359159974,29.103033928164088,1.0,1.0,1.0,-0.288307234219947,10.065836567595934,9.746051287639897,0.0,0.31520237359159975,0.2910303392816409,<30
1_5,1,1,25,15.992547949097084,26.48458124824897,0.0,0.0,0.0,0.9820393905394,0.0,0.0,0.0,0.15992547949097083,0.2648458124824897,<30
1_5,1,1,30,65.10200606351323,58.62040672120672,1.0,1.0,1.0,3.88747780356273,24.961205930276137,32.013726053324326,0.0,0.6510200606351323,0.5862040672120672,30-40
1_5,1,1,35,33.19585899037453,28.67611761156242,0.0,0.0,0.0,-4.970240005343132,0.0,0.0,0.0,0.3319585899037453,0.28676117611562424,30-40
1_5,1,1,40,49.15494783509926,42.500008514608524,0.0,0.0,0.0,1.7106020950154643,0.0,0.0,0.0,0.49154947835099255,0.4250000851460852,30-40
1_5,1,1,45,20.31686826424048,18.2565487891684,0.0,0.0,0.0,-3.6570450999866404,0.0,0.0,0.0,0.20316868264240479,0.18256548789168398,41-52
1_5,1,1,50,22.003669102367347,22.003669102367347,0.0,0.0,0.0,0.610310931602406,0.0,0.0,1.0,0.22003669102367346,0.22003669102367346,41-52
1_7,1,3,0,0.0,0.0,0.0,0.0,0.0,0.0,0.0,0.0,0.0,0.0,0.0,<30
1_7,1,3,5,0.0,0.00010594027569114199,0.0,0.0,0.0,3.5313425230380664e-05,0.0,0.0,0.0,0.0,1.05940275691142e-06,<30
1_7,1,3,10,0.0005344581125946279,0.0002118413440344871,0.0,0.0,0.0,-1.8623514352655554e-05,0.0,0.0,0.0,5.344581125946279e-06,2.1184134403448707e-06,<30
1_7,1,3,15,1.9066255153085963e-05,7.5572266977593515e-06,0.0,0.0,0.0,-1.6094515108106894e-05,0.0,0.0,0.0,1.9066255153085964e-07,7.557226697759352e-08,<30
1_7,1,3,20,6.801694594882104e-07,2.737912136662204,0.0,0.0,0.0,0.9123833748511198,0.0,0.0,0.0,6.801694594882104e-09,0.027379121366622038,<30
1_7,1,3,25,20.204529463837794,35.67811561488038,0.0,0.0,1.0,7.481914142312085,0.0,0.0,0.0,0.20204529463837795,0.35678115614880385,<30
1_7,1,3,30,34.0742914478119,20.429496490037838,0.0,0.0,0.0,-5.569196356648473,0.0,0.0,0.0,0.340742914478119,0.20429496490037838,30-40
1_7,1,3,35,7.391150615387671,3.095510671292712,0.0,0.0,0.0,-2.5395110507683922,0.0,0.0,0.0,0.0739115061538767,0.03095510671292712,30-40
1_7,1,3,40,2.229811322834571,4.858604155706229,0.0,0.0,0.0,0.7331674801033772,0.0,0.0,0.0,0.02229811322834571,0.04858604155706229,30-40
1_7,1,3,45,2.555086236856305,3.1180479931055727,0.0,0.0,0.0,-0.2866810376439657,0.0,0.0,0.0,0.02555086236856305,0.031180479931055726,41-52
1_7,1,3,50,1.7280473478017617,17.13271347400861,0.0,0.0,0.0,4.8036352647448,0.0,0.0,0.0,0.017280473478017616,0.1713271347400861,41-52
1_7,1,3,55,70.68779482176822,46.68280531212565,0.0,0.0,0.0,0.8701386043744346,0.0,0.0,0.0,0.7068779482176822,0.4668280531212565,53+
1_7,1,3,60,15.35463208139177,9.274121856113211,0.0,0.0,0.0,-5.1444408206522585,0.0,0.0,0.0,0.1535463208139177,0.09274121856113211,53+
1_7,1,3,65,4.930116746384375,4.4600245869451935,0.0,0.0,0.0,-0.5009309449692543,0.0,0.0,1.0,0.04930116746384375,0.04460024586945194,53+
1_9,1,1,0,0.0,1.6953660370528472,0.0,0.0,0.0,0.786560986322798,0.0,0.0,0.0,0.0,0.01695366037052847,<30
1_9,1,1,5,0.611598989702313,3.836115357746624,0.0,0.0,0.0,0.7591721362037435,0.0,0.0,0.0,0.00611598989702313,0.03836115357746624,<30
1_9,1,1,10,17.74877334786088,8.345066788832472,1.0,1.0,0.0,-0.38354081001933016,4.664464826673708,5.726688772097086,0.0,0.1774877334786088,0.08345066788832473,<30
1_9,1,1,15,1.1329143563721549,0.5777263865339324,0.0,0.0,0.0,-0.7532911383933135,0.0,0.0,0.0,0.011329143563721548,0.005777263865339324,<30
1_9,1,1,20,2.047180302719874,2.015575815529784,0.0,0.0,0.0,0.3693241854523043,0.0,0.0,0.0,0.02047180302719874,0.02015575815529784,<30
1_9,1,1,25,5.107771147847394,3.819052698507273,0.0,0.0,0.0,0.25698877392322683,0.0,0.0,0.0,0.051077711478473946,0.03819052698507273,<30
1_9,1,1,30,3.5461483313257895,1.5276251174320765,0.0,0.0,0.0,-0.5744360917187709,0.0,0.0,1.0,0.035461483313257894,0.015276251174320766,30-40
2_1,2,3,0,0.0,1.2436159049834692,0.0,0.0,0.0,0.46693671273198306,0.0,0.0,0.0,0.0,0.012436159049834692,<30
2_1,2,3,5,3.4103448211475733,2.3062098130153035,0.0,0.0,0.0,0.00017341262159372705,0.0,0.0,0.0,0.034103448211475734,0.023062098130153034,<30
2_1,2,3,10,0.960194595379064,4.898987538148722,0.0,0.0,0.0,1.0840627483977507,0.0,0.0,0.0,0.00960194595379064,0.04898987538148722,<30
2_1,2,3,15,3.6272315183044057,5.428449760296397,0.0,0.0,0.0,-0.2197540286408312,0.0,0.0,0.0,0.03627231518304406,0.05428449760296397,<30
2_1,2,3,20,5.792841692832498,21.984466773447792,0.0,0.0,0.0,5.072883373752113,0.0,0.0,0.0,0.05792841692832498,0.21984466773447792,<30
2_1,2,3,25,66.7827929984494,85.24501412055079,1.0,1.0,1.0,12.29713221061271,37.91867865072571,31.721179083071064,0.0,0.6678279299844939,0.8524501412055079,<30
2_1,2,3,30,95.84878497838854,95.81771372588085,1.0,1.0,1.0,0.49040273760718855,55.707984845151444,40.34046175195533,0.0,0.9584878497838853,0.9581771372588085,30-40
2_1,2,3,35,88.48459626525894,74.85727852092573,1.0,1.0,1.0,-5.646389225630464,31.91224265562495,50.925544109619985,0.0,0.8848459626525894,0.7485727852092573,30-40
2_1,2,3,40,84.29189249703944,84.29189249703944,1.0,1.0,0.0,3.5797949275980776,4.845222258595314,31.950946630860216,1.0,0.8429189249703944,0.8429189249703944,30-40
2_11,2,3,0,0.0,0.16289427992364786,0.0,0.0,0.0,0.05562401046410677,0.0,0.0,0.0,0.0,0.0016289427992364786,<30
2_11,2,3,5,0.589461149103709,16.607316816730023,0.0,0.0,1.0,5.271426132167233,0.0,0.0,0.0,0.00589461149103709,0.16607316816730022,<30
2_11,2,3,10,54.24951109671785,53.43453637065286,1.0,1.0,1.0,5.215096040914734,41.165202575530685,29.38396342369254,0.0,0.5424951109671785,0.5343453637065285,<30
2_11,2,3,15,54.96981344284673,47.072050646225456,1.0,1.0,1.0,-1.6758209933083061,38.346049439618284,25.591751083404176,0.0,0.5496981344284673,0.47072050646225455,<30
2_11,2,3,20,81.32770335564729,81.32770335564729,1.0,1.0,1.0,12.99825786364426,59.87330256408325,60.31219117646634,1.0,0.8132770335564729,0.8132770335564729,<30
2_13,2,1,0,0.0,1.5161929734320199,0.0,0.0,0.0,0.5320069722731041,0.0,0.0,0.0,0.0,0.0151619297343202,<30
2_13,2,1,5,7.908145246712789,9.316839522103722,0.0,1.0,0.0,1.2607892032194516,0.0,0.22092553073861243,0.0,0.07908145246712789,0.09316839522103722,<30
2_13,2,1,10,4.320584263881917,2.437098608473132,0.0,0.0,0.0,-1.4086714356041483,0.0,0.0,0.0,0.04320584263881917,0.02437098608473132,<30
2_13,2,1,15,1.4587186943723118,3.9569409406968616,0.0,0.0,0.0,0.7208953529557867,0.0,0.0,0.0,0.014587186943723119,0.03956940940696862,<30
2_13,2,1,20,9.028993863533836,33.60396675665075,0.0,0.0,1.0,7.715762292666575,0.0,0.0,0.0,0.09028993863533837,0.3360396675665075,<30
2_13,2,1,25,29.908019317457537,60.33729775834333,1.0,0.0,1.0,6.221160685406768,1.0439049697338554,0.0,0.0,0.29908019317457535,0.6033729775834333,<30
2_13,2,1,30,62.13146983911842,72.72307938358496,1.0,1.0,1.0,0.9360373865029127,21.990669705881324,20.672838276649777,0.0,0.6213146983911841,0.7272307938358495,30-40
2_13,2,1,35,76.24939867612264,83.3141480323583,1.0,1.0,1.0,1.6600784211852022,19.677045066488645,31.85497994763316,0.0,0.7624939867612264,0.833141480323583,30-40
2_13,2,1,40,89.32625418538464,90.8964906292342,1.0,1.0,1.0,0.602335398780619,9.879583946940514,39.649959000234716,0.0,0.8932625418538465,0.908964906292342,30-40
2_13,2,1,45,91.22455178832226,92.66416623192103,0.0,1.0,0.0,0.12922029890349762,0.0,30.386193584564694,1.0,0.9122455178832226,0.9266416623192103,41-52
2_15,2,1,0,0.0,0.13337261424977956,0.0,0.0,0.0,0.05789595057479256,0.0,0.0,0.0,0.0,0.0013337261424977956,<30
2_15,2,1,5,0.5391764126143879,4.641579514607063,0.0,0.0,0.0,1.3217264459103226,0.0,0.0,0.0,0.005391764126143879,0.04641579514607063,<30
2_15,2,1,10,2.660629137860856,2.766265106908542,0.0,0.0,0.0,-0.7180032926480588,0.0,0.0,0.0,0.026606291378608562,0.02766265106908542,<30
2_15,2,1,15,2.572456533885176,15.926087640981777,0.0,0.0,0.0,4.296149207306042,0.0,0.0,0.0,0.02572456533885176,0.15926087640981776,<30
2_15,2,1,20,76.32161424409821,69.27908997059157,1.0,1.0,1.0,7.701763865958105,54.86721345253417,42.45925780320913,0.0,0.7632161424409821,0.6927908997059157,<30
2_15,2,1,25,44.973884700695976,48.215047211179275,1.0,1.0,1.0,-2.527400167356872,16.109770352972294,1.641506949129294,0.0,0.44973884700695976,0.48215047211179274,<30
2_15,2,1,30,69.81180273075024,76.25325165012782,1.0,1.0,1.0,5.7888656868794515,29.67100259751315,36.13448114616338,0.0,0.6981180273075025,0.7625325165012782,30-40
2_15,2,1,35,82.30778930908531,79.82048663338738,1.0,1.0,1.0,-0.04918838712162974,25.735435699451315,38.26486434604044,0.0,0.8230778930908531,0.7982048663338738,30-40
2_15,2,1,40,89.16376710016833,95.48861299168877,1.0,1.0,1.0,3.7042656412841155,9.717096861724201,43.70947134424982,0.0,0.8916376710016833,0.9548861299168877,30-40
2_15,2,1,45,96.5410372711903,96.33959508139407,0.0,1.0,0.0,-0.544491506570213,0.0,32.81123878228078,1.0,0.965410372711903,0.9633959508139407,41-52
2_17,2,3,0,0.0,0.8628966507759976,0.0,0.0,0.0,0.34472033736149416,0.0,0.0,0.0,0.0,0.008628966507759976,<30
2_17,2,3,5,2.7078582964584905,3.732420047954348,0.0,0.0,0.0,0.5630558832191925,0.0,0.0,0.0,0.027078582964584905,0.037324200479543476,<30
2_17,2,3,10,2.731529873668841,1.4435148332385908,0.0,0.0,0.0,-0.6490851101071689,0.0,0.0,0.0,0.02731529873668841,0.014435148332385907,<30
2_17,2,3,15,0.2782227153069681,3.1899799523575925,0.0,0.0,0.0,0.817465955210886,0.0,0.0,0.0,0.0027822271530696815,0.031899799523575925,<30
2_17,2,3,20,8.824024091000155,6.431936450182687,0.0,0.0,0.0,-0.043799096088712505,0.0,0.0,0.0,0.08824024091000154,0.06431936450182688,<30
2_17,2,3,25,1.9021484944034763,10.582544524669991,0.0,0.0,0.0,2.2717681781071137,0.0,0.0,0.0,0.019021484944034762,0.10582544524669991,<30
2_17,2,3,30,10.373163152586748,20.092793901210168,0.0,0.0,0.0,2.312117609109614,0.0,0.0,0.0,0.10373163152586748,0.20092793901210168,30-40
2_17,2,3,35,61.293209178354495,82.01228786676843,1.0,1.0,1.0,12.991629502121805,4.720855568720502,14.235111531758086,0.0,0.6129320917835449,0.8201228786676843,30-40
2_17,2,3,40,94.40205789443888,70.83995110259168,1.0,1.0,1.0,-7.258076498365895,14.955387655994755,19.248932437509836,0.0,0.9440205789443888,0.7083995110259168,30-40
2_17,2,3,45,47.28130005815542,82.6975751431097,0.0,0.0,0.0,7.782707638106437,0.0,0.0,0.0,0.47281300058155423,0.826975751431097,41-52
2_17,2,3,50,98.01786652774544,98.97445680211085,0.0,1.0,0.0,0.8179457209962843,0.0,1.9784724644442804,1.0,0.9801786652774545,0.9897445680211086,41-52
2_19,2,1,0,0.0,3.6238818602587513,0.0,0.0,0.0,1.4264886200730398,0.0,0.0,0.0,0.0,0.036238818602587514,<30
2_19,2,1,5,15.591341968267475,15.871988111982102,1.0,1.0,1.0,1.5091521341678455,5.7277886438605545,5.60648632474803,0.0,0.15591341968267475,0.15871988111982102,<30
2_19,2,1,10,3.6719949141358796,10.804471685858099,0.0,0.0,0.0,0.355620398758101,0.0,0.0,0.0,0.036719949141358794,0.10804471685858098,<30
2_19,2,1,15,10.091739660879277,7.5089920396541485,0.0,0.0,0.0,-1.6227601924452795,0.0,0.0,0.0,0.10091739660879277,0.07508992039654148,<30
2_19,2,1,20,6.82084979368776,3.358690126718853,0.0,0.0,0.0,-1.0138656753234012,0.0,0.0,0.0,0.0682084979368776,0.03358690126718853,<30
2_19,2,1,25,0.4244755915142321,11.592395146717905,0.0,0.0,0.0,3.4806800997019023,0.0,0.0,0.0,0.004244755915142321,0.11592395146717906,<30
2_19,2,1,30,23.361785114330452,32.58605195577943,0.0,0.0,0.0,3.1312573250658557,0.0,0.0,0.0,0.23361785114330452,0.3258605195577943,30-40
2_19,2,1,35,19.361244946271313,17.131602534788577,0.0,0.0,0.0,-7.062134087304527,0.0,0.0,1.0,0.19361244946271314,0.17131602534788576,30-40
2_21,2,3,0,0.0,0.07488129813749098,0.0,0.0,0.0,0.02496043271249699,0.0,0.0,0.0,0.0,0.0007488129813749098,<30
2_21,2,3,5,0.3062273219622331,0.9142157301066867,0.0,0.0,0.0,0.2367413599055351,0.0,0.0,0.0,0.003062273219622331,0.009142157301066867,<30
2_21,2,3,10,0.6832607826914386,3.1752498290878974,0.0,0.0,0.0,0.721210225245467,0.0,0.0,0.0,0.006832607826914386,0.03175249829087898,<30
2_21,2,3,15,6.3951897053959375,4.222208943995329,0.0,0.0,0.0,-0.33572670561032014,0.0,0.0,0.0,0.06395189705395937,0.04222208943995329,<30
2_21,2,3,20,3.9166770627632097,4.065827248263124,0.0,0.0,0.0,0.019237663957257213,0.0,0.0,0.0,0.039166770627632096,0.04065827248263124,<30
2_21,2,3,25,2.0237486783132224,4.193216514014148,0.0,0.0,0.0,0.42831757456267694,0.0,0.0,0.0,0.020237486783132225,0.04193216514014148,<30
2_21,2,3,30,3.6373333202241205,11.799069850143521,0.0,0.0,0.0,2.062484925727433,0.0,0.0,0.0,0.036373333202241204,0.11799069850143522,30-40
2_21,2,3,35,50.83406468454153,81.00474492220891,0.0,1.0,1.0,15.27175813123127,0.0,8.528750172537002,0.0,0.5083406468454154,0.8100474492220892,30-40
2_21,2,3,40,96.84552622331455,97.80549774611234,1.0,1.0,1.0,1.237843964964753,17.398855984870423,18.80291596690813,1.0,0.9684552622331455,0.9780549774611234,30-40
2_23,2,3,0,0.0,0.5241868133302394,0.0,0.0,0.0,0.1889086529078061,0.0,0.0,0.0,0.0,0.0052418681333023945,<30
2_23,2,3,5,2.426529815259061,2.6723671365891644,0.0,0.0,0.0,0.37209974479830177,0.0,0.0,0.0,0.02426529815259061,0.026723671365891644,<30
2_23,2,3,10,2.1665539125515534,3.916806466619552,0.0,0.0,0.0,0.44179569016973785,0.0,0.0,0.0,0.021665539125515533,0.03916806466619552,<30
2_23,2,3,15,4.6671454433287085,9.57605566201212,0.0,0.0,0.0,1.3280170697878497,0.0,0.0,0.0,0.04667145443328709,0.0957605566201212,<30
2_23,2,3,20,25.170143991713353,20.70164308819424,1.0,1.0,0.0,0.862256841490302,3.715743200149312,8.213596330122819,0.0,0.2517014399171335,0.20701643088194238,<30
2_23,2,3,25,5.67548226089697,2.8996470620767836,0.0,0.0,0.0,-2.7796887607069403,0.0,0.0,0.0,0.056754822608969704,0.028996470620767836,<30
2_23,2,3,30,4.444834011908895,14.410712522025495,0.0,0.0,0.0,3.7037017922215467,0.0,0.0,0.0,0.04444834011908896,0.14410712522025496,30-40
2_23,2,3,35,40.56873155107388,64.90887326143609,0.0,0.0,0.0,14.815054197425042,0.0,0.0,1.0,0.40568731551073883,0.6490887326143608,30-40
2_3,2,1,0,0.0,1.400610958638879,0.0,0.0,0.0,0.5994198496167757,0.0,0.0,0.0,0.0,0.014006109586388791,<30
2_3,2,1,5,7.377949641749262,13.94377293712339,0.0,1.0,1.0,2.930284363764693,0.0,0.16517719468414516,0.0,0.07377949641749262,0.1394377293712339,<30
2_3,2,1,10,19.20647897678332,13.129839258662875,1.0,1.0,1.0,-1.369246241206623,6.122170455596148,5.4997849328316875,0.0,0.1920647897678332,0.13129839258662876,<30
2_3,2,1,15,4.53255066727529,3.0377072550361612,0.0,0.0,0.0,-1.4555968171710503,0.0,0.0,0.0,0.0453255066727529,0.030377072550361612,<30
2_3,2,1,20,8.04781864482768,14.92070307897382,0.0,0.0,0.0,3.0390382264294376,0.0,0.0,0.0,0.08047818644827681,0.1492070307897382,<30
2_3,2,1,25,33.15623170290952,68.80871294445747,1.0,1.0,1.0,13.349974487873007,4.292117355185841,9.140190612664185,0.0,0.3315623170290952,0.6880871294445747,<30
2_3,2,1,30,93.27379256292193,94.94377889017441,1.0,1.0,1.0,3.504108756064181,53.13299242968483,39.83641837096194,1.0,0.9327379256292193,0.9494377889017441,30-40
2_5,2,2,0,0.0,0.7202678022273746,0.0,0.0,0.0,0.28873894561331653,0.0,0.0,0.0,0.0,0.007202678022273746,<30
2_5,2,2,5,2.4666350108244472,1.9627495961050734,0.0,0.0,0.0,0.17772594975637587,0.0,0.0,0.0,0.024666350108244472,0.019627495961050734,<30
2_5,2,2,10,1.2854498091181004,0.7389821929475092,0.0,0.0,0.0,-0.28713194933654085,0.0,0.0,0.0,0.012854498091181004,0.007389821929475092,<30
2_5,2,2,15,2.225624160113437,6.693528591385295,0.0,0.0,0.0,1.5682564291466174,0.0,0.0,0.0,0.02225624160113437,0.06693528591385295,<30
2_5,2,2,20,4.5198902001292804,26.90467084288041,0.0,0.0,0.0,6.7218928132176075,0.0,0.0,0.0,0.045198902001292805,0.2690467084288041,<30
2_5,2,2,25,76.4461952795703,86.75757035895609,1.0,1.0,1.0,9.388816643110518,47.58208093184662,37.55174840891304,0.0,0.7644619527957031,0.8675757035895608,<30
2_5,2,2,30,56.47773320252319,46.245001077957305,1.0,1.0,1.0,-14.223091860021276,16.336933069286097,3.7810380573767404,1.0,0.564777332025232,0.46245001077957304,30-40
2_7,2,1,0,0.0,0.35283964593638506,0.0,0.0,0.0,0.11900540749353299,0.0,0.0,0.0,0.0,0.0035283964593638504,<30
2_7,2,1,5,0.6888414745568698,0.922578511000174,0.0,0.0,0.0,0.11707670389161651,0.0,0.0,0.0,0.006888414745568699,0.009225785110001739,<30
2_7,2,1,10,1.4761040625934252,4.784859032663046,0.0,0.0,0.0,1.1084875162193732,0.0,0.0,0.0,0.014761040625934252,0.047848590326630455,<30
2_7,2,1,15,13.329310286964656,24.144630454007373,0.0,1.0,1.0,4.385530698377023,0.0,0.7860121737885244,0.0,0.13329310286964657,0.24144630454007374,<30
2_7,2,1,20,39.028524187764056,43.64685332870708,1.0,1.0,1.0,3.3432389136849627,17.574123396200015,15.719278253411304,0.0,0.3902852418776406,0.4364685332870708,<30
2_7,2,1,25,25.67366966618789,45.50440955938036,0.0,1.0,1.0,2.1152622137907273,0.0,0.02902890696827143,0.0,0.2567366966618789,0.45504409559380365,<30
2_7,2,1,30,92.66858716278665,96.49025476012633,1.0,1.0,1.0,8.327915613388143,52.52778702954956,53.52470083540061,0.0,0.9266858716278665,0.9649025476012634,30-40
2_7,2,1,35,97.78525418202051,94.89696208503399,1.0,1.0,1.0,-0.9101247665964335,41.212900572386516,40.794603477053286,1.0,0.9778525418202051,0.9489696208503399,30-40
2_8,2,2,0,0.0,0.21551780477034027,0.0,0.0,0.0,0.08068325783261053,0.0,0.0,0.0,0.0,0.0021551780477034026,<30
2_8,2,2,5,0.6854553348151372,18.828456899605385,0.0,0.0,0.0,6.010867785312213,0.0,0.0,1.0,0.006854553348151372,0.18828456899605384,<30
2_9,2,2,0,0.0,1.3639562570604447,0.0,0.0,0.0,0.5245867102548809,0.0,0.0,0.0,0.0,0.013639562570604447,<30
2_9,2,2,5,14.526013143434293,50.95589083865737,1.0,1.0,1.0,13.512787070793957,4.662459819027372,4.631749725134592,0.0,0.14526013143434294,0.5095589083865737,<30
2_9,2,2,10,69.2635093873555,53.09777090363123,1.0,1.0,1.0,-4.684462600553686,56.17920086616833,31.25333696012538,0.0,0.6926350938735549,0.5309777090363123,<30
2_9,2,2,15,33.1039362952213,16.905767903670412,1.0,1.0,1.0,-7.308941865838671,16.480172291992858,5.971382340935065,0.0,0.33103936295221303,0.16905767903670413,<30
2_9,2,2,20,23.455765711633603,46.72077087926959,1.0,0.0,1.0,9.103673051738117,2.0013649200695625,0.0,0.0,0.23455765711633603,0.46720770879269585,<30
2_9,2,2,25,25.989429119925315,30.273219956095186,0.0,0.0,0.0,-3.869642583128903,0.0,0.0,0.0,0.25989429119925317,0.3027321995609519,<30
2_9,2,2,30,41.37583202039241,63.33177235973709,1.0,1.0,1.0,7.770018318006711,1.2350318871553156,7.153132169580864,0.0,0.4137583202039241,0.6333177235973708,30-40
2_9,2,2,35,96.16208202308422,97.52015237730191,1.0,1.0,1.0,9.964248787185682,39.58972841345023,42.638367416400534,1.0,0.9616208202308423,0.9752015237730192,30-40
3_10,3,1,0,0.0,0.07323959403836039,0.0,0.0,0.0,0.024605171584893098,0.0,0.0,0.0,0.0,0.0007323959403836039,<30
3_10,3,1,5,0.9873310607756427,4.493562220008546,0.0,0.0,0.0,1.3108415567638947,0.0,0.0,0.0,0.009873310607756427,0.044935622200085464,<30
3_10,3,1,10,34.4567355985392,65.62775695254953,1.0,1.0,1.0,14.212993315709948,21.372427077352025,18.170480798139877,0.0,0.34456735598539195,0.6562775695254953,<30
3_10,3,1,15,85.7447310612165,84.57801640187438,1.0,1.0,1.0,1.312721851522585,69.12096705798805,42.84684211519185,0.0,0.857447310612165,0.8457801640187438,<30
3_10,3,1,20,81.89297222881612,80.46243961406869,1.0,1.0,1.0,-0.7122754208153093,60.43857143725208,56.23995014345154,0.0,0.8189297222881612,0.8046243961406868,<30
3_10,3,1,25,93.87840313326231,94.77555482566478,1.0,1.0,1.0,2.747590560206955,65.01428878553862,74.56714537876825,0.0,0.9387840313326231,0.9477555482566479,<30
3_10,3,1,30,81.95673178103229,81.95673178103229,1.0,1.0,1.0,-4.9194530502863545,41.815931647795196,53.88156027866323,1.0,0.8195673178103229,0.8195673178103229,30-40
3_12,3,2,0,0.0,0.017711133421346083,0.0,0.0,0.0,0.005905065839891373,0.0,0.0,0.0,0.0,0.00017711133421346084,<30
3_12,3,2,5,1.0589315766846785,6.991386674938705,0.0,0.0,0.0,1.8038532672696583,0.0,0.0,0.0,0.010589315766846786,0.06991386674938706,<30
3_12,3,2,10,21.162092301755937,49.75682793675422,1.0,1.0,1.0,10.534780095741926,8.077783780568765,8.345656291255821,0.0,0.21162092301755936,0.4975682793675422,<30
3_12,3,2,15,79.72331836282981,82.43177900582837,1.0,1.0,1.0,4.369564164855845,63.09955435960137,44.018617532984386,0.0,0.7972331836282982,0.8243177900582838,<30
3_12,3,2,20,87.59886579013587,79.40124021600788,1.0,1.0,1.0,-1.9707494225471351,66.14446499857183,56.77915776928659,0.0,0.8759886579013587,0.7940124021600787,<30
3_12,3,2,25,48.554508885006236,40.43251848582372,1.0,1.0,1.0,-6.991125778611836,19.690394537282554,22.767974182605926,0.0,0.48554508885006237,0.4043251848582372,<30
3_12,3,2,30,40.85062166756723,25.378089009126988,1.0,0.0,1.0,-4.068152923590576,0.7098215343301391,0.0,0.0,0.40850621667567233,0.25378089009126986,30-40
3_12,3,2,35,62.73281981811921,79.24691447843813,1.0,1.0,1.0,12.969136867176994,6.160466208485218,20.720943738208064,0.0,0.6273281981811921,0.7924691447843812,30-40
3_12,3,2,40,94.94553758087966,97.75152470014685,1.0,1.0,1.0,4.8284915976567335,15.498867342435531,25.08709029216979,1.0,0.9494553758087966,0.9775152470014684,30-40
3_15,3,3,0,0.0,0.0,0.0,0.0,0.0,0.0,0.0,0.0,0.0,0.0,0.0,<30
3_15,3,3,5,0.006800266380917329,0.4439502613876338,0.0,0.0,0.0,0.143121669792261,0.0,0.0,0.0,6.80026638091733e-05,0.004439502613876338,<30
3_15,3,3,10,13.921958078470986,33.798059634117266,1.0,1.0,1.0,8.579051827055752,0.8376495572838145,3.5565922714353118,0.0,0.13921958078470986,0.33798059634117267,<30
3_15,3,3,15,55.44028134908748,70.21145381325854,1.0,1.0,1.0,6.439718582520517,38.81651734585903,25.68203555809516,0.0,0.5544028134908747,0.7021145381325854,<30
3_15,3,3,20,57.04249626966191,33.58589487753196,1.0,1.0,1.0,-10.273912042225017,35.58809547809787,25.570215204895838,0.0,0.5704249626966191,0.33585894877531963,<30
3_15,3,3,25,48.56922048238914,50.79068627966454,1.0,1.0,1.0,5.679834121483042,19.70510613466546,13.44060464759685,0.0,0.4856922048238914,0.5079068627966454,<30
3_15,3,3,30,29.84464351830787,22.770786037937263,0.0,0.0,0.0,-6.339023673079615,0.0,0.0,0.0,0.2984464351830787,0.22770786037937263,30-40
3_15,3,3,35,18.2125321305302,36.62228416388134,0.0,0.0,0.0,4.980602889239764,0.0,0.0,0.0,0.18212532130530198,0.3662228416388134,30-40
3_15,3,3,40,72.86938625543768,87.7918007786835,0.0,1.0,0.0,9.374084073881008,0.0,15.826515153961246,0.0,0.7286938625543767,0.8779180077868349,30-40
3_15,3,3,45,94.598165614807,87.60772848329707,0.0,1.0,0.0,-1.4695449715900528,0.0,11.280798332377131,0.0,0.9459816561480701,0.8760772848329706,41-52
3_15,3,3,50,91.57151279919148,94.95900943698481,0.0,1.0,0.0,2.3175110175516034,0.0,11.159167631691474,0.0,0.9157151279919148,0.9495900943698481,41-52
3_15,3,3,55,97.18258519325317,95.50026799929253,0.0,0.0,0.0,-0.42760938610923055,0.0,0.0,0.0,0.9718258519325318,0.9550026799929253,53+
3_15,3,3,60,93.50677450578857,89.04311682968235,0.0,0.0,0.0,-1.9920179043059345,0.0,0.0,1.0,0.9350677450578857,0.8904311682968234,53+
3_17,3,1,0,0.0,2.877146650518901,0.0,0.0,0.0,1.033055642022194,0.0,0.0,0.0,0.0,0.02877146650518901,<30
3_17,3,1,5,10.126455582397107,17.13334157637822,1.0,1.0,1.0,3.297666035106708,0.2629022579901861,1.358280019200972,0.0,0.10126455582397106,0.17133341576378222,<30
3_17,3,1,10,34.39541223278644,59.502674395853205,1.0,1.0,1.0,10.10858310937764,21.31110371159927,17.237639331522207,0.0,0.34395412232786443,0.5950267439585321,<30
3_17,3,1,15,58.8864634251498,47.96922427893046,1.0,1.0,1.0,-5.953069092350519,42.262699421921354,26.80433821151677,0.0,0.588864634251498,0.4796922427893046,<30
3_17,3,1,20,25.541712889160422,13.529340171924247,1.0,0.0,1.0,-6.645082301614676,4.0873120975963815,0.0,0.0,0.25541712889160423,0.13529340171924248,<30
3_17,3,1,25,9.482632459397419,5.9662957215693115,0.0,0.0,0.0,-0.8544474088024214,0.0,0.0,0.0,0.09482632459397418,0.05966295721569312,<30
3_17,3,1,30,3.960424316544864,15.595730742764442,0.0,0.0,0.0,3.7687237049829605,0.0,0.0,1.0,0.03960424316544864,0.1559573074276444,30-40
3_19,3,3,0,0.0,0.0,0.0,0.0,0.0,0.0,0.0,0.0,0.0,0.0,0.0,<30
3_19,3,3,5,0.0,0.2565210516448845,0.0,0.0,0.0,0.0854975307381497,0.0,0.0,0.0,0.0,0.0025652105164488447,<30
3_19,3,3,10,3.962166862965788,40.84000166435491,0.0,0.0,1.0,12.154034513209893,0.0,0.0,0.0,0.03962166862965788,0.4084000166435491,<30
3_19,3,3,15,80.07465441370364,53.853570898909695,1.0,1.0,1.0,-4.570712139380467,63.450890410475196,39.87930151103154,0.0,0.8007465441370364,0.538535708989097,<30
3_19,3,3,20,24.65655389082244,22.050425473509712,1.0,0.0,1.0,-3.5860113431029967,3.2021530992583997,0.0,0.0,0.2465655389082244,0.22050425473509713,<30
3_19,3,3,25,21.564009802071787,12.913971888828485,0.0,0.0,0.0,-2.3278917764502456,0.0,0.0,0.0,0.21564009802071787,0.12913971888828485,<30
3_19,3,3,30,15.68477198883383,26.23920039814717,0.0,0.0,0.0,4.045522456791099,0.0,0.0,0.0,0.15684771988833832,0.26239200398147167,30-40
3_19,3,3,35,18.15313659506086,26.08452693993911,0.0,0.0,0.0,0.1277058751835439,0.0,0.0,0.0,0.18153136595060862,0.2608452693993911,30-40
3_19,3,3,40,30.77549792409239,53.758905358295394,0.0,0.0,0.0,7.092291285852836,0.0,0.0,0.0,0.30775497924092393,0.537589053582954,30-40
3_19,3,3,45,74.6096319496242,89.25269367051348,0.0,0.0,0.0,6.138781633203488,0.0,0.0,0.0,0.746096319496242,0.8925269367051348,41-52
3_19,3,3,50,96.44130022205354,92.30824232292055,0.0,1.0,0.0,-1.0413797443905548,0.0,0.20009941573304957,0.0,0.9644130022205354,0.9230824232292055,41-52
3_19,3,3,55,85.30961152668854,87.95432792307,0.0,0.0,0.0,-0.2537597388756059,0.0,0.0,0.0,0.8530961152668854,0.8795432792307,53+
3_19,3,3,60,93.48267084329919,96.46354182391748,0.0,0.0,0.0,2.381049686673931,0.0,0.0,1.0,0.9348267084329919,0.9646354182391748,53+
3_2,3,1,0,0.0,0.16910081517288442,0.0,0.0,0.0,0.06640068424961752,0.0,0.0,0.0,0.0,0.0016910081517288443,<30
3_2,3,1,5,0.5438304608332813,1.4748452717976492,0.0,0.0,0.0,0.3186307281714893,0.0,0.0,0.0,0.0054383046083328135,0.014748452717976493,<30
3_2,3,1,10,5.558764086931221,19.258310639140053,0.0,0.0,1.0,5.015405291238049,0.0,0.0,0.0,0.05558764086931221,0.19258310639140053,<30
3_2,3,1,15,31.70998679948726,54.82462081795997,1.0,1.0,1.0,8.007781232438894,15.086222796258816,11.101985240675134,0.0,0.3170998679948726,0.5482462081795997,<30
3_2,3,1,20,76.27663460957143,88.59815479383897,1.0,1.0,1.0,5.4105261293685025,54.82223381800739,41.511602153991234,0.0,0.7627663460957144,0.8859815479383897,<30
3_2,3,1,25,96.01814189390282,97.29941398548621,1.0,1.0,1.0,0.830930876981672,67.15402754617914,60.17642950236244,0.0,0.9601814189390282,0.9729941398548622,<30
3_2,3,1,30,98.82092590992919,99.25057229904574,1.0,1.0,1.0,0.3564089625070576,58.680125776692094,71.69590158885373,1.0,0.9882092590992919,0.9925057229904575,30-40
3_21,3,1,0,0.0,32.709152185169486,0.0,0.0,1.0,12.772865312808335,0.0,0.0,0.0,0.0,0.3270915218516949,<30
3_21,3,1,5,46.01827832869105,50.44635260571599,1.0,1.0,1.0,1.2844815796052713,36.15472500428413,18.39741963602922,0.0,0.46018278328691054,0.5044635260571598,<30
3_21,3,1,10,85.33058668840128,90.40242771969842,1.0,1.0,1.0,6.936200426027679,72.24627816721411,54.85378094164784,0.0,0.8533058668840128,0.9040242771969842,<30
3_21,3,1,15,87.11137202228636,68.54871336976194,1.0,1.0,1.0,-6.7761466212169115,70.48760801905792,57.28259412079858,0.0,0.8711137202228636,0.6854871336976194,<30
3_21,3,1,20,42.569279174540796,57.64227058362218,1.0,1.0,1.0,0.7227869750035748,21.114878382976755,13.461827511336207,0.0,0.425692791745408,0.5764227058362218,<30
3_21,3,1,25,50.668444489825625,29.136013517306463,1.0,1.0,1.0,-8.272023971352535,21.804330142101943,22.50869788047085,0.0,0.5066844448982563,0.29136013517306464,<30
3_21,3,1,30,13.02658739410823,12.808380415889127,0.0,0.0,0.0,-1.420144846437545,0.0,0.0,0.0,0.1302658739410823,0.12808380415889128,30-40
3_21,3,1,35,23.5198373019738,25.6282376799525,0.0,0.0,0.0,2.6970457607297904,0.0,0.0,0.0,0.235198373019738,0.256282376799525,30-40
3_21,3,1,40,26.69270161109204,25.17243924385515,0.0,0.0,0.0,-0.3749766277220502,0.0,0.0,0.0,0.2669270161109204,0.2517243924385515,30-40
3_21,3,1,45,21.834025175134222,42.90642991131761,0.0,0.0,0.0,5.836281271164498,0.0,0.0,0.0,0.21834025175134222,0.4290642991131761,41-52
3_21,3,1,50,83.15538178663994,85.11960302909742,0.0,0.0,0.0,6.424155309808365,0.0,0.0,0.0,0.8315538178663994,0.8511960302909742,41-52
3_21,3,1,55,93.54899519315387,95.60588871596626,0.0,0.0,0.0,2.1473896167178492,0.0,0.0,0.0,0.9354899519315387,0.9560588871596626,53+
3_21,3,1,60,99.08190434094776,99.53233412617234,0.0,0.0,0.0,0.7318434745702003,0.0,0.0,1.0,0.9908190434094776,0.9953233412617234,53+
3_4,3,3,0,0.0,0.20240829934033258,0.0,0.0,0.0,0.06750915557167997,0.0,0.0,0.0,0.0,0.0020240829934033257,<30
3_4,3,3,5,6.463338120754217,24.750516206099007,0.0,0.0,1.0,6.97238606028026,0.0,0.0,0.0,0.06463338120754217,0.24750516206099007,<30
3_4,3,3,10,52.770936968440274,70.00899360436736,1.0,1.0,1.0,8.81120735947751,39.6866284472531,25.74589347466181,0.0,0.5277093696844027,0.7000899360436736,<30
3_4,3,3,15,95.45272980753757,98.38654454596052,1.0,1.0,1.0,4.033440412074045,78.82896580430912,57.41548870525319,0.0,0.9545272980753756,0.9838654454596052,<30
3_4,3,3,20,98.84144251389698,83.89912820361094,1.0,1.0,1.0,-5.0115693660028295,77.38704172233294,71.29207605270815,0.0,0.9884144251389698,0.8389912820361094,<30
3_4,3,3,25,60.416633404224484,75.65201987344592,1.0,1.0,1.0,1.4426316107896335,31.552519056500802,30.009879409313754,0.0,0.6041663340422448,0.7565201987344592,<30
3_4,3,3,30,82.5666630320766,80.15272054428968,1.0,1.0,1.0,-0.41920946805025305,42.42586289883951,48.92322157001643,0.0,0.825666630320766,0.8015272054428968,30-40
3_4,3,3,35,92.20267865396116,94.06573840020789,1.0,1.0,1.0,5.990735735532333,35.630325044327165,55.473878845483505,1.0,0.9220267865396116,0.9406573840020789,30-40
3_6,3,3,0,0.0,0.019285275385238422,0.0,0.0,0.0,0.0064291477412227165,0.0,0.0,0.0,0.0,0.00019285275385238422,<30
3_6,3,3,5,0.12177472706456063,2.928757759426291,0.0,0.0,0.0,0.9491896175994903,0.0,0.0,0.0,0.0012177472706456063,0.02928757759426291,<30
3_6,3,3,10,20.75072700969487,44.97985694318207,1.0,1.0,1.0,10.278237164297945,7.6664184885076985,8.107488426759872,0.0,0.2075072700969487,0.4497985694318207,<30
3_6,3,3,15,66.90951210043238,81.174427323229,1.0,1.0,1.0,6.546395817732929,50.285748097203935,33.0734323961812,0.0,0.6690951210043238,0.8117442732322899,<30
3_6,3,3,20,89.23510150986536,66.45632294908492,1.0,1.0,1.0,-6.508477607829379,67.78070071830132,56.1417844977977,0.0,0.8923510150986536,0.6645632294908492,<30
3_6,3,3,25,44.15611652393963,41.074542769454,1.0,1.0,1.0,-3.2982155579704866,15.292002176215949,13.676726609580477,0.0,0.4415611652393963,0.41074542769454,<30
3_6,3,3,30,24.471207176070408,21.56039360560187,0.0,0.0,0.0,-3.601481918871884,0.0,0.0,1.0,0.2447120717607041,0.2156039360560187,30-40
3_8,3,3,0,0.0,3.046889831302479,0.0,0.0,0.0,1.1288357295195088,0.0,0.0,0.0,0.0,0.03046889831302479,<30
3_8,3,3,5,10.001832338774559,21.926633107267037,1.0,1.0,1.0,4.4143643720718915,0.13827901436763845,1.4696617719106904,0.0,0.10001832338774559,0.21926633107267038,<30
3_8,3,3,10,28.167207383248776,34.366463272119724,1.0,1.0,1.0,2.104509955642912,15.082898862061604,10.572956582541305,0.0,0.28167207383248777,0.34366463272119724,<30
3_8,3,3,15,33.581928928243215,30.679383691781776,1.0,1.0,1.0,-1.4251117867043128,16.95816492501477,17.32080975965976,0.0,0.33581928928243215,0.30679383691781775,<30
3_8,3,3,20,29.756314588557547,19.39849044098748,1.0,1.0,1.0,-3.3896013224579127,8.301913796993507,15.523504737459966,0.0,0.2975631458855755,0.19398490440987481,<30
3_8,3,3,25,5.84164878302234,4.601288203818095,0.0,0.0,0.0,-1.8649301121215136,0.0,0.0,0.0,0.05841648783022339,0.04601288203818095,<30
3_8,3,3,30,3.0067926525832585,5.705816868225993,0.0,0.0,0.0,0.6285397042622936,0.0,0.0,0.0,0.030067926525832584,0.05705816868225993,30-40
3_8,3,3,35,7.923218130147804,15.901698656581392,0.0,0.0,0.0,2.419928570032198,0.0,0.0,0.0,0.07923218130147804,0.15901698656581392,30-40
3_8,3,3,40,28.886269185895454,57.34626086288417,0.0,0.0,0.0,10.16468468502189,0.0,0.0,0.0,0.2888626918589545,0.5734626086288417,30-40
3_8,3,3,45,76.61087522823584,78.32417651695144,0.0,0.0,0.0,1.9849534452080628,0.0,0.0,0.0,0.7661087522823584,0.7832417651695144,41-52
3_8,3,3,50,88.38272007526041,92.41163757441295,0.0,0.0,0.0,4.1309768466191645,0.0,0.0,1.0,0.8838272007526041,0.9241163757441295,41-52
4_1,4,1,0,0.0,0.12092333500311662,0.0,0.0,0.0,0.056541493424757616,0.0,0.0,0.0,0.0,0.0012092333500311663,<30
4_1,4,1,5,0.06960304978659683,0.729250888240902,0.0,0.0,0.0,0.1949620842252433,0.0,0.0,0.0,0.0006960304978659683,0.0072925088824090205,<30
4_1,4,1,10,1.3683168141409148,0.8461645485512491,0.0,0.0,0.0,-0.09965258303085282,0.0,0.0,0.0,0.013683168141409147,0.008461645485512492,<30
4_1,4,1,15,0.5779998447963524,0.3085918160800027,0.0,0.0,0.0,-0.08476202456521684,0.0,0.0,0.0,0.005779998447963524,0.003085918160800027,<30
4_1,4,1,20,0.4806377951587376,2.159949504454748,0.0,0.0,0.0,0.6182649015980839,0.0,0.0,0.0,0.004806377951587376,0.02159949504454748,<30
4_1,4,1,25,28.511329402233187,62.10295683014442,0.0,1.0,1.0,17.50007725967696,0.0,5.76976116293034,1.0,0.2851132940223319,0.6210295683014442,<30
4_11,4,2,0,0.0,0.7164878499673335,0.0,0.0,0.0,0.2977801388992739,0.0,0.0,0.0,0.0,0.007164878499673335,<30
4_11,4,2,5,1.881296693858282,4.253950945995238,0.0,0.0,0.0,0.9080430773246266,0.0,0.0,0.0,0.01881296693858282,0.042539509459952385,<30
4_11,4,2,10,3.832926405755299,2.6295640891226,0.0,0.0,0.0,-0.6902725506576572,0.0,0.0,0.0,0.03832926405755299,0.026295640891226,<30
4_11,4,2,15,1.5227787886558857,7.038264559678029,0.0,0.0,0.0,1.70187536068751,0.0,0.0,0.0,0.015227787886558857,0.07038264559678029,<30
4_11,4,2,20,24.880150564034807,18.272467604199512,1.0,1.0,0.0,0.7822642319044888,3.425749772470766,6.556054462141557,0.0,0.24880150564034806,0.18272467604199513,<30
4_11,4,2,25,4.693739402176844,2.4110567476606315,0.0,0.0,0.0,-2.5807728301628226,0.0,0.0,0.0,0.046937394021768435,0.024110567476606316,<30
4_11,4,2,30,8.260127435778891,28.037588849445115,0.0,0.0,0.0,7.195521654593099,0.0,0.0,0.0,0.08260127435778891,0.28037588849445116,30-40
4_11,4,2,35,81.78433397505091,88.06272533075462,1.0,1.0,1.0,10.454452513750864,25.21198036541692,26.97576762976402,0.0,0.8178433397505092,0.8806272533075462,30-40
4_11,4,2,40,57.174975746094574,57.174975746094574,0.0,0.0,0.0,-11.621680880243858,0.0,0.0,1.0,0.5717497574609457,0.5717497574609457,30-40
4_13,4,2,0,0.0,0.9508767598499013,0.0,0.0,0.0,0.4044938886573326,0.0,0.0,0.0,0.0,0.009508767598499012,<30
4_13,4,2,5,2.190675930070152,4.71164444399223,0.0,0.0,0.0,0.91375387878946,0.0,0.0,0.0,0.02190675930070152,0.0471164444399223,<30
4_13,4,2,10,3.70100027692808,2.881464192794076,0.0,0.0,0.0,-0.67052276559859,0.0,0.0,0.0,0.0370100027692808,0.02881464192794076,<30
4_13,4,2,15,3.1846783071189795,6.236003170462337,0.0,0.0,0.0,1.0300343954088622,0.0,0.0,0.0,0.031846783071189794,0.06236003170462337,<30
4_13,4,2,20,8.55314528584633,6.481687393423644,0.0,0.0,0.0,-0.4358506393645685,0.0,0.0,0.0,0.08553145285846331,0.06481687393423644,<30
4_13,4,2,25,2.8996478733780613,3.7925859606340966,0.0,0.0,0.0,-0.2639575987356454,0.0,0.0,0.0,0.028996478733780612,0.03792585960634096,<30
4_13,4,2,30,4.024967574187784,8.161677779194513,0.0,0.0,0.0,1.335695077787151,0.0,0.0,0.0,0.040249675741877836,0.08161677779194512,30-40
4_13,4,2,35,34.456651904450894,58.16320773589742,0.0,0.0,0.0,11.147985155997711,0.0,0.0,0.0,0.3445665190445089,0.5816320773589743,30-40
4_13,4,2,40,40.83787316026671,31.65821650439262,0.0,0.0,0.0,-7.341976073487861,0.0,0.0,0.0,0.4083787316026671,0.3165821650439262,30-40
4_13,4,2,45,67.86567260665173,62.37725551786848,0.0,0.0,0.0,5.5394892000354155,0.0,0.0,0.0,0.6786567260665173,0.6237725551786848,41-52
4_13,4,2,50,51.79127018856532,75.75966911116024,0.0,0.0,0.0,5.604193249115169,0.0,0.0,0.0,0.5179127018856532,0.7575966911116023,41-52
4_13,4,2,55,86.61047571813928,84.72510838344719,0.0,0.0,0.0,-0.40162048209959667,0.0,0.0,0.0,0.8661047571813928,0.8472510838344719,53+
4_13,4,2,60,75.56608147851145,80.45105545497422,0.0,0.0,0.0,-1.0673323301864646,0.0,0.0,1.0,0.7556608147851145,0.8045105545497422,53+
4_15,4,2,0,0.0,1.0689012197356924,0.0,0.0,0.0,0.4577820971344642,0.0,0.0,0.0,0.0,0.010689012197356924,<30
4_15,4,2,5,1.3187949194570856,2.175188162606024,0.0,0.0,0.0,0.22610596496000074,0.0,0.0,0.0,0.013187949194570857,0.021751881626060243,<30
4_15,4,2,10,1.557143655262196,1.6641839608742282,0.0,0.0,0.0,-0.19130823156425816,0.0,0.0,0.0,0.01557143655262196,0.01664183960874228,<30
4_15,4,2,15,1.8597196977648958,6.652336647761169,0.0,0.0,0.0,1.574260078107504,0.0,0.0,0.0,0.018597196977648958,0.06652336647761169,<30
4_15,4,2,20,11.27486227139621,12.947084005734093,0.0,0.0,0.0,0.916704874759717,0.0,0.0,0.0,0.11274862271396209,0.1294708400573409,<30
4_15,4,2,25,7.679944915009179,6.48853571144263,0.0,0.0,0.0,-1.6148573910191844,0.0,0.0,0.0,0.07679944915009179,0.06488535711442629,<30
4_15,4,2,30,14.78412645540961,44.686023746898265,0.0,0.0,1.0,10.372535636172119,0.0,0.0,0.0,0.1478412645540961,0.4468602374689826,30-40
4_15,4,2,35,67.05730629901291,87.48520989693118,1.0,1.0,1.0,7.513948863109012,10.484952689378915,13.544700767798439,0.0,0.6705730629901291,0.8748520989693118,30-40
4_15,4,2,40,82.75813522043606,62.22969834259449,1.0,1.0,1.0,-8.547257237211275,3.311464981991932,17.384556271119834,0.0,0.8275813522043606,0.6222969834259449,30-40
4_15,4,2,45,50.4241415931534,60.85803340978053,0.0,0.0,0.0,2.3082855702297795,0.0,0.0,0.0,0.504241415931534,0.6085803340978053,41-52
4_15,4,2,50,55.6927162436957,75.18911225323278,0.0,0.0,0.0,4.347491678946202,0.0,0.0,0.0,0.556927162436957,0.7518911225323278,41-52
4_15,4,2,55,94.1969839240675,84.46799864509715,0.0,0.0,0.0,-1.2053918868668003,0.0,0.0,1.0,0.941969839240675,0.8446799864509715,53+
4_17,4,3,0,0.0,0.48038479603711715,0.0,0.0,0.0,0.2115550069768434,0.0,0.0,0.0,0.0,0.0048038479603711715,<30
4_17,4,3,5,1.5250048546365615,2.3853025503852807,0.0,0.0,0.0,0.43870084104436635,0.0,0.0,0.0,0.015250048546365615,0.023853025503852807,<30
4_17,4,3,10,1.891141882926327,1.765912402976685,0.0,0.0,0.0,-0.21999092275398252,0.0,0.0,0.0,0.01891141882926327,0.01765912402976685,<30
4_17,4,3,15,2.1680988904295444,2.0843015289677793,0.0,0.0,0.0,0.058489143863990255,0.0,0.0,0.0,0.021680988904295442,0.02084301528967779,<30
4_17,4,3,20,5.145424398913655,6.417920965585066,0.0,0.0,0.0,0.9062237849410432,0.0,0.0,0.0,0.051454243989136554,0.06417920965585065,<30
4_17,4,3,25,14.91043283948226,10.466165261217185,0.0,0.0,0.0,0.2122378007892956,0.0,0.0,0.0,0.1491043283948226,0.10466165261217185,<30
4_17,4,3,30,6.931827390746082,17.450147856665232,0.0,0.0,0.0,2.5997356172715387,0.0,0.0,0.0,0.06931827390746081,0.17450147856665232,30-40
4_17,4,3,35,19.22834395995886,26.03687877593,0.0,0.0,0.0,1.885041009288318,0.0,0.0,0.0,0.1922834395995886,0.2603687877593,30-40
4_17,4,3,40,61.1847371627242,49.95532115049066,0.0,1.0,0.0,3.415784536786854,0.0,6.162208812793388,0.0,0.611847371627242,0.4995532115049066,30-40
4_17,4,3,45,67.54589267331544,47.6095339619339,0.0,0.0,0.0,-1.543383900797755,0.0,0.0,1.0,0.6754589267331543,0.476095339619339,41-52
4_18,4,1,0,0.0,0.6932249443610246,0.0,0.0,0.0,0.3084379254720887,0.0,0.0,0.0,0.0,0.0069322494436102455,<30
4_18,4,1,5,1.0720607838954264,2.990432070448566,0.0,0.0,0.0,0.6074452977321634,0.0,0.0,0.0,0.010720607838954264,0.02990432070448566,<30
4_18,4,1,10,2.436737332609855,2.263367691777411,0.0,0.0,0.0,-0.35284957986778165,0.0,0.0,0.0,0.024367373326098552,0.022633676917774112,<30
4_18,4,1,15,2.7529295789580983,1.4017389555588984,0.0,0.0,0.0,-0.30544027274609614,0.0,0.0,0.0,0.027529295789580983,0.014017389555588984,<30
4_18,4,1,20,0.16595200806651814,18.372649515405914,0.0,0.0,0.0,5.913239764193113,0.0,0.0,0.0,0.0016595200806651814,0.18372649515405914,<30
4_18,4,1,25,78.31335228473452,79.64926623807776,1.0,1.0,1.0,9.488585367985724,49.449237937010835,38.291253366324625,0.0,0.7831335228473452,0.7964926623807775,<30
4_18,4,1,30,48.89663043519623,48.89663043519623,1.0,0.0,1.0,-13.385113372490897,8.755830301959136,0.0,1.0,0.4889663043519623,0.4889663043519623,30-40
4_20,4,2,0,0.0,1.0966770760108677,0.0,0.0,0.0,0.44267023022834684,0.0,0.0,0.0,0.0,0.010966770760108678,<30
4_20,4,2,5,2.196193522027049,2.3580236674545447,0.0,0.0,0.0,0.1858712736963688,0.0,0.0,0.0,0.02196193522027049,0.023580236674545448,<30
4_20,4,2,10,2.6331481520003406,1.4986458280374777,0.0,0.0,0.0,-0.3053660209966691,0.0,0.0,0.0,0.026331481520003405,0.014986458280374777,<30
4_20,4,2,15,2.3734561880387495,3.5858541764963703,0.0,0.0,0.0,0.6523925147828877,0.0,0.0,0.0,0.023734561880387493,0.035858541764963704,<30
4_20,4,2,20,10.906554081669038,14.128248952175635,0.0,0.0,0.0,2.4542221676471607,0.0,0.0,0.0,0.10906554081669037,0.14128248952175634,<30
4_20,4,2,25,15.493401102882093,9.506900290753716,0.0,0.0,0.0,-1.987986083974374,0.0,0.0,0.0,0.15493401102882093,0.09506900290753716,<30
4_20,4,2,30,4.134109815716192,2.802173335322201,0.0,0.0,0.0,-0.9637925343107826,0.0,0.0,0.0,0.04134109815716192,0.02802173335322201,30-40
4_20,4,2,35,0.533119136847999,3.1351822563268,0.0,0.0,0.0,0.5674470383234109,0.0,0.0,0.0,0.00533119136847999,0.031351822563268,30-40
4_20,4,2,40,2.4383108429790674,11.100154916439177,0.0,0.0,0.0,2.515130404730912,0.0,0.0,0.0,0.024383108429790676,0.11100154916439177,30-40
4_20,4,2,45,26.464544321134,53.7931281962207,0.0,0.0,0.0,11.349978983813381,0.0,0.0,0.0,0.26464544321134,0.537931281962207,41-52
4_20,4,2,50,89.79113260147861,95.68643169573795,0.0,0.0,0.0,4.808831370978814,0.0,0.0,0.0,0.8979113260147861,0.9568643169573795,41-52
4_20,4,2,55,79.85395470590217,64.04332543003594,0.0,0.0,0.0,-7.8281748779796185,0.0,0.0,0.0,0.7985395470590216,0.6404332543003594,53+
4_20,4,2,60,74.71337785951646,75.90653767231338,0.0,0.0,0.0,3.3018149932528815,0.0,0.0,1.0,0.7471337785951646,0.7590653767231338,53+
4_22,4,2,0,0.0,1.1115565034994308,0.0,0.0,0.0,0.4899656298394263,0.0,0.0,0.0,0.0,0.011115565034994309,<30
4_22,4,2,5,2.7175124131955344,2.9982521681319882,0.0,0.0,0.0,0.266474289673551,0.0,0.0,0.0,0.027175124131955344,0.029982521681319884,<30
4_22,4,2,10,2.032534138653692,1.996085393426468,0.0,0.0,0.0,-0.17334200355851606,0.0,0.0,0.0,0.02032534138653692,0.01996085393426468,<30
4_22,4,2,15,3.4290614918280626,4.122257225361187,0.0,0.0,0.0,0.3760371067808428,0.0,0.0,0.0,0.03429061491828063,0.04122257225361187,<30
4_22,4,2,20,1.47650918308898,12.942058964321333,0.0,0.0,0.0,3.277049697455632,0.0,0.0,0.0,0.0147650918308898,0.12942058964321335,<30
4_22,4,2,25,56.92722411175189,40.00502373021824,1.0,1.0,1.0,2.3055408817991934,28.06310976402821,24.88384021938969,0.0,0.569272241117519,0.4000502373021824,<30
4_22,4,2,30,61.963457308577816,70.40275882434003,1.0,1.0,0.0,13.64543731070312,21.822657175340723,21.090812557305583,1.0,0.6196345730857782,0.7040275882434003,30-40
4_3,4,3,0,0.0,1.222997255994052,0.0,0.0,0.0,0.5304075029484335,0.0,0.0,0.0,0.0,0.012229972559940521,<30
4_3,4,3,5,1.7873300066185154,1.6377187259143944,0.0,0.0,0.0,-0.02945188857290546,0.0,0.0,0.0,0.017873300066185153,0.016377187259143944,<30
4_3,4,3,10,1.8205069575576527,1.684235651670652,0.0,0.0,0.0,-0.007229564010699086,0.0,0.0,0.0,0.018205069575576528,0.01684235651670652,<30
4_3,4,3,15,2.041127294600824,3.211911075514969,0.0,0.0,0.0,0.392173291330773,0.0,0.0,0.0,0.02041127294600824,0.03211911075514969,<30
4_3,4,3,20,4.933502977375848,6.015859689088286,0.0,0.0,0.0,0.6205702249108646,0.0,0.0,0.0,0.049335029773758476,0.060158596890882855,<30
4_3,4,3,25,27.400375986633716,51.974163593835456,0.0,1.0,1.0,11.064063932312134,0.0,5.973660270187562,0.0,0.2740037598663372,0.5197416359383545,<30
4_3,4,3,30,71.41507440017412,82.68998104580456,1.0,1.0,1.0,4.6233729293166865,31.274274266937027,24.25699227506439,0.0,0.7141507440017412,0.8268998104580456,30-40
4_3,4,3,35,59.914839846224325,60.7276427908904,1.0,1.0,1.0,-4.167722476297513,3.3424862365903323,13.117259918469784,0.0,0.5991483984622432,0.607276427908904,30-40
4_3,4,3,40,74.01854108248838,41.16247641124603,0.0,1.0,0.0,-7.439638023621418,0.0,20.82754050647501,0.0,0.7401854108248839,0.41162476411246035,30-40
4_3,4,3,45,41.30377295427698,66.32267931400794,0.0,0.0,0.0,10.024581723539887,0.0,0.0,0.0,0.4130377295427698,0.6632267931400794,41-52
4_3,4,3,50,67.40571606111271,81.64710838965223,0.0,0.0,0.0,2.6753656114155957,0.0,0.0,0.0,0.6740571606111271,0.8164710838965223,41-52
4_3,4,3,55,75.06369558577552,72.42849104352915,0.0,0.0,0.0,-5.939089122323537,0.0,0.0,1.0,0.7506369558577553,0.7242849104352915,53+
4_5,4,2,0,0.0,1.760807879765776,0.0,0.0,0.0,0.7153638594848765,0.0,0.0,0.0,0.0,0.01760807879765776,<30
4_5,4,2,5,2.6127781444211844,2.180721112804029,0.0,0.0,0.0,-0.08812689420838496,0.0,0.0,0.0,0.026127781444211844,0.02180721112804029,<30
4_5,4,2,10,1.9888369482378176,1.4351429920020329,0.0,0.0,0.0,-0.17331995418216714,0.0,0.0,0.0,0.019888369482378175,0.01435142992002033,<30
4_5,4,2,15,1.7419198511169407,1.8523677028063108,0.0,0.0,0.0,0.11218645817786214,0.0,0.0,0.0,0.017419198511169406,0.01852367702806311,<30
4_5,4,2,20,2.0786702608390435,2.3882094258704476,0.0,0.0,0.0,0.14561702242004512,0.0,0.0,0.0,0.020786702608390436,0.023882094258704478,<30
4_5,4,2,25,2.218382300693168,0.9561860068030616,0.0,0.0,0.0,-0.43656035192861004,0.0,0.0,0.0,0.022183823006931683,0.009561860068030616,<30
4_5,4,2,30,0.101637441291225,0.5838471525345263,0.0,0.0,0.0,0.09647923679817895,0.0,0.0,1.0,0.00101637441291225,0.005838471525345263,30-40
4_7,4,2,0,0.0,1.2041111247386609,0.0,0.0,0.0,0.5323718306055556,0.0,0.0,0.0,0.0,0.01204111124738661,<30
4_7,4,2,5,1.349780630438696,6.516438505540182,0.0,0.0,0.0,1.4876878577042592,0.0,0.0,0.0,0.01349780630438696,0.06516438505540183,<30
4_7,4,2,10,3.9368287152767536,2.293206554662929,0.0,0.0,0.0,-1.496117169710293,0.0,0.0,0.0,0.03936828715276754,0.02293206554662929,<30
4_7,4,2,15,1.8796493582870526,6.521010234682723,0.0,0.0,0.0,1.4958681697297138,0.0,0.0,0.0,0.018796493582870527,0.06521010234682723,<30
4_7,4,2,20,3.4596035819365754,17.819240245479918,0.0,0.0,0.0,3.7353453932465674,0.0,0.0,0.0,0.03459603581936575,0.17819240245479917,<30
4_7,4,2,25,57.886746845609004,28.518479645766273,1.0,1.0,1.0,-2.5904316383495885,29.022632497885322,24.310134380074018,0.0,0.57886746845609,0.28518479645766276,<30
4_7,4,2,30,8.83594782543236,18.44505488675001,0.0,0.0,0.0,1.3104967969144012,0.0,0.0,0.0,0.0883594782543236,0.18445054886750012,30-40
4_7,4,2,35,34.12716950329181,58.660833008841415,0.0,0.0,0.0,8.790611185149322,0.0,0.0,0.0,0.3412716950329181,0.5866083300884142,30-40
4_7,4,2,40,88.57055512024453,95.63908673939184,1.0,1.0,1.0,6.502956805201803,9.123884881800407,22.54690532929115,1.0,0.8857055512024453,0.9563908673939184,30-40
4_9,4,1,0,0.0,0.4299777412215603,0.0,0.0,0.0,0.185708106491354,0.0,0.0,0.0,0.0,0.004299777412215603,<30
4_9,4,1,5,0.9250975232706616,1.9873457068235119,0.0,0.0,0.0,0.407818828826647,0.0,0.0,0.0,0.009250975232706616,0.01987345706823512,<30
4_9,4,1,10,2.5019232042848953,2.3862311927640527,0.0,0.0,0.0,-0.05871159658750595,0.0,0.0,0.0,0.025019232042848952,0.023862311927640528,<30
4_9,4,1,15,1.9871844740198372,3.9498532951849095,0.0,0.0,0.0,0.5957742123287751,0.0,0.0,0.0,0.01987184474019837,0.039498532951849095,<30
4_9,4,1,20,15.462288489245088,12.720109922615968,0.0,1.0,0.0,1.0889123935285432,0.0,0.6102541475335954,0.0,0.15462288489245088,0.1272010992261597,<30
4_9,4,1,25,15.059144622759305,9.288672522380505,0.0,0.0,0.0,-0.8636405743686815,0.0,0.0,0.0,0.15059144622759305,0.09288672522380505,<30
4_9,4,1,30,13.79310364345304,27.926765123546943,0.0,0.0,0.0,5.91352971632095,0.0,0.0,0.0,0.13793103643453042,0.2792676512354694,30-40
4_9,4,1,35,47.813295530428604,73.50345569355098,0.0,1.0,1.0,10.007394253160875,0.0,3.6043633629169776,0.0,0.47813295530428607,0.7350345569355098,30-40
4_9,4,1,40,97.68524640634449,96.53782180215563,1.0,1.0,1.0,3.493047300805664,18.238576167900362,28.11368611351253,1.0,0.976852464063445,0.9653782180215563,30-40
5_1,5,2,0,0.0,1.1921418647734137,0.0,0.0,0.0,0.39761625719629917,0.0,0.0,0.0,0.0,0.011921418647734137,<30
5_1,5,2,5,9.016541659278214,7.699865116323826,0.0,1.0,0.0,1.0413841846351013,0.0,0.5828628104305551,0.0,0.09016541659278214,0.07699865116323826,<30
5_1,5,2,10,19.762212184614192,29.355363131610723,1.0,1.0,1.0,5.426921121203862,6.677903663427021,7.668827074594038,0.0,0.19762212184614192,0.29355363131610723,<30
5_1,5,2,15,22.38058799132452,23.2267667137136,1.0,1.0,1.0,-2.458446043031259,5.756823988096077,2.7158566693179935,0.0,0.22380587991324521,0.232267667137136,<30
5_1,5,2,20,15.968569417113141,13.20875497016588,0.0,0.0,0.0,-1.9209398707576955,0.0,0.0,0.0,0.1596856941711314,0.1320875497016588,<30
5_1,5,2,25,16.174888076604482,32.46138063295799,0.0,0.0,1.0,5.879126683274924,0.0,0.0,0.0,0.16174888076604482,0.3246138063295799,<30
5_1,5,2,30,36.55361778605334,19.585740410270752,0.0,1.0,0.0,-5.9340830608104875,0.0,3.233131104150303,0.0,0.3655361778605334,0.19585740410270752,30-40
5_1,5,2,35,8.159691315232426,8.986414815599199,0.0,0.0,0.0,-0.5556878058580144,0.0,0.0,0.0,0.08159691315232426,0.08986414815599199,30-40
5_1,5,2,40,13.91137428061069,14.911219048036594,0.0,0.0,0.0,0.9206888810082313,0.0,0.0,1.0,0.13911374280610692,0.14911219048036595,30-40
5_11,5,1,0,0.0,4.033181121739054,0.0,0.0,0.0,1.7988091817440701,0.0,0.0,0.0,0.0,0.040331811217390545,<30
5_11,5,1,5,3.8649017896467543,5.98733111321514,0.0,0.0,0.0,0.2952981699527258,0.0,0.0,0.0,0.03864901789646755,0.0598733111321514,<30
5_11,5,1,10,31.174515705759582,52.19424711296168,1.0,1.0,1.0,10.58457916446831,18.09020718457241,16.911104134042418,0.0,0.3117451570575958,0.5219424711296168,<30
5_11,5,1,15,47.41856275841403,25.871356251120638,1.0,1.0,1.0,-8.829153246787929,30.79479875518559,15.345169610906709,0.0,0.47418562758414035,0.25871356251120636,<30
5_11,5,1,20,6.404335342976693,3.7876032201983505,0.0,0.0,0.0,-2.5536385052049737,0.0,0.0,0.0,0.06404335342976693,0.0378760322019835,<30
5_11,5,1,25,4.377782259820439,8.703001442396971,0.0,0.0,0.0,1.4917231440673215,0.0,0.0,0.0,0.04377782259820439,0.08703001442396971,<30
5_11,5,1,30,14.24415911664978,11.40196021764093,0.0,0.0,0.0,-0.03246982552499802,0.0,0.0,0.0,0.1424415911664978,0.1140196021764093,30-40
5_11,5,1,35,10.328200102296373,15.654925038717613,0.0,0.0,0.0,1.7101033847794453,0.0,0.0,0.0,0.10328200102296373,0.15654925038717613,30-40
5_11,5,1,40,21.94470235217535,16.89953093051286,0.0,0.0,0.0,-0.7867488597096657,0.0,0.0,0.0,0.21944702352175352,0.1689953093051286,30-40
5_11,5,1,45,16.15912089035277,23.26854399631116,0.0,0.0,0.0,2.2803165620669956,0.0,0.0,0.0,0.1615912089035277,0.23268543996311158,41-52
5_11,5,1,50,47.68501072890759,71.13586743173329,0.0,0.0,0.0,10.714378652851918,0.0,0.0,0.0,0.4768501072890759,0.7113586743173329,41-52
5_11,5,1,55,79.74389763367722,77.77386121318942,0.0,0.0,0.0,-0.47641243607788414,0.0,0.0,0.0,0.7974389763367722,0.7777386121318942,53+
5_11,5,1,60,69.2685054337548,63.123806188809354,0.0,0.0,0.0,-3.3233516452353853,0.0,0.0,1.0,0.692685054337548,0.6312380618880935,53+
5_14,5,2,0,0.0,1.057703583315178,0.0,0.0,0.0,0.40906095524176467,0.0,0.0,0.0,0.0,0.01057703583315178,<30
5_14,5,2,5,2.994987015874238,3.766123801905176,0.0,0.0,0.0,0.4873378413031094,0.0,0.0,0.0,0.02994987015874238,0.03766123801905176,<30
5_14,5,2,10,3.6139218868045604,5.666985996009108,0.0,0.0,0.0,0.6071232286717734,0.0,0.0,0.0,0.0361392188680456,0.05666985996009108,<30
5_14,5,2,15,17.40309442420841,16.953978441124463,1.0,1.0,1.0,1.8700252802289294,0.7793304209799636,4.861221955405707,0.0,0.1740309442420841,0.16953978441124462,<30
5_14,5,2,20,9.803032333707089,8.176768168229216,0.0,0.0,0.0,-1.6448759724229056,0.0,0.0,0.0,0.09803032333707089,0.08176768168229216,<30
5_14,5,2,25,18.616908423863812,24.060694602147684,0.0,0.0,0.0,3.6144238656770113,0.0,0.0,0.0,0.18616908423863812,0.24060694602147684,<30
5_14,5,2,30,38.75400866036656,43.676807734744905,0.0,1.0,0.0,3.396312366053272,0.0,8.006536884230833,0.0,0.38754008660366557,0.43676807734744905,30-40
5_14,5,2,35,40.17706121327686,22.659950242596775,0.0,1.0,0.0,-5.502293730348571,0.0,1.2370050938830985,0.0,0.4017706121327686,0.22659950242596774,30-40
5_14,5,2,40,20.70026154240182,14.04989580396828,0.0,0.0,0.0,-1.001041713245385,0.0,0.0,1.0,0.20700261542401818,0.1404989580396828,30-40
5_16,5,1,0,0.0,7.131290444550574,0.0,0.0,0.0,2.8344967019840155,0.0,0.0,0.0,0.0,0.07131290444550574,<30
5_16,5,1,5,16.157001818309517,10.321197922534985,1.0,1.0,1.0,-0.5743975378348056,6.293448493902597,5.242585350786044,0.0,0.16157001818309516,0.10321197922534985,<30
5_16,5,1,10,12.45876949250827,11.969749332118814,0.0,1.0,0.0,0.736952408674863,0.0,1.2713340890098177,0.0,0.1245876949250827,0.11969749332118815,<30
5_16,5,1,15,6.023658423908515,10.451889702429312,0.0,0.0,0.0,0.5280337462229093,0.0,0.0,0.0,0.06023658423908515,0.10451889702429312,<30
5_16,5,1,20,20.811687375467073,17.618465576220235,0.0,1.0,0.0,0.3240233191408131,0.0,5.135840447314905,0.0,0.20811687375467072,0.17618465576220235,<30
5_16,5,1,25,8.369822011058499,8.974128952998772,0.0,0.0,0.0,-1.270716680390238,0.0,0.0,0.0,0.08369822011058499,0.08974128952998772,<30
5_16,5,1,30,12.657326584333946,10.002953437846292,0.0,0.0,0.0,0.008230174302772264,0.0,0.0,0.0,0.12657326584333947,0.10002953437846292,30-40
5_16,5,1,35,18.540664135919815,44.533084891973,0.0,0.0,0.0,9.101688946132157,0.0,0.0,0.0,0.18540664135919815,0.44533084891972996,30-40
5_16,5,1,40,57.92214684941668,39.042945051077496,0.0,0.0,0.0,-5.245325129675649,0.0,0.0,0.0,0.5792214684941668,0.39042945051077493,30-40
5_16,5,1,45,19.74981028782833,15.14448115690109,0.0,0.0,0.0,-3.019371505521537,0.0,0.0,0.0,0.1974981028782833,0.1514448115690109,41-52
5_16,5,1,50,11.819891788273159,8.302070415293826,0.0,0.0,0.0,-1.2672679328218952,0.0,0.0,0.0,0.11819891788273158,0.08302070415293826,41-52
5_16,5,1,55,8.12277040120604,15.940364703036517,0.0,0.0,0.0,2.9191917883451404,0.0,0.0,0.0,0.0812277040120604,0.15940364703036516,53+
5_16,5,1,60,77.6634714472872,82.05134421733561,0.0,0.0,0.0,20.100535751256302,0.0,0.0,1.0,0.7766347144728719,0.8205134421733561,53+
5_19,5,3,0,0.0,19.858015421529263,0.0,0.0,1.0,8.368910454065924,0.0,0.0,0.0,0.0,0.19858015421529263,<30
5_19,5,3,5,45.98600036803348,42.1732971593411,1.0,1.0,1.0,2.1670759797413184,36.12244704362656,26.480410431240635,0.0,0.4598600036803348,0.42173297159341094,<30
5_19,5,3,10,32.15759423291128,24.838338199639487,1.0,1.0,1.0,-3.6311314830660337,19.073285711724107,11.854469934880946,0.0,0.3215759423291128,0.24838338199639487,<30
5_19,5,3,15,13.844458258626098,21.655530170202073,0.0,0.0,0.0,1.2674174829899882,0.0,0.0,0.0,0.13844458258626097,0.21655530170202072,<30
5_19,5,3,20,39.515634085632456,39.02755274038564,1.0,1.0,1.0,2.526879498180766,18.061233294068415,19.693125844590654,0.0,0.39515634085632456,0.39027552740385635,<30
5_19,5,3,25,43.945654293487706,42.349951189040745,1.0,1.0,1.0,0.320180177415899,15.081539945764025,17.992881421299757,0.0,0.43945654293487707,0.42349951189040747,<30
5_19,5,3,30,61.55688930944666,65.92927275723214,1.0,1.0,1.0,5.784445340554081,21.416089176209567,33.43282904152844,0.0,0.6155688930944666,0.6592927275723214,30-40
5_19,5,3,35,66.10974906089297,62.342435290268426,1.0,1.0,1.0,-2.396297890353029,9.537395451258973,24.14618461121468,1.0,0.6610974906089296,0.6234243529026843,30-40
5_21,5,2,0,0.0,26.110946294209576,0.0,0.0,1.0,11.49833130445528,0.0,0.0,0.0,0.0,0.26110946294209575,<30
5_21,5,2,5,32.13049023677834,18.923575403650297,1.0,1.0,1.0,-4.708296626206596,22.26693691237142,14.163679885573565,0.0,0.3213049023677834,0.18923575403650297,<30
5_21,5,2,10,7.01400150665785,8.465953263550118,0.0,0.0,0.0,-0.5140130544505344,0.0,0.0,0.0,0.0701400150665785,0.08465953263550118,<30
5_21,5,2,15,11.611475933945403,10.100954109840279,0.0,0.0,0.0,-0.11361579074693509,0.0,0.0,0.0,0.11611475933945403,0.1010095410984028,<30
5_21,5,2,20,8.579685314077537,16.645873740234308,0.0,0.0,0.0,2.3211735440285555,0.0,0.0,0.0,0.08579685314077537,0.16645873740234307,<30
5_21,5,2,25,20.03929380013946,33.99096579378088,0.0,1.0,0.0,4.54593870665385,0.0,0.26401179270867914,0.0,0.2003929380013946,0.3399096579378088,<30
5_21,5,2,30,61.57994114896216,62.08192130956752,1.0,1.0,1.0,3.976235759410854,21.43914101572507,23.672059635909413,0.0,0.6157994114896216,0.6208192130956752,30-40
5_21,5,2,35,63.87082495801262,66.48107798491158,1.0,1.0,1.0,1.0097468468307038,7.2984713483786265,17.283080835917886,0.0,0.6387082495801262,0.6648107798491157,30-40
5_21,5,2,40,82.42139823878577,79.67559758724931,1.0,1.0,0.0,1.7289514298195674,2.974728000341642,35.70742738513631,0.0,0.8242139823878577,0.7967559758724931,30-40
5_21,5,2,45,64.448661923721,62.871484341976796,0.0,1.0,0.0,-3.7093453660733147,0.0,1.1882715778116193,1.0,0.6444866192372101,0.6287148434197679,41-52
5_3,5,1,0,0.0,11.761574434822103,0.0,0.0,1.0,4.786030013625416,0.0,0.0,0.0,0.0,0.11761574434822103,<30
5_3,5,1,5,21.09666401318757,14.54356465682884,1.0,1.0,1.0,-1.2665434071200807,11.23311068878065,8.420622434646514,0.0,0.21096664013187572,0.1454356465682884,<30
5_3,5,1,10,19.63575760854833,31.390555634005835,1.0,1.0,1.0,4.69059046321272,6.55144908736116,6.867290892469454,0.0,0.19635757608548332,0.31390555634005834,<30
5_3,5,1,15,27.767554923955398,25.952454023232246,1.0,1.0,1.0,-1.7508183677102422,11.143790920726953,9.9889394117736,0.0,0.27767554923955395,0.25952454023232246,<30
5_3,5,1,20,31.383692185725742,36.85738022204299,1.0,1.0,1.0,3.4804017521920754,9.929291394161702,14.983309772613339,0.0,0.3138369218572574,0.3685738022204299,<30
5_3,5,1,25,52.49236528371325,38.957383262758604,1.0,1.0,1.0,-2.213558779869182,23.628250935989566,25.821833301538383,0.0,0.5249236528371325,0.38957383262758605,<30
5_3,5,1,30,15.643112820919772,15.643112820919772,0.0,0.0,0.0,-8.925654704201367,0.0,0.0,1.0,0.15643112820919772,0.15643112820919772,30-40
5_5,5,3,0,0.0,0.9640998942070189,0.0,0.0,0.0,0.35704359104418826,0.0,0.0,0.0,0.0,0.009640998942070189,<30
5_5,5,3,5,1.8595486778770185,0.9150088192088102,0.0,0.0,0.0,-0.1838315046744111,0.0,0.0,0.0,0.018595486778770185,0.009150088192088101,<30
5_5,5,3,10,2.2241173949376227,5.180240188228491,0.0,0.0,0.0,1.3186820786521516,0.0,0.0,0.0,0.022241173949376226,0.05180240188228491,<30
5_5,5,3,15,10.255168407322515,5.9811678303396985,0.0,0.0,0.0,-0.6004317260841058,0.0,0.0,0.0,0.10255168407322515,0.05981167830339698,<30
5_5,5,3,20,23.089454555718188,41.37850225689761,1.0,1.0,1.0,8.321027765981038,1.6350537641541472,6.473531481844169,0.0,0.2308945455571819,0.4137850225689761,<30
5_5,5,3,25,29.685163691027128,19.224855145377905,1.0,0.0,1.0,-5.845257647230165,0.8210493433034465,0.0,0.0,0.2968516369102713,0.19224855145377906,<30
5_5,5,3,30,17.881423470937793,39.1925409982436,0.0,0.0,0.0,6.677081975450013,0.0,0.0,0.0,0.17881423470937793,0.391925409982436,30-40
5_5,5,3,35,62.58299735594619,58.28778026139695,1.0,1.0,1.0,1.2296447629440383,6.010643746312198,16.518730220870808,0.0,0.6258299735594619,0.5828778026139695,30-40
5_5,5,3,40,47.063713340434035,32.59709122352905,0.0,0.0,0.0,-6.264418189209603,0.0,0.0,1.0,0.4706371334043403,0.3259709122352905,30-40
5_7,5,3,0,0.0,5.176119515694127,0.0,0.0,0.0,2.0209300350813444,0.0,0.0,0.0,0.0,0.051761195156941275,<30
5_7,5,3,5,8.317469241352192,5.163806012766977,0.0,0.0,0.0,-0.9412690068927446,0.0,0.0,0.0,0.08317469241352192,0.05163806012766977,<30
5_7,5,3,10,2.6615036018552845,2.3702685335286966,0.0,0.0,0.0,-0.18319836247183163,0.0,0.0,0.0,0.026615036018552845,0.023702685335286966,<30
5_7,5,3,15,2.9822302803454734,4.891144318568732,0.0,0.0,0.0,0.6685778698719747,0.0,0.0,0.0,0.029822302803454735,0.04891144318568732,<30
5_7,5,3,20,5.020622050746322,3.3307468171330306,0.0,0.0,0.0,-0.6487383307830232,0.0,0.0,0.0,0.05020622050746322,0.033307468171330304,<30
5_7,5,3,25,2.28769771438106,5.871874082313428,0.0,0.0,0.0,0.9037934539285486,0.0,0.0,0.0,0.022876977143810602,0.05871874082313428,<30
5_7,5,3,30,7.124287794835869,8.558495832258108,0.0,0.0,0.0,0.42600431010790585,0.0,0.0,0.0,0.0712428779483587,0.08558495832258109,30-40
5_7,5,3,35,12.674451703963092,10.50956672068907,0.0,0.0,0.0,0.008857832193925653,0.0,0.0,0.0,0.1267445170396309,0.1050956672068907,30-40
5_7,5,3,40,11.155515007485302,14.800830738790697,0.0,0.0,0.0,1.8960454163655442,0.0,0.0,1.0,0.11155515007485302,0.14800830738790696,30-40
5_9,5,2,0,0.0,3.3372877555620426,0.0,0.0,0.0,1.1150049659831331,0.0,0.0,0.0,0.0,0.03337287755562043,<30
5_9,5,2,5,28.179054127730268,41.76743891468345,1.0,1.0,1.0,7.855671448426373,18.315500803323346,12.929928736942532,0.0,0.2817905412773027,0.4176743891468345,<30
5_9,5,2,10,37.915141760689664,32.43282160251926,1.0,1.0,1.0,-3.57588290674826,24.830833239502493,11.746709083729236,0.0,0.37915141760689663,0.32432821602519263,<30
5_9,5,2,15,16.836741505429934,29.916317283549553,1.0,0.0,1.0,1.3934227972450615,0.2129775022014897,0.0,0.0,0.16836741505429934,0.29916317283549554,<30
5_9,5,2,20,20.74170422170608,31.792679024107304,0.0,1.0,1.0,0.5059812574685828,0.0,0.8796524569275519,0.0,0.2074170422170608,0.31792679024107307,<30
5_9,5,2,25,45.983663552022236,49.15065919708606,1.0,1.0,1.0,2.6043520319759854,17.119549204298554,22.94085444334228,0.0,0.45983663552022236,0.49150659197086055,<30
5_9,5,2,30,45.84334324080478,47.65015116442716,1.0,1.0,1.0,0.3418082066758565,5.702543107567685,15.917469199254814,0.0,0.4584334324080478,0.47650151164427157,30-40
5_9,5,2,35,76.82252855259689,54.90625727432234,1.0,1.0,1.0,-1.8565357593464125,20.2501749429629,35.5805511455797,0.0,0.7682252855259689,0.5490625727432235,30-40
5_9,5,2,40,25.10871420509717,26.14026280861781,0.0,0.0,0.0,-3.022977820289948,0.0,0.0,0.0,0.2510871420509717,0.2614026280861781,30-40
5_9,5,2,45,24.070948623112102,31.407822001248284,0.0,0.0,0.0,1.9111089157156542,0.0,0.0,0.0,0.240709486231121,0.31407822001248287,41-52
5_9,5,2,50,31.69814339517265,22.305526755519963,0.0,0.0,0.0,-3.4073799431459983,0.0,0.0,0.0,0.3169814339517265,0.22305526755519964,41-52
5_9,5,2,55,24.56523308171795,28.202701031113282,0.0,0.0,0.0,2.268605180581782,0.0,0.0,0.0,0.2456523308171795,0.2820270103111328,53+
5_9,5,2,60,29.65988855492322,40.273341193533035,0.0,0.0,0.0,3.2067759638231945,0.0,0.0,1.0,0.2965988855492322,0.40273341193533035,53+
6_10,6,3,0,0.0,15.842491020638178,0.0,0.0,1.0,6.925321795931905,0.0,0.0,0.0,0.0,0.15842491020638177,<30
6_10,6,3,5,19.150810266558462,40.75174576630176,1.0,1.0,1.0,6.213998655103891,9.287256942151542,6.270065006762973,0.0,0.19150810266558463,0.4075174576630176,<30
6_10,6,3,10,64.42832629632363,55.57030990354942,1.0,1.0,1.0,-0.33765041531438544,51.344017775136464,37.71188996343963,0.0,0.6442832629632363,0.5557030990354942,<30
6_10,6,3,15,59.221946402220766,79.44713358279259,1.0,1.0,1.0,7.409947118649697,42.59818239899232,36.73037197393451,0.0,0.5922194640222077,0.7944713358279258,<30
6_10,6,3,20,81.7535045907488,66.89675499238542,1.0,1.0,1.0,-5.110295637663624,60.29910379918476,56.01773187093668,0.0,0.817535045907488,0.6689675499238542,<30
6_10,6,3,25,84.69479660984004,93.49247615815875,1.0,1.0,1.0,6.743006448009898,55.830682262116355,57.523442664675215,0.0,0.8469479660984004,0.9349247615815875,<30
6_10,6,3,30,97.54798720400336,98.2772058943867,1.0,1.0,1.0,0.4109788527918511,57.40718707076627,61.55998914124474,0.0,0.9754798720400336,0.982772058943867,30-40
6_10,6,3,35,96.63297677738547,91.83924604788847,1.0,1.0,1.0,-1.6231516495180056,40.06062316775147,64.00341298075077,0.0,0.9663297677738547,0.9183924604788847,30-40
6_10,6,3,40,97.7006017847981,99.33179635605617,1.0,1.0,1.0,1.8712377622794414,18.253931546353968,53.765035925769666,0.0,0.9770060178479809,0.9933179635605618,30-40
6_10,6,3,45,99.96630515914092,99.9662741678261,0.0,1.0,0.0,0.031537120123561614,0.0,40.42952441999168,1.0,0.9996630515914091,0.999662741678261,41-52
6_12,6,1,0,0.0,0.7123681671320463,0.0,0.0,0.0,0.26887899979784063,0.0,0.0,0.0,0.0,0.007123681671320463,<30
6_12,6,1,5,4.698132817283668,31.46097477134764,0.0,0.0,1.0,9.022420356654418,0.0,0.0,0.0,0.04698132817283668,0.3146097477134764,<30
6_12,6,1,10,45.02574670288004,22.196551439106006,1.0,1.0,1.0,-6.710631457088953,31.94143818169287,17.14115361531593,0.0,0.45025746702880043,0.22196551439106005,<30
6_12,6,1,15,26.389483531663714,63.48057403108747,1.0,1.0,1.0,13.745198093157452,9.76571952843527,1.7050842133758621,0.0,0.26389483531663716,0.6348057403108747,<30
6_12,6,1,20,86.0481652967172,87.64945407906148,1.0,1.0,1.0,1.6060110299708357,64.59376450515316,45.728766481200495,0.0,0.860481652967172,0.8764945407906148,<30
6_12,6,1,25,83.9609062963786,65.9412733220605,1.0,1.0,1.0,-6.536640256678119,55.09679194865491,49.32254533707002,0.0,0.839609062963786,0.659412733220605,<30
6_12,6,1,30,32.11278093605761,55.4435748260493,0.0,0.0,1.0,2.923299555554112,0.0,0.0,0.0,0.3211278093605761,0.554435748260493,30-40
6_12,6,1,35,93.51623910631346,93.20333264758794,1.0,1.0,1.0,4.025492214496326,36.94388549667947,44.31181696454524,0.0,0.9351623910631346,0.9320333264758794,30-40
6_12,6,1,40,82.95963688938761,59.2076322210696,1.0,1.0,1.0,-8.401144257184562,3.5129666509434827,19.49513803643844,1.0,0.8295963688938761,0.5920763222106961,30-40
6_14,6,3,0,0.0,46.54435609877943,0.0,0.0,1.0,21.136303499328857,0.0,0.0,0.0,0.0,0.4654435609877943,<30
6_14,6,3,5,39.89321278408889,25.024834539481564,1.0,1.0,1.0,-8.864650145098212,30.029659459681966,10.413154504345272,0.0,0.3989321278408889,0.25024834539481566,<30
6_14,6,3,10,9.856309119969335,7.974777780160184,0.0,0.0,0.0,-2.0923066518490017,0.0,0.0,0.0,0.09856309119969335,0.07974777780160185,<30
6_14,6,3,15,31.944326897061956,55.88544993829056,1.0,1.0,1.0,12.403605028503893,15.320562893833511,12.200950521348528,0.0,0.31944326897061953,0.5588544993829057,<30
6_14,6,3,20,91.30110970027927,89.38327959999319,1.0,1.0,1.0,3.9310628050507526,69.84670890871523,48.56281790581835,0.0,0.9130110970027927,0.8938327959999319,<30
6_14,6,3,25,81.47741049901457,86.36456873705632,1.0,1.0,1.0,0.4307076321985921,52.61329615129088,45.29729287488906,0.0,0.8147741049901457,0.8636456873705631,<30
6_14,6,3,30,98.06667379854467,98.83409077537644,1.0,1.0,1.0,1.4959326422999548,57.92587366530758,71.3498244887366,0.0,0.9806667379854467,0.9883409077537644,30-40
6_14,6,3,35,97.99013195463948,98.66224662174236,1.0,1.0,1.0,-0.010048543951576042,41.41777834500549,61.12388944174896,0.0,0.9799013195463948,0.9866224662174236,30-40
6_14,6,3,40,95.41779098453758,97.63495875272153,1.0,1.0,1.0,-0.04894572277367788,15.971120746093447,54.20689248261682,0.0,0.9541779098453758,0.9763495875272153,30-40
6_14,6,3,45,99.7710068230415,99.33310761849259,0.0,1.0,0.0,0.05097591244175326,0.0,43.32323007550681,0.0,0.9977100682304151,0.9933310761849259,41-52
6_14,6,3,50,97.86726638072645,99.22728572985838,0.0,1.0,0.0,0.14728726991539626,0.0,22.079330952938932,0.0,0.9786726638072645,0.9922728572985838,41-52
6_14,6,3,55,98.2894051859765,98.72267652421658,0.0,0.0,0.0,-0.10797436345726699,0.0,0.0,0.0,0.9828940518597651,0.9872267652421658,53+
6_14,6,3,60,99.93638578336663,99.80892726816644,0.0,0.0,0.0,0.19783522626189018,0.0,0.0,1.0,0.9993638578336663,0.9980892726816645,53+
6_16,6,2,0,0.0,55.6189801206634,0.0,0.0,1.0,24.094776327100377,0.0,0.0,0.0,0.0,0.556189801206634,<30
6_16,6,2,5,84.36586124794727,56.08067146434892,1.0,1.0,1.0,-8.225018768948772,74.50230792354034,49.450295262104554,0.0,0.8436586124794726,0.5608067146434892,<30
6_16,6,2,10,14.675478003172007,11.012771622697796,1.0,0.0,1.0,-5.442898352133112,1.591169481984835,0.0,0.0,0.14675478003172007,0.11012771622697796,<30
6_16,6,2,15,37.12584394963184,72.49179637102154,1.0,1.0,1.0,15.932649576706803,20.5020799464034,0.8131497157452188,0.0,0.3712584394963184,0.7249179637102153,<30
6_16,6,2,20,97.93029052018747,91.13708284433258,1.0,1.0,1.0,-0.2554376892985383,76.47588972862343,50.4120340587198,0.0,0.9793029052018747,0.9113708284433258,<30
6_16,6,2,25,87.43489352225319,53.227996152768355,1.0,1.0,1.0,-10.437749762914844,58.570779174529505,54.95003190841649,0.0,0.8743489352225319,0.5322799615276835,<30
6_16,6,2,30,52.75989010042333,77.74841058348012,1.0,1.0,1.0,13.974906602774816,12.619089967186234,7.3543541944105115,1.0,0.5275989010042332,0.7774841058348012,30-40
6_18,6,2,0,0.0,14.31332955740945,0.0,0.0,0.0,5.019268150009252,0.0,0.0,0.0,0.0,0.1431332955740945,<30
6_18,6,2,5,87.02272031227805,78.92372482693868,1.0,1.0,1.0,9.492436298621364,77.15916698787113,49.57983364463289,0.0,0.8702272031227806,0.7892372482693868,<30
6_18,6,2,10,48.46695087521987,67.54965536734069,1.0,1.0,1.0,1.705542613703581,35.3826423540327,7.39617329512258,0.0,0.4846695087521987,0.6754965536734069,<30
6_18,6,2,15,93.32190828831314,89.85712210048962,1.0,1.0,1.0,1.7269275033747706,76.6981442850847,69.26507340562972,0.0,0.9332190828831314,0.8985712210048962,<30
6_18,6,2,20,89.95847750539637,95.25512558847227,1.0,1.0,1.0,1.7271575978434488,68.50407671383233,63.728737650977514,0.0,0.8995847750539637,0.9525512558847227,<30
6_18,6,2,25,98.06397593890097,84.83584980442838,1.0,1.0,1.0,-3.6579305956907193,69.19986159117728,79.4954751841743,0.0,0.9806397593890097,0.8483584980442838,<30
6_18,6,2,30,95.7160025892287,98.02072035383446,1.0,1.0,1.0,4.115179657190749,55.5752024559916,66.62087253917717,0.0,0.957160025892287,0.9802072035383447,30-40
6_18,6,2,35,97.45085774321193,97.84439776439993,1.0,1.0,1.0,-0.4050796771569125,40.878504133577934,59.33913080691377,1.0,0.9745085774321193,0.9784439776439993,30-40
6_2,6,1,0,0.0,0.22788238428948504,0.0,0.0,0.0,0.09866953003768295,0.0,0.0,0.0,0.0,0.0022788238428948504,<30
6_2,6,1,5,4.376849034140911,11.117852203369646,0.0,0.0,0.0,2.71277895434153,0.0,0.0,0.0,0.043768490341409116,0.11117852203369645,<30
6_2,6,1,10,19.0984593487836,18.430206859456085,1.0,1.0,1.0,0.6684580494767878,6.014150827596428,5.608913953908697,0.0,0.190984593487836,0.18430206859456086,<30
6_2,6,1,15,31.12041340024747,30.68148077019385,1.0,1.0,1.0,1.993179304499877,14.496649397019027,16.18584164692816,0.0,0.3112041340024747,0.30681480770193853,<30
6_2,6,1,20,31.622295906295502,30.6872239525741,1.0,1.0,1.0,-0.010318151813777732,10.167895114731461,12.462549894593383,0.0,0.316222959062955,0.306872239525741,<30
6_2,6,1,25,29.2713888272729,29.946578096795974,1.0,1.0,1.0,0.010199116029757782,0.40727447954921914,7.899598810149719,0.0,0.292713888272729,0.2994657809679597,<30
6_2,6,1,30,16.348728053426264,11.121116116449958,0.0,0.0,0.0,-3.7125896316193,0.0,0.0,0.0,0.16348728053426265,0.11121116116449958,30-40
6_2,6,1,35,13.716044622283663,6.8404412612421215,0.0,0.0,0.0,-1.010711203228091,0.0,0.0,0.0,0.13716044622283663,0.06840441261242121,30-40
6_2,6,1,40,2.7768300035399935,2.788203212957498,0.0,0.0,0.0,-0.26141220458460235,0.0,0.0,1.0,0.027768300035399936,0.02788203212957498,30-40
6_20,6,1,0,0.0,19.454578012439434,0.0,0.0,1.0,8.134003662659659,0.0,0.0,0.0,0.0,0.19454578012439433,<30
6_20,6,1,5,49.24872162256097,57.67479016698469,1.0,1.0,1.0,6.522911509819226,39.38516829815405,28.496870947435305,0.0,0.4924872162256097,0.5767479016698469,<30
6_20,6,1,10,88.30298998851555,79.11471313691422,1.0,1.0,1.0,2.3095797183159013,75.21868146732838,56.81565492507065,0.0,0.8830298998851555,0.7911471313691422,<30
6_20,6,1,15,59.5403574286227,84.42123457250827,1.0,1.0,1.0,4.6316150207506395,42.916593425394254,37.676463067109594,0.0,0.595403574286227,0.8442123457250826,<30
6_20,6,1,20,91.12471229271776,76.47210669991829,1.0,1.0,1.0,-4.817088374090789,69.67031150115372,67.8350903595618,0.0,0.9112471229271776,0.7647210669991829,<30
6_20,6,1,25,82.93037600802853,71.36084890937028,1.0,1.0,1.0,-1.8936967037442876,54.066261660304846,56.74869262846877,0.0,0.8293037600802853,0.7136084890937028,<30
6_20,6,1,30,36.8952687911567,59.24981928663899,0.0,0.0,0.0,-0.7117839162943825,0.0,0.0,1.0,0.36895268791156705,0.5924981928663899,30-40
6_22,6,1,0,0.0,7.440283070376751,0.0,0.0,0.0,2.8138485292940447,0.0,0.0,0.0,0.0,0.0744028307037675,<30
6_22,6,1,5,27.192339628243435,19.87290345480858,1.0,1.0,1.0,0.9856796690151916,17.328786303836516,13.009709214389957,0.0,0.27192339628243434,0.1987290345480858,<30
6_22,6,1,10,8.691166477768682,15.449551033027182,0.0,0.0,0.0,0.876775916867247,0.0,0.0,0.0,0.08691166477768682,0.1544955103302718,<30
6_22,6,1,15,63.531167626125466,51.25130658248618,1.0,1.0,1.0,4.771723923063934,46.90740362289702,38.65186374919764,0.0,0.6353116762612546,0.5125130658248618,<30
6_22,6,1,20,47.600579024240616,43.150136678561964,1.0,1.0,1.0,-0.6440254609948175,26.146178232676576,16.180743632446028,0.0,0.4760057902424062,0.4315013667856196,<30
6_22,6,1,25,34.085966116981176,35.099635743335604,1.0,1.0,1.0,-1.8541411756008148,5.221851769257494,11.425711850674759,0.0,0.34085966116981176,0.35099635743335605,<30
6_22,6,1,30,16.10156862054159,39.74053519703758,0.0,0.0,0.0,4.488314433743616,0.0,0.0,0.0,0.16101568620541593,0.3974053519703758,30-40
6_22,6,1,35,54.75453839049072,73.85378325656245,0.0,1.0,1.0,6.0411719147859175,0.0,10.44124022085844,0.0,0.5475453839049073,0.7385378325656246,30-40
6_22,6,1,40,82.2237502629904,72.46557038102333,1.0,1.0,1.0,-3.6250006274677182,2.7770800245462652,17.306452343150937,0.0,0.8222375026299039,0.7246557038102333,30-40
6_22,6,1,45,88.98178231987728,88.98178231987728,0.0,1.0,0.0,6.059190967772679,0.0,21.31831067959932,1.0,0.8898178231987728,0.8898178231987728,41-52
6_4,6,2,0,0.0,31.45158544809049,0.0,0.0,1.0,14.08140857579347,0.0,0.0,0.0,0.0,0.3145158544809049,<30
6_4,6,2,5,19.654425212015042,14.409835078085626,1.0,0.0,1.0,-6.17629889763261,9.790871887608121,0.0,0.0,0.19654425212015042,0.14409835078085625,<30
6_4,6,2,10,6.166519249486978,2.6945506873788996,0.0,0.0,0.0,-2.1642434050755037,0.0,0.0,0.0,0.06166519249486978,0.026945506873788997,<30
6_4,6,2,15,2.4362753568445803,11.013238705322,0.0,0.0,0.0,2.4426352883278293,0.0,0.0,0.0,0.0243627535684458,0.11013238705322,<30
6_4,6,2,20,8.009683248198765,15.91583052126536,0.0,0.0,0.0,1.5204153723990668,0.0,0.0,0.0,0.08009683248198765,0.1591583052126536,<30
6_4,6,2,25,34.9360006124095,34.56634882491227,1.0,1.0,1.0,1.440933067864703,6.071886264685819,11.735354987032743,0.0,0.349360006124095,0.3456634882491227,<30
6_4,6,2,30,15.083196543076129,33.400449137684674,0.0,0.0,0.0,2.691433511118293,0.0,0.0,0.0,0.1508319654307613,0.33400449137684673,30-40
6_4,6,2,35,27.924616388145587,66.61803664693284,0.0,0.0,1.0,8.669875069730447,0.0,0.0,0.0,0.27924616388145584,0.6661803664693283,30-40
6_4,6,2,40,94.78366871172747,92.23581717137564,1.0,1.0,1.0,1.0483075373839768,15.336998473283344,27.322443044863135,1.0,0.9478366871172748,0.9223581717137564,30-40
6_6,6,2,0,0.0,23.166181323399766,0.0,0.0,1.0,8.715222896403729,0.0,0.0,0.0,0.0,0.23166181323399765,<30
6_6,6,2,5,55.281228832275126,29.65960025626772,1.0,1.0,1.0,-3.436523172449598,45.4176755078682,27.532191925446206,0.0,0.5528122883227513,0.2965960025626772,<30
6_6,6,2,10,22.303416674353276,25.58377063836454,1.0,0.0,1.0,0.5945725015777594,9.219108153166104,0.0,0.0,0.22303416674353277,0.2558377063836454,<30
6_6,6,2,15,39.28982236931161,70.67872938213114,1.0,1.0,1.0,11.583985183889615,22.666058366083163,18.507076763044875,0.0,0.39289822369311606,0.7067872938213113,<30
6_6,6,2,20,74.90497086833416,84.35952082059582,1.0,1.0,1.0,1.8995267794521253,53.45057007677012,37.67346994755958,0.0,0.7490497086833416,0.8435952082059582,<30
6_6,6,2,25,97.15307646368733,96.03894492421882,1.0,1.0,1.0,1.2843645682631282,68.28896211596364,67.14978887164331,0.0,0.9715307646368733,0.9603894492421883,<30
6_6,6,2,30,70.00365712761656,70.00365712761656,1.0,1.0,1.0,-9.085071432140259,29.86285699437947,39.92251960134767,1.0,0.7000365712761656,0.7000365712761656,30-40
6_8,6,3,0,0.0,1.7743995930228997,0.0,0.0,0.0,0.6243598013971727,0.0,0.0,0.0,0.0,0.017743995930228997,<30
6_8,6,3,5,16.71564940255059,17.47324633629732,1.0,1.0,1.0,2.9190596077144835,6.852096078143669,5.876545228585215,0.0,0.1671564940255059,0.17473246336297318,<30
6_8,6,3,10,19.35620613269155,52.459211432351594,1.0,1.0,1.0,9.318028497180046,6.271897611504379,4.810029354375427,0.0,0.1935620613269155,0.5245921143235159,<30
6_8,6,3,15,42.30282514983993,62.76089279368389,1.0,1.0,1.0,2.155829355430843,25.679061146611488,12.327422750468877,0.0,0.42302825149839934,0.6276089279368389,<30
6_8,6,3,20,95.01450853686057,89.69514237951194,1.0,1.0,1.0,2.2439195192816115,73.56010774529653,62.29475958639681,0.0,0.9501450853686058,0.8969514237951194,<30
6_8,6,3,25,75.59365334092786,69.24241122466105,1.0,1.0,1.0,-4.308899478774655,46.72953899320417,42.737842379412456,0.0,0.7559365334092786,0.6924241122466106,<30
6_8,6,3,30,84.55640956961528,93.50813345992749,1.0,1.0,1.0,6.471277437098512,44.41560943637819,52.56170036109384,0.0,0.8455640956961529,0.9350813345992749,30-40
6_8,6,3,35,97.30272397717854,96.17791675773003,1.0,1.0,1.0,-0.1025134174361417,40.73037036754455,54.944304703048836,0.0,0.9730272397717854,0.9617791675773003,30-40
6_8,6,3,40,97.0378202169103,95.29667386168796,1.0,1.0,1.0,-0.48705356025026275,17.591149978466177,53.25001121004779,0.0,0.9703782021691031,0.9529667386168796,30-40
6_8,6,3,45,94.01615535591213,97.89823531190926,0.0,1.0,0.0,1.1053838237509297,0.0,37.15671575993581,0.0,0.9401615535591213,0.9789823531190927,41-52
6_8,6,3,50,99.97407811541325,99.97407811541325,0.0,1.0,0.0,0.3645957044432227,0.0,22.966964321557924,1.0,0.9997407811541325,0.9997407811541325,41-52
7_1,7,2,0,0.0,1.1378921154207604,0.0,0.0,0.0,0.4865605062388708,0.0,0.0,0.0,0.0,0.011378921154207603,<30
7_1,7,2,5,2.080399677903346,2.4695162321092736,0.0,0.0,0.0,0.2596530764246955,0.0,0.0,0.0,0.020803996779033457,0.024695162321092735,<30
7_1,7,2,10,5.066178975680106,3.8460219878535016,0.0,0.0,0.0,-0.013333608010106213,0.0,0.0,0.0,0.050661789756801065,0.03846021987853501,<30
7_1,7,2,15,1.5133381020258205,10.068223315516894,0.0,0.0,0.0,2.4828404570648877,0.0,0.0,0.0,0.015133381020258206,0.10068223315516894,<30
7_1,7,2,20,28.00379800909407,37.27851713125661,1.0,1.0,1.0,5.04903769880565,6.549397217530029,9.099460320034805,0.0,0.2800379800909407,0.3727851713125661,<30
7_1,7,2,25,20.310111882480783,28.42886539498779,0.0,0.0,0.0,-1.5020485299177593,0.0,0.0,0.0,0.20310111882480783,0.2842886539498779,<30
7_1,7,2,30,40.04905363043748,28.090566882988874,0.0,1.0,0.0,-1.9738815804820422,0.0,10.34516361983453,0.0,0.40049053630437476,0.28090566882988877,30-40
7_1,7,2,35,37.59668039815827,58.396448516107036,0.0,1.0,0.0,9.256356211862236,0.0,0.696084695763453,0.0,0.3759668039815827,0.5839644851610704,30-40
7_1,7,2,40,48.74433868202624,36.475255987535576,0.0,0.0,0.0,-7.329907576909399,0.0,0.0,0.0,0.4874433868202624,0.36475255987535576,30-40
7_1,7,2,45,41.1011198588771,71.82432248659138,0.0,0.0,0.0,10.709703806147045,0.0,0.0,0.0,0.411011198588771,0.7182432248659139,41-52
7_1,7,2,50,94.73511688957937,70.13392304232393,0.0,0.0,0.0,-6.044313500948151,0.0,0.0,0.0,0.9473511688957937,0.7013392304232393,41-52
7_1,7,2,55,57.50753715410791,62.22353257991839,0.0,0.0,0.0,0.24082398858307275,0.0,0.0,1.0,0.5750753715410791,0.622235325799184,53+
7_11,7,3,0,0.0,0.0,0.0,0.0,0.0,0.0,0.0,0.0,0.0,0.0,0.0,<30
7_11,7,3,5,0.0,2.112403450008406,0.0,0.0,0.0,0.7041344833361354,0.0,0.0,0.0,0.0,0.02112403450008406,<30
7_11,7,3,10,16.536826641211817,11.823943368917082,1.0,1.0,0.0,1.0734939804790304,3.4525181200246458,4.948471535046114,0.0,0.1653682664121182,0.11823943368917082,<30
7_11,7,3,15,18.975226900117878,25.47696845669509,1.0,1.0,1.0,3.8395439718367967,2.3514628968894336,4.010081371365537,0.0,0.18975226900117878,0.2547696845669509,<30
7_11,7,3,20,60.64203518529072,64.50135597924874,1.0,1.0,1.0,7.161210146558879,39.18763439372668,34.871684107338545,0.0,0.6064203518529072,0.6450135597924874,<30
7_11,7,3,25,74.39842508964819,78.59230946922919,1.0,1.0,1.0,3.0767648678385338,45.5343107419245,38.380857330764236,0.0,0.7439842508964819,0.7859230946922919,<30
7_11,7,3,30,81.02349652570632,66.81599334405217,1.0,1.0,1.0,-4.258648519007904,40.88269639246923,52.46473695778036,0.0,0.8102349652570632,0.6681599334405217,30-40
7_11,7,3,35,48.624420200019394,55.100976025601526,0.0,1.0,0.0,0.344840470926037,0.0,8.046705719178838,0.0,0.4862442020001939,0.5510097602560152,30-40
7_11,7,3,40,72.53372152268977,83.03319573243539,0.0,1.0,0.0,5.488625874739215,0.0,21.463333024520125,0.0,0.7253372152268978,0.8303319573243538,30-40
7_11,7,3,45,94.7410867672685,91.17364779140397,0.0,1.0,0.0,0.3341133428782029,0.0,23.170138469021296,0.0,0.947410867672685,0.9117364779140397,41-52
7_11,7,3,50,85.38915947904025,82.3088503015259,0.0,1.0,0.0,-1.796199096010983,0.0,4.961766603380553,0.0,0.8538915947904024,0.8230885030152589,41-52
7_11,7,3,55,76.15437874236952,75.14401253604953,0.0,0.0,0.0,-0.9713299599561006,0.0,0.0,0.0,0.7615437874236952,0.7514401253604953,53+
7_11,7,3,60,72.96046966707834,67.67590286737938,0.0,0.0,0.0,-2.435614983569945,0.0,0.0,1.0,0.7296046966707834,0.6767590286737938,53+
7_13,7,2,0,0.0,0.4714850907004606,0.0,0.0,0.0,0.1572139455567292,0.0,0.0,0.0,0.0,0.004714850907004606,<30
7_13,7,2,5,1.3786397728613862,0.7230293531146216,0.0,0.0,0.0,-0.05537803366454504,0.0,0.0,0.0,0.013786397728613863,0.007230293531146216,<30
7_13,7,2,10,0.7379574512742064,4.81886463533809,0.0,0.0,0.0,1.294484597161384,0.0,0.0,0.0,0.007379574512742064,0.0481886463533809,<30
7_13,7,2,15,13.95962448740108,13.07629940662089,0.0,1.0,0.0,1.3308666087369232,0.0,1.1505345487017138,0.0,0.1395962448740108,0.1307629940662089,<30
7_13,7,2,20,14.750599550719892,10.44555046394039,0.0,0.0,0.0,-1.3429118926534342,0.0,0.0,0.0,0.14750599550719892,0.10445550463940391,<30
7_13,7,2,25,2.1367920851561055,1.037865652206964,0.0,0.0,0.0,-1.2656866254305283,0.0,0.0,0.0,0.021367920851561056,0.010378656522069641,<30
7_13,7,2,30,0.5863464769125514,0.41059713731330133,0.0,0.0,0.0,-0.06069487264548801,0.0,0.0,1.0,0.005863464769125514,0.004105971373133013,30-40
7_15,7,2,0,0.0,15.287923900589098,0.0,0.0,1.0,6.199925754729286,0.0,0.0,0.0,0.0,0.15287923900589098,<30
7_15,7,2,5,14.125835946973968,9.60115707222519,1.0,0.0,1.0,-2.8711515803288976,4.262282622567048,0.0,0.0,0.1412583594697397,0.0960115707222519,<30
7_15,7,2,10,23.3131629393663,40.96149035141175,1.0,1.0,1.0,7.566813786128568,10.228854418179129,8.651551882772491,0.0,0.233131629393663,0.40961490351411745,<30
7_15,7,2,15,34.91476181997016,25.653933764315884,1.0,1.0,1.0,-5.389621132971129,18.290997816741715,10.004384023416208,0.0,0.3491476181997016,0.25653933764315884,<30
7_15,7,2,20,20.9894947115025,12.57917803291329,0.0,0.0,0.0,-2.3723182891881236,0.0,0.0,0.0,0.209894947115025,0.1257917803291329,<30
7_15,7,2,25,2.6906471381977473,3.252724459851838,0.0,0.0,0.0,-0.7617985446664995,0.0,0.0,0.0,0.026906471381977472,0.032527244598518384,<30
7_15,7,2,30,10.279310446149207,24.690139856051022,0.0,0.0,0.0,5.93916934920833,0.0,0.0,0.0,0.10279310446149208,0.24690139856051022,30-40
7_15,7,2,35,46.87802001194064,52.72339286330332,0.0,1.0,0.0,3.4390465493050497,0.0,1.9064529932904222,0.0,0.4687802001194064,0.5272339286330332,30-40
7_15,7,2,40,24.26958816543528,34.10605035022465,0.0,0.0,0.0,-1.6133124740031928,0.0,0.0,0.0,0.2426958816543528,0.3410605035022465,30-40
7_15,7,2,45,33.991028128824084,37.77621273243727,0.0,0.0,0.0,-0.47068366592706956,0.0,0.0,0.0,0.33991028128824086,0.37776212732437275,41-52
7_15,7,2,50,41.17691597961553,41.17691597961553,0.0,0.0,0.0,3.1646940496360734,0.0,0.0,1.0,0.4117691597961553,0.4117691597961553,41-52
7_17,7,3,0,0.0,2.149678526922935,0.0,0.0,0.0,0.8931064017052934,0.0,0.0,0.0,0.0,0.021496785269229348,<30
7_17,7,3,5,1.588509342601359,2.138733567216182,0.0,0.0,0.0,-0.08929535094585664,0.0,0.0,0.0,0.01588509342601359,0.02138733567216182,<30
7_17,7,3,10,2.9413274331702315,5.922138889397145,0.0,0.0,0.0,1.1150936045922353,0.0,0.0,0.0,0.029413274331702315,0.059221388893971445,<30
7_17,7,3,15,6.467762430615132,5.139517912217006,0.0,0.0,0.0,-0.746583536129918,0.0,0.0,0.0,0.06467762430615132,0.05139517912217006,<30
7_17,7,3,20,2.60462160117093,2.505590596555705,0.0,0.0,0.0,-0.43987878642759204,0.0,0.0,0.0,0.026046216011709297,0.02505590596555705,<30
7_17,7,3,25,6.6570169991806285,11.825594598548424,0.0,0.0,0.0,2.5364455400922363,0.0,0.0,0.0,0.06657016999180629,0.11825594598548424,<30
7_17,7,3,30,29.96761699982269,24.456101776531074,0.0,1.0,0.0,1.2846654059664968,0.0,0.17945187043511623,0.0,0.2996761699982269,0.24456101776531075,30-40
7_17,7,3,35,51.27511909540527,55.4396692863276,0.0,1.0,0.0,6.8275274438961,0.0,9.702034476037568,0.0,0.5127511909540527,0.554396692863276,30-40
7_17,7,3,40,25.29011549526992,17.18235065590283,0.0,0.0,0.0,-8.035224822633882,0.0,0.0,0.0,0.2529011549526992,0.1718235065590283,30-40
7_17,7,3,45,21.58387597080897,22.31249645397883,0.0,0.0,0.0,1.738201657357368,0.0,0.0,0.0,0.2158387597080897,0.2231249645397883,41-52
7_17,7,3,50,22.100439420274938,22.100439420274938,0.0,0.0,0.0,0.5971821384496904,0.0,0.0,1.0,0.2210043942027494,0.2210043942027494,41-52
7_19,7,2,0,0.0,0.26391216363186204,0.0,0.0,0.0,0.12062936171029881,0.0,0.0,0.0,0.0,0.0026391216363186205,<30
7_19,7,2,5,9.787795815633915,11.614844385949418,0.0,1.0,0.0,2.044499576128003,0.0,1.3709151588614379,0.0,0.09787795815633915,0.11614844385949417,<30
7_19,7,2,10,3.9444911169702994,1.748254862939914,0.0,0.0,0.0,-1.9259392522872563,0.0,0.0,0.0,0.039444911169702994,0.01748254862939914,<30
7_19,7,2,15,1.6372288816449179,2.5509375131827077,0.0,0.0,0.0,0.4379706273193748,0.0,0.0,0.0,0.016372288816449178,0.025509375131827078,<30
7_19,7,2,20,7.313579763720334,15.160056442363606,0.0,0.0,0.0,3.1801834750159927,0.0,0.0,0.0,0.07313579763720333,0.15160056442363606,<30
7_19,7,2,25,14.835884248859795,13.039617595152396,0.0,0.0,0.0,-1.261855621554736,0.0,0.0,0.0,0.14835884248859796,0.13039617595152397,<30
7_19,7,2,30,6.603064878312889,3.054624346204796,0.0,0.0,0.0,-2.240085092254561,0.0,0.0,0.0,0.06603064878312889,0.03054624346204796,30-40
7_19,7,2,35,2.2842693049608878,4.466596624911118,0.0,0.0,0.0,0.8560228799222706,0.0,0.0,1.0,0.022842693049608877,0.044665966249111184,30-40
7_21,7,1,0,0.0,0.09461062762127095,0.0,0.0,0.0,0.03153687587375698,0.0,0.0,0.0,0.0,0.0009461062762127095,<30
7_21,7,1,5,0.4104890962496627,7.383411514787056,0.0,0.0,0.0,2.2957377222014483,0.0,0.0,0.0,0.004104890962496627,0.07383411514787057,<30
7_21,7,1,10,12.08953201559752,15.930738584736059,0.0,0.0,0.0,1.6339214372162538,0.0,0.0,0.0,0.1208953201559752,0.1593073858473606,<30
7_21,7,1,15,41.991641385117624,40.24867830575638,1.0,1.0,1.0,3.438713654124154,25.36787738188918,22.252941885208784,0.0,0.41991641385117623,0.4024867830575638,<30
7_21,7,1,20,26.207704977004,22.59637337091272,1.0,1.0,1.0,-2.856751693716314,4.7533041854399585,2.1389046512148653,0.0,0.26207704977004,0.2259637337091272,<30
7_21,7,1,25,19.79534536753846,24.466210373465533,0.0,0.0,0.0,0.8170120850668067,0.0,0.0,0.0,0.19795345367538458,0.24466210373465533,<30
7_21,7,1,30,30.26570488438867,34.78127666897729,0.0,1.0,0.0,2.31635926894048,0.0,5.6328796242307355,0.0,0.30265704884388667,0.3478127666897729,30-40
7_21,7,1,35,26.944501816436407,22.900675595934246,0.0,0.0,0.0,-4.578626237928997,0.0,0.0,1.0,0.26944501816436406,0.22900675595934245,30-40
7_4,7,1,0,0.0,0.14343962595166118,0.0,0.0,0.0,0.06120527765997844,0.0,0.0,0.0,0.0,0.0014343962595166119,<30
7_4,7,1,5,0.7745407992284543,3.5029710572893755,0.0,0.0,0.0,1.043671855510512,0.0,0.0,0.0,0.007745407992284543,0.03502971057289375,<30
7_4,7,1,10,15.633521169166336,16.60044459256438,1.0,1.0,1.0,2.4714375829355624,2.5492126479791644,4.098544055425615,0.0,0.15633521169166337,0.16600444592564378,<30
7_4,7,1,15,12.832899179360645,12.582557786994737,0.0,0.0,0.0,-0.9472116930315749,0.0,0.0,0.0,0.12832899179360646,0.12582557786994739,<30
7_4,7,1,20,30.103020077429427,22.742365094529358,1.0,1.0,0.0,0.9921480567139189,8.648619285865387,13.84170458045934,0.0,0.30103020077429427,0.22742365094529357,<30
7_4,7,1,25,32.166641238999325,61.29413158296465,1.0,1.0,1.0,10.343057008851938,3.302526891275644,9.511206445599292,0.0,0.3216664123899933,0.6129413158296465,<30
7_4,7,1,30,37.50525352874281,23.401215802845353,0.0,0.0,0.0,-10.162127923213799,0.0,0.0,0.0,0.3750525352874281,0.23401215802845354,30-40
7_4,7,1,35,37.45231691548321,24.565211393137947,0.0,0.0,0.0,0.1641259216945689,0.0,0.0,0.0,0.3745231691548321,0.24565211393137948,30-40
7_4,7,1,40,48.607029938144876,54.40485608140155,0.0,0.0,0.0,7.318358342544069,0.0,0.0,0.0,0.48607029938144874,0.5440485608140154,30-40
7_4,7,1,45,57.33912538117584,63.113013277344834,0.0,0.0,0.0,1.9560254632202607,0.0,0.0,1.0,0.5733912538117584,0.6311301327734483,41-52
7_6,7,2,0,0.0,0.060335048046146963,0.0,0.0,0.0,0.025363957323684454,0.0,0.0,0.0,0.0,0.0006033504804614697,<30
7_6,7,2,5,0.030050562038461587,0.030718676170483156,0.0,0.0,0.0,-0.011241707634509133,0.0,0.0,0.0,0.00030050562038461587,0.00030718676170483157,<30
7_6,7,2,10,0.5300356280112272,4.576794064037726,0.0,0.0,0.0,1.3921717133473355,0.0,0.0,0.0,0.005300356280112272,0.04576794064037726,<30
7_6,7,2,15,20.44210524474782,19.32187884368559,1.0,1.0,1.0,2.3196111745929304,3.818341241519377,5.73835519356491,0.0,0.2044210524474782,0.1932187884368559,<30
7_6,7,2,20,17.799784010031928,21.93294444669564,0.0,0.0,0.0,0.8262948069751982,0.0,0.0,0.0,0.17799784010031927,0.2193294444669564,<30
7_6,7,2,25,6.385781401702446,7.637072174289048,0.0,0.0,0.0,-2.666290148005507,0.0,0.0,0.0,0.06385781401702446,0.07637072174289047,<30
7_6,7,2,30,35.025816990895706,41.64249105763594,0.0,1.0,0.0,7.279208687793154,0.0,3.986920301618376,0.0,0.3502581699089571,0.4164249105763594,30-40
7_6,7,2,35,43.09862097217713,25.786649435548842,0.0,0.0,0.0,-6.443756758029606,0.0,0.0,1.0,0.4309862097217713,0.2578664943554884,30-40
7_8,7,1,0,0.0,0.44241520831393366,0.0,0.0,0.0,0.19290524915637858,0.0,0.0,0.0,0.0,0.004424152083139336,<30
7_8,7,1,5,1.7410757269398416,5.69177280813356,0.0,0.0,0.0,1.5220067384297615,0.0,0.0,0.0,0.017410757269398416,0.056917728081335606,<30
7_8,7,1,10,18.376436941558453,11.306188523219157,1.0,1.0,0.0,0.14790280537030814,5.292128420371281,6.051228377328341,0.0,0.18376436941558452,0.11306188523219157,<30
7_8,7,1,15,18.194998143046277,19.031298585359053,1.0,1.0,0.0,2.3132312618396194,1.5712341398178324,4.432642685270697,0.0,0.18194998143046276,0.19031298585359052,<30
7_8,7,1,20,29.86655284306248,48.78031939953293,1.0,1.0,1.0,6.609323843082478,8.412152051498438,12.239208026386137,0.0,0.29866552843062477,0.4878031939953293,<30
7_8,7,1,25,33.46548794987047,31.525205280440037,1.0,1.0,1.0,-4.56105400874751,4.60137360214679,2.523165163409992,0.0,0.3346548794987047,0.3152520528044004,<30
7_8,7,1,30,29.474805713900473,27.71742309653465,0.0,0.0,0.0,-1.0083410379513353,0.0,0.0,1.0,0.2947480571390047,0.2771742309653465,30-40
8_1,8,2,0,0.0,36.42059254024758,0.0,0.0,1.0,14.0930229492136,0.0,0.0,0.0,0.0,0.3642059254024758,<30
8_1,8,2,5,90.49619784785422,90.10548246857851,1.0,1.0,1.0,6.676336409113335,80.6326445234473,52.23692991194358,0.0,0.9049619784785422,0.9010548246857851,<30
8_1,8,2,10,72.79751493510713,74.48184515325192,1.0,1.0,1.0,-2.686043443139071,59.71320641391996,33.9269043441672,0.0,0.7279751493510713,0.7448184515325192,<30
8_1,8,2,15,55.879712726588465,35.49237681205934,1.0,1.0,1.0,-10.047576411947881,39.25594872336002,36.6795330752623,0.0,0.5587971272658847,0.3549237681205934,<30
8_1,8,2,20,36.18772459205049,38.1736801427882,1.0,1.0,1.0,1.9164318933455966,14.733323800486453,3.933607993075185,0.0,0.3618772459205049,0.381736801427882,<30
8_1,8,2,25,35.446413516650296,45.97454498786831,1.0,1.0,1.0,3.3859786528470295,6.582299168926614,10.407271442100772,0.0,0.35446413516650294,0.45974544987868315,<30
8_1,8,2,30,88.94409927137485,93.2218809176292,1.0,1.0,1.0,13.703681558455541,48.80329913813776,50.78114484444414,1.0,0.8894409927137485,0.9322188091762921,30-40
8_11,8,2,0,0.0,8.4262378872178,0.0,0.0,1.0,3.7467353141083093,0.0,0.0,0.0,0.0,0.084262378872178,<30
8_11,8,2,5,31.62297511960962,36.06607184475338,1.0,1.0,1.0,4.13991979478044,21.759421795202698,17.18658756601539,0.0,0.3162297511960962,0.36066071844753383,<30
8_11,8,2,10,14.763856759507954,6.7507735768487125,1.0,0.0,1.0,-5.753599113488589,1.6795482383207823,0.0,0.0,0.14763856759507954,0.06750773576848712,<30
8_11,8,2,15,1.0101811091324953,0.8947787889620755,0.0,0.0,0.0,-0.486406905649588,0.0,0.0,0.0,0.010101811091324953,0.008947787889620756,<30
8_11,8,2,20,2.215349261250547,6.0395103860542285,0.0,0.0,0.0,1.3837019079523996,0.0,0.0,0.0,0.022153492612505474,0.06039510386054228,<30
8_11,8,2,25,8.664950761423173,36.377986925868775,0.0,0.0,1.0,8.78653761497614,0.0,0.0,0.0,0.08664950761423172,0.36377986925868777,<30
8_11,8,2,30,58.12698460117222,69.82989318064843,1.0,1.0,1.0,4.909455391313331,17.986184467935125,14.868388751826963,0.0,0.5812698460117222,0.6982989318064843,30-40
8_11,8,2,35,83.59125416311664,93.65686587461428,1.0,1.0,1.0,4.352908065710667,27.018900553482652,31.084141794084424,0.0,0.8359125416311665,0.9365686587461428,30-40
8_11,8,2,40,99.62578216728086,97.78406858177271,1.0,1.0,1.0,-0.1141136748995153,20.179111928836733,45.05441763763614,1.0,0.9962578216728086,0.9778406858177271,30-40
8_13,8,3,0,0.0,4.298373516562473,0.0,0.0,0.0,2.098093831752679,0.0,0.0,0.0,0.0,0.042983735165624724,<30
8_13,8,3,5,2.3399039107836552,7.285904113367687,0.0,0.0,0.0,1.1288342296602996,0.0,0.0,0.0,0.023399039107836552,0.07285904113367687,<30
8_13,8,3,10,63.512661868806134,54.991529191358595,1.0,1.0,1.0,7.345248919234557,50.428353347618966,38.91258923208521,0.0,0.6351266186880613,0.5499152919135859,<30
8_13,8,3,15,23.850908250357104,28.7428026225523,1.0,0.0,1.0,-3.154265174585023,7.22714424712866,0.0,0.0,0.23850908250357106,0.287428026225523,<30
8_13,8,3,20,52.704098636768435,55.76099114694024,1.0,1.0,1.0,5.564357641681521,31.249697845204395,24.322618670643784,0.0,0.5270409863676844,0.5576099114694024,<30
8_13,8,3,25,40.83006341251098,21.72188055710446,1.0,1.0,1.0,-9.134859638788146,11.9659490647873,11.13176870525784,0.0,0.4083006341251098,0.2172188055710446,<30
8_13,8,3,30,22.365193152120824,14.544529863030174,0.0,0.0,0.0,-0.8554070082131977,0.0,0.0,0.0,0.22365193152120824,0.14544529863030176,30-40
8_13,8,3,35,3.9422070096862303,6.128652185265485,0.0,0.0,0.0,-0.6823970184588964,0.0,0.0,1.0,0.0394220700968623,0.06128652185265485,30-40
8_16,8,3,0,0.0,59.13882134736427,0.0,0.0,1.0,25.23738524423863,0.0,0.0,0.0,0.0,0.5913882134736427,<30
8_16,8,3,5,81.20024152073725,82.4353275705898,1.0,1.0,1.0,0.13392303262716704,71.33668819633033,44.51469439024328,0.0,0.8120024152073725,0.824353275705898,<30
8_16,8,3,10,55.99696451214449,24.50125742871051,1.0,1.0,1.0,-14.587652529487169,42.91265599095732,23.820680839445444,0.0,0.5599696451214449,0.2450125742871051,<30
8_16,8,3,15,21.089928838540402,43.61075943576831,1.0,0.0,1.0,6.935545077653309,4.466164835311957,0.0,0.0,0.21089928838540403,0.4361075943576831,<30
8_16,8,3,20,29.599346879391078,55.69320006698742,1.0,1.0,1.0,3.7879338480656073,8.144946087827037,0.6636005354489924,0.0,0.29599346879391075,0.5569320006698742,<30
8_16,8,3,25,35.26285515201662,15.825523897080185,1.0,1.0,1.0,-11.56716400349364,6.398740804292938,4.391911534270417,0.0,0.3526285515201662,0.15825523897080185,<30
8_16,8,3,30,3.0921934670630002,3.0921934670630002,0.0,0.0,0.0,-2.9373489907118624,0.0,0.0,1.0,0.03092193467063,0.03092193467063,30-40
8_18,8,3,0,0.0,1.333672582020361,0.0,0.0,0.0,0.5839228524647299,0.0,0.0,0.0,0.0,0.01333672582020361,<30
8_18,8,3,5,2.1408500771832597,1.6833360171033227,0.0,0.0,0.0,-0.04284687328838792,0.0,0.0,0.0,0.0214085007718326,0.016833360171033228,<30
8_18,8,3,10,2.476490331017553,2.4732570371417,0.0,0.0,0.0,0.1162437957774268,0.0,0.0,0.0,0.02476490331017553,0.024732570371417004,<30
8_18,8,3,15,1.4804202618652074,13.38171779453586,0.0,0.0,0.0,3.7228660339674393,0.0,0.0,0.0,0.014804202618652073,0.1338171779453586,<30
8_18,8,3,20,21.157849410021228,27.096295800062727,0.0,1.0,0.0,2.458627846896438,0.0,0.20490492047454012,0.0,0.2115784941002123,0.27096295800062725,<30
8_18,8,3,25,27.759588473507787,17.54184569622536,0.0,1.0,0.0,-3.8751412026832397,0.0,0.9583974075320789,0.0,0.27759588473507785,0.17541845696225358,<30
8_18,8,3,30,16.442234088942563,19.722345653833223,0.0,0.0,0.0,1.5242548611110103,0.0,0.0,0.0,0.16442234088942562,0.19722345653833223,30-40
8_18,8,3,35,63.51441054565895,86.90780843090083,1.0,1.0,1.0,14.7380087985287,6.942056936024954,20.576283683757822,0.0,0.6351441054565895,0.8690780843090082,30-40
8_18,8,3,40,91.76861911845188,86.89342185048052,1.0,1.0,1.0,-2.7100811025950766,12.321948880007753,16.465901681459457,1.0,0.9176861911845188,0.8689342185048052,30-40
8_20,8,1,0,0.0,0.0,0.0,0.0,0.0,0.0,0.0,0.0,0.0,0.0,0.0,<30
8_20,8,1,5,0.0,0.5014222190933566,0.0,0.0,0.0,0.165562011419547,0.0,0.0,0.0,0.0,0.005014222190933566,<30
8_20,8,1,10,3.3519704925003424,3.5496192113730722,0.0,0.0,0.0,0.42353482043651863,0.0,0.0,0.0,0.033519704925003425,0.03549619211373072,<30
8_20,8,1,15,0.7209840293048794,0.7698386381282165,0.0,0.0,0.0,-0.4059906787722737,0.0,0.0,0.0,0.007209840293048794,0.007698386381282165,<30
8_20,8,1,20,8.032613701936635,13.062506196105966,0.0,0.0,0.0,2.54765065138448,0.0,0.0,0.0,0.08032613701936635,0.13062506196105966,<30
8_20,8,1,25,8.975223796298167,19.579716371883904,0.0,0.0,0.0,2.281370576533649,0.0,0.0,0.0,0.08975223796298167,0.19579716371883904,<30
8_20,8,1,30,50.28672569469039,70.72219915495248,1.0,1.0,1.0,9.967028203933324,10.145925561453296,18.309922821456983,1.0,0.5028672569469039,0.7072219915495248,30-40
8_22,8,3,0,0.0,0.0,0.0,0.0,0.0,0.0,0.0,0.0,0.0,0.0,0.0,<30
8_22,8,3,5,0.0,0.0,0.0,0.0,0.0,0.0,0.0,0.0,0.0,0.0,0.0,<30
8_22,8,3,10,0.0,0.0,0.0,0.0,0.0,0.0,0.0,0.0,0.0,0.0,0.0,<30
8_22,8,3,15,0.0,0.31917581688924795,0.0,0.0,0.0,0.10616928038970146,0.0,0.0,0.0,0.0,0.0031917581688924797,<30
8_22,8,3,20,2.151811665995463,8.083848919896312,0.0,0.0,0.0,2.1364438253664915,0.0,0.0,0.0,0.021518116659954633,0.08083848919896312,<30
8_22,8,3,25,10.522183649412614,10.789608646001486,0.0,0.0,0.0,-0.04420232907674411,0.0,0.0,0.0,0.10522183649412614,0.10789608646001486,<30
8_22,8,3,30,15.116002153818663,9.471555994642497,0.0,0.0,0.0,-0.8761128847273021,0.0,0.0,0.0,0.15116002153818664,0.09471555994642497,30-40
8_22,8,3,35,4.991946562699825,3.8456624553629384,0.0,0.0,0.0,-0.7348042004960641,0.0,0.0,0.0,0.04991946562699825,0.03845662455362939,30-40
8_22,8,3,40,2.590474679331687,18.440814362256322,0.0,0.0,0.0,5.112138715648434,0.0,0.0,0.0,0.02590474679331687,0.18440814362256322,30-40
8_22,8,3,45,63.47211922900885,64.89912310489058,0.0,0.0,0.0,7.776283982038552,0.0,0.0,0.0,0.6347211922900885,0.6489912310489058,41-52
8_22,8,3,50,76.98806173815265,75.03001584955885,0.0,0.0,0.0,1.0702298825273038,0.0,0.0,0.0,0.7698806173815265,0.7503001584955885,41-52
8_22,8,3,55,58.99932252242773,53.72866972727528,0.0,0.0,0.0,-4.27493495023375,0.0,0.0,0.0,0.5899932252242773,0.5372866972727528,53+
8_22,8,3,60,42.711847615250676,42.711847615250676,0.0,0.0,0.0,-3.9482971095079997,0.0,0.0,1.0,0.42711847615250675,0.42711847615250675,53+
8_3,8,1,0,0.0,0.0,0.0,0.0,0.0,0.0,0.0,0.0,0.0,0.0,0.0,<30
8_3,8,1,5,0.0,0.0,0.0,0.0,0.0,0.0,0.0,0.0,0.0,0.0,0.0,<30
8_3,8,1,10,0.0,0.007104066416861744,0.0,0.0,0.0,0.0023680221389539144,0.0,0.0,0.0,0.0,7.104066416861744e-05,<30
8_3,8,1,15,0.26510658626083805,5.040103977999612,0.0,0.0,0.0,1.6092636768866637,0.0,0.0,0.0,0.0026510658626083803,0.050401039779996125,<30
8_3,8,1,20,20.69203649781062,33.41888177777158,0.0,1.0,1.0,5.877541686104764,0.0,3.4656003823367314,0.0,0.2069203649781062,0.3341888177777158,<30
8_3,8,1,25,43.07785984720812,57.84227082760329,1.0,1.0,1.0,5.339777852620435,14.213745499484435,12.400096916096047,0.0,0.43077859847208116,0.5784227082760329,<30
8_3,8,1,30,69.08590563093007,69.08590563093007,1.0,1.0,1.0,1.29163826700884,28.94510549769298,33.42227754803846,1.0,0.6908590563093007,0.6908590563093007,30-40
8_5,8,3,0,0.0,33.87228186002265,0.0,0.0,1.0,13.951862216950857,0.0,0.0,0.0,0.0,0.3387228186002265,<30
8_5,8,3,5,51.4661853827414,65.82534541042081,1.0,1.0,1.0,4.943229254254888,41.60263205833448,26.17690377223918,0.0,0.514661853827414,0.6582534541042081,<30
8_5,8,3,10,76.44313130352523,68.78804721165994,1.0,1.0,1.0,-1.5314234975891723,63.358822782338066,46.46352498150709,0.0,0.7644313130352524,0.6878804721165994,<30
8_5,8,3,15,44.43408332758056,18.638352754998163,1.0,1.0,1.0,-11.69530718378893,27.810319324352115,25.542299103142525,0.0,0.4443408332758056,0.18638352754998164,<30
8_5,8,3,20,2.1222410067708997,1.0752349517567548,0.0,0.0,0.0,-1.4982004050877034,0.0,0.0,0.0,0.021222410067708995,0.010752349517567547,<30
8_5,8,3,25,1.894279848719057,4.464100202650308,0.0,0.0,0.0,1.0998790282665436,0.0,0.0,0.0,0.01894279848719057,0.044641002026503084,<30
8_5,8,3,30,19.013615744646646,56.484910086846796,0.0,0.0,1.0,14.20544972603704,0.0,0.0,1.0,0.19013615744646647,0.564849100868468,30-40
8_7,8,3,0,0.0,28.00374561231673,0.0,0.0,1.0,11.675502493585446,0.0,0.0,0.0,0.0,0.2800374561231673,<30
8_7,8,3,5,64.53176201441707,46.63116296396838,1.0,1.0,1.0,-0.80931045938684,54.66820869001015,38.754860174038754,0.0,0.6453176201441707,0.4663116296396838,<30
8_7,8,3,10,29.773085602264082,32.02874395817033,1.0,1.0,1.0,-1.2244988483916743,16.68877708107691,5.908935723340559,0.0,0.2977308560226408,0.3202874395817033,<30
8_7,8,3,15,23.23926291516731,25.197051220285857,1.0,1.0,1.0,-1.1782201289297902,6.6154989119388645,2.1746756583435385,0.0,0.23239262915167308,0.2519705122028586,<30
8_7,8,3,20,29.342194081438574,47.33204315087869,1.0,1.0,1.0,6.037590018062553,7.8877932898745335,13.190824661065946,0.0,0.2934219408143857,0.4733204315087869,<30
8_7,8,3,25,41.78936352413328,59.439905534794704,1.0,1.0,1.0,3.593591314480259,12.925249176409597,14.283578479138562,0.0,0.4178936352413328,0.594399055347947,<30
8_7,8,3,30,92.30533671123848,96.17013637656433,1.0,1.0,1.0,5.110954510566081,52.16453657800139,52.60259110731032,0.0,0.9230533671123848,0.9617013637656433,30-40
8_7,8,3,35,98.22989729935371,92.53849952911887,1.0,1.0,1.0,-1.7811690531834792,41.657543689719716,46.885822229750175,0.0,0.9822989729935371,0.9253849952911887,30-40
8_7,8,3,40,94.22521021566524,91.83698772284467,1.0,1.0,1.0,0.09923201540957897,14.778539977221115,50.178198905908644,0.0,0.9422521021566524,0.9183698772284467,30-40
8_7,8,3,45,84.98397305976597,89.04379806802686,0.0,1.0,0.0,0.07731680971592807,0.0,24.895795714229727,0.0,0.8498397305976597,0.8904379806802686,41-52
8_7,8,3,50,85.63963959783675,83.10617704916356,0.0,1.0,0.0,-2.3325916648716793,0.0,7.2044783930977445,1.0,0.8563963959783675,0.8310617704916357,41-52
8_9,8,1,0,0.0,27.524595986665883,0.0,0.0,1.0,10.985895332128788,0.0,0.0,0.0,0.0,0.27524595986665884,<30
8_9,8,1,5,62.621709843012276,65.6725701028819,1.0,1.0,1.0,5.356887175952811,52.758156518605354,35.36721900217586,0.0,0.6262170984301227,0.6567257010288191,<30
8_9,8,1,10,45.765081067503345,20.603371146607465,1.0,1.0,1.0,-11.660105458364871,32.68077254631618,16.62679777653915,0.0,0.45765081067503344,0.20603371146607466,<30
8_9,8,1,15,2.444283513041193,2.1421036121698185,0.0,0.0,0.0,-1.5296875858109185,0.0,0.0,0.0,0.02444283513041193,0.021421036121698184,<30
8_9,8,1,20,2.4995081682911637,13.948898716842564,0.0,0.0,0.0,3.762323546156087,0.0,0.0,0.0,0.024995081682911636,0.13948898716842564,<30
8_9,8,1,25,53.47684841563252,66.36938654651735,1.0,1.0,1.0,10.663999516690621,24.612734067908836,22.923791153975912,0.0,0.5347684841563252,0.6636938654651735,<30
8_9,8,1,30,66.50222999722958,66.50222999722958,1.0,1.0,1.0,1.7815604901315634,26.361429863992484,17.77329003688901,1.0,0.6650222999722958,0.6650222999722958,30-40
9_1,9,1,0,0.0,48.69092119768574,0.0,0.0,1.0,20.195697717833813,0.0,0.0,0.0,0.0,0.4869092119768574,<30
9_1,9,1,5,65.5073104072889,33.782871731079936,1.0,1.0,1.0,-10.461353594877428,55.643757082881976,32.69955606381535,0.0,0.655073104072889,0.3378287173107994,<30
9_1,9,1,10,6.277537674784326,14.187224069487797,0.0,0.0,1.0,0.24299360306903256,0.0,0.0,0.0,0.06277537674784325,0.14187224069487797,<30
9_1,9,1,15,14.002858240777217,31.83578388760671,0.0,0.0,1.0,4.327057923402132,0.0,0.0,0.0,0.14002858240777216,0.3183578388760671,<30
9_1,9,1,20,34.345726124548726,21.27072567747652,1.0,1.0,1.0,-5.079751323935054,12.891325332984685,10.956332685734154,0.0,0.34345726124548726,0.2127072567747652,<30
9_1,9,1,25,10.753232341635101,12.124712506388656,0.0,0.0,0.0,-0.3998586944218272,0.0,0.0,0.0,0.10753232341635101,0.12124712506388656,<30
9_1,9,1,30,18.80873943388542,43.71406141382656,0.0,0.0,0.0,10.051090909206426,0.0,0.0,1.0,0.1880873943388542,0.43714061413826566,30-40
9_11,9,2,0,0.0,0.0,0.0,0.0,0.0,0.0,0.0,0.0,0.0,0.0,0.0,<30
9_11,9,2,5,0.0,0.0,0.0,0.0,0.0,0.0,0.0,0.0,0.0,0.0,0.0,<30
9_11,9,2,10,0.0,0.40598239353837506,0.0,0.0,0.0,0.13532746451279168,0.0,0.0,0.0,0.0,0.00405982393538375,<30
9_11,9,2,15,2.1631281926633736,6.681899724896283,0.0,0.0,0.0,1.6729076158004947,0.0,0.0,0.0,0.021631281926633737,0.06681899724896283,<30
9_11,9,2,20,8.14770690832199,9.853678621956657,0.0,0.0,0.0,0.4586394892258346,0.0,0.0,0.0,0.08147706908321989,0.09853678621956657,<30
9_11,9,2,25,8.207281408736367,3.320094534929556,0.0,0.0,0.0,-1.9944031339937875,0.0,0.0,0.0,0.08207281408736368,0.03320094534929556,<30
9_11,9,2,30,1.7362311762707556,8.163461936715793,0.0,0.0,0.0,2.154163202375807,0.0,0.0,0.0,0.017362311762707555,0.08163461936715793,30-40
9_11,9,2,35,26.96654563794857,26.061729857547896,0.0,0.0,0.0,6.885305873713373,0.0,0.0,1.0,0.2696654563794857,0.26061729857547894,30-40
9_13,9,3,0,0.0,0.06390124035842129,0.0,0.0,0.0,0.021300413452807098,0.0,0.0,0.0,0.0,0.0006390124035842129,<30
9_13,9,3,5,0.23354729061067825,0.09257034512656834,0.0,0.0,0.0,-0.014007262924876345,0.0,0.0,0.0,0.0023354729061067824,0.0009257034512656834,<30
9_13,9,3,10,0.008331564491514218,0.03228879897757901,0.0,0.0,0.0,0.002629173642610136,0.0,0.0,0.0,8.331564491514217e-05,0.00032288798977579014,<30
9_13,9,3,15,0.09902096768558952,1.4889251932986296,0.0,0.0,0.0,0.47606908717865526,0.0,0.0,0.0,0.0009902096768558953,0.014889251932986297,<30
9_13,9,3,20,4.668250360870168,1.8771729587191028,0.0,0.0,0.0,-0.33594515434034655,0.0,0.0,0.0,0.04668250360870168,0.01877172958719103,<30
9_13,9,3,25,0.17141015562368195,0.0679412603023258,0.0,0.0,0.0,-0.14469350783453577,0.0,0.0,0.0,0.0017141015562368194,0.0006794126030232581,<30
9_13,9,3,30,0.006114884751370772,0.7355338639017328,0.0,0.0,0.0,0.23920824737535465,0.0,0.0,1.0,6.114884751370772e-05,0.007355338639017328,30-40
9_15,9,1,0,0.0,0.7899520273493421,0.0,0.0,0.0,0.29247985795518694,0.0,0.0,0.0,0.0,0.00789952027349342,<30
9_15,9,1,5,1.4024199856629807,1.3330770454441225,0.0,0.0,0.0,0.0019168529328230405,0.0,0.0,0.0,0.014024199856629806,0.013330770454441225,<30
9_15,9,1,10,0.9556298883080858,0.45298960260179955,0.0,0.0,0.0,-0.20311428596194178,0.0,0.0,0.0,0.009556298883080858,0.004529896026017995,<30
9_15,9,1,15,0.39839141152283375,0.31433521426538125,0.0,0.0,0.0,-0.007927581694518446,0.0,0.0,0.0,0.003983914115228337,0.0031433521426538127,<30
9_15,9,1,20,0.07154400673907835,0.08031983860130346,0.0,0.0,0.0,-0.029376901576716526,0.0,0.0,0.0,0.0007154400673907835,0.0008031983860130346,<30
9_15,9,1,25,0.013626682754029236,0.01948880556972995,0.0,0.0,0.0,-0.006082366951811925,0.0,0.0,0.0,0.00013626682754029235,0.0001948880556972995,<30
9_15,9,1,30,0.009722608978899327,4.9739377415057735,0.0,0.0,0.0,1.651738462191998,0.0,0.0,0.0,9.722608978899326e-05,0.04973937741505773,30-40
9_15,9,1,35,30.590371302511226,42.34146062634866,0.0,0.0,0.0,8.06199809827857,0.0,0.0,0.0,0.30590371302511227,0.42341460626348665,30-40
9_15,9,1,40,55.00560171759827,37.38581095990871,0.0,0.0,0.0,-4.270435621492921,0.0,0.0,1.0,0.5500560171759826,0.3738581095990871,30-40
9_3,9,2,0,0.0,29.398700468879962,0.0,0.0,1.0,11.575997093956005,0.0,0.0,0.0,0.0,0.2939870046887996,<30
9_3,9,2,5,78.18477921742321,81.87944275679988,1.0,1.0,1.0,7.3279841943093285,68.32122589301629,46.28404124496086,0.0,0.7818477921742322,0.8187944275679988,<30
9_3,9,2,10,59.01060732122596,48.30515361495861,1.0,1.0,1.0,-7.495923253072294,45.92629880003879,23.358255676308794,0.0,0.5901060732122596,0.4830515361495861,<30
9_3,9,2,15,15.95656305302657,6.625155933881989,0.0,0.0,0.0,-8.234904534220778,0.0,0.0,0.0,0.1595656305302657,0.06625155933881989,<30
9_3,9,2,20,1.5786637899208098,2.3408057621640013,0.0,0.0,0.0,0.024243625036888795,0.0,0.0,0.0,0.0157866378992081,0.023408057621640013,<30
9_3,9,2,25,14.524777370275668,30.19484257216442,0.0,0.0,1.0,7.061463883208168,0.0,0.0,0.0,0.14524777370275668,0.3019484257216442,<30
9_3,9,2,30,56.4467478453158,58.7756889149916,1.0,1.0,1.0,3.6681506452239425,16.305947712078705,16.940793096337885,0.0,0.564467478453158,0.587756889149916,30-40
9_3,9,2,35,34.79684401997119,36.00509436103785,0.0,0.0,0.0,-4.809171291680981,0.0,0.0,0.0,0.3479684401997119,0.3600509436103785,30-40
9_3,9,2,40,26.739981284759107,23.874807974065817,0.0,0.0,0.0,-2.282694531792046,0.0,0.0,0.0,0.26739981284759107,0.23874807974065818,30-40
9_3,9,2,45,13.841287853024218,19.886732745452484,0.0,0.0,0.0,-0.3532516006465974,0.0,0.0,0.0,0.13841287853024217,0.19886732745452484,41-52
9_3,9,2,50,10.189657668022436,14.372094135949888,0.0,0.0,0.0,-0.2942957767819495,0.0,0.0,0.0,0.10189657668022437,0.1437209413594989,41-52
9_3,9,2,55,33.651835781841896,53.79851099743215,0.0,0.0,0.0,9.258908409795076,0.0,0.0,0.0,0.336518357818419,0.5379851099743216,53+
9_3,9,2,60,50.110720548238916,50.110720548238916,0.0,0.0,0.0,-1.3330254682254814,0.0,0.0,1.0,0.5011072054823892,0.5011072054823892,53+
9_5,9,2,0,0.0,3.1028026087109835,0.0,0.0,0.0,1.4698877476349952,0.0,0.0,0.0,0.0,0.031028026087109833,<30
9_5,9,2,5,2.6775280093180465,9.3290302867422,0.0,0.0,0.0,1.9071273997888114,0.0,0.0,0.0,0.026775280093180465,0.09329030286742199,<30
9_5,9,2,10,18.441820521865672,16.586200285178403,1.0,1.0,1.0,0.6552425681550142,5.357512000678501,5.426538196613389,0.0,0.18441820521865673,0.16586200285178404,<30
9_5,9,2,15,10.229964270321457,9.170255125024894,0.0,0.0,0.0,-1.439085234850613,0.0,0.0,0.0,0.10229964270321457,0.09170255125024894,<30
9_5,9,2,20,19.38304114351633,10.611162555873886,0.0,1.0,0.0,-0.43497276535110796,0.0,2.8166860844203683,0.0,0.1938304114351633,0.10611162555873886,<30
9_5,9,2,25,3.764794271555239,11.472360707422919,0.0,0.0,0.0,1.528969260308167,0.0,0.0,0.0,0.03764794271555239,0.11472360707422918,<30
9_5,9,2,30,8.830666739730367,22.528495445748767,0.0,0.0,0.0,3.097478274198489,0.0,0.0,1.0,0.08830666739730367,0.22528495445748767,30-40
9_7,9,3,0,0.0,0.011878968744708097,0.0,0.0,0.0,0.003959656248236033,0.0,0.0,0.0,0.0,0.00011878968744708098,<30
9_7,9,3,5,1.177648421517445,6.270339027099733,0.0,0.0,0.0,1.6328236295597194,0.0,0.0,0.0,0.01177648421517445,0.06270339027099733,<30
9_7,9,3,10,3.462964374436685,9.759376734887866,0.0,0.0,0.0,0.657337391152154,0.0,0.0,0.0,0.034629643744366854,0.09759376734887866,<30
9_7,9,3,15,2.9618894882742097,2.478118923624964,0.0,0.0,0.0,-1.802134393091827,0.0,0.0,0.0,0.029618894882742098,0.02478118923624964,<30
9_7,9,3,20,3.576574977997515,4.467770787740425,0.0,0.0,0.0,0.2862031957582849,0.0,0.0,0.0,0.035765749779975146,0.044677707877404244,<30
9_7,9,3,25,5.173407798054109,5.864494586275871,0.0,0.0,0.0,0.16041326894697844,0.0,0.0,0.0,0.05173407798054109,0.05864494586275871,<30
9_7,9,3,30,2.082946559372352,10.063950576843167,0.0,0.0,0.0,2.2054719782383594,0.0,0.0,0.0,0.02082946559372352,0.10063950576843167,30-40
9_7,9,3,35,46.27351866211453,33.347538241509,0.0,1.0,0.0,2.204795625276565,0.0,3.972403492942483,0.0,0.4627351866211453,0.33347538241509,30-40
9_7,9,3,40,25.281608779766472,22.458153703081926,0.0,0.0,0.0,-1.3614679437413444,0.0,0.0,0.0,0.25281608779766473,0.22458153703081926,30-40
9_7,9,3,45,46.20786647442611,51.97155120483732,0.0,0.0,0.0,6.168880850125719,0.0,0.0,0.0,0.4620786647442611,0.5197155120483732,41-52
9_7,9,3,50,40.18801834127177,40.18801834127177,0.0,0.0,0.0,-4.19435007221868,0.0,0.0,1.0,0.4018801834127177,0.4018801834127177,41-52
9_9,9,2,0,0.0,0.08936069686883032,0.0,0.0,0.0,0.0298013911180587,0.0,0.0,0.0,0.0,0.0008936069686883032,<30
9_9,9,2,5,1.5570573104597356,4.078349170530407,0.0,0.0,0.0,1.1586165192664566,0.0,0.0,0.0,0.015570573104597356,0.04078349170530407,<30
9_9,9,2,10,6.956861784754564,3.6474354087839096,0.0,0.0,0.0,-0.7602804034558653,0.0,0.0,0.0,0.06956861784754564,0.0364743540878391,<30
9_9,9,2,15,1.0582720569154787,0.49009833450634666,0.0,0.0,0.0,-0.3740738384027014,0.0,0.0,0.0,0.010582720569154786,0.004900983345063467,<30
9_9,9,2,20,0.15395652840998764,0.919084358448567,0.0,0.0,0.0,0.23677891340652218,0.0,0.0,0.0,0.0015395652840998763,0.009190843584485669,<30
9_9,9,2,25,23.639442931323796,42.89023599282251,0.0,1.0,1.0,9.087677155008306,0.0,2.3848364013220866,0.0,0.23639442931323795,0.4289023599282251,<30
9_9,9,2,30,32.57984764389177,44.559891473286584,0.0,0.0,0.0,1.7073577138809193,0.0,0.0,1.0,0.3257984764389177,0.44559891473286584,30-40
