subject,condition,t,tb,arousal,above,crash3,crash5
0,2,0,0,0.0,0.0,0.0,0.0
0,2,1,0,21.79547076014847,1.0,0.0,0.0
0,2,2,0,29.31544883621691,1.0,0.0,0.0
0,2,3,0,21.726090226527457,1.0,0.0,0.0
0,2,4,0,15.70561701574259,1.0,0.0,0.0
0,2,5,1,15.380921913884315,1.0,0.0,0.0
0,2,6,1,22.921004339989732,1.0,0.0,0.0
0,2,7,1,36.717611154240814,1.0,0.0,0.0
0,2,8,1,59.6411528264589,1.0,0.0,0.0
0,2,9,1,78.08200265580844,1.0,0.0,0.0
0,2,10,2,72.64358044290485,1.0,0.0,0.0
0,2,11,2,45.877939866244006,1.0,0.0,0.0
0,2,12,2,25.267150780336983,1.0,0.0,0.0
0,2,13,2,15.051028064930303,0.0,0.0,0.0
0,2,14,2,11.557318158226176,0.0,0.0,0.0
0,2,15,3,10.682731945304589,0.0,0.0,0.0
0,2,16,3,12.420072155478085,0.0,0.0,0.0
0,2,17,3,32.51703470909146,1.0,0.0,0.0
0,2,18,3,46.75341943984459,1.0,0.0,0.0
0,2,19,3,32.09938631429026,1.0,0.0,0.0
0,2,20,4,18.071902481912304,0.0,0.0,0.0
0,2,21,4,10.938194206926173,0.0,0.0,0.0
0,2,22,4,7.260098839509978,0.0,0.0,0.0
0,2,23,4,5.750222364248261,0.0,0.0,0.0
0,2,24,4,5.953760822948839,0.0,0.0,0.0
0,2,25,5,10.164681892041862,0.0,0.0,0.0
0,2,26,5,18.250426061656032,0.0,0.0,0.0
0,2,27,5,20.071057218220496,0.0,0.0,0.0
0,2,28,5,20.164532785655886,0.0,0.0,0.0
0,2,29,5,19.392511136434255,0.0,0.0,0.0
0,2,30,6,16.90669266385625,0.0,0.0,0.0
0,2,31,6,17.828730833173438,0.0,0.0,0.0
0,2,32,6,17.539831847926408,0.0,0.0,0.0
0,2,33,6,17.885023186653576,0.0,0.0,0.0
0,2,34,6,32.003018565265535,0.0,0.0,1.0
0,2,35,7,40.18625257972593,0.0,0.0,1.0
0,2,36,7,31.900730376392886,0.0,1.0,1.0
0,2,37,7,22.37572119706153,0.0,1.0,1.0
0,2,38,7,16.647658490755212,0.0,1.0,1.0
0,3,0,0,0.0,0.0,0.0,0.0
0,3,1,0,4.6452683865882065,0.0,0.0,0.0
0,3,2,0,4.255784990940592,0.0,0.0,0.0
0,3,3,0,2.324142691222462,0.0,0.0,0.0
0,3,4,0,1.201487871688574,0.0,0.0,0.0
0,3,5,1,1.0058667166383386,0.0,0.0,0.0
0,3,6,1,2.7528684570315063,0.0,0.0,0.0
0,3,7,1,7.781702457110469,0.0,0.0,0.0
0,3,8,1,13.614796864331002,1.0,0.0,0.0
0,3,9,1,9.049632928784487,0.0,0.0,0.0
0,3,10,2,4.75387360397745,0.0,0.0,0.0
0,3,11,2,2.7411378619413833,0.0,0.0,0.0
0,3,12,2,4.341990178275038,0.0,0.0,0.0
0,3,13,2,9.179502389293917,0.0,0.0,0.0
0,3,14,2,24.187299439842302,1.0,0.0,0.0
0,3,15,3,41.178918171118745,1.0,0.0,0.0
0,3,16,3,41.38833722315425,1.0,0.0,0.0
0,3,17,3,25.052202980386447,1.0,0.0,0.0
0,3,18,3,13.172022735234062,0.0,0.0,0.0
0,3,19,3,7.089812887580692,0.0,0.0,0.0
0,3,20,4,4.225387512454725,0.0,0.0,0.0
0,3,21,4,3.073483850751654,0.0,0.0,0.0
0,3,22,4,2.4654570730993037,0.0,0.0,0.0
0,3,23,4,3.38836739712524,0.0,0.0,0.0
0,3,24,4,4.620212859348855,0.0,0.0,0.0
0,3,25,5,3.525126123051706,0.0,0.0,0.0
0,3,26,5,4.676475585339995,0.0,0.0,0.0
0,3,27,5,10.921779903479726,0.0,0.0,0.0
0,3,28,5,16.2067496238286,0.0,0.0,0.0
0,3,29,5,16.856307406628744,0.0,0.0,0.0
0,3,30,6,15.412884285566674,0.0,0.0,0.0
0,3,31,6,10.08426345010616,0.0,0.0,0.0
0,3,32,6,5.453175219930149,0.0,0.0,0.0
0,3,33,6,2.8542952698378974,0.0,0.0,0.0
0,3,34,6,2.67190250520981,0.0,0.0,0.0
0,3,35,7,4.4712310925882495,0.0,0.0,0.0
0,3,36,7,12.872365576999297,0.0,0.0,0.0
0,3,37,7,39.41708045332493,0.0,0.0,0.0
0,3,38,7,43.977798479824116,0.0,0.0,0.0
0,3,39,7,33.898078507656024,0.0,0.0,0.0
0,3,40,8,51.18422589287084,0.0,0.0,0.0
0,3,41,8,78.53381509073219,0.0,0.0,0.0
0,3,42,8,84.75247798747361,0.0,0.0,0.0
0,3,43,8,75.79353161548894,0.0,0.0,0.0
0,3,44,8,58.594422670059515,0.0,0.0,0.0
0,3,45,9,58.052682837767705,0.0,0.0,0.0
0,3,46,9,73.23804448320607,0.0,0.0,0.0
0,3,47,9,77.48890051279801,0.0,0.0,0.0
0,3,48,9,73.91841931265712,0.0,0.0,0.0
0,3,49,9,79.8725019503555,0.0,0.0,0.0
0,3,50,10,90.46569875827058,0.0,0.0,0.0
0,3,51,10,91.19766820705473,0.0,0.0,0.0
0,3,52,10,83.1194018907286,0.0,0.0,0.0
0,3,53,10,80.53945500994983,0.0,0.0,0.0
0,3,54,10,82.7825201934318,0.0,0.0,0.0
0,3,55,11,72.07597836756096,0.0,0.0,0.0
0,3,56,11,43.00373255862362,0.0,0.0,0.0
0,3,57,11,24.118161613383883,0.0,0.0,0.0
0,3,58,11,29.74531409691975,0.0,0.0,1.0
0,3,59,11,53.21211660140176,0.0,0.0,1.0
0,3,60,11,59.408315711543835,0.0,1.0,1.0
0,3,61,11,58.45937256328243,0.0,1.0,1.0
0,3,62,11,69.37840150685548,0.0,1.0,1.0
0,1,0,0,0.0,0.0,0.0,0.0
0,1,1,0,0.07926635322830063,0.0,0.0,0.0
0,1,2,0,0.18272303372987397,0.0,0.0,0.0
0,1,3,0,0.21943587730311326,0.0,0.0,0.0
0,1,4,0,0.48807196363689076,0.0,0.0,0.0
0,1,5,1,1.877570566041168,0.0,0.0,0.0
0,1,6,1,2.162605641358227,0.0,0.0,0.0
0,1,7,1,1.7606649483761654,0.0,0.0,0.0
0,1,8,1,1.3116110109189492,0.0,0.0,0.0
0,1,9,1,0.9005972567590899,0.0,0.0,0.0
0,1,10,2,1.6323028868018339,0.0,0.0,0.0
0,1,11,2,3.4734888133023722,0.0,0.0,0.0
0,1,12,2,2.8865576440955145,0.0,0.0,0.0
0,1,13,2,1.960446648614131,0.0,0.0,0.0
0,1,14,2,1.4993169368279458,0.0,0.0,0.0
0,1,15,3,1.827464643145297,0.0,0.0,0.0
0,1,16,3,2.6568021378708426,0.0,0.0,0.0
0,1,17,3,1.7985817347741888,0.0,0.0,0.0
0,1,18,3,1.1470360146761602,0.0,0.0,0.0
0,1,19,3,0.7751089526044579,0.0,0.0,0.0
0,1,20,4,0.6358462396420971,0.0,0.0,0.0
0,1,21,4,1.851824088415455,0.0,0.0,0.0
0,1,22,4,6.7710542902789355,0.0,0.0,0.0
0,1,23,4,13.93684763249166,0.0,0.0,0.0
0,1,24,4,18.082681628206938,0.0,0.0,0.0
0,1,25,5,15.727901514041818,0.0,0.0,0.0
0,1,26,5,10.771738267571868,0.0,0.0,0.0
0,1,27,5,6.984479474851051,0.0,0.0,0.0
0,1,28,5,4.176343752639292,0.0,0.0,0.0
0,1,29,5,2.411050000825508,0.0,0.0,0.0
0,1,30,6,1.8651057189971172,0.0,0.0,0.0
0,1,31,6,3.2115764098432535,0.0,0.0,0.0
0,1,32,6,6.727792273537952,0.0,0.0,0.0
0,1,33,6,11.744778383114225,0.0,0.0,0.0
0,1,34,6,17.65655180640884,0.0,0.0,0.0
0,1,35,7,37.88079381798288,0.0,0.0,0.0
0,1,36,7,65.73394331775205,1.0,0.0,0.0
0,1,37,7,75.75167740500189,1.0,0.0,0.0
0,1,38,7,71.34348932098231,1.0,0.0,0.0
0,1,39,7,61.06973586323326,0.0,0.0,0.0
0,1,40,8,65.40199608255136,0.0,0.0,0.0
0,1,41,8,81.68350178628876,0.0,0.0,0.0
0,1,42,8,87.00324024305777,0.0,0.0,0.0
0,1,43,8,90.51258261806701,0.0,0.0,0.0
0,1,44,8,95.05354696036795,0.0,0.0,0.0
0,1,45,9,96.37867660592778,0.0,0.0,0.0
0,1,46,9,97.38276775936005,0.0,0.0,0.0
0,1,47,9,97.74620050230482,0.0,0.0,0.0
0,1,48,9,96.99075286506034,0.0,0.0,0.0
0,1,49,9,97.37395546390786,0.0,0.0,0.0
0,1,50,10,98.21602478102163,0.0,0.0,0.0
0,1,51,10,99.01971022547374,0.0,0.0,0.0
0,1,52,10,99.06724334024507,0.0,0.0,0.0
0,1,53,10,97.91812991985447,0.0,0.0,0.0
0,1,54,10,90.56420127610605,0.0,0.0,0.0
0,1,55,11,83.08363757239027,0.0,0.0,0.0
0,1,56,11,88.40330495850691,0.0,0.0,1.0
0,1,57,11,89.86042438555802,0.0,0.0,1.0
0,1,58,11,90.5181379805918,0.0,1.0,1.0
0,1,59,11,92.66181407447425,0.0,1.0,1.0
0,1,60,11,89.96199462890527,0.0,1.0,1.0
0,3,0,0,0.0,0.0,0.0,0.0
0,3,1,0,0.3181340508902789,0.0,0.0,0.0
0,3,2,0,0.35546191675396754,0.0,0.0,0.0
0,3,3,0,0.2562795873711093,0.0,0.0,0.0
0,3,4,0,0.26770000050974885,0.0,0.0,0.0
0,3,5,1,0.4258897175255816,0.0,0.0,0.0
0,3,6,1,1.2022742220780729,0.0,0.0,0.0
0,3,7,1,7.685225142813708,0.0,0.0,0.0
0,3,8,1,34.32699397365916,1.0,0.0,0.0
0,3,9,1,48.63930866374876,1.0,0.0,0.0
0,3,10,2,41.82199364115394,1.0,0.0,0.0
0,3,11,2,28.727033405038018,1.0,0.0,0.0
0,3,12,2,15.906956029844512,1.0,0.0,0.0
0,3,13,2,8.369855753821668,0.0,0.0,0.0
0,3,14,2,4.735395873107537,0.0,0.0,0.0
0,3,15,3,3.42782380888794,0.0,0.0,0.0
0,3,16,3,4.0406543347716894,0.0,0.0,0.0
0,3,17,3,3.8289133311869703,0.0,0.0,0.0
0,3,18,3,2.68474809768073,0.0,0.0,0.0
0,3,19,3,1.798757840448704,0.0,0.0,0.0
0,3,20,4,3.073092459317314,0.0,0.0,0.0
0,3,21,4,9.238089211707877,0.0,0.0,0.0
0,3,22,4,8.595888316182245,0.0,0.0,0.0
0,3,23,4,5.872502610787144,0.0,0.0,0.0
0,3,24,4,3.5037936855037417,0.0,0.0,0.0
0,3,25,5,2.2490379978138173,0.0,0.0,0.0
0,3,26,5,3.2689739519223524,0.0,0.0,0.0
0,3,27,5,3.464428998339254,0.0,0.0,0.0
0,3,28,5,2.5736175846006852,0.0,0.0,0.0
0,3,29,5,2.2047030623048016,0.0,0.0,0.0
0,3,30,6,2.642979041349173,0.0,0.0,0.0
0,3,31,6,2.5404053858861424,0.0,0.0,0.0
0,3,32,6,2.547545437943258,0.0,0.0,0.0
0,3,33,6,5.724973766869014,0.0,0.0,0.0
0,3,34,6,11.460964592501789,0.0,0.0,0.0
0,3,35,7,21.727633021075807,0.0,0.0,0.0
0,3,36,7,30.542155629407212,0.0,0.0,0.0
0,3,37,7,28.206898660556753,0.0,0.0,0.0
0,3,38,7,18.97701430204963,0.0,0.0,0.0
0,3,39,7,10.247998247528688,0.0,0.0,0.0
0,3,40,8,5.516493196582388,0.0,0.0,0.0
0,3,41,8,3.509361052946457,0.0,0.0,0.0
0,3,42,8,2.980890754078218,0.0,0.0,0.0
0,3,43,8,8.191472195046584,0.0,0.0,0.0
0,3,44,8,22.354913315781605,0.0,0.0,0.0
0,3,45,9,50.96042291558827,0.0,0.0,0.0
0,3,46,9,69.49008199997985,0.0,0.0,0.0
0,3,47,9,70.9121591014495,0.0,0.0,0.0
0,3,48,9,79.23446482013992,0.0,0.0,0.0
0,3,49,9,84.64387064994216,0.0,0.0,0.0
0,3,50,10,77.40957066614396,0.0,0.0,0.0
0,3,51,10,59.538687012558015,0.0,0.0,0.0
0,3,52,10,46.814495535055926,0.0,0.0,0.0
0,3,53,10,39.394340460053236,0.0,0.0,0.0
0,3,54,10,40.64816516510743,0.0,0.0,0.0
0,3,55,11,60.694097589559604,0.0,0.0,0.0
0,3,56,11,78.36433980593829,0.0,0.0,0.0
0,3,57,11,83.65420179296302,0.0,0.0,0.0
0,3,58,11,86.50652901984203,0.0,0.0,1.0
0,3,59,11,90.62809733885203,0.0,0.0,1.0
0,3,60,11,92.84745360522413,0.0,1.0,1.0
0,3,61,11,96.33209485015273,0.0,1.0,1.0
0,3,62,11,98.0848970992426,0.0,1.0,1.0
0,2,0,0,0.0,0.0,0.0,0.0
0,2,1,0,0.0,0.0,0.0,0.0
0,2,2,0,0.0,0.0,0.0,0.0
0,2,3,0,0.0,0.0,0.0,0.0
0,2,4,0,0.0002134828730357443,0.0,0.0,0.0
0,2,5,1,0.006311106709105958,0.0,0.0,0.0
0,2,6,1,0.0049045154600494065,0.0,0.0,0.0
0,2,7,1,0.009713533466342246,0.0,0.0,0.0
0,2,8,1,0.058476223778635525,0.0,0.0,0.0
0,2,9,1,0.04596616927724823,0.0,0.0,0.0
0,2,10,2,0.023601274239430692,0.0,0.0,0.0
0,2,11,2,0.012117298225506654,0.0,0.0,0.0
0,2,12,2,0.0062600644867783425,0.0,0.0,0.0
0,2,13,2,0.0032162477938255424,0.0,0.0,0.0
0,2,14,2,0.0214037395219268,0.0,0.0,0.0
0,2,15,3,0.14605705304099725,0.0,0.0,0.0
0,2,16,3,0.35703728752404396,0.0,0.0,0.0
0,2,17,3,0.2097233849709657,0.0,0.0,0.0
0,2,18,3,0.10767557610555659,0.0,0.0,0.0
0,2,19,3,0.05528248407428955,0.0,0.0,0.0
0,2,20,4,0.028382973706386934,0.0,0.0,0.0
0,2,21,4,0.01457230458991101,0.0,0.0,0.0
0,2,22,4,0.007481670640217541,0.0,0.0,0.0
0,2,23,4,0.003841217785651224,0.0,0.0,0.0
0,2,24,4,0.001972146969085807,0.0,0.0,0.0
0,2,25,5,0.001012534015176895,0.0,0.0,0.0
0,2,26,5,0.0005198522969946249,0.0,0.0,0.0
0,2,27,5,0.0002669010686454561,0.0,0.0,0.0
0,2,28,5,0.0001621255883576297,0.0,0.0,0.0
0,2,29,5,0.06796938828382934,0.0,0.0,0.0
0,2,30,6,0.16255808290248605,0.0,0.0,0.0
0,2,31,6,0.09033482678592664,0.0,0.0,0.0
0,2,32,6,0.04657609436652608,0.0,0.0,0.0
0,2,33,6,0.03612612254600714,0.0,0.0,0.0
0,2,34,6,0.7854227253812114,0.0,0.0,0.0
0,2,35,7,6.582262826691469,0.0,0.0,0.0
0,2,36,7,19.696971220215346,0.0,0.0,0.0
0,2,37,7,40.69694759326224,0.0,0.0,0.0
0,2,38,7,63.09729639620852,0.0,0.0,0.0
0,2,39,7,70.99125247352669,0.0,0.0,0.0
0,2,40,8,65.32871133695326,0.0,0.0,0.0
0,2,41,8,66.33829013496258,0.0,0.0,0.0
0,2,42,8,73.22278948970404,0.0,0.0,0.0
0,2,43,8,84.66886215384956,0.0,0.0,0.0
0,2,44,8,90.95804874700556,0.0,0.0,0.0
0,2,45,9,89.9666496240898,0.0,0.0,0.0
0,2,46,9,88.41053474644517,0.0,0.0,0.0
0,2,47,9,83.61086452346831,0.0,0.0,0.0
0,2,48,9,80.50778112582266,0.0,0.0,0.0
0,2,49,9,76.58957663677016,0.0,0.0,0.0
0,2,50,10,68.90008522893156,0.0,0.0,1.0
0,2,51,10,65.51592321147936,0.0,0.0,1.0
0,2,52,10,66.9070292939441,0.0,1.0,1.0
0,2,53,10,74.64469314710013,0.0,1.0,1.0
0,2,54,10,76.74441150721631,0.0,1.0,1.0
0,3,0,0,0.0,0.0,0.0,0.0
0,3,1,0,0.6733610823254037,0.0,0.0,0.0
0,3,2,0,0.920966873237568,0.0,0.0,0.0
0,3,3,0,0.6048888487850645,0.0,0.0,0.0
0,3,4,0,0.3135757747329693,0.0,0.0,0.0
0,3,5,1,0.209308683849081,0.0,0.0,0.0
0,3,6,1,0.3797647812632058,0.0,0.0,0.0
0,3,7,1,0.5269031923890003,0.0,0.0,0.0
0,3,8,1,0.6253341201929499,0.0,0.0,0.0
0,3,9,1,0.9235803744799161,0.0,0.0,0.0
0,3,10,2,1.355241026499646,0.0,0.0,0.0
0,3,11,2,2.1872222236277064,0.0,0.0,0.0
0,3,12,2,2.1905996819409292,0.0,0.0,0.0
0,3,13,2,1.669459845848705,0.0,0.0,0.0
0,3,14,2,2.2432645472512784,0.0,0.0,0.0
0,3,15,3,2.8007656832912176,0.0,0.0,0.0
0,3,16,3,1.9605532019246188,0.0,0.0,0.0
0,3,17,3,1.0636281638923442,0.0,0.0,0.0
0,3,18,3,0.7530883106852988,0.0,0.0,0.0
0,3,19,3,1.8564532563960037,0.0,0.0,0.0
0,3,20,4,3.8944936429769914,0.0,0.0,0.0
0,3,21,4,10.750945275601975,0.0,0.0,0.0
0,3,22,4,19.570565753006015,0.0,0.0,0.0
0,3,23,4,18.179836719212553,0.0,0.0,0.0
0,3,24,4,15.778493856496135,0.0,0.0,0.0
0,3,25,5,14.568357100824883,0.0,0.0,0.0
0,3,26,5,10.93065938750552,0.0,0.0,0.0
0,3,27,5,6.822334909552014,0.0,0.0,0.0
0,3,28,5,4.891366028031119,0.0,0.0,0.0
0,3,29,5,5.803296905417884,0.0,0.0,0.0
0,3,30,6,8.822959460378936,0.0,0.0,0.0
0,3,31,6,9.468153382976496,0.0,0.0,0.0
0,3,32,6,10.162246314842415,0.0,0.0,0.0
0,3,33,6,23.23638446610184,0.0,0.0,0.0
0,3,34,6,33.848370524135845,0.0,0.0,0.0
0,3,35,7,28.07832156311737,0.0,0.0,0.0
0,3,36,7,18.433494885990715,0.0,0.0,0.0
0,3,37,7,12.739359507572683,0.0,0.0,0.0
0,3,38,7,15.565157085535162,0.0,0.0,0.0
0,3,39,7,23.908493414905735,0.0,0.0,0.0
0,3,40,8,31.758617165265072,0.0,0.0,0.0
0,3,41,8,53.7710849552459,0.0,0.0,0.0
0,3,42,8,74.50301899317645,0.0,0.0,0.0
0,3,43,8,73.00743282065358,0.0,0.0,0.0
0,3,44,8,58.54814050652763,0.0,0.0,0.0
0,3,45,9,45.69494429463336,0.0,0.0,0.0
0,3,46,9,40.543666172729175,0.0,0.0,0.0
0,3,47,9,61.8904009183715,0.0,0.0,0.0
0,3,48,9,77.99182966915527,0.0,0.0,0.0
0,3,49,9,84.72476115629125,0.0,0.0,0.0
0,3,50,10,93.26377854367381,0.0,0.0,0.0
0,3,51,10,97.20003058637081,0.0,0.0,0.0
0,3,52,10,97.77791638117718,0.0,0.0,0.0
0,3,53,10,97.42236511210864,0.0,0.0,0.0
0,3,54,10,96.2873157300177,0.0,0.0,0.0
0,3,55,11,96.18457426361314,0.0,0.0,0.0
0,3,56,11,96.71532798449026,0.0,0.0,1.0
0,3,57,11,95.8244795617147,0.0,0.0,1.0
0,3,58,11,95.27724812315621,0.0,1.0,1.0
0,3,59,11,94.89267689763142,0.0,1.0,1.0
0,3,60,11,92.85249650134696,0.0,1.0,1.0
0,3,0,0,0.0,0.0,0.0,0.0
0,3,1,0,0.0,0.0,0.0,0.0
0,3,2,0,0.0029418476931617173,0.0,0.0,0.0
0,3,3,0,0.11209471153072387,0.0,0.0,0.0
0,3,4,0,1.823619772914926,0.0,0.0,0.0
0,3,5,1,5.548584543064559,0.0,0.0,0.0
0,3,6,1,6.6694319794247,0.0,0.0,0.0
0,3,7,1,7.064049724325929,0.0,0.0,0.0
0,3,8,1,6.949062468579367,0.0,0.0,0.0
0,3,9,1,5.846480207104932,0.0,0.0,0.0
0,3,10,2,5.5521123675454085,0.0,0.0,0.0
0,3,11,2,5.542735467707912,0.0,0.0,0.0
0,3,12,2,4.9538577648543765,0.0,0.0,0.0
0,3,13,2,4.051844170147749,0.0,0.0,0.0
0,3,14,2,2.842383266757551,0.0,0.0,0.0
0,3,15,3,1.8957931150302891,0.0,0.0,0.0
0,3,16,3,1.1750073015707534,0.0,0.0,0.0
0,3,17,3,1.922117898003552,0.0,0.0,0.0
0,3,18,3,3.0760218576799025,0.0,0.0,0.0
0,3,19,3,2.111110253563024,0.0,0.0,0.0
0,3,20,4,1.123007360947389,0.0,0.0,0.0
0,3,21,4,0.5766520112197335,0.0,0.0,0.0
0,3,22,4,0.296063014284786,0.0,0.0,0.0
0,3,23,4,0.15200381984620015,0.0,0.0,0.0
0,3,24,4,0.07804136326738534,0.0,0.0,0.0
0,3,25,5,0.056502060930338216,0.0,0.0,0.0
0,3,26,5,0.08396129719599174,0.0,0.0,0.0
0,3,27,5,0.09527959805233932,0.0,0.0,0.0
0,3,28,5,0.37474973507254866,0.0,0.0,0.0
0,3,29,5,0.385042674922325,0.0,0.0,0.0
0,3,30,6,0.20536804077007165,0.0,0.0,0.0
0,3,31,6,0.10630514876843325,0.0,0.0,0.0
0,3,32,6,0.054928513769470506,0.0,0.0,0.0
0,3,33,6,0.04794274152311964,0.0,0.0,0.0
0,3,34,6,0.10586219729515173,0.0,0.0,0.0
0,3,35,7,0.5263578522948343,0.0,0.0,0.0
0,3,36,7,0.8306879772542166,0.0,0.0,0.0
0,3,37,7,0.623575039393794,0.0,0.0,0.0
0,3,38,7,0.3838902653738051,0.0,0.0,0.0
0,3,39,7,0.20756044729934806,0.0,0.0,0.0
0,3,40,8,0.10659232600535558,0.0,0.0,0.0
0,3,41,8,0.054726324928652585,0.0,0.0,0.0
0,3,42,8,0.0281922902317807,0.0,0.0,0.0
0,3,43,8,0.02155902121959242,0.0,0.0,0.0
0,3,44,8,0.014225385912083478,0.0,0.0,0.0
0,3,45,9,0.05447369665546253,0.0,0.0,0.0
0,3,46,9,0.8533968377046,0.0,0.0,0.0
0,3,47,9,3.927565724593803,0.0,0.0,0.0
0,3,48,9,11.351677862289527,0.0,0.0,0.0
0,3,49,9,20.461223528705894,0.0,0.0,0.0
0,3,50,10,22.118918036371422,0.0,0.0,0.0
0,3,51,10,14.811081475544386,0.0,0.0,0.0
0,3,52,10,8.298519413205879,0.0,0.0,0.0
0,3,53,10,4.639615823752935,0.0,0.0,0.0
0,3,54,10,2.908421963760999,0.0,0.0,0.0
0,3,55,11,6.550169116979246,0.0,0.0,0.0
0,3,56,11,32.02916078681183,0.0,0.0,0.0
0,3,57,11,67.27525041405349,0.0,0.0,0.0
0,3,58,11,83.79069868535538,0.0,0.0,1.0
0,3,59,11,87.68519469665358,0.0,0.0,1.0
0,3,60,11,84.40873959305881,0.0,1.0,1.0
0,3,61,11,84.28285081715127,0.0,1.0,1.0
0,3,62,11,90.98305533148971,0.0,1.0,1.0
0,1,0,0,0.0,0.0,0.0,0.0
0,1,1,0,0.00134518057448383,0.0,0.0,0.0
0,1,2,0,0.01777409808656192,0.0,0.0,0.0
0,1,3,0,0.02992408029085003,0.0,0.0,0.0
0,1,4,0,0.022837974411191758,0.0,0.0,0.0
0,1,5,1,0.011743220008568029,0.0,0.0,0.0
0,1,6,1,0.006029170184964896,0.0,0.0,0.0
0,1,7,1,0.003095479186521882,0.0,0.0,0.0
0,1,8,1,0.0015892720059694182,0.0,0.0,0.0
0,1,9,1,0.0008159594546639684,0.0,0.0,0.0
0,1,10,2,0.0004189275524609802,0.0,0.0,0.0
0,1,11,2,0.00021508457706789183,0.0,0.0,0.0
0,1,12,2,0.0007764783750522409,0.0,0.0,0.0
0,1,13,2,0.015333007572686049,0.0,0.0,0.0
0,1,14,2,0.028675367897419094,0.0,0.0,0.0
0,1,15,3,0.015158700011143878,0.0,0.0,0.0
0,1,16,3,0.007782736088000824,0.0,0.0,0.0
0,1,17,3,0.0039957899404923745,0.0,0.0,0.0
0,1,18,3,0.003645019349047693,0.0,0.0,0.0
0,1,19,3,0.35383642678245586,0.0,0.0,0.0
0,1,20,4,1.5821928323461667,0.0,0.0,0.0
0,1,21,4,2.1328205044250503,0.0,0.0,0.0
0,1,22,4,2.950059357088012,0.0,0.0,0.0
0,1,23,4,2.9200398645460455,0.0,0.0,0.0
0,1,24,4,2.463956048968919,0.0,0.0,0.0
0,1,25,5,2.0064268736939304,0.0,0.0,0.0
0,1,26,5,1.7435464076849514,0.0,0.0,0.0
0,1,27,5,1.9558647760405874,0.0,0.0,0.0
0,1,28,5,1.3236067983955166,0.0,0.0,0.0
0,1,29,5,0.6911275637946805,0.0,0.0,0.0
0,1,30,6,0.37933169710662423,0.0,0.0,0.0
0,1,31,6,1.6665508844209738,0.0,0.0,0.0
0,1,32,6,5.906462616724594,0.0,0.0,0.0
0,1,33,6,5.305395600282067,0.0,0.0,0.0
0,1,34,6,3.1448598982422196,0.0,0.0,0.0
0,1,35,7,3.2271729732304895,0.0,0.0,0.0
0,1,36,7,5.98996719348551,0.0,0.0,0.0
0,1,37,7,5.186007538892772,0.0,0.0,0.0
0,1,38,7,3.6519076023062906,0.0,0.0,0.0
0,1,39,7,4.831083763348076,0.0,0.0,0.0
0,1,40,8,14.456843585408741,0.0,0.0,0.0
0,1,41,8,35.05757447484504,0.0,0.0,0.0
0,1,42,8,37.53740834267094,0.0,0.0,0.0
0,1,43,8,23.16989455804138,0.0,0.0,0.0
0,1,44,8,13.069619368945622,0.0,0.0,0.0
0,1,45,9,11.306622774671315,0.0,0.0,0.0
0,1,46,9,20.544584580969172,0.0,0.0,0.0
0,1,47,9,23.950259532477197,0.0,0.0,0.0
0,1,48,9,17.4731484181431,0.0,0.0,0.0
0,1,49,9,10.198174647544102,0.0,0.0,0.0
0,1,50,10,6.596569905861774,0.0,0.0,0.0
0,1,51,10,12.512580021898737,0.0,0.0,0.0
0,1,52,10,33.12656205413978,0.0,0.0,0.0
0,1,53,10,65.07114367580331,0.0,0.0,0.0
0,1,54,10,86.83243864338928,0.0,0.0,0.0
0,1,55,11,95.22220752158344,0.0,0.0,0.0
0,1,56,11,98.4241175805594,0.0,0.0,1.0
0,1,57,11,99.2015263910524,0.0,0.0,1.0
0,1,58,11,99.37460498805136,0.0,1.0,1.0
0,1,59,11,99.42123609304176,0.0,1.0,1.0
0,1,60,11,99.30604088347565,0.0,1.0,1.0
0,1,0,0,0.0,0.0,0.0,0.0
0,1,1,0,0.9960734255961419,0.0,0.0,0.0
0,1,2,0,1.8843404094238312,0.0,0.0,0.0
0,1,3,0,1.5129625275785223,0.0,0.0,0.0
0,1,4,0,0.9638300445553915,0.0,0.0,0.0
0,1,5,1,0.9900688979171832,0.0,0.0,0.0
0,1,6,1,1.9962953569444797,0.0,0.0,0.0
0,1,7,1,2.8426205708925263,0.0,0.0,0.0
0,1,8,1,2.089649122096289,0.0,0.0,0.0
0,1,9,1,1.2614294101504946,0.0,0.0,0.0
0,1,10,2,0.8312431186903074,0.0,0.0,0.0
0,1,11,2,0.46808960579934705,0.0,0.0,0.0
0,1,12,2,0.24103820713957552,0.0,0.0,0.0
0,1,13,2,0.13232275990218278,0.0,0.0,0.0
0,1,14,2,0.276586283446606,0.0,0.0,0.0
0,1,15,3,1.0123309125216748,0.0,0.0,0.0
0,1,16,3,1.9664818810130142,0.0,0.0,0.0
0,1,17,3,2.2695577585264,0.0,0.0,0.0
0,1,18,3,1.6434592886363104,0.0,0.0,0.0
0,1,19,3,1.0272683287539053,0.0,0.0,0.0
0,1,20,4,0.7331467358727262,0.0,0.0,0.0
0,1,21,4,0.6198369229939802,0.0,0.0,0.0
0,1,22,4,0.5858392623343904,0.0,0.0,0.0
0,1,23,4,0.7478195299166366,0.0,0.0,0.0
0,1,24,4,1.0869376510978537,0.0,0.0,0.0
0,1,25,5,2.2756583476257513,0.0,0.0,0.0
0,1,26,5,3.6442762648471896,0.0,0.0,0.0
0,1,27,5,2.8303097726341306,0.0,0.0,0.0
0,1,28,5,1.689911390303442,0.0,0.0,0.0
0,1,29,5,0.9635564543091345,0.0,0.0,0.0
0,1,30,6,0.5863391969300797,0.0,0.0,0.0
0,1,31,6,0.6158695480448648,0.0,0.0,0.0
0,1,32,6,3.0219181372514496,0.0,0.0,0.0
0,1,33,6,6.495581327412671,0.0,0.0,0.0
0,1,34,6,9.65494431644022,0.0,0.0,0.0
0,1,35,7,24.606675130548112,0.0,0.0,0.0
0,1,36,7,36.85405726375249,0.0,0.0,0.0
0,1,37,7,37.7860914578291,0.0,0.0,0.0
0,1,38,7,32.25311088822781,0.0,0.0,0.0
0,1,39,7,21.836527369764344,0.0,0.0,0.0
0,1,40,8,17.55560904370334,0.0,0.0,0.0
0,1,41,8,34.19813811821278,0.0,0.0,0.0
0,1,42,8,52.905505521851026,0.0,0.0,0.0
0,1,43,8,55.01139663244486,0.0,0.0,0.0
0,1,44,8,42.39764574983051,0.0,0.0,0.0
0,1,45,9,28.185335730186026,0.0,0.0,0.0
0,1,46,9,15.836334421683835,0.0,0.0,0.0
0,1,47,9,8.310280961929212,0.0,0.0,0.0
0,1,48,9,5.568916689893888,0.0,0.0,0.0
0,1,49,9,8.255995150743914,0.0,0.0,0.0
0,1,50,10,10.656998169382385,0.0,0.0,0.0
0,1,51,10,15.866951519517837,0.0,0.0,0.0
0,1,52,10,15.096402114627676,0.0,0.0,0.0
0,1,53,10,8.470807662631193,0.0,0.0,0.0
0,1,54,10,4.465372546132038,0.0,0.0,0.0
0,1,55,11,2.3819011764090083,0.0,0.0,0.0
0,1,56,11,1.3526175889503427,0.0,0.0,0.0
0,1,57,11,0.8858402096590687,0.0,0.0,0.0
0,1,58,11,1.1677306084617176,0.0,0.0,0.0
0,1,59,11,3.588337858197478,0.0,0.0,0.0
0,1,60,11,15.701774128654652,0.0,0.0,0.0
0,1,61,11,42.323798081312226,0.0,0.0,0.0
0,1,62,11,44.01140804988633,0.0,0.0,1.0
0,1,63,11,39.622736026844485,0.0,0.0,1.0
0,1,64,11,34.72649744468254,0.0,1.0,1.0
0,1,65,11,28.45770798242942,0.0,1.0,1.0
0,1,66,11,25.513128626976098,0.0,1.0,1.0
0,3,0,0,0.0,0.0,0.0,0.0
0,3,1,0,0.027876816834656155,0.0,0.0,0.0
0,3,2,0,0.03980012233526932,0.0,0.0,0.0
0,3,3,0,0.029586427952740406,0.0,0.0,0.0
0,3,4,0,0.015940586118474584,0.0,0.0,0.0
0,3,5,1,0.13174328980078484,0.0,0.0,0.0
0,3,6,1,0.7576315956241075,0.0,0.0,0.0
0,3,7,1,1.2210077527883445,0.0,0.0,0.0
0,3,8,1,1.0382303815461356,0.0,0.0,0.0
0,3,9,1,0.6592811239919596,0.0,0.0,0.0
0,3,10,2,0.35668941274646837,0.0,0.0,0.0
0,3,11,2,0.1831553170886911,0.0,0.0,0.0
0,3,12,2,0.09983304551233699,0.0,0.0,0.0
0,3,13,2,0.12662178506262142,0.0,0.0,0.0
0,3,14,2,0.430945495738911,0.0,0.0,0.0
0,3,15,3,0.58881268060002,0.0,0.0,0.0
0,3,16,3,0.4754795844223946,0.0,0.0,0.0
0,3,17,3,0.27127379214779057,0.0,0.0,0.0
0,3,18,3,0.18370590360051392,0.0,0.0,0.0
0,3,19,3,0.1285405891828177,0.0,0.0,0.0
0,3,20,4,0.06844409038697474,0.0,0.0,0.0
0,3,21,4,0.03532450600140516,0.0,0.0,0.0
0,3,22,4,0.10002991977613707,0.0,0.0,0.0
0,3,23,4,2.548763156989122,0.0,0.0,0.0
0,3,24,4,6.801788808099154,0.0,0.0,0.0
0,3,25,5,10.005080555192666,0.0,0.0,0.0
0,3,26,5,10.265223224548844,0.0,0.0,0.0
0,3,27,5,7.950490971909687,0.0,0.0,0.0
0,3,28,5,6.600395070522751,0.0,0.0,0.0
0,3,29,5,6.325863279201766,0.0,0.0,0.0
0,3,30,6,5.4006061556163445,0.0,0.0,0.0
0,3,31,6,3.4719779288455213,0.0,0.0,0.0
0,3,32,6,1.9574387017579646,0.0,0.0,0.0
0,3,33,6,1.2172704495862847,0.0,0.0,0.0
0,3,34,6,1.2209750866219071,0.0,0.0,0.0
0,3,35,7,9.079962396474954,0.0,0.0,0.0
0,3,36,7,44.41643465589056,0.0,0.0,0.0
0,3,37,7,60.81897506089179,0.0,0.0,0.0
0,3,38,7,52.11269684781587,0.0,0.0,0.0
0,3,39,7,40.392084423890665,0.0,0.0,0.0
0,3,40,8,26.45168937860545,0.0,0.0,0.0
0,3,41,8,15.028159269494822,0.0,0.0,0.0
0,3,42,8,8.699863108248714,0.0,0.0,0.0
0,3,43,8,4.869383766092746,0.0,0.0,0.0
0,3,44,8,2.57346505933768,0.0,0.0,0.0
0,3,45,9,1.4949910634335488,0.0,0.0,0.0
0,3,46,9,1.8731166450191203,0.0,0.0,0.0
0,3,47,9,5.23905865808894,0.0,0.0,0.0
0,3,48,9,18.7829547462782,0.0,0.0,0.0
0,3,49,9,39.86070676099098,0.0,0.0,0.0
0,3,50,10,41.7552451860806,0.0,0.0,0.0
0,3,51,10,31.454118487091442,0.0,0.0,0.0
0,3,52,10,23.668455752939167,0.0,0.0,0.0
0,3,53,10,31.187745805682674,0.0,0.0,0.0
0,3,54,10,43.531723358028174,0.0,0.0,0.0
0,3,55,11,50.40326531948348,0.0,0.0,0.0
0,3,56,11,44.764192356683694,0.0,0.0,0.0
0,3,57,11,35.68868183540682,0.0,0.0,0.0
0,3,58,11,29.745772278436494,0.0,0.0,0.0
0,3,59,11,31.863187207049208,0.0,0.0,0.0
0,3,60,11,47.63586673227,0.0,0.0,0.0
0,3,61,11,66.55375594106039,0.0,0.0,0.0
0,3,62,11,84.85625194864222,0.0,0.0,0.0
0,3,63,11,93.99130617024953,0.0,0.0,0.0
0,3,64,11,96.49062669089926,0.0,0.0,0.0
0,3,65,11,97.72832069886373,0.0,0.0,0.0
0,3,66,11,98.04907264633982,0.0,0.0,0.0
0,3,67,11,97.96845977413875,0.0,0.0,0.0
0,3,68,11,98.75660686863199,0.0,0.0,1.0
0,3,69,11,98.72122846089967,0.0,0.0,1.0
0,3,70,11,98.51559490966353,0.0,1.0,1.0
0,3,71,11,98.97493208894852,0.0,1.0,1.0
0,3,72,11,99.24123404626985,0.0,1.0,1.0
0,3,0,0,0.0,0.0,0.0,0.0
0,3,1,0,10.989971170387001,1.0,0.0,0.0
0,3,2,0,14.217483948040508,1.0,0.0,0.0
0,3,3,0,10.047636008201621,1.0,0.0,0.0
0,3,4,0,7.970357242482729,0.0,0.0,0.0
0,3,5,1,16.028854262182165,1.0,0.0,0.0
0,3,6,1,26.694559847951425,1.0,0.0,0.0
0,3,7,1,29.924975205160393,1.0,0.0,0.0
0,3,8,1,32.64818857125658,1.0,0.0,0.0
0,3,9,1,27.88344686843793,1.0,0.0,0.0
0,3,10,2,17.72607945715668,1.0,0.0,0.0
0,3,11,2,9.972163760862475,0.0,0.0,0.0
0,3,12,2,5.220494130144676,0.0,0.0,0.0
0,3,13,2,2.709421372604761,0.0,0.0,0.0
0,3,14,2,1.6860406044951932,0.0,0.0,0.0
0,3,15,3,2.1697299518347726,0.0,0.0,0.0
0,3,16,3,5.29969410844539,0.0,0.0,0.0
0,3,17,3,7.0375530042535495,0.0,0.0,0.0
0,3,18,3,6.737132731664703,0.0,0.0,0.0
0,3,19,3,5.359934051431936,0.0,0.0,0.0
0,3,20,4,3.2219042623124716,0.0,0.0,0.0
0,3,21,4,1.6948137657604785,0.0,0.0,0.0
0,3,22,4,0.8706580453677272,0.0,0.0,0.0
0,3,23,4,0.44701074531524687,0.0,0.0,0.0
0,3,24,4,0.22956326661394144,0.0,0.0,0.0
0,3,25,5,0.42339556867185446,0.0,0.0,0.0
0,3,26,5,5.734390665674763,0.0,0.0,0.0
0,3,27,5,14.25502641901516,0.0,0.0,0.0
0,3,28,5,11.601367539317199,0.0,0.0,0.0
0,3,29,5,6.980854251284539,0.0,0.0,0.0
0,3,30,6,3.7114508745215646,0.0,0.0,0.0
0,3,31,6,1.907132473553469,0.0,0.0,0.0
0,3,32,6,0.9791918504116146,0.0,0.0,0.0
0,3,33,6,0.505175454516753,0.0,0.0,0.0
0,3,34,6,0.26697297436466333,0.0,0.0,0.0
0,3,35,7,0.32176929091481854,0.0,0.0,0.0
0,3,36,7,0.8365496949291559,0.0,0.0,0.0
0,3,37,7,1.6381217838041358,0.0,0.0,0.0
0,3,38,7,5.757201226125372,0.0,0.0,0.0
0,3,39,7,18.153620225681248,0.0,0.0,0.0
0,3,40,8,28.013393892367052,0.0,0.0,0.0
0,3,41,8,24.796575238662964,0.0,0.0,0.0
0,3,42,8,19.814652593373342,0.0,0.0,0.0
0,3,43,8,16.53875774924704,0.0,0.0,0.0
0,3,44,8,11.311994547871413,0.0,0.0,0.0
0,3,45,9,8.134566709653033,0.0,0.0,0.0
0,3,46,9,12.680444259543343,0.0,0.0,0.0
0,3,47,9,14.937362374898377,0.0,0.0,0.0
0,3,48,9,17.958777292555745,0.0,0.0,0.0
0,3,49,9,32.60983535728205,0.0,0.0,0.0
0,3,50,10,49.76717914338336,0.0,0.0,0.0
0,3,51,10,66.89086472195677,0.0,0.0,0.0
0,3,52,10,71.5701815138723,0.0,0.0,0.0
0,3,53,10,56.5232500615305,0.0,0.0,0.0
0,3,54,10,36.71054968738264,0.0,0.0,0.0
0,3,55,11,23.894313519914643,0.0,0.0,0.0
0,3,56,11,14.592980834933455,0.0,0.0,0.0
0,3,57,11,8.45286424425841,0.0,0.0,0.0
0,3,58,11,4.943932038946443,0.0,0.0,0.0
0,3,59,11,3.006193781671299,0.0,0.0,0.0
0,3,60,11,2.2382848012704013,0.0,0.0,0.0
0,3,61,11,2.4301747230269033,0.0,0.0,0.0
0,3,62,11,2.89910477448677,0.0,0.0,0.0
0,3,63,11,2.5706449161371863,0.0,0.0,0.0
0,3,64,11,1.5616907317710436,0.0,0.0,0.0
0,3,65,11,0.8753009362265283,0.0,0.0,0.0
0,3,66,11,0.48734380883150474,0.0,0.0,1.0
0,3,67,11,0.34781238644454404,0.0,0.0,1.0
0,3,68,11,0.4056996401799751,0.0,1.0,1.0
0,3,69,11,0.9156661175043714,0.0,1.0,1.0
0,3,70,11,4.2362165007502295,0.0,1.0,1.0
0,2,0,0,0.0,0.0,0.0,0.0
0,2,1,0,24.925057122724837,1.0,0.0,0.0
0,2,2,0,53.61416820895887,1.0,0.0,0.0
0,2,3,0,48.38968281754522,1.0,0.0,0.0
0,2,4,0,28.16976905694359,1.0,0.0,0.0
0,2,5,1,15.34659842252384,1.0,0.0,0.0
0,2,6,1,11.028570783242923,1.0,0.0,0.0
0,2,7,1,15.457301480202002,1.0,0.0,0.0
0,2,8,1,21.20945114151553,1.0,0.0,0.0
0,2,9,1,19.615227502115626,1.0,0.0,0.0
0,2,10,2,11.731624454876519,0.0,0.0,0.0
0,2,11,2,6.0974571209905974,0.0,0.0,0.0
0,2,12,2,3.131132992212391,0.0,0.0,0.0
0,2,13,2,1.6386169909891408,0.0,0.0,0.0
0,2,14,2,1.1613247451474307,0.0,0.0,0.0
0,2,15,3,3.1814886158872566,0.0,0.0,0.0
0,2,16,3,6.9392140651513685,0.0,0.0,0.0
0,2,17,3,8.198509498950449,0.0,0.0,0.0
0,2,18,3,9.785203174756447,0.0,0.0,0.0
0,2,19,3,12.55470736015841,0.0,0.0,0.0
0,2,20,4,13.991000313801976,0.0,0.0,0.0
0,2,21,4,11.259666951564547,0.0,0.0,0.0
0,2,22,4,6.972216825392722,0.0,0.0,0.0
0,2,23,4,4.684272486637175,0.0,0.0,0.0
0,2,24,4,4.483265741877494,0.0,0.0,0.0
0,2,25,5,5.355851817916692,0.0,0.0,0.0
0,2,26,5,4.484770862621651,0.0,0.0,0.0
0,2,27,5,2.584657670099946,0.0,0.0,0.0
0,2,28,5,1.4287923750180724,0.0,0.0,0.0
0,2,29,5,0.8946172858725261,0.0,0.0,0.0
0,2,30,6,0.54960956650655,0.0,0.0,0.0
0,2,31,6,0.29820340911709026,0.0,0.0,0.0
0,2,32,6,0.15318621162021512,0.0,0.0,0.0
0,2,33,6,0.07864842344556791,0.0,0.0,0.0
0,2,34,6,0.0403794469818789,0.0,0.0,0.0
0,2,35,7,0.03233495706353022,0.0,0.0,0.0
0,2,36,7,0.11376116078332896,0.0,0.0,0.0
0,2,37,7,0.9032155473936145,0.0,0.0,0.0
0,2,38,7,2.687322147357133,0.0,0.0,0.0
0,2,39,7,2.1740450484075584,0.0,0.0,0.0
0,2,40,8,1.3792139880492074,0.0,0.0,0.0
0,2,41,8,0.9681906210407094,0.0,0.0,0.0
0,2,42,8,0.8354282059159268,0.0,0.0,0.0
0,2,43,8,1.9876182200454786,0.0,0.0,0.0
0,2,44,8,8.037837641933681,0.0,0.0,0.0
0,2,45,9,22.28755742817721,0.0,0.0,0.0
0,2,46,9,36.772498987906715,0.0,0.0,0.0
0,2,47,9,47.21994255031777,0.0,0.0,0.0
0,2,48,9,67.28616612068772,0.0,0.0,0.0
0,2,49,9,85.22472879043397,0.0,0.0,0.0
0,2,50,10,92.50188088693585,0.0,0.0,0.0
0,2,51,10,93.09346150508414,0.0,0.0,0.0
0,2,52,10,88.85266434017254,0.0,0.0,0.0
0,2,53,10,83.99413035991486,0.0,0.0,0.0
0,2,54,10,77.23620951897033,0.0,0.0,0.0
0,2,55,11,64.19848535092638,0.0,0.0,0.0
0,2,56,11,57.70350100860118,0.0,0.0,0.0
0,2,57,11,67.58156157635399,0.0,0.0,0.0
0,2,58,11,78.89825369977243,0.0,0.0,0.0
0,2,59,11,85.10662739106517,0.0,0.0,1.0
0,2,60,11,88.93561256639191,0.0,0.0,1.0
0,2,61,11,89.79258878578116,0.0,1.0,1.0
0,2,62,11,80.57844973364936,0.0,1.0,1.0
0,2,63,11,68.86132151621968,0.0,1.0,1.0
1,2,0,0,0.0,0.0,0.0,0.0
1,2,1,0,23.44113519756143,1.0,0.0,0.0
1,2,2,0,30.549106905198187,1.0,0.0,0.0
1,2,3,0,21.508334655924763,1.0,0.0,0.0
1,2,4,0,15.070394624889268,1.0,0.0,0.0
1,2,5,1,12.502104248592008,1.0,0.0,0.0
1,2,6,1,14.497037760518056,1.0,0.0,0.0
1,2,7,1,22.86027845256364,1.0,0.0,0.0
1,2,8,1,31.13080231835717,1.0,0.0,0.0
1,2,9,1,31.322257617899137,1.0,0.0,0.0
1,2,10,2,27.924327570117512,1.0,0.0,0.0
1,2,11,2,20.80177174569431,1.0,0.0,0.0
1,2,12,2,12.174108004964394,0.0,0.0,0.0
1,2,13,2,6.879945550869937,0.0,0.0,0.0
1,2,14,2,4.1686975777101125,0.0,0.0,0.0
1,2,15,3,3.559672691410965,0.0,0.0,0.0
1,2,16,3,3.318447493516558,0.0,0.0,0.0
1,2,17,3,2.953540189466821,0.0,0.0,0.0
1,2,18,3,8.913419462222521,0.0,0.0,0.0
1,2,19,3,33.48583658325418,1.0,0.0,0.0
1,2,20,4,67.67395096121449,1.0,0.0,0.0
1,2,21,4,85.92750142063319,1.0,0.0,0.0
1,2,22,4,90.276501442436,1.0,0.0,0.0
1,2,23,4,78.68477228553641,1.0,0.0,0.0
1,2,24,4,51.552916401145666,1.0,0.0,0.0
1,2,25,5,29.248532172536965,1.0,0.0,0.0
1,2,26,5,18.258375950114797,0.0,0.0,0.0
1,2,27,5,12.480722970228468,0.0,0.0,0.0
1,2,28,5,10.21379317820033,0.0,0.0,1.0
1,2,29,5,13.285380736794634,0.0,0.0,1.0
1,2,30,6,28.085825744773274,0.0,1.0,1.0
1,2,31,6,39.726888486784375,0.0,1.0,1.0
1,2,32,6,39.79724260537283,0.0,1.0,1.0
1,2,0,0,0.0,0.0,0.0,0.0
1,2,1,0,0.18687740320708024,0.0,0.0,0.0
1,2,2,0,0.23463741983220182,0.0,0.0,0.0
1,2,3,0,0.28052391508993196,0.0,0.0,0.0
1,2,4,0,0.19303906282729066,0.0,0.0,0.0
1,2,5,1,0.10029432176614822,0.0,0.0,0.0
1,2,6,1,0.051492821736503686,0.0,0.0,0.0
1,2,7,1,0.026437296186814594,0.0,0.0,0.0
1,2,8,1,0.04698457196011227,0.0,0.0,0.0
1,2,9,1,0.31590162617984485,0.0,0.0,0.0
1,2,10,2,0.23519691634455414,0.0,0.0,0.0
1,2,11,2,0.1318575936628459,0.0,0.0,0.0
1,2,12,2,0.06824559199310967,0.0,0.0,0.0
1,2,13,2,0.1281685047868117,0.0,0.0,0.0
1,2,14,2,0.35599010086238636,0.0,0.0,0.0
1,2,15,3,1.0284494792950662,0.0,0.0,0.0
1,2,16,3,3.1028392746385807,0.0,0.0,0.0
1,2,17,3,4.78394464098619,0.0,0.0,0.0
1,2,18,3,4.57103387510206,0.0,0.0,0.0
1,2,19,3,7.732282045918846,0.0,0.0,0.0
1,2,20,4,13.193429103813063,0.0,0.0,0.0
1,2,21,4,11.154500542826431,0.0,0.0,0.0
1,2,22,4,7.043679334577536,0.0,0.0,0.0
1,2,23,4,3.821436651055115,0.0,0.0,0.0
1,2,24,4,2.806485534912558,0.0,0.0,0.0
1,2,25,5,4.200641039466303,0.0,0.0,0.0
1,2,26,5,4.779661007233667,0.0,0.0,0.0
1,2,27,5,5.240177894191309,0.0,0.0,0.0
1,2,28,5,10.711552101297215,0.0,0.0,0.0
1,2,29,5,23.953694902083072,0.0,0.0,0.0
1,2,30,6,24.320827087128134,0.0,0.0,0.0
1,2,31,6,23.388316364956538,0.0,0.0,0.0
1,2,32,6,27.478848135300783,0.0,0.0,0.0
1,2,33,6,37.479684706753545,0.0,0.0,0.0
1,2,34,6,46.696412910801,0.0,0.0,0.0
1,2,35,7,64.26123401328051,1.0,0.0,0.0
1,2,36,7,74.14466025215383,1.0,0.0,0.0
1,2,37,7,69.48952839097745,1.0,0.0,0.0
1,2,38,7,73.18962916151372,1.0,0.0,0.0
1,2,39,7,71.51802712011168,0.0,0.0,0.0
1,2,40,8,53.556138639414954,0.0,0.0,0.0
1,2,41,8,35.59220662379104,0.0,0.0,0.0
1,2,42,8,25.20485478047247,0.0,0.0,0.0
1,2,43,8,24.485374806877488,0.0,0.0,0.0
1,2,44,8,26.26138134873682,0.0,0.0,0.0
1,2,45,9,25.78773692463519,0.0,0.0,0.0
1,2,46,9,30.472266521195657,0.0,0.0,0.0
1,2,47,9,30.8318536274178,0.0,0.0,0.0
1,2,48,9,30.153230922361367,0.0,0.0,0.0
1,2,49,9,32.910942967987914,0.0,0.0,0.0
1,2,50,10,42.31980698061928,0.0,0.0,0.0
1,2,51,10,49.257406325865205,0.0,0.0,0.0
1,2,52,10,49.79556342773624,0.0,0.0,0.0
1,2,53,10,65.83639401674117,0.0,0.0,0.0
1,2,54,10,85.64797267058222,0.0,0.0,0.0
1,2,55,11,93.50129143687337,0.0,0.0,0.0
1,2,56,11,95.85546048419258,0.0,0.0,1.0
1,2,57,11,95.94142847544848,0.0,0.0,1.0
1,2,58,11,95.37893010328264,0.0,1.0,1.0
1,2,59,11,93.91632492905123,0.0,1.0,1.0
1,2,60,11,90.34796006818826,0.0,1.0,1.0
1,1,0,0,0.0,0.0,0.0,0.0
1,1,1,0,0.0,0.0,0.0,0.0
1,1,2,0,0.0003219973838757418,0.0,0.0,0.0
1,1,3,0,0.5365703818171301,0.0,0.0,0.0
1,1,4,0,3.8511894219761498,0.0,0.0,0.0
1,1,5,1,10.810820659772176,1.0,0.0,0.0
1,1,6,1,36.49435965388283,1.0,0.0,0.0
1,1,7,1,61.77891241049025,1.0,0.0,0.0
1,1,8,1,56.637713547926495,1.0,0.0,0.0
1,1,9,1,34.41385824126455,1.0,0.0,0.0
1,1,10,2,19.830967170628462,1.0,0.0,0.0
1,1,11,2,13.325073705127634,0.0,0.0,0.0
1,1,12,2,9.176408851470432,0.0,0.0,0.0
1,1,13,2,7.1319682970170195,0.0,0.0,0.0
1,1,14,2,5.750992925584596,0.0,0.0,0.0
1,1,15,3,6.406189155032548,0.0,0.0,0.0
1,1,16,3,9.195895645195172,0.0,0.0,0.0
1,1,17,3,16.972893757029404,0.0,0.0,0.0
1,1,18,3,33.20788880161962,1.0,0.0,0.0
1,1,19,3,37.06636867631374,1.0,0.0,0.0
1,1,20,4,31.520237359159974,1.0,0.0,0.0
1,1,21,4,31.07238955999688,1.0,0.0,0.0
1,1,22,4,33.15533583971176,1.0,0.0,0.0
1,1,23,4,29.29268216121158,1.0,0.0,0.0
1,1,24,4,20.47452472074022,0.0,0.0,0.0
1,1,25,5,15.992547949097084,0.0,0.0,0.0
1,1,26,5,18.777224712393192,0.0,0.0,0.0
1,1,27,5,25.675706881054897,0.0,0.0,0.0
1,1,28,5,31.79650046604585,0.0,0.0,0.0
1,1,29,5,40.18092623265382,1.0,0.0,0.0
1,1,30,6,65.10200606351323,1.0,0.0,0.0
1,1,31,6,72.0347269093249,1.0,0.0,0.0
1,1,32,6,60.566283757047515,1.0,0.0,0.0
1,1,33,6,52.26946008541884,1.0,0.0,0.0
1,1,34,6,43.129556790729154,0.0,0.0,0.0
1,1,35,7,33.19585899037453,0.0,0.0,0.0
1,1,36,7,28.773028514389036,0.0,0.0,0.0
1,1,37,7,25.04492619187945,0.0,0.0,0.0
1,1,38,7,22.919590439585612,0.0,0.0,0.0
1,1,39,7,33.447183921583466,0.0,0.0,0.0
1,1,40,8,49.15494783509926,0.0,0.0,0.0
1,1,41,8,56.27436275966286,0.0,0.0,0.0
1,1,42,8,47.027986485089635,0.0,0.0,0.0
1,1,43,8,33.995621348351335,0.0,0.0,0.0
1,1,44,8,26.047124144839522,0.0,0.0,0.0
1,1,45,9,20.31686826424048,0.0,0.0,0.0
1,1,46,9,18.750820203120604,0.0,0.0,1.0
1,1,47,9,20.17273630756013,0.0,0.0,1.0
1,1,48,9,17.072200142288064,0.0,1.0,1.0
1,1,49,9,14.970119028632702,0.0,1.0,1.0
1,1,50,10,22.003669102367347,0.0,1.0,1.0
1,3,0,0,0.0,0.0,0.0,0.0
1,3,1,0,0.0,0.0,0.0,0.0
1,3,2,0,0.0,0.0,0.0,0.0
1,3,3,0,0.0,0.0,0.0,0.0
1,3,4,0,0.0,0.0,0.0,0.0
1,3,5,1,0.0,0.0,0.0,0.0
1,3,6,1,0.0,0.0,0.0,0.0
1,3,7,1,0.0,0.0,0.0,0.0
1,3,8,1,0.0,0.0,0.0,0.0
1,3,9,1,0.00052970137845571,0.0,0.0,0.0
1,3,10,2,0.0005344581125946279,0.0,0.0,0.0
1,3,11,2,0.0002743999444119309,0.0,0.0,0.0
1,3,12,2,0.00014088162892267718,0.0,0.0,0.0
1,3,13,2,7.23310400460997e-05,0.0,0.0,0.0
1,3,14,2,3.713599419709961e-05,0.0,0.0,0.0
1,3,15,3,1.9066255153085963e-05,0.0,0.0,0.0
1,3,16,3,9.788941791437719e-06,0.0,0.0,0.0
1,3,17,3,5.025810292937701e-06,0.0,0.0,0.0
1,3,18,3,2.5803370414044257e-06,0.0,0.0,0.0
1,3,19,3,1.3247892099309448e-06,0.0,0.0,0.0
1,3,20,4,6.801694594882104e-07,0.0,0.0,0.0
1,3,21,4,0.0038004494382202036,0.0,0.0,0.0
1,3,22,4,0.3808256790427553,0.0,0.0,0.0
1,3,23,4,3.250140877860617,0.0,0.0,0.0
1,3,24,4,10.054792996799968,0.0,0.0,0.0
1,3,25,5,20.204529463837794,0.0,0.0,0.0
1,3,26,5,32.27157692217954,1.0,0.0,0.0
1,3,27,5,44.556771244582166,1.0,0.0,0.0
1,3,28,5,43.27978906849467,1.0,0.0,0.0
1,3,29,5,38.07791137530777,1.0,0.0,0.0
1,3,30,6,34.0742914478119,0.0,0.0,0.0
1,3,31,6,25.696664663719773,0.0,0.0,0.0
1,3,32,6,16.693996465654,0.0,0.0,0.0
1,3,33,6,13.499980134006957,0.0,0.0,0.0
1,3,34,6,12.182549738996556,0.0,0.0,0.0
1,3,35,7,7.391150615387671,0.0,0.0,0.0
1,3,36,7,3.8025421639442656,0.0,0.0,0.0
1,3,37,7,2.0389862569822323,0.0,0.0,0.0
1,3,38,7,1.2121938276350661,0.0,0.0,0.0
1,3,39,7,1.0326804925143267,0.0,0.0,0.0
1,3,40,8,2.229811322834571,0.0,0.0,0.0
1,3,41,8,6.781836677014285,0.0,0.0,0.0
1,3,42,8,6.99878557698616,0.0,0.0,0.0
1,3,43,8,4.840925403612923,0.0,0.0,0.0
1,3,44,8,3.4416617980832016,0.0,0.0,0.0
1,3,45,9,2.555086236856305,0.0,0.0,0.0
1,3,46,9,2.053996514648759,0.0,0.0,0.0
1,3,47,9,3.0220566094764054,0.0,0.0,0.0
1,3,48,9,4.6294535240155685,0.0,0.0,0.0
1,3,49,9,3.329647080530827,0.0,0.0,0.0
1,3,50,10,1.7280473478017617,0.0,0.0,0.0
1,3,51,10,0.8998338370464842,0.0,0.0,0.0
1,3,52,10,2.6003336030851285,0.0,0.0,0.0
1,3,53,10,23.6600837356559,0.0,0.0,0.0
1,3,54,10,56.775268846453784,0.0,0.0,0.0
1,3,55,11,70.68779482176822,0.0,0.0,0.0
1,3,56,11,66.63846648804869,0.0,0.0,0.0
1,3,57,11,47.30833678745244,0.0,0.0,0.0
1,3,58,11,29.104492262306486,0.0,0.0,0.0
1,3,59,11,19.67493620105242,0.0,0.0,0.0
1,3,60,11,15.35463208139177,0.0,0.0,0.0
1,3,61,11,12.094824258146835,0.0,0.0,0.0
1,3,62,11,8.582113359497166,0.0,0.0,0.0
1,3,63,11,5.634106282122184,0.0,0.0,0.0
1,3,64,11,4.704933299408101,0.0,0.0,1.0
1,3,65,11,4.930116746384375,0.0,0.0,1.0
1,3,66,11,3.62892971226747,0.0,1.0,1.0
1,3,67,11,3.9402309721111894,0.0,1.0,1.0
1,3,68,11,5.340820917017741,0.0,1.0,1.0
1,1,0,0,0.0,0.0,0.0,0.0
1,1,1,0,1.6378730507924786,0.0,0.0,0.0
1,1,2,0,3.367423117570512,0.0,0.0,0.0
1,1,3,0,2.292159845562958,0.0,0.0,0.0
1,1,4,0,1.1793741713382873,0.0,0.0,0.0
1,1,5,1,0.611598989702313,0.0,0.0,0.0
1,1,6,1,0.3424386215029003,0.0,0.0,0.0
1,1,7,1,0.5999275075934356,0.0,0.0,0.0
1,1,8,1,4.0839306313875525,0.0,0.0,0.0
1,1,9,1,13.54268103854692,1.0,0.0,0.0
1,1,10,2,17.74877334786088,1.0,0.0,0.0
1,1,11,2,11.503133569063532,0.0,0.0,0.0
1,1,12,2,6.3967307108704645,0.0,0.0,0.0
1,1,13,2,3.8974236810388954,0.0,0.0,0.0
1,1,14,2,2.179272635328595,0.0,0.0,0.0
1,1,15,3,1.1329143563721549,0.0,0.0,0.0
1,1,16,3,0.5816576249592559,0.0,0.0,0.0
1,1,17,3,0.2986329820699215,0.0,0.0,0.0
1,1,18,3,0.1689196654314874,0.0,0.0,0.0
1,1,19,3,0.7065073038368422,0.0,0.0,0.0
1,1,20,4,2.047180302719874,0.0,0.0,0.0
1,1,21,4,1.316776041806231,0.0,0.0,0.0
1,1,22,4,0.696008322487593,0.0,0.0,0.0
1,1,23,4,2.0360884961028987,0.0,0.0,0.0
1,1,24,4,3.9818259145323234,0.0,0.0,0.0
1,1,25,5,5.107771147847394,0.0,0.0,0.0
1,1,26,5,3.4187380027177507,0.0,0.0,0.0
1,1,27,5,2.3125561359008637,0.0,0.0,0.0
1,1,28,5,4.537251810798438,0.0,0.0,0.0
1,1,29,5,3.718946395271916,0.0,0.0,0.0
1,1,30,6,3.5461483313257895,0.0,0.0,1.0
1,1,31,6,2.1397642896449387,0.0,0.0,1.0
1,1,32,6,1.0985916169983267,0.0,1.0,1.0
1,1,33,6,0.5640357429926384,0.0,1.0,1.0
1,1,34,6,0.28958560619868834,0.0,1.0,1.0
1,2,0,0,0.0,0.0,0.0,0.0
1,2,1,0,0.0,0.0,0.0,0.0
1,2,2,0,0.0,0.0,0.0,0.0
1,2,3,0,0.002595681777317873,0.0,0.0,0.0
1,2,4,0,0.0635950080203026,0.0,0.0,0.0
1,2,5,1,0.050237981424667705,0.0,0.0,0.0
1,2,6,1,0.025793039689065808,0.0,0.0,0.0
1,2,7,1,0.01324258812825349,0.0,0.0,0.0
1,2,8,1,0.24649351721913737,0.0,0.0,0.0
1,2,9,1,1.7767841774521562,0.0,0.0,0.0
1,2,10,2,4.477519938109523,0.0,0.0,0.0
1,2,11,2,7.018899763234364,0.0,0.0,0.0
1,2,12,2,8.80609270911934,0.0,0.0,0.0
1,2,13,2,9.156015502884397,0.0,0.0,0.0
1,2,14,2,11.877308178563652,0.0,0.0,0.0
1,2,15,3,15.826158871037784,0.0,0.0,0.0
1,2,16,3,33.28971288711148,1.0,0.0,0.0
1,2,17,3,42.51801054653647,1.0,0.0,0.0
1,2,18,3,35.904402717488644,1.0,0.0,0.0
1,2,19,3,38.49209907221301,1.0,0.0,0.0
1,2,20,4,44.02682566864174,1.0,0.0,0.0
1,2,21,4,54.32618480492626,1.0,0.0,0.0
1,2,22,4,65.12082864197714,1.0,0.0,0.0
1,2,23,4,75.14627619419332,1.0,0.0,0.0
1,2,24,4,74.6175613492446,1.0,0.0,0.0
1,2,25,5,62.52888409061017,1.0,0.0,0.0
1,2,26,5,48.61341714958208,1.0,0.0,0.0
1,2,27,5,34.90115194467805,1.0,0.0,0.0
1,2,28,5,30.250574936001584,0.0,0.0,0.0
1,2,29,5,29.012651209281255,0.0,0.0,0.0
1,2,30,6,35.342036284168486,0.0,0.0,0.0
1,2,31,6,35.332065109942434,0.0,0.0,0.0
1,2,32,6,35.93110346183461,0.0,0.0,0.0
1,2,33,6,46.497300688935525,0.0,0.0,0.0
1,2,34,6,51.66044819370206,0.0,0.0,0.0
1,2,35,7,46.223482474940724,0.0,0.0,0.0
1,2,36,7,38.88557392302533,0.0,0.0,0.0
1,2,37,7,29.39436982775664,0.0,0.0,0.0
1,2,38,7,16.050171299492284,0.0,0.0,0.0
1,2,39,7,10.36491923903732,0.0,0.0,0.0
1,2,40,8,12.524766032792236,0.0,0.0,0.0
1,2,41,8,23.067471857020095,0.0,0.0,0.0
1,2,42,8,34.353119774423575,0.0,0.0,0.0
1,2,43,8,38.73270838694049,0.0,0.0,0.0
1,2,44,8,33.32646469859159,0.0,0.0,0.0
1,2,45,9,30.471713958667003,0.0,0.0,0.0
1,2,46,9,39.04573151924836,0.0,0.0,0.0
1,2,47,9,51.30222270288986,0.0,0.0,0.0
1,2,48,9,62.309396101031396,0.0,0.0,0.0
1,2,49,9,68.24505985471492,0.0,0.0,0.0
1,2,50,10,70.53366122605689,0.0,0.0,0.0
1,2,51,10,71.88158854497297,0.0,0.0,0.0
1,2,52,10,75.35436650737475,0.0,0.0,0.0
1,2,53,10,85.97260384815493,0.0,0.0,0.0
1,2,54,10,89.11705471864647,0.0,0.0,0.0
1,2,55,11,89.17104664772825,0.0,0.0,0.0
1,2,56,11,89.28041743021831,0.0,0.0,0.0
1,2,57,11,86.93439416469906,0.0,0.0,0.0
1,2,58,11,88.7845309177346,0.0,0.0,0.0
1,2,59,11,92.13643115540972,0.0,0.0,0.0
1,2,60,11,91.59329105613631,0.0,0.0,0.0
1,2,61,11,81.3690141890533,0.0,0.0,0.0
1,2,62,11,57.32315081883418,0.0,0.0,1.0
1,2,63,11,30.16362470195812,0.0,0.0,1.0
1,2,64,11,15.50472519883343,0.0,1.0,1.0
1,2,65,11,8.251233595019045,0.0,1.0,1.0
1,2,66,11,7.330189543807547,0.0,1.0,1.0
1,2,0,0,0.0,0.0,0.0,0.0
1,2,1,0,0.0,0.0,0.0,0.0
1,2,2,0,0.0,0.0,0.0,0.0
1,2,3,0,0.019865508420508694,0.0,0.0,0.0
1,2,4,0,1.1407625018807765,0.0,0.0,0.0
1,2,5,1,5.933358248352357,0.0,0.0,0.0
1,2,6,1,19.755787479302512,1.0,0.0,0.0
1,2,7,1,35.6734906477036,1.0,0.0,0.0
1,2,8,1,39.54056025195305,1.0,0.0,0.0
1,2,9,1,31.639771342553928,1.0,0.0,0.0
1,2,10,2,24.001993225746634,1.0,0.0,0.0
1,2,11,2,32.27813858312162,1.0,0.0,0.0
1,2,12,2,39.679944862288075,1.0,0.0,0.0
1,2,13,2,36.008021876420855,1.0,0.0,0.0
1,2,14,2,29.74833199804622,1.0,0.0,0.0
1,2,15,3,22.935926525023227,1.0,0.0,0.0
1,2,16,3,22.47033296117919,1.0,0.0,0.0
1,2,17,3,17.638022473238237,0.0,0.0,0.0
1,2,18,3,9.479178978933525,0.0,0.0,0.0
1,2,19,3,4.866772762158365,0.0,0.0,0.0
1,2,20,4,2.4986844505336414,0.0,0.0,0.0
1,2,21,4,1.2828673719645196,0.0,0.0,0.0
1,2,22,4,0.6586460702149372,0.0,0.0,0.0
1,2,23,4,0.3381601678318918,0.0,0.0,0.0
1,2,24,4,0.17361721913982797,0.0,0.0,0.0
1,2,25,5,0.08913805246522077,0.0,0.0,0.0
1,2,26,5,0.04576500209286975,0.0,0.0,0.0
1,2,27,5,0.02349653552704177,0.0,0.0,0.0
1,2,28,5,0.012063523577540747,0.0,0.0,0.0
1,2,29,5,0.006193619520562728,0.0,0.0,0.0
1,2,30,6,0.02385286059838003,0.0,0.0,0.0
1,2,31,6,0.16769649060624808,0.0,0.0,0.0
1,2,32,6,0.33594960184885125,0.0,0.0,0.0
1,2,33,6,0.2716595855573749,0.0,0.0,0.0
1,2,34,6,0.9651076396399096,0.0,0.0,0.0
1,2,35,7,2.425110673114712,0.0,0.0,0.0
1,2,36,7,2.4340451226390987,0.0,0.0,0.0
1,2,37,7,1.9070947351853356,0.0,0.0,0.0
1,2,38,7,1.5406481955424647,0.0,0.0,0.0
1,2,39,7,2.925121206443534,0.0,0.0,0.0
1,2,40,8,4.881845846806687,0.0,0.0,1.0
1,2,41,8,5.081045694468314,0.0,0.0,1.0
1,2,42,8,7.1429593349900244,0.0,1.0,1.0
1,2,43,8,21.313402877167405,0.0,1.0,1.0
1,2,44,8,47.28809053537074,0.0,1.0,1.0
1,3,0,0,0.0,0.0,0.0,0.0
1,3,1,0,0.0,0.0,0.0,0.0
1,3,2,0,0.003490986174938886,0.0,0.0,0.0
1,3,3,0,0.004064372754031974,0.0,0.0,0.0
1,3,4,0,0.0020867185500496608,0.0,0.0,0.0
1,3,5,1,0.001230614547143793,0.0,0.0,0.0
1,3,6,1,0.15408416370120137,0.0,0.0,0.0
1,3,7,1,3.47751772568861,0.0,0.0,0.0
1,3,8,1,10.442154060908678,0.0,0.0,0.0
1,3,9,1,11.904222509976822,0.0,0.0,0.0
1,3,10,2,12.81505033998537,0.0,0.0,0.0
1,3,11,2,15.635677639592314,1.0,0.0,0.0
1,3,12,2,16.494282214531164,1.0,0.0,0.0
1,3,13,2,15.857622989148501,1.0,0.0,0.0
1,3,14,2,13.725889240682466,0.0,0.0,0.0
1,3,15,3,22.233431076211296,1.0,0.0,0.0
1,3,16,3,41.782766586859225,1.0,0.0,0.0
1,3,17,3,49.49078575584789,1.0,0.0,0.0
1,3,18,3,61.88533100603014,1.0,0.0,0.0
1,3,19,3,74.592295341735,1.0,0.0,0.0
1,3,20,4,78.08147401012907,1.0,0.0,0.0
1,3,21,4,66.62650807712471,1.0,0.0,0.0
1,3,22,4,46.39405287188069,1.0,0.0,0.0
1,3,23,4,29.614134994922637,1.0,0.0,0.0
1,3,24,4,17.375918248842815,0.0,0.0,0.0
1,3,25,5,9.292445618972884,0.0,0.0,0.0
1,3,26,5,4.782484311377949,0.0,0.0,0.0
1,3,27,5,2.45540931696624,0.0,0.0,0.0
1,3,28,5,1.2673949960847914,0.0,0.0,0.0
1,3,29,5,1.054745480804625,0.0,0.0,0.0
1,3,30,6,1.2342054145140056,0.0,0.0,0.0
1,3,31,6,0.7409931538955253,0.0,0.0,0.0
1,3,32,6,0.38048712064184476,0.0,0.0,1.0
1,3,33,6,0.19534860130894252,0.0,0.0,1.0
1,3,34,6,0.10029531609108386,0.0,1.0,1.0
1,3,35,7,0.053679482233600084,0.0,1.0,1.0
1,3,36,7,0.14044177841595007,0.0,1.0,1.0
2,3,0,0,0.0,0.0,0.0,0.0
2,3,1,0,0.4875369020242797,0.0,0.0,0.0
2,3,2,0,0.5968685280762408,0.0,0.0,0.0
2,3,3,0,1.1801499364676011,0.0,0.0,0.0
2,3,4,0,3.953524158349225,0.0,0.0,0.0
2,3,5,1,3.4103448211475733,0.0,0.0,0.0
2,3,6,1,2.3875604317119725,0.0,0.0,0.0
2,3,7,1,2.4484730496878564,0.0,0.0,0.0
2,3,8,1,1.8848059733019196,0.0,0.0,0.0
2,3,9,1,1.399864789227197,0.0,0.0,0.0
2,3,10,2,0.960194595379064,0.0,0.0,0.0
2,3,11,2,1.5406580571813142,0.0,0.0,0.0
2,3,12,2,6.919519681984866,0.0,0.0,0.0
2,3,13,2,9.474362929551877,0.0,0.0,0.0
2,3,14,2,5.600202426646492,0.0,0.0,0.0
2,3,15,3,3.6272315183044057,0.0,0.0,0.0
2,3,16,3,4.817242674606813,0.0,0.0,0.0
2,3,17,3,5.865203749094864,0.0,0.0,0.0
2,3,18,3,6.2573363703807665,0.0,0.0,0.0
2,3,19,3,6.575234489095136,0.0,0.0,0.0
2,3,20,4,5.792841692832498,0.0,0.0,0.0
2,3,21,4,9.338466959554019,0.0,0.0,0.0
2,3,22,4,15.206504628341092,0.0,0.0,0.0
2,3,23,4,28.335562551691098,1.0,0.0,0.0
2,3,24,4,51.24895803482026,1.0,0.0,0.0
2,3,25,5,66.7827929984494,1.0,0.0,0.0
2,3,26,5,80.19426923026147,1.0,0.0,0.0
2,3,27,5,90.3731337658133,1.0,0.0,0.0
2,3,28,5,93.83773505986409,1.0,0.0,0.0
2,3,29,5,95.03713954836573,1.0,0.0,0.0
2,3,30,6,95.84878497838854,1.0,0.0,0.0
2,3,31,6,96.63573421286482,1.0,0.0,0.0
2,3,32,6,97.14110797923601,1.0,0.0,0.0
2,3,33,6,96.35958875685448,1.0,0.0,0.0
2,3,34,6,93.10335270206045,1.0,0.0,0.0
2,3,35,7,88.48459626525894,1.0,0.0,0.0
2,3,36,7,83.89358528567578,1.0,0.0,1.0
2,3,37,7,73.55250771424521,1.0,0.0,1.0
2,3,38,7,60.27153453831212,0.0,1.0,1.0
2,3,39,7,68.08416880113666,0.0,1.0,1.0
2,3,40,8,84.29189249703944,1.0,1.0,1.0
2,1,0,0,0.0,0.0,0.0,0.0
2,1,1,0,1.1255072225907825,0.0,0.0,0.0
2,1,2,0,1.7254714569329161,0.0,0.0,0.0
2,1,3,0,1.6993172424053933,0.0,0.0,0.0
2,1,4,0,2.4527588712653037,0.0,0.0,0.0
2,1,5,1,7.377949641749262,0.0,0.0,0.0
2,1,6,1,12.509102016793673,1.0,0.0,0.0
2,1,7,1,14.966761117148243,1.0,0.0,0.0
2,1,8,1,16.707551990753004,1.0,0.0,0.0
2,1,9,1,18.157499919172764,1.0,0.0,0.0
2,1,10,2,19.20647897678332,1.0,0.0,0.0
2,1,11,2,17.149597907556398,1.0,0.0,0.0
2,1,12,2,12.683726548380156,0.0,0.0,0.0
2,1,13,2,9.687938308404636,0.0,0.0,0.0
2,1,14,2,6.921454552189873,0.0,0.0,0.0
2,1,15,3,4.53255066727529,0.0,0.0,0.0
2,1,16,3,3.196818456496603,0.0,0.0,0.0
2,1,17,3,2.879721057511068,0.0,0.0,0.0
2,1,18,3,2.373862559099071,0.0,0.0,0.0
2,1,19,3,2.205583534798774,0.0,0.0,0.0
2,1,20,4,8.04781864482768,0.0,0.0,0.0
2,1,21,4,13.510956202190947,0.0,0.0,0.0
2,1,22,4,15.368871356663464,0.0,0.0,0.0
2,1,23,4,16.3291595519496,0.0,0.0,0.0
2,1,24,4,21.346709639237414,0.0,0.0,0.0
2,1,25,5,33.15623170290952,1.0,0.0,0.0
2,1,26,5,57.59297515343222,1.0,0.0,0.0
2,1,27,5,75.99920486465612,1.0,0.0,0.0
2,1,28,5,86.35765187698229,1.0,0.0,1.0
2,1,29,5,90.93750112430718,1.0,0.0,1.0
2,1,30,6,93.27379256292193,1.0,1.0,1.0
2,1,31,6,94.35392703117994,1.0,1.0,1.0
2,1,32,6,97.20361707642135,1.0,1.0,1.0
2,2,0,0,0.0,0.0,0.0,0.0
2,2,1,0,0.40190732549218167,0.0,0.0,0.0
2,2,2,0,0.655675695141386,0.0,0.0,0.0
2,2,3,0,0.8470995314399979,0.0,0.0,0.0
2,2,4,0,1.696656459063307,0.0,0.0,0.0
2,2,5,1,2.4666350108244472,0.0,0.0,0.0
2,2,6,1,1.4817920377105906,0.0,0.0,0.0
2,2,7,1,1.6267108843864828,0.0,0.0,0.0
2,2,8,1,2.2467149581881043,0.0,0.0,0.0
2,2,9,1,1.9918950894157421,0.0,0.0,0.0
2,2,10,2,1.2854498091181004,0.0,0.0,0.0
2,2,11,2,0.8511194636772292,0.0,0.0,0.0
2,2,12,2,0.7383261446700616,0.0,0.0,0.0
2,2,13,2,0.43866061915107746,0.0,0.0,0.0
2,2,14,2,0.3813549281210772,0.0,0.0,0.0
2,2,15,3,2.225624160113437,0.0,0.0,0.0
2,2,16,3,6.159830667671558,0.0,0.0,0.0
2,2,17,3,7.554736612505912,0.0,0.0,0.0
2,2,18,3,9.444161349944721,0.0,0.0,0.0
2,2,19,3,8.083290166690846,0.0,0.0,0.0
2,2,20,4,4.5198902001292804,0.0,0.0,0.0
2,2,21,4,4.092883686867144,0.0,0.0,0.0
2,2,22,4,23.522054649440598,0.0,0.0,0.0
2,2,23,4,49.32087626921694,1.0,0.0,0.0
2,2,24,4,53.06764940874807,1.0,0.0,0.0
2,2,25,5,76.4461952795703,1.0,0.0,0.0
2,2,26,5,90.59882654114679,1.0,0.0,0.0
2,2,27,5,95.16303829617097,1.0,0.0,0.0
2,2,28,5,92.84832957717074,1.0,0.0,1.0
2,2,29,5,78.73146210072167,1.0,0.0,1.0
2,2,30,6,56.47773320252319,1.0,1.0,1.0
2,2,31,6,39.3517216844975,0.0,1.0,1.0
2,2,32,6,42.90554834685122,0.0,1.0,1.0
2,1,0,0,0.0,0.0,0.0,0.0
2,1,1,0,0.0027817626869570495,0.0,0.0,0.0
2,1,2,0,0.036202240068224784,0.0,0.0,0.0
2,1,3,0,0.5047954055141293,0.0,0.0,0.0
2,1,4,0,1.2204188214126142,0.0,0.0,0.0
2,1,5,1,0.6888414745568698,0.0,0.0,0.0
2,1,6,1,0.4064840550747838,0.0,0.0,0.0
2,1,7,1,0.6825033022005293,0.0,0.0,0.0
2,1,8,1,1.3773878932153485,0.0,0.0,0.0
2,1,9,1,1.4576758299533383,0.0,0.0,0.0
2,1,10,2,1.4761040625934252,0.0,0.0,0.0
2,1,11,2,2.303311332061987,0.0,0.0,0.0
2,1,12,2,2.7114450098236036,0.0,0.0,0.0
2,1,13,2,5.286703561357947,0.0,0.0,0.0
2,1,14,2,12.146731197478264,0.0,0.0,0.0
2,1,15,3,13.329310286964656,0.0,0.0,0.0
2,1,16,3,21.46600173875706,1.0,0.0,0.0
2,1,17,3,28.53365419176842,1.0,0.0,0.0
2,1,18,3,26.470866982010016,1.0,0.0,0.0
2,1,19,3,30.92331907053672,1.0,0.0,0.0
2,1,20,4,39.028524187764056,1.0,0.0,0.0
2,1,21,4,43.12931850618174,1.0,0.0,0.0
2,1,22,4,50.03044441845324,1.0,0.0,0.0
2,1,23,4,49.259114931518155,1.0,0.0,0.0
2,1,24,4,36.7868645996182,1.0,0.0,0.0
2,1,25,5,25.67366966618789,0.0,0.0,0.0
2,1,26,5,34.0430209742634,1.0,0.0,0.0
2,1,27,5,40.15935506444282,1.0,0.0,0.0
2,1,28,5,49.940883120180445,1.0,0.0,0.0
2,1,29,5,77.70511897182725,1.0,0.0,0.0
2,1,30,6,92.66858716278665,1.0,0.0,0.0
2,1,31,6,97.05859528057235,1.0,0.0,0.0
2,1,32,6,97.23447300634885,1.0,0.0,0.0
2,1,33,6,97.54333976287108,1.0,0.0,0.0
2,1,34,6,97.94627858805273,1.0,0.0,1.0
2,1,35,7,97.78525418202051,1.0,0.0,1.0
2,1,36,7,96.64196957568703,1.0,1.0,1.0
2,1,37,7,92.82888529823201,1.0,1.0,1.0
2,1,38,7,92.33173928419643,1.0,1.0,1.0
2,2,0,0,0.0,0.0,0.0,0.0
2,2,1,0,0.011453525361139145,0.0,0.0,0.0
2,2,2,0,0.2424126365526349,0.0,0.0,0.0
2,2,3,0,0.4440437319768474,0.0,0.0,0.0
2,2,4,0,0.37967912996108,0.0,0.0,0.0
2,2,5,1,0.6854553348151372,0.0,0.0,1.0
2,2,6,1,2.2276768850380386,0.0,0.0,1.0
2,2,7,1,6.323743888389288,0.0,1.0,1.0
2,2,8,1,24.332148271247764,1.0,1.0,1.0
2,2,9,1,60.573260118536695,1.0,1.0,1.0
2,2,0,0,0.0,0.0,0.0,0.0
2,2,1,0,0.4567150341362005,0.0,0.0,0.0
2,2,2,0,1.18460866876958,0.0,0.0,0.0
2,2,3,0,1.650187091293666,0.0,0.0,0.0
2,2,4,0,3.5282704911027767,0.0,0.0,0.0
2,2,5,1,14.526013143434293,1.0,0.0,0.0
2,2,6,1,31.19856873677713,1.0,0.0,0.0
2,2,7,1,53.95112130469475,1.0,0.0,0.0
2,2,8,1,74.94094285636379,1.0,0.0,0.0
2,2,9,1,80.16280815201684,1.0,0.0,0.0
2,2,10,2,69.2635093873555,1.0,0.0,0.0
2,2,11,2,57.43741182603057,1.0,0.0,0.0
2,2,12,2,51.45862043726231,1.0,0.0,0.0
2,2,13,2,46.618724040606615,1.0,0.0,0.0
2,2,14,2,40.71058882690116,1.0,0.0,0.0
2,2,15,3,33.1039362952213,1.0,0.0,0.0
2,2,16,3,22.271097905940717,1.0,0.0,0.0
2,2,17,3,11.79190356433665,0.0,0.0,0.0
2,2,18,3,6.555589549857826,0.0,0.0,0.0
2,2,19,3,10.806312202995553,0.0,0.0,0.0
2,2,20,4,23.455765711633603,1.0,0.0,0.0
2,2,21,4,44.439187591452544,1.0,0.0,0.0
2,2,22,4,64.54271874866748,1.0,0.0,0.0
2,2,23,4,58.97381661256073,1.0,0.0,0.0
2,2,24,4,42.19236573203358,1.0,0.0,0.0
2,2,25,5,25.989429119925315,0.0,0.0,0.0
2,2,26,5,17.712408314222372,0.0,0.0,0.0
2,2,27,5,27.35959249099147,0.0,0.0,0.0
2,2,28,5,39.32772488616628,1.0,0.0,0.0
2,2,29,5,40.97694496917049,1.0,0.0,0.0
2,2,30,6,41.37583202039241,1.0,0.0,0.0
2,2,31,6,51.06849266186413,1.0,0.0,0.0
2,2,32,6,60.46009499338021,1.0,0.0,1.0
2,2,33,6,74.79471703810952,1.0,0.0,1.0
2,2,34,6,88.95972508493918,1.0,1.0,1.0
2,2,35,7,96.16208202308422,1.0,1.0,1.0
2,2,36,7,98.8782227315196,1.0,1.0,1.0
2,3,0,0,0.0,0.0,0.0,0.0
2,3,1,0,0.00809490597636022,0.0,0.0,0.0
2,3,2,0,0.023587702734004085,0.0,0.0,0.0
2,3,3,0,0.2356575450607358,0.0,0.0,0.0
2,3,4,0,0.5471312458471391,0.0,0.0,0.0
2,3,5,1,0.589461149103709,0.0,0.0,0.0
2,3,6,1,2.5693544583960355,0.0,0.0,0.0
2,3,7,1,12.542666631458237,1.0,0.0,0.0
2,3,8,1,26.0901008796033,1.0,0.0,0.0
2,3,9,1,41.245000965088835,1.0,0.0,0.0
2,3,10,2,54.24951109671785,1.0,0.0,0.0
2,3,11,2,54.81896166667505,1.0,0.0,0.0
2,3,12,2,48.79703507863389,1.0,0.0,0.0
2,3,13,2,51.69732167931043,1.0,0.0,0.0
2,3,14,2,57.609852331927065,1.0,0.0,0.0
2,3,15,3,54.96981344284673,1.0,0.0,0.0
2,3,16,3,47.42354559803374,1.0,0.0,1.0
2,3,17,3,42.33292976471451,1.0,0.0,1.0
2,3,18,3,39.76139008109001,1.0,1.0,1.0
2,3,19,3,50.87257434444227,1.0,1.0,1.0
2,3,20,4,81.32770335564729,1.0,1.0,1.0
2,1,0,0,0.0,0.0,0.0,0.0
2,1,1,0,0.06419345983966378,0.0,0.0,0.0
2,1,2,0,0.6698925141935996,0.0,0.0,0.0
2,1,3,0,2.5890354519039063,0.0,0.0,0.0
2,1,4,0,4.25784344122293,0.0,0.0,0.0
2,1,5,1,7.908145246712789,0.0,0.0,0.0
2,1,6,1,12.247442908193602,1.0,0.0,0.0
2,1,7,1,11.06658766548073,1.0,0.0,0.0
2,1,8,1,8.677921475565693,0.0,0.0,0.0
2,1,9,1,6.684100314565789,0.0,0.0,0.0
2,1,10,2,4.320584263881917,0.0,0.0,0.0
2,1,11,2,2.566370856933755,0.0,0.0,0.0
2,1,12,2,1.9794060186894522,0.0,0.0,0.0
2,1,13,2,1.7506467872980045,0.0,0.0,0.0
2,1,14,2,1.5684851155625301,0.0,0.0,0.0
2,1,15,3,1.4587186943723118,0.0,0.0,0.0
2,1,16,3,2.2140177932252127,0.0,0.0,0.0
2,1,17,3,4.562849286844326,0.0,0.0,0.0
2,1,18,3,5.94932231292453,0.0,0.0,0.0
2,1,19,3,5.59979661611793,0.0,0.0,0.0
2,1,20,4,9.028993863533836,0.0,0.0,0.0
2,1,21,4,27.142437313834506,1.0,0.0,0.0
2,1,22,4,47.9515769757886,1.0,0.0,0.0
2,1,23,4,48.59080260261699,1.0,0.0,0.0
2,1,24,4,35.30602302747982,1.0,0.0,0.0
2,1,25,5,29.908019317457537,1.0,0.0,0.0
2,1,26,5,46.61265658727217,1.0,0.0,0.0
2,1,27,5,71.16120801318593,1.0,0.0,0.0
2,1,28,5,79.60055184342639,1.0,0.0,0.0
2,1,29,5,74.40405303037463,1.0,0.0,0.0
2,1,30,6,62.13146983911842,1.0,0.0,0.0
2,1,31,6,62.277553394275756,1.0,0.0,0.0
2,1,32,6,73.58267379697907,1.0,0.0,0.0
2,1,33,6,82.257455481234,1.0,0.0,0.0
2,1,34,6,83.36624440631756,1.0,0.0,0.0
2,1,35,7,76.24939867612264,1.0,0.0,0.0
2,1,36,7,76.2137914833602,1.0,0.0,0.0
2,1,37,7,85.54083796894,1.0,0.0,0.0
2,1,38,7,89.84168195402492,1.0,0.0,0.0
2,1,39,7,88.72503007934375,1.0,0.0,0.0
2,1,40,8,89.32625418538464,1.0,0.0,0.0
2,1,41,8,92.01361797676836,1.0,0.0,0.0
2,1,42,8,93.4154104302786,1.0,0.0,1.0
2,1,43,8,91.13760024014248,0.0,0.0,1.0
2,1,44,8,88.58957031359688,0.0,1.0,1.0
2,1,45,9,91.22455178832226,0.0,1.0,1.0
2,1,46,9,94.1037806755198,0.0,1.0,1.0
2,1,0,0,0.0,0.0,0.0,0.0
2,1,1,0,0.14718278881015456,0.0,0.0,0.0
2,1,2,0,0.10878679712567205,0.0,0.0,0.0
2,1,3,0,0.09931350388084073,0.0,0.0,0.0
2,1,4,0,0.3115799814322304,0.0,0.0,0.0
2,1,5,1,0.5391764126143879,0.0,0.0,0.0
2,1,6,1,2.3231441893273423,0.0,0.0,0.0
2,1,7,1,7.813294808094751,0.0,0.0,0.0
2,1,8,1,7.910091464624113,0.0,0.0,0.0
2,1,9,1,4.62219069837472,0.0,0.0,0.0
2,1,10,2,2.660629137860856,0.0,0.0,0.0
2,1,11,2,1.595168815309154,0.0,0.0,0.0
2,1,12,2,1.859621553215892,0.0,0.0,0.0
2,1,13,2,3.90128443470802,0.0,0.0,0.0
2,1,14,2,3.8146215934487877,0.0,0.0,0.0
2,1,15,3,2.572456533885176,0.0,0.0,0.0
2,1,16,3,3.040215980060359,0.0,0.0,0.0
2,1,17,3,8.15117670650616,0.0,0.0,0.0
2,1,18,3,18.51193415155604,0.0,0.0,0.0
2,1,19,3,47.35465483290115,1.0,0.0,0.0
2,1,20,4,76.32161424409821,1.0,0.0,0.0
2,1,21,4,80.52961192852473,1.0,0.0,0.0
2,1,22,4,74.75832909590366,1.0,0.0,0.0
2,1,23,4,64.0092772391823,1.0,0.0,0.0
2,1,24,4,50.77661734524896,1.0,0.0,0.0
2,1,25,5,44.973884700695976,1.0,0.0,0.0
2,1,26,5,44.46813018521858,1.0,0.0,0.0
2,1,27,5,45.79411627585337,1.0,0.0,0.0
2,1,28,5,47.18672227827436,1.0,0.0,0.0
2,1,29,5,58.65238261585411,1.0,0.0,0.0
2,1,30,6,69.81180273075024,1.0,0.0,0.0
2,1,31,6,72.98824904671525,1.0,0.0,0.0
2,1,32,6,76.00007593188508,1.0,0.0,0.0
2,1,33,6,80.1312358979203,1.0,0.0,0.0
2,1,34,6,82.33489464336822,1.0,0.0,0.0
2,1,35,7,82.30778930908531,1.0,0.0,0.0
2,1,36,7,79.06626319150243,1.0,0.0,0.0
2,1,37,7,74.65913093720212,1.0,0.0,0.0
2,1,38,7,78.17222632891003,1.0,0.0,0.0
2,1,39,7,84.897023400237,1.0,0.0,0.0
2,1,40,8,89.16376710016833,1.0,0.0,0.0
2,1,41,8,94.9869325726647,1.0,0.0,0.0
2,1,42,8,97.97510481217732,1.0,0.0,1.0
2,1,43,8,97.97103439003207,1.0,0.0,1.0
2,1,44,8,97.34622608340149,0.0,1.0,1.0
2,1,45,9,96.5410372711903,0.0,1.0,1.0
2,1,46,9,96.13815289159781,0.0,1.0,1.0
2,3,0,0,0.0,0.0,0.0,0.0
2,3,1,0,0.4212262700615284,0.0,0.0,0.0
2,3,2,0,0.8701910729617913,0.0,0.0,0.0
2,3,3,0,1.2817689748355656,0.0,0.0,0.0
2,3,4,0,1.7412969360211026,0.0,0.0,0.0
2,3,5,1,2.7078582964584905,0.0,0.0,0.0
2,3,6,1,3.6151467112069,0.0,0.0,0.0
2,3,7,1,4.739914625898102,0.0,0.0,0.0
2,3,8,1,4.307801189717059,0.0,0.0,0.0
2,3,9,1,3.2913794164911874,0.0,0.0,0.0
2,3,10,2,2.731529873668841,0.0,0.0,0.0
2,3,11,2,1.8832257120252982,0.0,0.0,0.0
2,3,12,2,1.1687206826682144,0.0,0.0,0.0
2,3,13,2,0.8927677019985536,0.0,0.0,0.0
2,3,14,2,0.5413301958320468,0.0,0.0,0.0
2,3,15,3,0.2782227153069681,0.0,0.0,0.0
2,3,16,3,0.8068691378188878,0.0,0.0,0.0
2,3,17,3,3.180961391177733,0.0,0.0,0.0
2,3,18,3,4.843348189164118,0.0,0.0,0.0
2,3,19,3,6.8404983283202565,0.0,0.0,0.0
2,3,20,4,8.824024091000155,0.0,0.0,0.0
2,3,21,4,9.127836692581857,0.0,0.0,0.0
2,3,22,4,6.894644823035772,0.0,0.0,0.0
2,3,23,4,4.442469849019583,0.0,0.0,0.0
2,3,24,4,2.8707067952760648,0.0,0.0,0.0
2,3,25,5,1.9021484944034763,0.0,0.0,0.0
2,3,26,5,2.7262299900083615,0.0,0.0,0.0
2,3,27,5,10.399436289808559,0.0,0.0,0.0
2,3,28,5,21.01215954637054,0.0,0.0,0.0
2,3,29,5,16.87274830275902,0.0,0.0,0.0
2,3,30,6,10.373163152586748,0.0,0.0,0.0
2,3,31,6,7.1246980778817655,0.0,0.0,0.0
2,3,32,6,9.79381680460428,0.0,0.0,0.0
2,3,33,6,23.409781761101783,0.0,0.0,0.0
2,3,34,6,49.76250970987627,0.0,0.0,0.0
2,3,35,7,61.293209178354495,1.0,0.0,0.0
2,3,36,7,70.9276793480782,1.0,0.0,0.0
2,3,37,7,87.432954823069,1.0,0.0,0.0
2,3,38,7,94.48940301801855,1.0,0.0,0.0
2,3,39,7,95.9181929663219,1.0,0.0,0.0
2,3,40,8,94.40205789443888,1.0,0.0,0.0
2,3,41,8,90.82829428659849,1.0,0.0,0.0
2,3,42,8,79.86937719667468,0.0,0.0,0.0
2,3,43,8,54.86145405820746,0.0,0.0,0.0
2,3,44,8,34.23857207703887,0.0,0.0,0.0
2,3,45,9,47.28130005815542,0.0,0.0,0.0
2,3,46,9,80.49655775387546,0.0,0.0,0.0
2,3,47,9,92.69050832942008,0.0,0.0,0.0
2,3,48,9,95.87597714447739,0.0,0.0,0.0
2,3,49,9,97.14353242962008,0.0,0.0,0.0
2,3,50,10,98.01786652774544,0.0,0.0,1.0
2,3,51,10,98.875213764347,0.0,0.0,1.0
2,3,52,10,99.57695538313465,0.0,1.0,1.0
2,3,53,10,99.44093766598576,0.0,1.0,1.0
2,3,54,10,98.96131066934142,0.0,1.0,1.0
2,1,0,0,0.0,0.0,0.0,0.0
2,1,1,0,1.4959762392541505,0.0,0.0,0.0
2,1,2,0,3.5638875210953778,0.0,0.0,0.0
2,1,3,0,5.2137494465972285,0.0,0.0,0.0
2,1,4,0,7.8457960943469995,0.0,0.0,0.0
2,1,5,1,15.591341968267475,1.0,0.0,0.0
2,1,6,1,24.507883517085773,1.0,0.0,0.0
2,1,7,1,20.13063139652032,1.0,0.0,0.0
2,1,8,1,12.26899577494035,1.0,0.0,0.0
2,1,9,1,6.86108790309661,0.0,0.0,0.0
2,1,10,2,3.6719949141358796,0.0,0.0,0.0
2,1,11,2,5.7553424592258144,0.0,0.0,0.0
2,1,12,2,14.958201724649735,1.0,0.0,0.0
2,1,13,2,16.225441314902948,1.0,0.0,0.0
2,1,14,2,13.411378016376116,0.0,0.0,0.0
2,1,15,3,10.091739660879277,0.0,0.0,0.0
2,1,16,3,7.199602368141862,0.0,0.0,0.0
2,1,17,3,6.466354070604193,0.0,0.0,0.0
2,1,18,3,7.004953750417474,0.0,0.0,0.0
2,1,19,3,6.782310348227938,0.0,0.0,0.0
2,1,20,4,6.82084979368776,0.0,0.0,0.0
2,1,21,4,4.926967800507915,0.0,0.0,0.0
2,1,22,4,2.6998604058984204,0.0,0.0,0.0
2,1,23,4,1.5211508621099465,0.0,0.0,0.0
2,1,24,4,0.824621771390222,0.0,0.0,0.0
2,1,25,5,0.4244755915142321,0.0,0.0,0.0
2,1,26,5,0.281665607148165,0.0,0.0,0.0
2,1,27,5,5.51983878270761,0.0,0.0,0.0
2,1,28,5,24.61172961292847,0.0,0.0,0.0
2,1,29,5,27.124266139291045,0.0,0.0,0.0
2,1,30,6,23.361785114330452,0.0,0.0,0.0
2,1,31,6,35.34378025365173,0.0,0.0,0.0
2,1,32,6,40.478308738918855,0.0,0.0,1.0
2,1,33,6,36.157700854485455,0.0,0.0,1.0
2,1,34,6,27.58868481751065,0.0,1.0,1.0
2,1,35,7,19.361244946271313,0.0,1.0,1.0
2,1,36,7,14.901960123305841,0.0,1.0,1.0
2,3,0,0,0.0,0.0,0.0,0.0
2,3,1,0,0.0,0.0,0.0,0.0
2,3,2,0,0.0,0.0,0.0,0.0
2,3,3,0,0.054535360939728085,0.0,0.0,0.0
2,3,4,0,0.3198711297477268,0.0,0.0,0.0
2,3,5,1,0.3062273219622331,0.0,0.0,0.0
2,3,6,1,0.33932443930071876,0.0,0.0,0.0
2,3,7,1,1.1365766177932481,0.0,0.0,0.0
2,3,8,1,1.691603353542046,0.0,0.0,0.0
2,3,9,1,1.0973469179351873,0.0,0.0,0.0
2,3,10,2,0.6832607826914386,0.0,0.0,0.0
2,3,11,2,0.4493080947955657,0.0,0.0,0.0
2,3,12,2,1.2640074941026327,0.0,0.0,0.0
2,3,13,2,5.714959885783896,0.0,0.0,0.0
2,3,14,2,7.764712888065955,0.0,0.0,0.0
2,3,15,3,6.3951897053959375,0.0,0.0,0.0
2,3,16,3,5.008075330783026,0.0,0.0,0.0
2,3,17,3,3.8796484092796817,0.0,0.0,0.0
2,3,18,3,3.281258700412849,0.0,0.0,0.0
2,3,19,3,2.5468725741051514,0.0,0.0,0.0
2,3,20,4,3.9166770627632097,0.0,0.0,0.0
2,3,21,4,6.416114535395873,0.0,0.0,0.0
2,3,22,4,4.9572524338754365,0.0,0.0,0.0
2,3,23,4,2.696155408299247,0.0,0.0,0.0
2,3,24,4,2.3429368009818567,0.0,0.0,0.0
2,3,25,5,2.0237486783132224,0.0,0.0,0.0
2,3,26,5,2.521225630160826,0.0,0.0,0.0
2,3,27,5,5.572303028669255,0.0,0.0,0.0
2,3,28,5,6.298730443647402,0.0,0.0,0.0
2,3,29,5,4.550074789280036,0.0,0.0,0.0
2,3,30,6,3.6373333202241205,0.0,0.0,0.0
2,3,31,6,7.999633782985304,0.0,0.0,0.0
2,3,32,6,11.480399130866784,0.0,0.0,0.0
2,3,33,6,13.405824457145421,0.0,0.0,0.0
2,3,34,6,22.472158559495984,0.0,0.0,0.0
2,3,35,7,50.83406468454153,0.0,0.0,0.0
2,3,36,7,77.7549058105258,1.0,0.0,0.0
2,3,37,7,88.43000541941089,1.0,0.0,0.0
2,3,38,7,92.73873945950672,1.0,0.0,0.0
2,3,39,7,95.26600923705962,1.0,0.0,0.0
2,3,40,8,96.84552622331455,1.0,0.0,1.0
2,3,41,8,97.17954891679864,1.0,0.0,1.0
2,3,42,8,97.38694339757535,1.0,1.0,1.0
2,3,43,8,98.35320667996837,1.0,1.0,1.0
2,3,44,8,99.26226351290481,0.0,1.0,1.0
2,3,0,0,0.0,0.0,0.0,0.0
2,3,1,0,0.1525377255802641,0.0,0.0,0.0
2,3,2,0,0.12031600277126012,0.0,0.0,0.0
2,3,3,0,0.3839576578122477,0.0,0.0,0.0
2,3,4,0,1.9641226804874252,0.0,0.0,0.0
2,3,5,1,2.426529815259061,0.0,0.0,0.0
2,3,6,1,2.8854133546413,0.0,0.0,0.0
2,3,7,1,2.685482130001767,0.0,0.0,0.0
2,3,8,1,2.7727380248602955,0.0,0.0,0.0
2,3,9,1,2.591672358183397,0.0,0.0,0.0
2,3,10,2,2.1665539125515534,0.0,0.0,0.0
2,3,11,2,2.740650554954681,0.0,0.0,0.0
2,3,12,2,4.4603593731119915,0.0,0.0,0.0
2,3,13,2,5.596543370404122,0.0,0.0,0.0
2,3,14,2,4.619925122075413,0.0,0.0,0.0
2,3,15,3,4.6671454433287085,0.0,0.0,0.0
2,3,16,3,8.616048954322617,0.0,0.0,0.0
2,3,17,3,12.31437037329857,0.0,0.0,0.0
2,3,18,3,11.315188044980719,0.0,0.0,0.0
2,3,19,3,10.967525494129983,0.0,0.0,0.0
2,3,20,4,25.170143991713353,1.0,0.0,0.0
2,3,21,4,30.80713491449402,1.0,0.0,0.0
2,3,22,4,21.777795569280244,0.0,0.0,0.0
2,3,23,4,15.40570476657308,0.0,0.0,0.0
2,3,24,4,10.347436198910481,0.0,0.0,0.0
2,3,25,5,5.67548226089697,0.0,0.0,0.0
2,3,26,5,2.9871479253272453,0.0,0.0,0.0
2,3,27,5,1.8224171491070504,0.0,0.0,0.0
2,3,28,5,1.3633909942703712,0.0,0.0,0.0
2,3,29,5,2.649796980782279,0.0,0.0,0.0
2,3,30,6,4.444834011908895,0.0,0.0,0.0
2,3,31,6,6.217596590735678,0.0,0.0,0.0
2,3,32,6,13.785138230243371,0.0,0.0,0.0
2,3,33,6,21.656229073224587,0.0,0.0,1.0
2,3,34,6,25.949764704014946,0.0,0.0,1.0
2,3,35,7,40.56873155107388,0.0,1.0,1.0
2,3,36,7,67.61306969025782,1.0,1.0,1.0
2,3,37,7,86.54481854297657,1.0,1.0,1.0
3,1,0,0,0.0,0.0,0.0,0.0
3,1,1,0,0.05058171426986146,0.0,0.0,0.0
3,1,2,0,0.19984894721995877,0.0,0.0,0.0
3,1,3,0,0.3056841048103961,0.0,0.0,0.0
3,1,4,0,0.2893893095642057,0.0,0.0,0.0
3,1,5,1,0.5438304608332813,0.0,0.0,0.0
3,1,6,1,1.2560126139880645,0.0,0.0,0.0
3,1,7,1,1.7564003140584208,0.0,0.0,0.0
3,1,8,1,1.4782285115910874,0.0,0.0,0.0
3,1,9,1,2.339754458517392,0.0,0.0,0.0
3,1,10,2,5.558764086931221,0.0,0.0,0.0
3,1,11,2,9.927326456031409,0.0,0.0,0.0
3,1,12,2,20.97455234632524,1.0,0.0,0.0
3,1,13,2,30.059241207721872,1.0,0.0,0.0
3,1,14,2,29.771669098690523,1.0,0.0,0.0
3,1,15,3,31.70998679948726,1.0,0.0,0.0
3,1,16,3,41.4909361509915,1.0,0.0,0.0
3,1,17,3,56.65873527658263,1.0,0.0,0.0
3,1,18,3,70.92203289865844,1.0,0.0,0.0
3,1,19,3,73.34141296407998,1.0,0.0,0.0
3,1,20,4,76.27663460957143,1.0,0.0,0.0
3,1,21,4,84.6340662797748,1.0,0.0,0.0
3,1,22,4,91.23149154306444,1.0,0.0,0.0
3,1,23,4,94.61772686815625,1.0,0.0,0.0
3,1,24,4,96.2308546686279,1.0,0.0,0.0
3,1,25,5,96.01814189390282,1.0,0.0,0.0
3,1,26,5,95.93489179895464,1.0,0.0,0.0
3,1,27,5,97.3403586492228,1.0,0.0,0.0
3,1,28,5,98.48656120879534,1.0,0.0,1.0
3,1,29,5,98.71711637655554,1.0,0.0,1.0
3,1,30,6,98.82092590992919,1.0,1.0,1.0
3,1,31,6,99.32884721092307,1.0,1.0,1.0
3,1,32,6,99.60194377628493,1.0,1.0,1.0
3,3,0,0,0.0,0.0,0.0,0.0
3,3,1,0,0.0,0.0,0.0,0.0
3,3,2,0,0.001191673747073386,0.0,0.0,0.0
3,3,3,0,0.05306398532736298,0.0,0.0,0.0
3,3,4,0,0.9577858376272265,0.0,0.0,0.0
3,3,5,1,6.463338120754217,0.0,0.0,0.0
3,3,6,1,11.69141050883526,1.0,0.0,0.0
3,3,7,1,13.789810972151546,1.0,0.0,0.0
3,3,8,1,36.37738588433177,1.0,0.0,0.0
3,3,9,1,55.430635544422245,1.0,0.0,0.0
3,3,10,2,52.770936968440274,1.0,0.0,0.0
3,3,11,2,59.50808826032831,1.0,0.0,0.0
3,3,12,2,68.14510589597296,1.0,0.0,0.0
3,3,13,2,79.18264601051212,1.0,0.0,0.0
3,3,14,2,90.43819088658313,1.0,0.0,0.0
3,3,15,3,95.45272980753757,1.0,0.0,0.0
3,3,16,3,98.21244394808619,1.0,0.0,0.0
3,3,17,3,99.48856754797842,1.0,0.0,0.0
3,3,18,3,99.6632217754759,1.0,0.0,0.0
3,3,19,3,99.11575965072456,1.0,0.0,0.0
3,3,20,4,98.84144251389698,1.0,0.0,0.0
3,3,21,4,97.56019002002128,1.0,0.0,0.0
3,3,22,4,92.14810503749752,1.0,0.0,0.0
3,3,23,4,75.6020122693314,1.0,0.0,0.0
3,3,24,4,55.34389117730751,1.0,0.0,0.0
3,3,25,5,60.416633404224484,1.0,0.0,0.0
3,3,26,5,73.10998331702416,1.0,0.0,0.0
3,3,27,5,76.52048459259733,1.0,0.0,0.0
3,3,28,5,82.40858855020917,1.0,0.0,0.0
3,3,29,5,85.80440950317443,1.0,0.0,0.0
3,3,30,6,82.5666630320766,1.0,0.0,0.0
3,3,31,6,79.75159906414457,1.0,0.0,0.0
3,3,32,6,75.26190314041776,1.0,0.0,1.0
3,3,33,6,76.92515924680404,1.0,0.0,1.0
3,3,34,6,86.25827823800533,1.0,1.0,1.0
3,3,35,7,92.20267865396116,1.0,1.0,1.0
3,3,36,7,95.92879814645464,1.0,1.0,1.0
3,3,0,0,0.0,0.0,0.0,0.0
3,3,1,0,0.0,0.0,0.0,0.0
3,3,2,0,2.16783842973036e-05,0.0,0.0,0.0
3,3,3,0,0.02328940823887832,0.0,0.0,0.0
3,3,4,0,0.07311529030301647,0.0,0.0,0.0
3,3,5,1,0.12177472706456063,0.0,0.0,0.0
3,3,6,1,0.1877434291483464,0.0,0.0,0.0
3,3,7,1,0.758301111120753,0.0,0.0,0.0
3,3,8,1,3.5045763099047464,0.0,0.0,0.0
3,3,9,1,10.071393219893046,0.0,0.0,0.0
3,3,10,2,20.75072700969487,1.0,0.0,0.0
3,3,11,2,35.64072960082778,1.0,0.0,0.0
3,3,12,2,50.838889359579525,1.0,0.0,0.0
3,3,13,2,57.42016017277625,1.0,0.0,0.0
3,3,14,2,60.24877857303194,1.0,0.0,0.0
3,3,15,3,66.90951210043238,1.0,0.0,0.0
3,3,16,3,72.25885914433091,1.0,0.0,0.0
3,3,17,3,82.1649345919652,1.0,0.0,0.0
3,3,18,3,90.67315601898055,1.0,0.0,0.0
3,3,19,3,93.8656747604359,1.0,0.0,0.0
3,3,20,4,89.23510150986536,1.0,0.0,0.0
3,3,21,4,73.96991198161825,1.0,0.0,0.0
3,3,22,4,60.20365638970202,1.0,0.0,0.0
3,3,23,4,55.58955005241173,1.0,0.0,0.0
3,3,24,4,53.283394811827236,1.0,0.0,0.0
3,3,25,5,44.15611652393963,1.0,0.0,0.0
3,3,26,5,41.61322943894669,1.0,0.0,0.0
3,3,27,5,45.131818894843754,1.0,0.0,0.0
3,3,28,5,41.41918356403655,1.0,0.0,0.0
3,3,29,5,33.052365425503375,0.0,0.0,0.0
3,3,30,6,24.471207176070408,0.0,0.0,1.0
3,3,31,6,17.749621750633544,0.0,0.0,1.0
3,3,32,6,17.412398701009007,0.0,1.0,1.0
3,3,33,6,25.041504511334615,0.0,1.0,1.0
3,3,34,6,23.1272358889618,0.0,1.0,1.0
3,3,0,0,0.0,0.0,0.0,0.0
3,3,1,0,0.7383907171786249,0.0,0.0,0.0
3,3,2,0,1.9193921382032242,0.0,0.0,0.0
3,3,3,0,4.956925250613087,0.0,0.0,0.0
3,3,4,0,7.61974105051746,0.0,0.0,0.0
3,3,5,1,10.001832338774559,1.0,0.0,0.0
3,3,6,1,18.919809177148494,1.0,0.0,0.0
3,3,7,1,26.889902195243913,1.0,0.0,0.0
3,3,8,1,27.534947196448833,1.0,0.0,0.0
3,3,9,1,26.286674628719393,1.0,0.0,0.0
3,3,10,2,28.167207383248776,1.0,0.0,0.0
3,3,11,2,31.385935622294028,1.0,0.0,0.0
3,3,12,2,34.7529823838066,1.0,0.0,0.0
3,3,13,2,38.44055666413303,1.0,0.0,0.0
3,3,14,2,39.085634307116194,1.0,0.0,0.0
3,3,15,3,33.581928928243215,1.0,0.0,0.0
3,3,16,3,28.912492976174548,1.0,0.0,0.0
3,3,17,3,30.295931694035048,1.0,0.0,0.0
3,3,18,3,30.484246815003893,1.0,0.0,0.0
3,3,19,3,30.122318045452186,1.0,0.0,0.0
3,3,20,4,29.756314588557547,1.0,0.0,0.0
3,3,21,4,27.177660898757416,1.0,0.0,0.0
3,3,22,4,19.611403841072917,0.0,0.0,0.0
3,3,23,4,12.380075668618606,0.0,0.0,0.0
3,3,24,4,8.066997207930907,0.0,0.0,0.0
3,3,25,5,5.84164878302234,0.0,0.0,0.0
3,3,26,5,5.080267200268409,0.0,0.0,0.0
3,3,27,5,4.822464687080198,0.0,0.0,0.0
3,3,28,5,4.052868532675285,0.0,0.0,0.0
3,3,29,5,3.2091918160442425,0.0,0.0,0.0
3,3,30,6,3.0067926525832585,0.0,0.0,0.0
3,3,31,6,4.009671088812573,0.0,0.0,0.0
3,3,32,6,7.6673396193073415,0.0,0.0,0.0
3,3,33,6,7.307648262627431,0.0,0.0,0.0
3,3,34,6,6.537632717799357,0.0,0.0,0.0
3,3,35,7,7.923218130147804,0.0,0.0,0.0
3,3,36,7,13.773726002542054,0.0,0.0,0.0
3,3,37,7,20.252199455962604,0.0,0.0,0.0
3,3,38,7,18.342597876307753,0.0,0.0,0.0
3,3,39,7,19.216751817946744,0.0,0.0,0.0
3,3,40,8,28.886269185895454,0.0,0.0,0.0
3,3,41,8,47.56321570298,0.0,0.0,0.0
3,3,42,8,63.984000223685904,0.0,0.0,0.0
3,3,43,8,70.2821996999164,0.0,0.0,0.0
3,3,44,8,76.01561950194312,0.0,0.0,0.0
3,3,45,9,76.61087522823584,0.0,0.0,0.0
3,3,46,9,74.95388625285494,0.0,0.0,0.0
3,3,47,9,78.00787356752983,0.0,0.0,0.0
3,3,48,9,80.64161423246588,0.0,0.0,1.0
3,3,49,9,81.40663330367066,0.0,0.0,1.0
3,3,50,10,88.38272007526041,0.0,1.0,1.0
3,3,51,10,94.32368324818222,0.0,1.0,1.0
3,3,52,10,94.52850939979622,0.0,1.0,1.0
3,1,0,0,0.0,0.0,0.0,0.0
3,1,1,0,0.00024805025903203853,0.0,0.0,0.0
3,1,2,0,0.005263106645124944,0.0,0.0,0.0
3,1,3,0,0.04896648640426579,0.0,0.0,0.0
3,1,4,0,0.3117203268833792,0.0,0.0,0.0
3,1,5,1,0.9873310607756427,0.0,0.0,0.0
3,1,6,1,1.4519067678759014,0.0,0.0,0.0
3,1,7,1,2.2657105931131474,0.0,0.0,0.0
3,1,8,1,5.50465534183769,0.0,0.0,0.0
3,1,9,1,12.25820733644035,0.0,0.0,0.0
3,1,10,2,34.4567355985392,1.0,0.0,0.0
3,1,11,2,60.458576157168054,1.0,0.0,0.0
3,1,12,2,71.0055349155731,1.0,0.0,0.0
3,1,13,2,77.95233060946711,1.0,0.0,0.0
3,1,14,2,84.2656074820002,1.0,0.0,0.0
3,1,15,3,85.7447310612165,1.0,0.0,0.0
3,1,16,3,84.23105016827621,1.0,0.0,0.0
3,1,17,3,84.38593485654704,1.0,0.0,0.0
3,1,18,3,84.53448552609667,1.0,0.0,0.0
3,1,19,3,83.99388039723547,1.0,0.0,0.0
3,1,20,4,81.89297222881612,1.0,0.0,0.0
3,1,21,4,78.18905637387778,1.0,0.0,0.0
3,1,22,4,75.852512702549,1.0,0.0,0.0
3,1,23,4,78.60825290851778,1.0,0.0,0.0
3,1,24,4,87.76940385658276,1.0,0.0,0.0
3,1,25,5,93.87840313326231,1.0,0.0,0.0
3,1,26,5,96.55534312430784,1.0,0.0,1.0
3,1,27,5,96.71509093189135,1.0,0.0,1.0
3,1,28,5,95.4331491213324,1.0,1.0,1.0
3,1,29,5,91.29578781753011,1.0,1.0,1.0
3,1,30,6,81.95673178103229,1.0,1.0,1.0
3,2,0,0,0.0,0.0,0.0,0.0
3,2,1,0,0.0,0.0,0.0,0.0
3,2,2,0,4.0640983280352354e-05,0.0,0.0,0.0
3,2,3,0,0.009526199332236075,0.0,0.0,0.0
3,2,4,0,0.078988826791214,0.0,0.0,0.0
3,2,5,1,1.0589315766846785,0.0,0.0,0.0
3,2,6,1,6.751647121857241,0.0,0.0,0.0
3,2,7,1,9.170869239857705,0.0,0.0,0.0
3,2,8,1,8.095540773948356,0.0,0.0,0.0
3,2,9,1,9.879944662345544,0.0,0.0,0.0
3,2,10,2,21.162092301755937,1.0,0.0,0.0
3,2,11,2,42.45399126973469,1.0,0.0,0.0
3,2,12,2,58.36691780781544,1.0,0.0,0.0
3,2,13,2,59.876401373006274,1.0,0.0,0.0
3,2,14,2,66.92473693145878,1.0,0.0,0.0
3,2,15,3,79.72331836282981,1.0,0.0,0.0
3,2,16,3,81.72405808119387,1.0,0.0,0.0
3,2,17,3,80.10606278326644,1.0,0.0,0.0
3,2,18,3,84.11366210629325,1.0,0.0,0.0
3,2,19,3,86.49179369555848,1.0,0.0,0.0
3,2,20,4,87.59886579013587,1.0,0.0,0.0
3,2,21,4,88.25705804299231,1.0,0.0,0.0
3,2,22,4,81.87643634303438,1.0,0.0,0.0
3,2,23,4,73.68084922344997,1.0,0.0,0.0
3,2,24,4,65.59299168042679,1.0,0.0,0.0
3,2,25,5,48.554508885006236,1.0,0.0,0.0
3,2,26,5,37.32469297637874,1.0,0.0,0.0
3,2,27,5,35.92429590845212,1.0,0.0,0.0
3,2,28,5,37.59641841041547,1.0,0.0,0.0
3,2,29,5,42.76267624886603,1.0,0.0,0.0
3,2,30,6,40.85062166756723,1.0,0.0,0.0
3,2,31,6,30.778726664192703,0.0,0.0,0.0
3,2,32,6,20.193727687279832,0.0,0.0,0.0
3,2,33,6,13.378081080664808,0.0,0.0,0.0
3,2,34,6,21.689287945930356,0.0,0.0,0.0
3,2,35,7,62.73281981811921,1.0,0.0,0.0
3,2,36,7,83.70360285254148,1.0,0.0,0.0
3,2,37,7,83.09382366669045,1.0,0.0,0.0
3,2,38,7,80.80241664693177,1.0,0.0,1.0
3,2,39,7,85.90190940790768,1.0,0.0,1.0
3,2,40,8,94.94553758087966,1.0,1.0,1.0
3,2,41,8,98.66649670799515,1.0,1.0,1.0
3,2,42,8,99.64253981156571,1.0,1.0,1.0
3,3,0,0,0.0,0.0,0.0,0.0
3,3,1,0,0.0,0.0,0.0,0.0
3,3,2,0,0.0,0.0,0.0,0.0
3,3,3,0,0.0,0.0,0.0,0.0
3,3,4,0,0.0,0.0,0.0,0.0
3,3,5,1,0.006800266380917329,0.0,0.0,0.0
3,3,6,1,0.06612599367333634,0.0,0.0,0.0
3,3,7,1,0.08186210646259837,0.0,0.0,0.0
3,3,8,1,0.09711960812667712,0.0,0.0,0.0
3,3,9,1,1.9678433322946398,0.0,0.0,0.0
3,3,10,2,13.921958078470986,1.0,0.0,0.0
3,3,11,2,24.235737639395165,1.0,0.0,0.0
3,3,12,2,30.98541045481462,1.0,0.0,0.0
3,3,13,2,47.71094438416769,1.0,0.0,0.0
3,3,14,2,52.136247613737865,1.0,0.0,0.0
3,3,15,3,55.44028134908748,1.0,0.0,0.0
3,3,16,3,68.18860652667732,1.0,0.0,0.0
3,3,17,3,80.58974144610315,1.0,0.0,0.0
3,3,18,3,78.1903591476828,1.0,0.0,0.0
3,3,19,3,68.64828059674198,1.0,0.0,0.0
3,3,20,4,57.04249626966191,1.0,0.0,0.0
3,3,21,4,37.56727756084521,1.0,0.0,0.0
3,3,22,4,24.050692904738035,1.0,0.0,0.0
3,3,23,4,18.714255808473776,0.0,0.0,0.0
3,3,24,4,30.55475184394085,1.0,0.0,0.0
3,3,25,5,48.56922048238914,1.0,0.0,0.0
3,3,26,5,46.8669985365353,1.0,0.0,0.0
3,3,27,5,53.83019671389173,1.0,0.0,0.0
3,3,28,5,58.79649046130568,1.0,0.0,0.0
3,3,29,5,45.89052520420087,1.0,0.0,0.0
3,3,30,6,29.84464351830787,0.0,0.0,0.0
3,3,31,6,20.577429388174423,0.0,0.0,0.0
3,3,32,6,20.579175954758384,0.0,0.0,0.0
3,3,33,6,23.216748408492357,0.0,0.0,0.0
3,3,34,6,19.635932919953298,0.0,0.0,0.0
3,3,35,7,18.2125321305302,0.0,0.0,0.0
3,3,36,7,26.75798806707599,0.0,0.0,0.0
3,3,37,7,37.50762951840516,0.0,0.0,0.0
3,3,38,7,43.74497734216045,0.0,0.0,0.0
3,3,39,7,56.88829376123489,0.0,0.0,0.0
3,3,40,8,72.86938625543768,0.0,0.0,0.0
3,3,41,8,87.33745590796416,1.0,0.0,0.0
3,3,42,8,91.97768026934762,1.0,0.0,0.0
3,3,43,8,91.70747572711797,0.0,0.0,0.0
3,3,44,8,95.06700573355005,0.0,0.0,0.0
3,3,45,9,94.598165614807,0.0,0.0,0.0
3,3,46,9,86.7314896455135,0.0,0.0,0.0
3,3,47,9,83.65962555085035,0.0,0.0,0.0
3,3,48,9,85.26850408353988,0.0,0.0,0.0
3,3,49,9,87.7808575217746,0.0,0.0,0.0
3,3,50,10,91.57151279919148,0.0,0.0,0.0
3,3,51,10,91.7518819662937,0.0,0.0,0.0
3,3,52,10,95.00771595279022,0.0,0.0,0.0
3,3,53,10,98.1440288422998,0.0,0.0,0.0
3,3,54,10,98.31990762434887,0.0,0.0,0.0
3,3,55,11,97.18258519325317,0.0,0.0,0.0
3,3,56,11,95.261243175409,0.0,0.0,0.0
3,3,57,11,93.6108232272774,0.0,0.0,0.0
3,3,58,11,95.0703492078346,0.0,0.0,1.0
3,3,59,11,96.37633919268845,0.0,0.0,1.0
3,3,60,11,93.50677450578857,0.0,1.0,1.0
3,3,61,11,87.345139230748,0.0,1.0,1.0
3,3,62,11,86.27743675251045,0.0,1.0,1.0
3,1,0,0,0.0,0.0,0.0,0.0
3,1,1,0,0.4242229320582601,0.0,0.0,0.0
3,1,2,0,1.3717568913602842,0.0,0.0,0.0
3,1,3,0,4.3251112316940175,0.0,0.0,0.0
3,1,4,0,8.264642197481944,0.0,0.0,0.0
3,1,5,1,10.126455582397107,1.0,0.0,0.0
3,1,6,1,12.11375145235715,1.0,0.0,0.0
3,1,7,1,16.32255081756621,1.0,0.0,0.0
3,1,8,1,20.23720335298838,1.0,0.0,0.0
3,1,9,1,26.866746676582274,1.0,0.0,0.0
3,1,10,2,34.39541223278644,1.0,0.0,0.0
3,1,11,2,48.06271225867809,1.0,0.0,0.0
3,1,12,2,67.83919361104186,1.0,0.0,0.0
3,1,13,2,77.33032741705901,1.0,0.0,0.0
3,1,14,2,69.8857264597006,1.0,0.0,0.0
3,1,15,3,58.8864634251498,1.0,0.0,0.0
3,1,16,3,55.200446866958806,1.0,0.0,0.0
3,1,17,3,49.209163100857126,1.0,0.0,0.0
3,1,18,3,41.3141079432113,1.0,0.0,0.0
3,1,19,3,35.235940058475265,1.0,0.0,0.0
3,1,20,4,25.541712889160422,1.0,0.0,0.0
3,1,21,4,16.02201139213725,0.0,0.0,0.0
3,1,22,4,10.361611129536414,0.0,0.0,0.0
3,1,23,4,7.705068896177366,0.0,0.0,0.0
3,1,24,4,8.016296552609784,0.0,0.0,0.0
3,1,25,5,9.482632459397419,0.0,0.0,0.0
3,1,26,5,7.082580702161895,0.0,0.0,0.0
3,1,27,5,4.758196355555057,0.0,0.0,0.0
3,1,28,5,4.211074125612267,0.0,0.0,0.0
3,1,29,5,4.296994965119916,0.0,0.0,0.0
3,1,30,6,3.960424316544864,0.0,0.0,1.0
3,1,31,6,4.221108376245694,0.0,0.0,1.0
3,1,32,6,6.228375746700495,0.0,1.0,1.0
3,1,33,6,16.28015526164494,0.0,1.0,1.0
3,1,34,6,47.288590012686214,0.0,1.0,1.0
3,3,0,0,0.0,0.0,0.0,0.0
3,3,1,0,0.0,0.0,0.0,0.0
3,3,2,0,0.0,0.0,0.0,0.0
3,3,3,0,0.0,0.0,0.0,0.0
3,3,4,0,0.0,0.0,0.0,0.0
3,3,5,1,0.0,0.0,0.0,0.0
3,3,6,1,0.000142297152176885,0.0,0.0,0.0
3,3,7,1,0.08003694510088126,0.0,0.0,0.0
3,3,8,1,0.3721387928775909,0.0,0.0,0.0
3,3,9,1,0.8302872230937732,0.0,0.0,0.0
3,3,10,2,3.962166862965788,0.0,0.0,0.0
3,3,11,2,16.644860799588084,1.0,0.0,0.0
3,3,12,2,39.623931847148484,1.0,0.0,0.0
3,3,13,2,65.6397975326284,1.0,0.0,0.0
3,3,14,2,78.32925127944375,1.0,0.0,0.0
3,3,15,3,80.07465441370364,1.0,0.0,0.0
3,3,16,3,74.16090151233124,1.0,0.0,0.0
3,3,17,3,53.4570208364307,1.0,0.0,0.0
3,3,18,3,34.8598048441599,1.0,0.0,0.0
3,3,19,3,26.715472887923045,1.0,0.0,0.0
3,3,20,4,24.65655389082244,1.0,0.0,0.0
3,3,21,4,24.353445054757437,1.0,0.0,0.0
3,3,22,4,20.183715301568093,0.0,0.0,0.0
3,3,23,4,18.295946203990333,0.0,0.0,0.0
3,3,24,4,22.762466916410276,0.0,0.0,0.0
3,3,25,5,21.564009802071787,0.0,0.0,0.0
3,3,26,5,16.682097866855614,0.0,0.0,0.0
3,3,27,5,11.480660635052406,0.0,0.0,0.0
3,3,28,5,7.614605617574061,0.0,0.0,0.0
3,3,29,5,7.228485522588552,0.0,0.0,0.0
3,3,30,6,15.68477198883383,0.0,0.0,0.0
3,3,31,6,28.5046413748205,0.0,0.0,0.0
3,3,32,6,34.82060934190251,0.0,0.0,0.0
3,3,33,6,29.372061379213857,0.0,0.0,0.0
3,3,34,6,22.81391790596514,0.0,0.0,0.0
3,3,35,7,18.15313659506086,0.0,0.0,0.0
3,3,36,7,23.347321349800033,0.0,0.0,0.0
3,3,37,7,30.728318557205718,0.0,0.0,0.0
3,3,38,7,29.323279342701213,0.0,0.0,0.0
3,3,39,7,28.870578854927736,0.0,0.0,0.0
3,3,40,8,30.77549792409239,0.0,0.0,0.0
3,3,41,8,42.71248282475739,0.0,0.0,0.0
3,3,42,8,57.492598726888886,0.0,0.0,0.0
3,3,43,8,66.61208280916651,0.0,0.0,0.0
3,3,44,8,71.20186450657181,0.0,0.0,0.0
3,3,45,9,74.6096319496242,0.0,0.0,0.0
3,3,46,9,84.26556586226368,0.0,0.0,0.0
3,3,47,9,92.72908447668621,0.0,0.0,0.0
3,3,48,9,96.75981323428617,0.0,0.0,0.0
3,3,49,9,97.89937282970713,0.0,0.0,0.0
3,3,50,10,96.44130022205354,0.0,0.0,0.0
3,3,51,10,93.332337017728,0.0,0.0,0.0
3,3,52,10,91.92551615482516,0.0,0.0,0.0
3,3,53,10,91.22545706819382,0.0,0.0,0.0
3,3,54,10,88.61660115180221,0.0,0.0,0.0
3,3,55,11,85.30961152668854,0.0,0.0,0.0
3,3,56,11,86.5008497969744,0.0,0.0,0.0
3,3,57,11,88.52237703497818,0.0,0.0,0.0
3,3,58,11,88.20694565526605,0.0,0.0,1.0
3,3,59,11,91.23185560144287,0.0,0.0,1.0
3,3,60,11,93.48267084329919,0.0,1.0,1.0
3,3,61,11,96.8056990440861,0.0,1.0,1.0
3,3,62,11,99.1022555843672,0.0,1.0,1.0
3,1,0,0,0.0,0.0,0.0,0.0
3,1,1,0,11.35618354186796,1.0,0.0,0.0
3,1,2,0,33.38207044881933,1.0,0.0,0.0
3,1,3,0,57.37092464717011,1.0,0.0,0.0
3,1,4,0,61.43658228799002,1.0,0.0,0.0
3,1,5,1,46.01827832869105,1.0,0.0,0.0
3,1,6,1,34.756683621830334,1.0,0.0,0.0
3,1,7,1,41.870246027919606,1.0,0.0,0.0
3,1,8,1,56.263834064559106,1.0,0.0,0.0
3,1,9,1,73.32272098557982,1.0,0.0,0.0
3,1,10,2,85.33058668840128,1.0,0.0,0.0
3,1,11,2,91.18174444161714,1.0,0.0,0.0
3,1,12,2,92.91702938501106,1.0,0.0,0.0
3,1,13,2,92.24315126684989,1.0,0.0,0.0
3,1,14,2,90.33962681661274,1.0,0.0,0.0
3,1,15,3,87.11137202228636,1.0,0.0,0.0
3,1,16,3,81.77458667630337,1.0,0.0,0.0
3,1,17,3,72.30435464841756,1.0,0.0,0.0
3,1,18,3,57.993823238454326,1.0,0.0,0.0
3,1,19,3,43.55943026334814,1.0,0.0,0.0
3,1,20,4,42.569279174540796,1.0,0.0,0.0
3,1,21,4,60.94266096829647,1.0,0.0,0.0
3,1,22,4,66.47142041175604,1.0,0.0,0.0
3,1,23,4,60.22510599675965,1.0,0.0,0.0
3,1,24,4,58.00288636675795,1.0,0.0,0.0
3,1,25,5,50.668444489825625,1.0,0.0,0.0
3,1,26,5,34.392569891721095,1.0,0.0,0.0
3,1,27,5,24.54331093218027,0.0,0.0,0.0
3,1,28,5,20.20299054413924,0.0,0.0,0.0
3,1,29,5,15.872751728666087,0.0,0.0,0.0
3,1,30,6,13.02658739410823,0.0,0.0,0.0
3,1,31,6,11.698434176915,0.0,0.0,0.0
3,1,32,6,9.718029929821522,0.0,0.0,0.0
3,1,33,6,11.143127840016898,0.0,0.0,0.0
3,1,34,6,18.455722738583994,0.0,0.0,0.0
3,1,35,7,23.5198373019738,0.0,0.0,0.0
3,1,36,7,24.84878417841943,0.0,0.0,0.0
3,1,37,7,24.102992323772597,0.0,0.0,0.0
3,1,38,7,26.86095659994639,0.0,0.0,0.0
3,1,39,7,28.808617995650277,0.0,0.0,0.0
3,1,40,8,26.69270161109204,0.0,0.0,0.0
3,1,41,8,25.02157710464518,0.0,0.0,0.0
3,1,42,8,26.461696943212907,0.0,0.0,0.0
3,1,43,8,25.815907581762854,0.0,0.0,0.0
3,1,44,8,21.87031297856275,0.0,0.0,0.0
3,1,45,9,21.834025175134222,0.0,0.0,0.0
3,1,46,9,31.005987810447866,0.0,0.0,0.0
3,1,47,9,41.60990284866661,0.0,0.0,0.0
3,1,48,9,51.68412263632902,0.0,0.0,0.0
3,1,49,9,68.39811108601035,0.0,0.0,0.0
3,1,50,10,83.15538178663994,0.0,0.0,0.0
3,1,51,10,84.3881671407157,0.0,0.0,0.0
3,1,52,10,83.4963291334183,0.0,0.0,0.0
3,1,53,10,84.23432836089226,0.0,0.0,0.0
3,1,54,10,90.32380872382087,0.0,0.0,0.0
3,1,55,11,93.54899519315387,0.0,0.0,0.0
3,1,56,11,94.21513791777829,0.0,0.0,0.0
3,1,57,11,95.98884276447166,0.0,0.0,0.0
3,1,58,11,96.32060805551765,0.0,0.0,0.0
3,1,59,11,97.95585964890986,0.0,0.0,1.0
3,1,60,11,99.08190434094776,0.0,0.0,1.0
3,1,61,11,99.42371668757218,0.0,1.0,1.0
3,1,62,11,99.71721308623566,0.0,1.0,1.0
3,1,63,11,99.90650238993373,0.0,1.0,1.0
4,1,0,0,0.0,0.0,0.0,0.0
4,1,1,0,0.13723154620348982,0.0,0.0,0.0
4,1,2,0,0.21254836030458268,0.0,0.0,0.0
4,1,3,0,0.15770545222747318,0.0,0.0,0.0
4,1,4,0,0.09713131628003746,0.0,0.0,0.0
4,1,5,1,0.06960304978659683,0.0,0.0,0.0
4,1,6,1,0.18483499922717,0.0,0.0,0.0
4,1,7,1,0.6399659669817315,0.0,0.0,0.0
4,1,8,1,1.251800330976684,0.0,0.0,0.0
4,1,9,1,1.5000500942323276,0.0,0.0,0.0
4,1,10,2,1.3683168141409148,0.0,0.0,0.0
4,1,11,2,0.9654782818873804,0.0,0.0,0.0
4,1,12,2,0.5592652499856794,0.0,0.0,0.0
4,1,13,2,0.5482461234739828,0.0,0.0,0.0
4,1,14,2,0.7895162732682885,0.0,0.0,0.0
4,1,15,3,0.5779998447963524,0.0,0.0,0.0
4,1,16,3,0.3393619573539629,0.0,0.0,0.0
4,1,17,3,0.1908768919923965,0.0,0.0,0.0
4,1,18,3,0.13428588838643707,0.0,0.0,0.0
4,1,19,3,0.3004344978708645,0.0,0.0,0.0
4,1,20,4,0.4806377951587376,0.0,0.0,0.0
4,1,21,4,0.4195389248940442,0.0,0.0,0.0
4,1,22,4,0.3089201084447386,0.0,0.0,0.0
4,1,23,4,1.230172419488397,0.0,0.0,0.0
4,1,24,4,8.360478274287821,0.0,0.0,1.0
4,1,25,5,28.511329402233187,0.0,0.0,1.0
4,1,26,5,61.89872346108842,1.0,1.0,1.0
4,1,27,5,79.18547180354943,1.0,1.0,1.0
4,1,28,5,78.81630265370664,1.0,1.0,1.0
4,3,0,0,0.0,0.0,0.0,0.0
4,3,1,0,0.9710233065262486,0.0,0.0,0.0
4,3,2,0,1.7402059154599891,0.0,0.0,0.0
4,3,3,0,1.721157959218812,0.0,0.0,0.0
4,3,4,0,1.6825990987652104,0.0,0.0,0.0
4,3,5,1,1.7873300066185154,0.0,0.0,0.0
4,3,6,1,1.699078978103027,0.0,0.0,0.0
4,3,7,1,1.5963506006697965,0.0,0.0,0.0
4,3,8,1,1.5384571317241384,0.0,0.0,0.0
4,3,9,1,1.5673769124564947,0.0,0.0,0.0
4,3,10,2,1.8205069575576527,0.0,0.0,0.0
4,3,11,2,2.0069301161056634,0.0,0.0,0.0
4,3,12,2,1.773515369413286,0.0,0.0,0.0
4,3,13,2,1.4259834977316896,0.0,0.0,0.0
4,3,14,2,1.3942423175449679,0.0,0.0,0.0
4,3,15,3,2.041127294600824,0.0,0.0,0.0
4,3,16,3,3.542087528322484,0.0,0.0,0.0
4,3,17,3,4.004119714175601,0.0,0.0,0.0
4,3,18,3,3.119924886962233,0.0,0.0,0.0
4,3,19,3,3.352295953513705,0.0,0.0,0.0
4,3,20,4,4.933502977375848,0.0,0.0,0.0
4,3,21,4,5.360901539751073,0.0,0.0,0.0
4,3,22,4,4.875224134307633,0.0,0.0,0.0
4,3,23,4,4.662661907833777,0.0,0.0,0.0
4,3,24,4,10.247007886173098,0.0,0.0,0.0
4,3,25,5,27.400375986633716,0.0,0.0,0.0
4,3,26,5,46.72458906954702,1.0,0.0,0.0
4,3,27,5,60.52197756833516,1.0,0.0,0.0
4,3,28,5,63.69179375141299,1.0,0.0,0.0
4,3,29,5,61.53208159324838,1.0,0.0,0.0
4,3,30,6,71.41507440017412,1.0,0.0,0.0
4,3,31,6,86.93838397610185,1.0,0.0,0.0
4,3,32,6,90.4694620213595,1.0,0.0,0.0
4,3,33,6,86.75443201336412,1.0,0.0,0.0
4,3,34,6,77.8725528180232,1.0,0.0,0.0
4,3,35,7,59.914839846224325,1.0,0.0,0.0
4,3,36,7,51.142764399943545,0.0,0.0,0.0
4,3,37,7,54.11236798039383,0.0,0.0,0.0
4,3,38,7,60.986188508109336,0.0,0.0,0.0
4,3,39,7,77.48205321978097,1.0,0.0,0.0
4,3,40,8,74.01854108248838,0.0,0.0,0.0
4,3,41,8,50.80780161977893,0.0,0.0,0.0
4,3,42,8,33.85902360491392,0.0,0.0,0.0
4,3,43,8,23.947507787867785,0.0,0.0,0.0
4,3,44,8,23.179507961181145,0.0,0.0,0.0
4,3,45,9,41.30377295427698,0.0,0.0,0.0
4,3,46,9,58.954858408701575,0.0,0.0,0.0
4,3,47,9,74.08402636731762,0.0,0.0,0.0
4,3,48,9,82.04130200413293,0.0,0.0,0.0
4,3,49,9,75.22943683561061,0.0,0.0,0.0
4,3,50,10,67.40571606111271,0.0,0.0,0.0
4,3,51,10,69.34457650885338,0.0,0.0,0.0
4,3,52,10,85.08709823159681,0.0,0.0,1.0
4,3,53,10,95.40441858940271,0.0,0.0,1.0
4,3,54,10,90.99373255729557,0.0,1.0,1.0
4,3,55,11,75.06369558577552,0.0,1.0,1.0
4,3,56,11,69.79328650128278,0.0,1.0,1.0
4,2,0,0,0.0,0.0,0.0,0.0
4,2,1,0,0.969049808747573,0.0,0.0,0.0
4,2,2,0,1.914737369393389,0.0,0.0,0.0
4,2,3,0,2.7658407521095776,0.0,0.0,0.0
4,2,4,0,3.154411468578341,0.0,0.0,0.0
4,2,5,1,2.6127781444211844,0.0,0.0,0.0
4,2,6,1,1.7777412426434278,0.0,0.0,0.0
4,2,7,1,1.497109556719567,0.0,0.0,0.0
4,2,8,1,2.3270225719892874,0.0,0.0,0.0
4,2,9,1,2.688954048246679,0.0,0.0,0.0
4,2,10,2,1.9888369482378176,0.0,0.0,0.0
4,2,11,2,1.273591147549321,0.0,0.0,0.0
4,2,12,2,1.1909185022028783,0.0,0.0,0.0
4,2,13,2,1.2975632816677134,0.0,0.0,0.0
4,2,14,2,1.4248050803524346,0.0,0.0,0.0
4,2,15,3,1.7419198511169407,0.0,0.0,0.0
4,2,16,3,1.923834926023655,0.0,0.0,0.0
4,2,17,3,1.9091795725613439,0.0,0.0,0.0
4,2,18,3,1.784110513079318,0.0,0.0,0.0
4,2,19,3,1.9027936512502968,0.0,0.0,0.0
4,2,20,4,2.0786702608390435,0.0,0.0,0.0
4,2,21,4,2.0820377953215585,0.0,0.0,0.0
4,2,22,4,2.2113793702928852,0.0,0.0,0.0
4,2,23,4,2.650388868080767,0.0,0.0,0.0
4,2,24,4,2.9185708348179835,0.0,0.0,0.0
4,2,25,5,2.218382300693168,0.0,0.0,0.0
4,2,26,5,1.3306139390596552,0.0,0.0,0.0
4,2,27,5,0.6932605010380963,0.0,0.0,0.0
4,2,28,5,0.35593180918207123,0.0,0.0,0.0
4,2,29,5,0.18274148404231758,0.0,0.0,0.0
4,2,30,6,0.101637441291225,0.0,0.0,1.0
4,2,31,6,0.1384759751462371,0.0,0.0,1.0
4,2,32,6,0.27654554977559337,0.0,1.0,1.0
4,2,33,6,0.7156370796940199,0.0,1.0,1.0
4,2,34,6,1.6869397167655564,0.0,1.0,1.0
4,2,0,0,0.0,0.0,0.0,0.0
4,2,1,0,1.0176136720369175,0.0,0.0,0.0
4,2,2,0,1.8948163267062275,0.0,0.0,0.0
4,2,3,0,1.78385115217042,0.0,0.0,0.0
4,2,4,0,1.3242744727797393,0.0,0.0,0.0
4,2,5,1,1.349780630438696,0.0,0.0,0.0
4,2,6,1,3.914152080041938,0.0,0.0,0.0
4,2,7,1,10.17468464264315,0.0,0.0,0.0
4,2,8,1,10.561354723827964,0.0,0.0,0.0
4,2,9,1,6.582220450749158,0.0,0.0,0.0
4,2,10,2,3.9368287152767536,0.0,0.0,0.0
4,2,11,2,2.6527017864720093,0.0,0.0,0.0
4,2,12,2,1.9401094862521622,0.0,0.0,0.0
4,2,13,2,1.4740987273146093,0.0,0.0,0.0
4,2,14,2,1.4622940579991088,0.0,0.0,0.0
4,2,15,3,1.8796493582870526,0.0,0.0,0.0
4,2,16,3,3.4108769976149746,0.0,0.0,0.0
4,2,17,3,9.401844196288303,0.0,0.0,0.0
4,2,18,3,11.30388815234617,0.0,0.0,0.0
4,2,19,3,6.608792468877112,0.0,0.0,0.0
4,2,20,4,3.4596035819365754,0.0,0.0,0.0
4,2,21,4,2.2918919292529143,0.0,0.0,0.0
4,2,22,4,6.559691182862597,0.0,0.0,0.0
4,2,23,4,26.780766639150546,1.0,0.0,0.0
4,2,24,4,50.00424789419696,1.0,0.0,0.0
4,2,25,5,57.886746845609004,1.0,0.0,0.0
4,2,26,5,40.21742024225606,1.0,0.0,0.0
4,2,27,5,22.164020449973272,0.0,0.0,0.0
4,2,28,5,13.237944589124819,0.0,0.0,0.0
4,2,29,5,9.086266101868194,0.0,0.0,0.0
4,2,30,6,8.83594782543236,0.0,0.0,0.0
4,2,31,6,19.24364351363539,0.0,0.0,0.0
4,2,32,6,24.6174476336565,0.0,0.0,0.0
4,2,33,6,19.964260906557886,0.0,0.0,0.0
4,2,34,6,19.56397455446792,0.0,0.0,0.0
4,2,35,7,34.12716950329181,0.0,0.0,0.0
4,2,36,7,63.17214466899311,1.0,0.0,0.0
4,2,37,7,64.20060139745188,0.0,0.0,0.0
4,2,38,7,56.99346000846252,0.0,0.0,0.0
4,2,39,7,74.81078946600775,1.0,0.0,0.0
4,2,40,8,88.57055512024453,1.0,0.0,1.0
4,2,41,8,96.07567562676547,1.0,0.0,1.0
4,2,42,8,98.30539172017302,1.0,1.0,1.0
4,2,43,8,97.27511175973426,1.0,1.0,1.0
4,2,44,8,97.96869947004191,0.0,1.0,1.0
4,1,0,0,0.0,0.0,0.0,0.0
4,1,1,0,0.3400075050359164,0.0,0.0,0.0
4,1,2,0,0.5914507724531844,0.0,0.0,0.0
4,1,3,0,0.5708531731948423,0.0,0.0,0.0
4,1,4,0,0.6475772554238579,0.0,0.0,0.0
4,1,5,1,0.9250975232706616,0.0,0.0,0.0
4,1,6,1,1.0844673773753088,0.0,0.0,0.0
4,1,7,1,2.067210903683765,0.0,0.0,0.0
4,1,8,1,2.9843743242974465,0.0,0.0,0.0
4,1,9,1,2.875578405490379,0.0,0.0,0.0
4,1,10,2,2.5019232042848953,0.0,0.0,0.0
4,1,11,2,2.382743074876368,0.0,0.0,0.0
4,1,12,2,2.430792198670742,0.0,0.0,0.0
4,1,13,2,2.384227551461868,0.0,0.0,0.0
4,1,14,2,2.2314699345263915,0.0,0.0,0.0
4,1,15,3,1.9871844740198372,0.0,0.0,0.0
4,1,16,3,1.778979132314082,0.0,0.0,0.0
4,1,17,3,1.9642552809182572,0.0,0.0,0.0
4,1,18,3,4.074252804247687,0.0,0.0,0.0
4,1,19,3,9.944594784424684,0.0,0.0,0.0
4,1,20,4,15.462288489245088,0.0,0.0,0.0
4,1,21,4,15.82147235131597,0.0,0.0,0.0
4,1,22,4,12.911570374927987,0.0,0.0,0.0
4,1,23,4,9.41168866681177,0.0,0.0,0.0
4,1,24,4,9.993529730779022,0.0,0.0,0.0
4,1,25,5,15.059144622759305,0.0,0.0,0.0
4,1,26,5,12.022037832154663,0.0,0.0,0.0
4,1,27,5,7.251911876706982,0.0,0.0,0.0
4,1,28,5,4.982767727188779,0.0,0.0,0.0
4,1,29,5,7.127500553092796,0.0,0.0,0.0
4,1,30,6,13.79310364345304,0.0,0.0,0.0
4,1,31,6,17.77559607247889,0.0,0.0,0.0
4,1,32,6,21.01589267021216,0.0,0.0,0.0
4,1,33,6,37.06870208707202,0.0,0.0,0.0
4,1,34,6,49.98053114451862,0.0,0.0,0.0
4,1,35,7,47.813295530428604,0.0,0.0,0.0
4,1,36,7,61.5279432381103,1.0,0.0,0.0
4,1,37,7,78.23573348572754,1.0,0.0,0.0
4,1,38,7,85.49099826411592,1.0,0.0,1.0
4,1,39,7,94.44930794937247,1.0,0.0,1.0
4,1,40,8,97.68524640634449,1.0,1.0,1.0
4,1,41,8,98.38359606241002,1.0,1.0,1.0
4,1,42,8,93.54462293771239,1.0,1.0,1.0
4,2,0,0,0.0,0.0,0.0,0.0
4,2,1,0,0.48732396096336095,0.0,0.0,0.0
4,2,2,0,0.7938777453781599,0.0,0.0,0.0
4,2,3,0,0.9295455923107513,0.0,0.0,0.0
4,2,4,0,1.371691951184395,0.0,0.0,0.0
4,2,5,1,1.881296693858282,0.0,0.0,0.0
4,2,6,1,2.672696587375205,0.0,0.0,0.0
4,2,7,1,5.015475874475003,0.0,0.0,0.0
4,2,8,1,6.415056079511686,0.0,0.0,0.0
4,2,9,1,5.285229494756015,0.0,0.0,0.0
4,2,10,2,3.832926405755299,0.0,0.0,0.0
4,2,11,2,2.9532208509798554,0.0,0.0,0.0
4,2,12,2,2.5240573090849283,0.0,0.0,0.0
4,2,13,2,2.0982616396334066,0.0,0.0,0.0
4,2,14,2,1.739354240159511,0.0,0.0,0.0
4,2,15,3,1.5227787886558857,0.0,0.0,0.0
4,2,16,3,1.7787404105437625,0.0,0.0,0.0
4,2,17,3,3.456575494998372,0.0,0.0,0.0
4,2,18,3,9.05662755192471,0.0,0.0,0.0
4,2,19,3,19.37660055226742,0.0,0.0,0.0
4,2,20,4,24.880150564034807,1.0,0.0,0.0
4,2,21,4,22.858420379204915,1.0,0.0,0.0
4,2,22,4,20.416314171173205,0.0,0.0,0.0
4,2,23,4,14.607483601238844,0.0,0.0,0.0
4,2,24,4,8.599969305345777,0.0,0.0,0.0
4,2,25,5,4.693739402176844,0.0,0.0,0.0
4,2,26,5,2.449369710810826,0.0,0.0,0.0
4,2,27,5,1.280897111915152,0.0,0.0,0.0
4,2,28,5,0.9222370863435501,0.0,0.0,0.0
4,2,29,5,2.7090404270567845,0.0,0.0,0.0
4,2,30,6,8.260127435778891,0.0,0.0,0.0
4,2,31,6,19.08281736723471,0.0,0.0,0.0
4,2,32,6,20.33230995356356,0.0,0.0,0.0
4,2,33,6,28.889461114721836,0.0,0.0,0.0
4,2,34,6,63.62322837592659,1.0,0.0,0.0
4,2,35,7,81.78433397505091,1.0,0.0,0.0
4,2,36,7,88.8675055282472,1.0,0.0,1.0
4,2,37,7,92.04001838682615,1.0,0.0,1.0
4,2,38,7,93.23331222616972,1.0,1.0,1.0
4,2,39,7,84.3884565374791,1.0,1.0,1.0
4,2,40,8,57.174975746094574,0.0,1.0,1.0
4,2,0,0,0.0,0.0,0.0,0.0
4,2,1,0,0.6535774303613264,0.0,0.0,0.0
4,2,2,0,1.3188942004983115,0.0,0.0,0.0
4,2,3,0,1.4051184054898997,0.0,0.0,0.0
4,2,4,0,1.3767937628999685,0.0,0.0,0.0
4,2,5,1,2.190675930070152,0.0,0.0,0.0
4,2,6,1,3.5604317391609186,0.0,0.0,0.0
4,2,7,1,5.680873348898609,0.0,0.0,0.0
4,2,8,1,6.895900707133629,0.0,0.0,0.0
4,2,9,1,5.230340494697842,0.0,0.0,0.0
4,2,10,2,3.70100027692808,0.0,0.0,0.0
4,2,11,2,2.957047620291072,0.0,0.0,0.0
4,2,12,2,2.624578773047486,0.0,0.0,0.0
4,2,13,2,2.530454087051099,0.0,0.0,0.0
4,2,14,2,2.5942402066526453,0.0,0.0,0.0
4,2,15,3,3.1846783071189795,0.0,0.0,0.0
4,2,16,3,4.79554854730854,0.0,0.0,0.0
4,2,17,3,7.574479073694805,0.0,0.0,0.0
4,2,18,3,7.731203042292691,0.0,0.0,0.0
4,2,19,3,7.894106881896669,0.0,0.0,0.0
4,2,20,4,8.55314528584633,0.0,0.0,0.0
4,2,21,4,7.19326227385625,0.0,0.0,0.0
4,2,22,4,6.4033470832298445,0.0,0.0,0.0
4,2,23,4,5.9944102703712385,0.0,0.0,0.0
4,2,24,4,4.264272053814555,0.0,0.0,0.0
4,2,25,5,2.8996478733780613,0.0,0.0,0.0
4,2,26,5,3.360616503411465,0.0,0.0,0.0
4,2,27,5,4.7883788622513315,0.0,0.0,0.0
4,2,28,5,4.2513693791840845,0.0,0.0,0.0
4,2,29,5,3.66291718494554,0.0,0.0,0.0
4,2,30,6,4.024967574187784,0.0,0.0,0.0
4,2,31,6,4.045329728596558,0.0,0.0,0.0
4,2,32,6,4.22089168973533,0.0,0.0,0.0
4,2,33,6,8.837132126291978,0.0,0.0,0.0
4,2,34,6,19.680067777160914,0.0,0.0,0.0
4,2,35,7,34.456651904450894,0.0,0.0,0.0
4,2,36,7,56.40151784188231,0.0,0.0,0.0
4,2,37,7,69.37384914802442,1.0,0.0,0.0
4,2,38,7,71.34192657232121,1.0,0.0,0.0
4,2,39,7,59.24209321280828,0.0,0.0,0.0
4,2,40,8,40.83787316026671,0.0,0.0,0.0
4,2,41,8,27.62498153086038,0.0,0.0,0.0
4,2,42,8,17.561771718546733,0.0,0.0,0.0
4,2,43,8,22.9722729362756,0.0,0.0,0.0
4,2,44,8,49.29418317601366,0.0,0.0,0.0
4,2,45,9,67.86567260665173,0.0,0.0,0.0
4,2,46,9,71.10003915132341,0.0,0.0,0.0
4,2,47,9,66.49674322814369,0.0,0.0,0.0
4,2,48,9,59.236472124506754,0.0,0.0,0.0
4,2,49,9,47.18735047871681,0.0,0.0,0.0
4,2,50,10,51.79127018856532,0.0,0.0,0.0
4,2,51,10,70.02361079914107,0.0,0.0,0.0
4,2,52,10,79.2504474790573,0.0,0.0,0.0
4,2,53,10,86.41187307911302,0.0,0.0,0.0
4,2,54,10,91.32114400992447,0.0,0.0,0.0
4,2,55,11,86.61047571813928,0.0,0.0,0.0
4,2,56,11,86.05590886249583,0.0,0.0,0.0
4,2,57,11,89.4802820536637,0.0,0.0,0.0
4,2,58,11,84.27654337864874,0.0,0.0,1.0
4,2,59,11,77.2023319042884,0.0,0.0,1.0
4,2,60,11,75.56608147851145,0.0,1.0,1.0
4,2,61,11,79.26445641353513,0.0,1.0,1.0
4,2,62,11,86.52262847287608,0.0,1.0,1.0
4,2,0,0,0.0,0.0,0.0,0.0
4,2,1,0,0.7934398972999448,0.0,0.0,0.0
4,2,2,0,1.4575709220771131,0.0,0.0,0.0
4,2,3,0,1.6021985397853102,0.0,0.0,0.0
4,2,4,0,1.4912967395160937,0.0,0.0,0.0
4,2,5,1,1.3187949194570856,0.0,0.0,0.0
4,2,6,1,1.6144902177945084,0.0,0.0,0.0
4,2,7,1,3.0184454623756403,0.0,0.0,0.0
4,2,8,1,2.9729773976760097,0.0,0.0,0.0
4,2,9,1,1.951232815726878,0.0,0.0,0.0
4,2,10,2,1.557143655262196,0.0,0.0,0.0
4,2,11,2,1.6907439467942895,0.0,0.0,0.0
4,2,12,2,1.7058272166246853,0.0,0.0,0.0
4,2,13,2,1.6801362989019604,0.0,0.0,0.0
4,2,14,2,1.6870686867880096,0.0,0.0,0.0
4,2,15,3,1.8597196977648958,0.0,0.0,0.0
4,2,16,3,2.7150301671137287,0.0,0.0,0.0
4,2,17,3,4.811191482979699,0.0,0.0,0.0
4,2,18,3,10.183814295039294,0.0,0.0,0.0
4,2,19,3,13.691927595908222,0.0,0.0,0.0
4,2,20,4,11.27486227139621,0.0,0.0,0.0
4,2,21,4,11.023051261951291,0.0,0.0,0.0
4,2,22,4,16.80357202721069,0.0,0.0,0.0
4,2,23,4,15.107649316406366,0.0,0.0,0.0
4,2,24,4,10.526285151705908,0.0,0.0,0.0
4,2,25,5,7.679944915009179,0.0,0.0,0.0
4,2,26,5,6.548088012168771,0.0,0.0,0.0
4,2,27,5,5.8088817801697274,0.0,0.0,0.0
4,2,28,5,5.497526932075761,0.0,0.0,0.0
4,2,29,5,6.908236917789713,0.0,0.0,0.0
4,2,30,6,14.78412645540961,0.0,0.0,0.0
4,2,31,6,34.84331210646475,0.0,0.0,0.0
4,2,32,6,56.10388125048141,1.0,0.0,0.0
4,2,33,6,61.53216042185383,1.0,0.0,0.0
4,2,34,6,56.166638500281735,1.0,0.0,0.0
4,2,35,7,67.05730629901291,1.0,0.0,0.0
4,2,36,7,83.85683006639087,1.0,0.0,0.0
4,2,37,7,94.53259948417943,1.0,0.0,0.0
4,2,38,7,98.15652517390568,1.0,0.0,0.0
4,2,39,7,93.82278846116705,1.0,0.0,0.0
4,2,40,8,82.75813522043606,1.0,0.0,0.0
4,2,41,8,70.0873019314533,0.0,0.0,0.0
4,2,42,8,58.43406910347913,0.0,0.0,0.0
4,2,43,8,51.38173967070958,0.0,0.0,0.0
4,2,44,8,48.48724578689432,0.0,0.0,0.0
4,2,45,9,50.4241415931534,0.0,0.0,0.0
4,2,46,9,60.93868734121952,0.0,0.0,0.0
4,2,47,9,69.41966163011871,0.0,0.0,0.0
4,2,48,9,65.77285455518933,0.0,0.0,0.0
4,2,49,9,57.73482192922169,0.0,0.0,0.0
4,2,50,10,55.6927162436957,0.0,0.0,0.0
4,2,51,10,62.113131723745454,0.0,0.0,0.0
4,2,52,10,75.6395109898183,0.0,0.0,0.0
4,2,53,10,88.31724798896144,0.0,0.0,0.0
4,2,54,10,94.18295431994301,0.0,0.0,1.0
4,2,55,11,94.1969839240675,0.0,0.0,1.0
4,2,56,11,88.58879784750303,0.0,1.0,1.0
4,2,57,11,80.38032058589225,0.0,1.0,1.0
4,2,58,11,74.70589222292587,0.0,1.0,1.0
4,3,0,0,0.0,0.0,0.0,0.0
4,3,1,0,0.43240116466372563,0.0,0.0,0.0
4,3,2,0,0.6779999196066786,0.0,0.0,0.0
4,3,3,0,0.55340822893291,0.0,0.0,0.0
4,3,4,0,0.7381146669822716,0.0,0.0,0.0
4,3,5,1,1.5250048546365615,0.0,0.0,0.0
4,3,6,1,1.8514724661024857,0.0,0.0,0.0
4,3,7,1,2.2694807133259514,0.0,0.0,0.0
4,3,8,1,3.3841315812734853,0.0,0.0,0.0
4,3,9,1,2.8964231365879196,0.0,0.0,0.0
4,3,10,2,1.891141882926327,0.0,0.0,0.0
4,3,11,2,1.6882485420794802,0.0,0.0,0.0
4,3,12,2,1.8198444342759168,0.0,0.0,0.0
4,3,13,2,1.607289455976052,0.0,0.0,0.0
4,3,14,2,1.8230376996256499,0.0,0.0,0.0
4,3,15,3,2.1680988904295444,0.0,0.0,0.0
4,3,16,3,2.125900006571881,0.0,0.0,0.0
4,3,17,3,1.992348033006215,0.0,0.0,0.0
4,3,18,3,1.818103970855294,0.0,0.0,0.0
4,3,19,3,2.3170567439759635,0.0,0.0,0.0
4,3,20,4,5.145424398913655,0.0,0.0,0.0
4,3,21,4,7.2233149070585565,0.0,0.0,0.0
4,3,22,4,6.339217699255946,0.0,0.0,0.0
4,3,23,4,5.437499554604451,0.0,0.0,0.0
4,3,24,4,7.944148268092722,0.0,0.0,0.0
4,3,25,5,14.91043283948226,0.0,0.0,0.0
4,3,26,5,14.515960932811105,0.0,0.0,0.0
4,3,27,5,10.198373263514235,0.0,0.0,0.0
4,3,28,5,7.149666237049292,0.0,0.0,0.0
4,3,29,5,5.5563930332290274,0.0,0.0,0.0
4,3,30,6,6.931827390746082,0.0,0.0,0.0
4,3,31,6,18.41844509971446,0.0,0.0,0.0
4,3,32,6,24.029384731327884,0.0,0.0,0.0
4,3,33,6,20.322443384681456,0.0,0.0,0.0
4,3,34,6,17.548638676856292,0.0,0.0,0.0
4,3,35,7,19.22834395995886,0.0,0.0,0.0
4,3,36,7,20.779967987500747,0.0,0.0,0.0
4,3,37,7,18.817047275127113,0.0,0.0,0.0
4,3,38,7,22.222259156826745,0.0,0.0,0.0
4,3,39,7,49.136775500236546,0.0,0.0,0.0
4,3,40,8,61.1847371627242,0.0,0.0,0.0
4,3,41,8,47.17901860573586,0.0,0.0,0.0
4,3,42,8,37.771499232822435,0.0,0.0,0.0
4,3,43,8,42.015710773466154,0.0,0.0,0.0
4,3,44,8,61.62563997770462,0.0,0.0,1.0
4,3,45,9,67.54589267331544,0.0,0.0,1.0
4,3,46,9,49.88527349904332,0.0,1.0,1.0
4,3,47,9,36.860192192226116,0.0,1.0,1.0
4,3,48,9,36.146777483150714,0.0,1.0,1.0
4,1,0,0,0.0,0.0,0.0,0.0
4,1,1,0,0.6271404485717655,0.0,0.0,0.0
4,1,2,0,1.0666074234088854,0.0,0.0,0.0
4,1,3,0,0.9612166008668768,0.0,0.0,0.0
4,1,4,0,0.8111602489575945,0.0,0.0,0.0
4,1,5,1,1.0720607838954264,0.0,0.0,0.0
4,1,6,1,1.929435829131597,0.0,0.0,0.0
4,1,7,1,4.123435375982263,0.0,0.0,0.0
4,1,8,1,4.477272157683135,0.0,0.0,0.0
4,1,9,1,3.3499562055504075,0.0,0.0,0.0
4,1,10,2,2.436737332609855,0.0,0.0,0.0
4,1,11,2,2.2221810850781214,0.0,0.0,0.0
4,1,12,2,2.4840783649764395,0.0,0.0,0.0
4,1,13,2,2.13939391807385,0.0,0.0,0.0
4,1,14,2,2.034447758148791,0.0,0.0,0.0
4,1,15,3,2.7529295789580983,0.0,0.0,0.0
4,1,16,3,2.1794492488287553,0.0,0.0,0.0
4,1,17,3,1.1679067870143003,0.0,0.0,0.0
4,1,18,3,0.600237139893073,0.0,0.0,0.0
4,1,19,3,0.30817202310026487,0.0,0.0,0.0
4,1,20,4,0.16595200806651814,0.0,0.0,0.0
4,1,21,4,0.9223831560587199,0.0,0.0,0.0
4,1,22,4,8.041486553676775,0.0,0.0,0.0
4,1,23,4,28.285551211355177,1.0,0.0,0.0
4,1,24,4,54.44787464787238,1.0,0.0,0.0
4,1,25,5,78.31335228473452,1.0,0.0,0.0
4,1,26,5,86.82928597296404,1.0,0.0,1.0
4,1,27,5,89.05197055266892,1.0,0.0,1.0
4,1,28,5,81.97306971199058,1.0,1.0,1.0
4,1,29,5,62.0786526680307,1.0,1.0,1.0
4,1,30,6,48.89663043519623,1.0,1.0,1.0
4,2,0,0,0.0,0.0,0.0,0.0
4,2,1,0,0.5691762341526276,0.0,0.0,0.0
4,2,2,0,1.1749836784364698,0.0,0.0,0.0
4,2,3,0,1.6707600359831236,0.0,0.0,0.0
4,2,4,0,2.068465431482118,0.0,0.0,0.0
4,2,5,1,2.196193522027049,0.0,0.0,0.0
4,2,6,1,1.8916465638984303,0.0,0.0,0.0
4,2,7,1,1.809535209398324,0.0,0.0,0.0
4,2,8,1,2.773557097758302,0.0,0.0,0.0
4,2,9,1,3.119185944190617,0.0,0.0,0.0
4,2,10,2,2.6331481520003406,0.0,0.0,0.0
4,2,11,2,1.7382930517898418,0.0,0.0,0.0
4,2,12,2,0.9782688884936935,0.0,0.0,0.0
4,2,13,2,0.7130739487856104,0.0,0.0,0.0
4,2,14,2,1.4304450991179025,0.0,0.0,0.0
4,2,15,3,2.3734561880387495,0.0,0.0,0.0
4,2,16,3,2.6481390363025774,0.0,0.0,0.0
4,2,17,3,2.5924725167774003,0.0,0.0,0.0
4,2,18,3,3.274761050844048,0.0,0.0,0.0
4,2,19,3,7.0404420905190745,0.0,0.0,0.0
4,2,20,4,10.906554081669038,0.0,0.0,0.0
4,2,21,4,10.013682506361214,0.0,0.0,0.0
4,2,22,4,10.557026584554418,0.0,0.0,0.0
4,2,23,4,18.803800501044066,0.0,0.0,0.0
4,2,24,4,20.360181087249444,0.0,0.0,0.0
4,2,25,5,15.493401102882093,0.0,0.0,0.0
4,2,26,5,12.13988343765417,0.0,0.0,0.0
4,2,27,5,9.027364761545908,0.0,0.0,0.0
4,2,28,5,6.291650724719876,0.0,0.0,0.0
4,2,29,5,4.582201426966534,0.0,0.0,0.0
4,2,30,6,4.134109815716192,0.0,0.0,0.0
4,2,31,6,4.432427962324233,0.0,0.0,0.0
4,2,32,6,2.982635609144314,0.0,0.0,0.0
4,2,33,6,1.6057916603380349,0.0,0.0,0.0
4,2,34,6,0.8559016290882294,0.0,0.0,0.0
4,2,35,7,0.533119136847999,0.0,0.0,0.0
4,2,36,7,1.1867576713642618,0.0,0.0,0.0
4,2,37,7,3.528718887738272,0.0,0.0,0.0
4,2,38,7,5.886997181023194,0.0,0.0,0.0
4,2,39,7,4.540318404660275,0.0,0.0,0.0
4,2,40,8,2.4383108429790674,0.0,0.0,0.0
4,2,41,8,1.3794731948314003,0.0,0.0,0.0
4,2,42,8,3.3951885892379163,0.0,0.0,0.0
4,2,43,8,17.182104014884132,0.0,0.0,0.0
4,2,44,8,31.105697940263376,0.0,0.0,0.0
4,2,45,9,26.464544321134,0.0,0.0,0.0
4,2,46,9,20.56842135838336,0.0,0.0,0.0
4,2,47,9,46.413599900862614,0.0,0.0,0.0
4,2,48,9,83.19243171594306,0.0,0.0,0.0
4,2,49,9,92.32664368478046,0.0,0.0,0.0
4,2,50,10,89.79113260147861,0.0,0.0,0.0
4,2,51,10,94.5758800109428,0.0,0.0,0.0
4,2,52,10,98.46606134282047,0.0,0.0,0.0
4,2,53,10,99.49939561216176,0.0,0.0,0.0
4,2,54,10,96.09968891128612,0.0,0.0,0.0
4,2,55,11,79.85395470590217,0.0,0.0,0.0
4,2,56,11,63.720149747703374,0.0,0.0,0.0
4,2,57,11,55.89115192772704,0.0,0.0,0.0
4,2,58,11,56.26945289450506,0.0,0.0,0.0
4,2,59,11,64.48191787434197,0.0,0.0,0.0
4,2,60,11,74.71337785951646,0.0,0.0,1.0
4,2,61,11,78.64956290668317,0.0,0.0,1.0
4,2,62,11,81.54985872044901,0.0,1.0,1.0
4,2,63,11,77.50198459668336,0.0,1.0,1.0
4,2,64,11,67.11790427823492,0.0,1.0,1.0
4,2,0,0,0.0,0.0,0.0,0.0
4,2,1,0,1.023144636896626,0.0,0.0,0.0
4,2,2,0,1.5371145863952291,0.0,0.0,0.0
4,2,3,0,1.3758051257984873,0.0,0.0,0.0
4,2,4,0,1.621718168406812,0.0,0.0,0.0
4,2,5,1,2.7175124131955344,0.0,0.0,0.0
4,2,6,1,3.741996201760611,0.0,0.0,0.0
4,2,7,1,3.5930846988494514,0.0,0.0,0.0
4,2,8,1,2.735403005837125,0.0,0.0,0.0
4,2,9,1,2.2032645210172186,0.0,0.0,0.0
4,2,10,2,2.032534138653692,0.0,0.0,0.0
4,2,11,2,2.016270656152593,0.0,0.0,0.0
4,2,12,2,2.0287394940839585,0.0,0.0,0.0
4,2,13,2,1.9482991435134687,0.0,0.0,0.0
4,2,14,2,1.9545835347286264,0.0,0.0,0.0
4,2,15,3,3.4290614918280626,0.0,0.0,0.0
4,2,16,3,5.6100458609391755,0.0,0.0,0.0
4,2,17,3,5.536862029603715,0.0,0.0,0.0
4,2,18,3,3.831301610179742,0.0,0.0,0.0
4,2,19,3,2.2040151342552385,0.0,0.0,0.0
4,2,20,4,1.47650918308898,0.0,0.0,0.0
4,2,21,4,2.5058614026445207,0.0,0.0,0.0
4,2,22,4,5.421906249859606,0.0,0.0,0.0
4,2,23,4,15.511171724530731,0.0,0.0,0.0
4,2,24,4,39.79484626148283,1.0,0.0,0.0
4,2,25,5,56.92722411175189,1.0,0.0,0.0
4,2,26,5,47.78685707647824,1.0,0.0,0.0
4,2,27,5,32.975403309604275,1.0,0.0,1.0
4,2,28,5,25.95749047485707,0.0,0.0,1.0
4,2,29,5,36.378143678399724,0.0,1.0,1.0
4,2,30,6,61.963457308577816,1.0,1.0,1.0
4,2,31,6,78.84206034010225,1.0,1.0,1.0
5,2,0,0,0.0,0.0,0.0,0.0
5,2,1,0,0.002803941041693912,0.0,0.0,0.0
5,2,2,0,0.0014611860714482802,0.0,0.0,0.0
5,2,3,0,0.25577177696649894,0.0,0.0,0.0
5,2,4,0,5.700672419787428,0.0,0.0,0.0
5,2,5,1,9.016541659278214,0.0,0.0,0.0
5,2,6,1,7.9041157699890245,0.0,0.0,0.0
5,2,7,1,6.429707864577971,0.0,0.0,0.0
5,2,8,1,5.330481670232242,0.0,0.0,0.0
5,2,9,1,9.81847861754168,0.0,0.0,0.0
5,2,10,2,19.762212184614192,1.0,0.0,0.0
5,2,11,2,24.032118503029608,1.0,0.0,0.0
5,2,12,2,35.571993035598865,1.0,0.0,0.0
5,2,13,2,39.45337105763039,1.0,0.0,0.0
5,2,14,2,27.95712087718056,1.0,0.0,0.0
5,2,15,3,22.38058799132452,1.0,0.0,0.0
5,2,16,3,27.647451252302552,1.0,0.0,0.0
5,2,17,3,25.520583544749478,1.0,0.0,0.0
5,2,18,3,22.04261430400014,1.0,0.0,0.0
5,2,19,3,18.542596476191314,0.0,0.0,0.0
5,2,20,4,15.968569417113141,0.0,0.0,0.0
5,2,21,4,12.78350917014076,0.0,0.0,0.0
5,2,22,4,10.353276277088508,0.0,0.0,0.0
5,2,23,4,11.81994299509799,0.0,0.0,0.0
5,2,24,4,15.118476991389006,0.0,0.0,0.0
5,2,25,5,16.174888076604482,0.0,0.0,0.0
5,2,26,5,20.653418575486143,0.0,0.0,0.0
5,2,27,5,36.24329743206107,1.0,0.0,0.0
5,2,28,5,45.189605051617974,1.0,0.0,0.0
5,2,29,5,44.04569402902031,1.0,0.0,0.0
5,2,30,6,36.55361778605334,0.0,0.0,0.0
5,2,31,6,24.907733664758368,0.0,0.0,0.0
5,2,32,6,15.430333912196993,0.0,0.0,0.0
5,2,33,6,11.203445323717112,0.0,0.0,0.0
5,2,34,6,9.833571364627938,0.0,0.0,0.0
5,2,35,7,8.159691315232426,0.0,0.0,0.0
5,2,36,7,8.640349250091742,0.0,0.0,0.0
5,2,37,7,9.659120400553997,0.0,0.0,0.0
5,2,38,7,9.221521547443736,0.0,0.0,0.0
5,2,39,7,9.251391564674094,0.0,0.0,0.0
5,2,40,8,13.91137428061069,0.0,0.0,1.0
5,2,41,8,18.702354231776972,0.0,0.0,1.0
5,2,42,8,18.42775861361318,0.0,1.0,1.0
5,2,43,8,13.113710488004928,0.0,1.0,1.0
5,2,44,8,10.40089762617719,0.0,1.0,1.0
5,1,0,0,0.0,0.0,0.0,0.0
5,1,1,0,6.13224737001944,0.0,0.0,0.0
5,1,2,0,13.70066132050253,1.0,0.0,0.0
5,1,3,0,19.025626772478752,1.0,0.0,0.0
5,1,4,0,19.949336711109794,1.0,0.0,0.0
5,1,5,1,21.09666401318757,1.0,0.0,0.0
5,1,6,1,17.943685573666762,1.0,0.0,0.0
5,1,7,1,10.701463570507123,0.0,0.0,0.0
5,1,8,1,9.396671880517834,0.0,0.0,0.0
5,1,9,1,13.57933824626491,1.0,0.0,0.0
5,1,10,2,19.63575760854833,1.0,0.0,0.0
5,1,11,2,33.280689916000185,1.0,0.0,0.0
5,1,12,2,38.17215344318112,1.0,0.0,0.0
5,1,13,2,34.22628385810444,1.0,0.0,0.0
5,1,14,2,31.637893344195117,1.0,0.0,0.0
5,1,15,3,27.767554923955398,1.0,0.0,0.0
5,1,16,3,24.22066006237879,1.0,0.0,0.0
5,1,17,3,22.300938249747745,1.0,0.0,0.0
5,1,18,3,22.33946265710911,1.0,0.0,0.0
5,1,19,3,33.13365422297018,1.0,0.0,0.0
5,1,20,4,31.383692185725742,1.0,0.0,0.0
5,1,21,4,22.92312751178106,1.0,0.0,0.0
5,1,22,4,26.594431268447813,1.0,0.0,0.0
5,1,23,4,46.498492374962964,1.0,0.0,0.0
5,1,24,4,56.88715776929739,1.0,0.0,0.0
5,1,25,5,52.49236528371325,1.0,0.0,0.0
5,1,26,5,45.51785131540935,1.0,0.0,1.0
5,1,27,5,42.42007693352387,1.0,0.0,1.0
5,1,28,5,33.144235953944936,0.0,1.0,1.0
5,1,29,5,21.212386827201627,0.0,1.0,1.0
5,1,30,6,15.643112820919772,0.0,1.0,1.0
5,3,0,0,0.0,0.0,0.0,0.0
5,3,1,0,0.31906238615945626,0.0,0.0,0.0
5,3,2,0,0.43218401693654507,0.0,0.0,0.0
5,3,3,0,1.327299898061872,0.0,0.0,0.0
5,3,4,0,2.7419531698772213,0.0,0.0,0.0
5,3,5,1,1.8595486778770185,0.0,0.0,0.0
5,3,6,1,0.9715309034075611,0.0,0.0,0.0
5,3,7,1,0.4989417010943673,0.0,0.0,0.0
5,3,8,1,0.3094484393756589,0.0,0.0,0.0
5,3,9,1,0.9355743742894456,0.0,0.0,0.0
5,3,10,2,2.2241173949376227,0.0,0.0,0.0
5,3,11,2,2.1528878516630865,0.0,0.0,0.0
5,3,12,2,2.3533335233916675,0.0,0.0,0.0
5,3,13,2,7.306919612410258,0.0,0.0,0.0
5,3,14,2,11.863942558739819,0.0,0.0,0.0
5,3,15,3,10.255168407322515,0.0,0.0,0.0
5,3,16,3,7.13295094109582,0.0,0.0,0.0
5,3,17,3,4.325832808464545,0.0,0.0,0.0
5,3,18,3,2.763091312319956,0.0,0.0,0.0
5,3,19,3,5.428795682495656,0.0,0.0,0.0
5,3,20,4,23.089454555718188,1.0,0.0,0.0
5,3,21,4,46.469920435774156,1.0,0.0,0.0
5,3,22,4,48.815816311205175,1.0,0.0,0.0
5,3,23,4,46.58366091262397,1.0,0.0,0.0
5,3,24,4,41.933659069166566,1.0,0.0,0.0
5,3,25,5,29.685163691027128,1.0,0.0,0.0
5,3,26,5,16.784840451319177,0.0,0.0,0.0
5,3,27,5,13.102384298612684,0.0,0.0,0.0
5,3,28,5,18.71136208384248,0.0,0.0,0.0
5,3,29,5,17.840525202088067,0.0,0.0,0.0
5,3,30,6,17.881423470937793,0.0,0.0,0.0
5,3,31,6,28.270780303986808,0.0,0.0,0.0
5,3,32,6,39.94635406775511,0.0,0.0,0.0
5,3,33,6,49.10364408326792,0.0,0.0,0.0
5,3,34,6,60.760503065270385,1.0,0.0,0.0
5,3,35,7,62.58299735594619,1.0,0.0,0.0
5,3,36,7,60.60073129058457,1.0,0.0,0.0
5,3,37,7,60.45073341017917,0.0,0.0,0.0
5,3,38,7,56.57947390647002,0.0,0.0,0.0
5,3,39,7,51.2249653438048,0.0,0.0,0.0
5,3,40,8,47.063713340434035,0.0,0.0,1.0
5,3,41,8,41.632842954901264,0.0,0.0,1.0
5,3,42,8,33.55988532960162,0.0,1.0,1.0
5,3,43,8,24.54743956018561,0.0,1.0,1.0
5,3,44,8,16.18157493252271,0.0,1.0,1.0
5,3,0,0,0.0,0.0,0.0,0.0
5,3,1,0,1.661272277139277,0.0,0.0,0.0
5,3,2,0,5.544161341220497,0.0,0.0,0.0
5,3,3,0,9.682303691912502,1.0,0.0,0.0
5,3,4,0,8.992860268198363,0.0,0.0,0.0
5,3,5,1,8.317469241352192,0.0,0.0,0.0
5,3,6,1,7.401270624542496,0.0,0.0,0.0
5,3,7,1,4.829395670441188,0.0,0.0,0.0
5,3,8,1,2.747274507325663,0.0,0.0,0.0
5,3,9,1,2.5236200201733423,0.0,0.0,0.0
5,3,10,2,2.6615036018552845,0.0,0.0,0.0
5,3,11,2,1.8375243049254801,0.0,0.0,0.0
5,3,12,2,1.5891900931808987,0.0,0.0,0.0
5,3,13,2,2.5686555151294796,0.0,0.0,0.0
5,3,14,2,3.1944691525523403,0.0,0.0,0.0
5,3,15,3,2.9822302803454734,0.0,0.0,0.0
5,3,16,3,4.092508503555847,0.0,0.0,0.0
5,3,17,3,6.392072420541137,0.0,0.0,0.0
5,3,18,3,5.888256264403747,0.0,0.0,0.0
5,3,19,3,5.1006541239974545,0.0,0.0,0.0
5,3,20,4,5.020622050746322,0.0,0.0,0.0
5,3,21,4,3.983204187721843,0.0,0.0,0.0
5,3,22,4,3.1551270163284473,0.0,0.0,0.0
5,3,23,4,2.6793532623794296,0.0,0.0,0.0
5,3,24,4,1.8154275684891137,0.0,0.0,0.0
5,3,25,5,2.28769771438106,0.0,0.0,0.0
5,3,26,5,5.8648630410608575,0.0,0.0,0.0
5,3,27,5,7.439696742293473,0.0,0.0,0.0
5,3,28,5,6.999318879982244,0.0,0.0,0.0
5,3,29,5,6.767794033849503,0.0,0.0,0.0
5,3,30,6,7.124287794835869,0.0,0.0,0.0
5,3,31,6,8.07131705871087,0.0,0.0,0.0
5,3,32,6,9.190098970702241,0.0,0.0,0.0
5,3,33,6,8.554853569654771,0.0,0.0,0.0
5,3,34,6,9.851921767386797,0.0,0.0,0.0
5,3,35,7,12.674451703963092,0.0,0.0,0.0
5,3,36,7,12.143640108829569,0.0,0.0,0.0
5,3,37,7,9.074929236114023,0.0,0.0,0.0
5,3,38,7,7.754235182958656,0.0,0.0,0.0
5,3,39,7,10.900577371580015,0.0,0.0,0.0
5,3,40,8,11.155515007485302,0.0,0.0,1.0
5,3,41,8,6.6782156503323264,0.0,0.0,1.0
5,3,42,8,6.3103458615225225,0.0,1.0,1.0
5,3,43,8,21.849855657967318,0.0,1.0,1.0
5,3,44,8,28.010221516646013,0.0,1.0,1.0
5,2,0,0,0.0,0.0,0.0,0.0
5,2,1,0,0.0,0.0,0.0,0.0
5,2,2,0,0.07727142387356915,0.0,0.0,0.0
5,2,3,0,3.272249759353631,0.0,0.0,0.0
5,2,4,0,13.336917594583014,1.0,0.0,0.0
5,2,5,1,28.179054127730268,1.0,0.0,0.0
5,2,6,1,46.13662994148118,1.0,0.0,0.0
5,2,7,1,48.49180274974162,1.0,0.0,0.0
5,2,8,1,45.4921041704079,1.0,0.0,0.0
5,2,9,1,40.5376035840563,1.0,0.0,0.0
5,2,10,2,37.915141760689664,1.0,0.0,0.0
5,2,11,2,43.36569934892472,1.0,0.0,0.0
5,2,12,2,37.60736409450447,1.0,0.0,0.0
5,2,13,2,25.55539791974539,1.0,0.0,0.0
5,2,14,2,17.720504888732062,1.0,0.0,0.0
5,2,15,3,16.836741505429934,1.0,0.0,0.0
5,2,16,3,30.960236050659972,1.0,0.0,0.0
5,2,17,3,41.948320538868856,1.0,0.0,0.0
5,2,18,3,35.24750389705629,1.0,0.0,0.0
5,2,19,3,24.588784425732698,1.0,0.0,0.0
5,2,20,4,20.74170422170608,0.0,0.0,0.0
5,2,21,4,28.847363175143855,1.0,0.0,0.0
5,2,22,4,37.107175990751855,1.0,0.0,0.0
5,2,23,4,35.28489289468118,1.0,0.0,0.0
5,2,24,4,36.98225883825355,1.0,0.0,0.0
5,2,25,5,45.983663552022236,1.0,0.0,0.0
5,2,26,5,51.33002423008165,1.0,0.0,0.0
5,2,27,5,50.779448892118864,1.0,0.0,0.0
5,2,28,5,49.69586507043623,1.0,0.0,0.0
5,2,29,5,47.964294240771274,1.0,0.0,0.0
5,2,30,6,45.84334324080478,1.0,0.0,0.0
5,2,31,6,38.84068127786679,0.0,0.0,0.0
5,2,32,6,31.663577327327832,0.0,0.0,0.0
5,2,33,6,49.32986896404235,1.0,0.0,0.0
5,2,34,6,72.57328501209403,1.0,0.0,0.0
5,2,35,7,76.82252855259689,1.0,0.0,0.0
5,2,36,7,71.99006290574681,1.0,0.0,0.0
5,2,37,7,57.797972328229136,0.0,0.0,0.0
5,2,38,7,38.49762499082341,0.0,0.0,0.0
5,2,39,7,29.42309759421547,0.0,0.0,0.0
5,2,40,8,25.10871420509717,0.0,0.0,0.0
5,2,41,8,25.218572229073075,0.0,0.0,0.0
5,2,42,8,25.366759626461167,0.0,0.0,0.0
5,2,43,8,27.384342395556615,0.0,0.0,0.0
5,2,44,8,27.622925586901008,0.0,0.0,0.0
5,2,45,9,24.070948623112102,0.0,0.0,0.0
5,2,46,9,23.927500038475713,0.0,0.0,0.0
5,2,47,9,30.00883889098229,0.0,0.0,0.0
5,2,48,9,37.92968075038513,0.0,0.0,0.0
5,2,49,9,41.102141703286186,0.0,0.0,0.0
5,2,50,10,31.69814339517265,0.0,0.0,0.0
5,2,51,10,21.899528184963533,0.0,0.0,0.0
5,2,52,10,18.811054848984043,0.0,0.0,0.0
5,2,53,10,18.43334597884968,0.0,0.0,0.0
5,2,54,10,20.6855613696299,0.0,0.0,0.0
5,2,55,11,24.56523308171795,0.0,0.0,0.0
5,2,56,11,24.489232167658088,0.0,0.0,0.0
5,2,57,11,29.255894324862407,0.0,0.0,0.0
5,2,58,11,32.27467128987452,0.0,0.0,1.0
5,2,59,11,30.428474291453426,0.0,0.0,1.0
5,2,60,11,29.65988855492322,0.0,1.0,1.0
5,2,61,11,38.34980672203178,0.0,1.0,1.0
5,2,62,11,52.810328303644106,0.0,1.0,1.0
5,1,0,0,0.0,0.0,0.0,0.0
5,1,1,0,3.4734063755617024,0.0,0.0,0.0
5,1,2,0,6.685651483808151,0.0,0.0,0.0
5,1,3,0,5.971372409662687,0.0,0.0,0.0
5,1,4,0,4.035475339662734,0.0,0.0,0.0
5,1,5,1,3.8649017896467543,0.0,0.0,0.0
5,1,6,1,4.949781994004487,0.0,0.0,0.0
5,1,7,1,5.731325015773786,0.0,0.0,0.0
5,1,8,1,5.293827225042496,0.0,0.0,0.0
5,1,9,1,10.096819541608177,0.0,0.0,0.0
5,1,10,2,31.174515705759582,1.0,0.0,0.0
5,1,11,2,49.906060609599706,1.0,0.0,0.0
5,1,12,2,59.182013630948276,1.0,0.0,0.0
5,1,13,2,62.41012917379513,1.0,0.0,0.0
5,1,14,2,58.29851644470572,1.0,0.0,0.0
5,1,15,3,47.41856275841403,1.0,0.0,0.0
5,1,16,3,34.48485794955897,1.0,0.0,0.0
5,1,17,3,21.263709296694763,1.0,0.0,0.0
5,1,18,3,15.183402882851677,0.0,0.0,0.0
5,1,19,3,11.006248368083744,0.0,0.0,0.0
5,1,20,4,6.404335342976693,0.0,0.0,0.0
5,1,21,4,3.3848977884594795,0.0,0.0,0.0
5,1,22,4,1.774333314709224,0.0,0.0,0.0
5,1,23,4,3.044938247680112,0.0,0.0,0.0
5,1,24,4,4.329511407166242,0.0,0.0,0.0
5,1,25,5,4.377782259820439,0.0,0.0,0.0
5,1,26,5,7.612594821599005,0.0,0.0,0.0
5,1,27,5,7.883540188235907,0.0,0.0,0.0
5,1,28,5,8.966871944763959,0.0,0.0,0.0
5,1,29,5,14.674217997565538,0.0,0.0,0.0
5,1,30,6,14.24415911664978,0.0,0.0,0.0
5,1,31,6,11.728059223864435,0.0,0.0,0.0
5,1,32,6,10.961441123145121,0.0,0.0,0.0
5,1,33,6,10.189046615492247,0.0,0.0,0.0
5,1,34,6,9.887095009053066,0.0,0.0,0.0
5,1,35,7,10.328200102296373,0.0,0.0,0.0
5,1,36,7,11.257291571909583,0.0,0.0,0.0
5,1,37,7,14.057578750019205,0.0,0.0,0.0
5,1,38,7,18.840323180585962,0.0,0.0,0.0
5,1,39,7,23.79123158877695,0.0,0.0,0.0
5,1,40,8,21.94470235217535,0.0,0.0,0.0
5,1,41,8,17.6650516766518,0.0,0.0,0.0
5,1,42,8,15.17401749909417,0.0,0.0,0.0
5,1,43,8,14.274500409644208,0.0,0.0,0.0
5,1,44,8,15.439382714998754,0.0,0.0,0.0
5,1,45,9,16.15912089035277,0.0,0.0,0.0
5,1,46,9,21.090950036460967,0.0,0.0,0.0
5,1,47,9,24.9224247938454,0.0,0.0,0.0
5,1,48,9,25.8004984693122,0.0,0.0,0.0
5,1,49,9,28.36972579158447,0.0,0.0,0.0
5,1,50,10,47.68501072890759,0.0,0.0,0.0
5,1,51,10,68.18599758223802,0.0,0.0,0.0
5,1,52,10,76.94641160834146,0.0,0.0,0.0
5,1,53,10,80.46679985796423,0.0,0.0,0.0
5,1,54,10,82.39511738121513,0.0,0.0,0.0
5,1,55,11,79.74389763367722,0.0,0.0,0.0
5,1,56,11,76.46326612591736,0.0,0.0,0.0
5,1,57,11,77.20372689615348,0.0,0.0,0.0
5,1,58,11,78.30056103491009,0.0,0.0,0.0
5,1,59,11,77.15785437528899,0.0,0.0,0.0
5,1,60,11,69.2685054337548,0.0,0.0,1.0
5,1,61,11,63.53865788247014,0.0,0.0,1.0
5,1,62,11,68.50220588972394,0.0,1.0,1.0
5,1,63,11,64.38063552868559,0.0,1.0,1.0
5,1,64,11,49.92902620941226,0.0,1.0,1.0
5,2,0,0,0.0,0.0,0.0,0.0
5,2,1,0,0.5725503863976317,0.0,0.0,0.0
5,2,2,0,0.5496920513058969,0.0,0.0,0.0
5,2,3,0,1.3158429347076241,0.0,0.0,0.0
5,2,4,0,2.850432544164737,0.0,0.0,0.0
5,2,5,1,2.994987015874238,0.0,0.0,0.0
5,2,6,1,3.8095968439267405,0.0,0.0,0.0
5,2,7,1,4.133758510534366,0.0,0.0,0.0
5,2,8,1,4.19119514457614,0.0,0.0,0.0
5,2,9,1,3.7010814946143933,0.0,0.0,0.0
5,2,10,2,3.6139218868045604,0.0,0.0,0.0
5,2,11,2,3.5881245134394737,0.0,0.0,0.0
5,2,12,2,3.1085772803118426,0.0,0.0,0.0
5,2,13,2,5.856720937168478,0.0,0.0,0.0
5,2,14,2,12.16758536232118,0.0,0.0,0.0
5,2,15,3,17.40309442420841,1.0,0.0,0.0
5,2,16,3,18.183534998178466,1.0,0.0,0.0
5,2,17,3,18.413107748921465,1.0,0.0,0.0
5,2,18,3,16.85171561061295,0.0,0.0,0.0
5,2,19,3,13.918439423701024,0.0,0.0,0.0
5,2,20,4,9.803032333707089,0.0,0.0,0.0
5,2,21,4,6.570685310547142,0.0,0.0,0.0
5,2,22,4,5.70990927201116,0.0,0.0,0.0
5,2,23,4,6.890880782817893,0.0,0.0,0.0
5,2,24,4,11.9093331420628,0.0,0.0,0.0
5,2,25,5,18.616908423863812,0.0,0.0,0.0
5,2,26,5,22.960083404827586,0.0,0.0,0.0
5,2,27,5,28.44154046757169,0.0,0.0,0.0
5,2,28,5,25.630469630470003,0.0,0.0,0.0
5,2,29,5,24.654471084005333,0.0,0.0,0.0
5,2,30,6,38.75400866036656,0.0,0.0,0.0
5,2,31,6,49.958863340511854,1.0,0.0,0.0
5,2,32,6,45.83663440914561,0.0,0.0,0.0
5,2,33,6,38.825967804499925,0.0,0.0,0.0
5,2,34,6,45.00856445920058,0.0,0.0,0.0
5,2,35,7,40.17706121327686,0.0,0.0,0.0
5,2,36,7,25.985929282089465,0.0,0.0,0.0
5,2,37,7,16.160076933945916,0.0,0.0,0.0
5,2,38,7,12.981521762069292,0.0,0.0,0.0
5,2,39,7,17.99516202160234,0.0,0.0,0.0
5,2,40,8,20.70026154240182,0.0,0.0,1.0
5,2,41,8,17.428082458502807,0.0,0.0,1.0
5,2,42,8,14.979884157876628,0.0,1.0,1.0
5,2,43,8,9.269770144226202,0.0,1.0,1.0
5,2,44,8,7.871480716833943,0.0,1.0,1.0
5,1,0,0,0.0,0.0,0.0,0.0
5,1,1,0,4.02286528067067,0.0,0.0,0.0
5,1,2,0,5.676266052673375,0.0,0.0,0.0
5,1,3,0,9.755830249362068,1.0,0.0,0.0
5,1,4,0,16.201490640046757,1.0,0.0,0.0
5,1,5,1,16.157001818309517,1.0,0.0,0.0
5,1,6,1,12.431363919805284,1.0,0.0,0.0
5,1,7,1,8.262051850565099,0.0,0.0,0.0
5,1,8,1,6.06933443582869,0.0,0.0,0.0
5,1,9,1,8.686237588166327,0.0,0.0,0.0
5,1,10,2,12.45876949250827,0.0,0.0,0.0
5,1,11,2,13.318067163402745,0.0,0.0,0.0
5,1,12,2,12.799614613655915,0.0,0.0,0.0
5,1,13,2,11.816355753827136,0.0,0.0,0.0
5,1,14,2,9.455939637200007,0.0,0.0,0.0
5,1,15,3,6.023658423908515,0.0,0.0,0.0
5,1,16,3,4.243373890211345,0.0,0.0,0.0
5,1,17,3,7.155799864467476,0.0,0.0,0.0
5,1,18,3,15.12909871972963,0.0,0.0,0.0
5,1,19,3,19.707517613829594,0.0,0.0,0.0
5,1,20,4,20.811687375467073,0.0,0.0,0.0
5,1,21,4,20.427874520495216,0.0,0.0,0.0
5,1,22,4,19.97980981936436,0.0,0.0,0.0
5,1,23,4,16.01315410834633,0.0,0.0,0.0
5,1,24,4,10.859802057428205,0.0,0.0,0.0
5,1,25,5,8.369822011058499,0.0,0.0,0.0
5,1,26,5,8.708806974650031,0.0,0.0,0.0
5,1,27,5,8.284401234288293,0.0,0.0,0.0
5,1,28,5,8.395798206295428,0.0,0.0,0.0
5,1,29,5,11.1118163387016,0.0,0.0,0.0
5,1,30,6,12.657326584333946,0.0,0.0,0.0
5,1,31,6,9.441972211070611,0.0,0.0,0.0
5,1,32,6,7.361080566424855,0.0,0.0,0.0
5,1,33,6,9.19318113593065,0.0,0.0,0.0
5,1,34,6,11.361206691471398,0.0,0.0,0.0
5,1,35,7,18.540664135919815,0.0,0.0,0.0
5,1,36,7,39.68395773813592,0.0,0.0,0.0
5,1,37,7,50.967185534852106,0.0,0.0,0.0
5,1,38,7,55.26527874282934,0.0,0.0,0.0
5,1,39,7,58.2083383081278,0.0,0.0,0.0
5,1,40,8,57.92214684941668,0.0,0.0,0.0
5,1,41,8,51.531652765296286,0.0,0.0,0.0
5,1,42,8,37.6779992283023,0.0,0.0,0.0
5,1,43,8,26.385831990933884,0.0,0.0,0.0
5,1,44,8,21.697094421438322,0.0,0.0,0.0
5,1,45,9,19.74981028782833,0.0,0.0,0.0
5,1,46,9,15.502242438825668,0.0,0.0,0.0
5,1,47,9,12.274538644269867,0.0,0.0,0.0
5,1,48,9,14.256566622232654,0.0,0.0,0.0
5,1,49,9,13.93924779134893,0.0,0.0,0.0
5,1,50,10,11.819891788273159,0.0,0.0,0.0
5,1,51,10,8.229126222672956,0.0,0.0,0.0
5,1,52,10,5.802710250720342,0.0,0.0,0.0
5,1,53,10,6.677943981069157,0.0,0.0,0.0
5,1,54,10,8.980679833733522,0.0,0.0,0.0
5,1,55,11,8.12277040120604,0.0,0.0,0.0
5,1,56,11,6.329842223276412,0.0,0.0,0.0
5,1,57,11,4.6016325868842785,0.0,0.0,0.0
5,1,58,11,11.26377661972937,0.0,0.0,1.0
5,1,59,11,49.38380168408648,0.0,0.0,1.0
5,1,60,11,77.6634714472872,0.0,1.0,1.0
5,1,61,11,83.89560488913725,0.0,1.0,1.0
5,1,62,11,84.5949563155824,0.0,1.0,1.0
5,3,0,0,0.0,0.0,0.0,0.0
5,3,1,0,15.069315390049287,1.0,0.0,0.0
5,3,2,0,22.348528626586564,1.0,0.0,0.0
5,3,3,0,26.010738914149954,1.0,0.0,0.0
5,3,4,0,35.8614941768605,1.0,0.0,0.0
5,3,5,1,45.98600036803348,1.0,0.0,0.0
5,3,6,1,48.15358401495522,1.0,0.0,0.0
5,3,7,1,45.821598270484614,1.0,0.0,0.0
5,3,8,1,37.95082142823614,1.0,0.0,0.0
5,3,9,1,32.954481714996035,1.0,0.0,0.0
5,3,10,2,32.15759423291128,1.0,0.0,0.0
5,3,11,2,29.77416759755988,1.0,0.0,0.0
5,3,12,2,26.028701138613307,1.0,0.0,0.0
5,3,13,2,20.618135337396843,1.0,0.0,0.0
5,3,14,2,15.613092691716128,0.0,0.0,0.0
5,3,15,3,13.844458258626098,0.0,0.0,0.0
5,3,16,3,13.162001179808172,0.0,0.0,0.0
5,3,17,3,15.619803969983858,0.0,0.0,0.0
5,3,18,3,27.662104702207095,1.0,0.0,0.0
5,3,19,3,37.98928274038515,1.0,0.0,0.0
5,3,20,4,39.515634085632456,1.0,0.0,0.0
5,3,21,4,36.44774573100811,1.0,0.0,0.0
5,3,22,4,36.064063472203586,1.0,0.0,0.0
5,3,23,4,41.0868063096468,1.0,0.0,0.0
5,3,24,4,42.02351410343721,1.0,0.0,0.0
5,3,25,5,43.945654293487706,1.0,0.0,0.0
5,3,26,5,43.82701510518992,1.0,0.0,0.0
5,3,27,5,35.79045776661866,1.0,0.0,0.0
5,3,28,5,35.46360767856321,1.0,0.0,0.0
5,3,29,5,52.723021101344216,1.0,0.0,0.0
5,3,30,6,61.55688930944666,1.0,0.0,0.0
5,3,31,6,57.34570782187676,1.0,0.0,0.0
5,3,32,6,64.58373919665644,1.0,0.0,1.0
5,3,33,6,74.4789187259986,1.0,0.0,1.0
5,3,34,6,71.68110873218225,1.0,1.0,1.0
5,3,35,7,66.10974906089297,1.0,1.0,1.0
5,3,36,7,58.57512151964389,0.0,1.0,1.0
5,2,0,0,0.0,0.0,0.0,0.0
5,2,1,0,22.69712386407391,1.0,0.0,0.0
5,2,2,0,38.44622846341488,1.0,0.0,0.0
5,2,3,0,36.52807816362227,1.0,0.0,0.0
5,2,4,0,32.88330097993682,1.0,0.0,0.0
5,2,5,1,32.13049023677834,1.0,0.0,0.0
5,2,6,1,25.254228567598098,1.0,0.0,0.0
5,2,7,1,15.879178702123667,1.0,0.0,0.0
5,2,8,1,11.42262423247141,0.0,0.0,0.0
5,2,9,1,9.931355279279963,0.0,0.0,0.0
5,2,10,2,7.01400150665785,0.0,0.0,0.0
5,2,11,2,5.792802413975716,0.0,0.0,0.0
5,2,12,2,7.468312613337916,0.0,0.0,0.0
5,2,13,2,10.120192953445585,0.0,0.0,0.0
5,2,14,2,11.934456830333524,0.0,0.0,0.0
5,2,15,3,11.611475933945403,0.0,0.0,0.0
5,2,16,3,11.074569079342997,0.0,0.0,0.0
5,2,17,3,9.994422093483177,0.0,0.0,0.0
5,2,18,3,9.15824520298471,0.0,0.0,0.0
5,2,19,3,8.66605823944511,0.0,0.0,0.0
5,2,20,4,8.579685314077537,0.0,0.0,0.0
5,2,21,4,12.013354690752674,0.0,0.0,0.0
5,2,22,4,19.991932584292464,0.0,0.0,0.0
5,2,23,4,22.412003461367625,0.0,0.0,0.0
5,2,24,4,20.23239265068124,0.0,0.0,0.0
5,2,25,5,20.03929380013946,0.0,0.0,0.0
5,2,26,5,19.090125872615868,0.0,0.0,0.0
5,2,27,5,25.809448805502782,0.0,0.0,0.0
5,2,28,5,45.14086781712204,1.0,0.0,0.0
5,2,29,5,59.87509267352425,1.0,0.0,0.0
5,2,30,6,61.57994114896216,1.0,0.0,0.0
5,2,31,6,58.36071971156355,1.0,0.0,0.0
5,2,32,6,61.59130830470764,1.0,0.0,0.0
5,2,33,6,64.0586380472993,1.0,0.0,0.0
5,2,34,6,64.81899933530497,1.0,0.0,0.0
5,2,35,7,63.87082495801262,1.0,0.0,0.0
5,2,36,7,62.919416576772775,1.0,0.0,0.0
5,2,37,7,63.74793927126673,0.0,0.0,0.0
5,2,38,7,66.73252534290997,0.0,0.0,0.0
5,2,39,7,75.13468377559576,1.0,0.0,0.0
5,2,40,8,82.42139823878577,1.0,0.0,0.0
5,2,41,8,84.40716986039483,0.0,0.0,0.0
5,2,42,8,82.39219413172093,0.0,0.0,0.0
5,2,43,8,78.00596112136878,0.0,0.0,0.0
5,2,44,8,71.15126458397626,0.0,0.0,1.0
5,2,45,9,64.448661923721,0.0,0.0,1.0
5,2,46,9,64.8484053127909,0.0,1.0,1.0
5,2,47,9,63.50450388598921,0.0,1.0,1.0
5,2,48,9,58.68436624540608,0.0,1.0,1.0
6,1,0,0,0.0,0.0,0.0,0.0
6,1,1,0,0.18703900661526973,0.0,0.0,0.0
6,1,2,0,0.3071840450050982,0.0,0.0,0.0
6,1,3,0,0.2563336368017354,0.0,0.0,0.0
6,1,4,0,0.3888552330253219,0.0,0.0,0.0
6,1,5,1,4.376849034140911,0.0,0.0,0.0
6,1,6,1,9.568354752752207,0.0,0.0,0.0
6,1,7,1,10.53087058849523,0.0,0.0,0.0
6,1,8,1,13.718397373164821,1.0,0.0,0.0
6,1,9,1,17.394789268295053,1.0,0.0,0.0
6,1,10,2,19.0984593487836,1.0,0.0,0.0
6,1,11,2,21.38164697638991,1.0,0.0,0.0
6,1,12,2,16.13399856602098,1.0,0.0,0.0
6,1,13,2,14.42503927747292,0.0,0.0,0.0
6,1,14,2,21.11189012861302,1.0,0.0,0.0
6,1,15,3,31.12041340024747,1.0,0.0,0.0
6,1,16,3,40.71837291111669,1.0,0.0,0.0
6,1,17,3,37.835178902899855,1.0,0.0,0.0
6,1,18,3,25.492596059368328,1.0,0.0,0.0
6,1,19,3,18.240842577336895,0.0,0.0,0.0
6,1,20,4,31.622295906295502,1.0,0.0,0.0
6,1,21,4,40.39997859417659,1.0,0.0,0.0
6,1,22,4,32.17891897314733,1.0,0.0,0.0
6,1,23,4,25.47306649809383,0.0,0.0,0.0
6,1,24,4,23.761859791157253,0.0,0.0,0.0
6,1,25,5,29.2713888272729,1.0,0.0,0.0
6,1,26,5,38.89466965386219,1.0,0.0,0.0
6,1,27,5,33.5967183375079,1.0,0.0,0.0
6,1,28,5,26.41553306776119,0.0,0.0,0.0
6,1,29,5,21.55458059757569,0.0,0.0,0.0
6,1,30,6,16.348728053426264,0.0,0.0,0.0
6,1,31,6,13.378865000268245,0.0,0.0,0.0
6,1,32,6,9.306334356641438,0.0,0.0,0.0
6,1,33,6,7.294697508624966,0.0,0.0,0.0
6,1,34,6,9.276955663288874,0.0,0.0,0.0
6,1,35,7,13.716044622283663,0.0,0.0,0.0
6,1,36,7,9.768842203793024,0.0,0.0,0.0
6,1,37,7,5.433082433698042,0.0,0.0,0.0
6,1,38,7,3.0609186580039873,0.0,0.0,1.0
6,1,39,7,2.2233183884318852,0.0,0.0,1.0
6,1,40,8,2.7768300035399935,0.0,1.0,1.0
6,1,41,8,3.0830639936382584,0.0,1.0,1.0
6,1,42,8,2.504715641694241,0.0,1.0,1.0
6,2,0,0,0.0,0.0,0.0,0.0
6,2,1,0,28.57165717720594,1.0,0.0,0.0
6,2,2,0,50.78308843848734,1.0,0.0,0.0
6,2,3,0,46.54175819833347,1.0,0.0,0.0
6,2,4,0,31.36142342642571,1.0,0.0,0.0
6,2,5,1,19.654425212015042,1.0,0.0,0.0
6,2,6,1,16.352963579655725,1.0,0.0,0.0
6,2,7,1,15.950871137536394,1.0,0.0,0.0
6,2,8,1,11.843967096874707,1.0,0.0,0.0
6,2,9,1,8.24694836434627,0.0,0.0,0.0
6,2,10,2,6.166519249486978,0.0,0.0,0.0
6,2,11,2,3.7280986647827024,0.0,0.0,0.0
6,2,12,2,1.977844275000393,0.0,0.0,0.0
6,2,13,2,1.0154591095658092,0.0,0.0,0.0
6,2,14,2,0.5848321380586164,0.0,0.0,0.0
6,2,15,3,2.4362753568445803,0.0,0.0,0.0
6,2,16,3,12.412253322223162,0.0,0.0,0.0
6,2,17,3,16.927965522322197,0.0,0.0,0.0
6,2,18,3,13.322246980516336,0.0,0.0,0.0
6,2,19,3,9.967452344703723,0.0,0.0,0.0
6,2,20,4,8.009683248198765,0.0,0.0,0.0
6,2,21,4,8.545573924599775,0.0,0.0,0.0
6,2,22,4,16.72547001931429,0.0,0.0,0.0
6,2,23,4,23.475862345340303,0.0,0.0,0.0
6,2,24,4,22.822563068873663,0.0,0.0,0.0
6,2,25,5,34.9360006124095,1.0,0.0,0.0
6,2,26,5,53.257852060653036,1.0,0.0,0.0
6,2,27,5,41.84238358193397,1.0,0.0,0.0
6,2,28,5,26.24353335130186,0.0,0.0,0.0
6,2,29,5,16.551974518262966,0.0,0.0,0.0
6,2,30,6,15.083196543076129,0.0,0.0,0.0
6,2,31,6,26.909655027074052,0.0,0.0,0.0
6,2,32,6,47.0723212946134,1.0,0.0,0.0
6,2,33,6,46.98430401065755,0.0,0.0,0.0
6,2,34,6,30.952768813002237,0.0,0.0,0.0
6,2,35,7,27.924616388145587,0.0,0.0,0.0
6,2,36,7,50.1080466822887,0.0,0.0,0.0
6,2,37,7,77.73935082308356,1.0,0.0,0.0
6,2,38,7,86.54821743523513,1.0,0.0,0.0
6,2,39,7,90.7699519059112,1.0,0.0,0.0
6,2,40,8,94.78366871172747,1.0,0.0,1.0
6,2,41,8,95.6132839201612,1.0,0.0,1.0
6,2,42,8,93.44493119017241,1.0,1.0,1.0
6,2,43,8,89.97891832859736,0.0,1.0,1.0
6,2,44,8,87.35828370621977,0.0,1.0,1.0
6,2,0,0,0.0,0.0,0.0,0.0
6,2,1,0,7.839610103041539,0.0,0.0,0.0
6,2,2,0,14.115653452031117,1.0,0.0,0.0
6,2,3,0,34.704212724769505,1.0,0.0,0.0
6,2,4,0,59.17143033715667,1.0,0.0,0.0
6,2,5,1,55.281228832275126,1.0,0.0,0.0
6,2,6,1,36.57332352185015,1.0,0.0,0.0
6,2,7,1,22.495914537975878,1.0,0.0,0.0
6,2,8,1,17.498365860644462,1.0,0.0,0.0
6,2,9,1,16.449168528592992,1.0,0.0,0.0
6,2,10,2,22.303416674353276,1.0,0.0,0.0
6,2,11,2,40.25340006658972,1.0,0.0,0.0
6,2,12,2,34.09109073594159,1.0,0.0,0.0
6,2,13,2,18.805720046279717,1.0,0.0,0.0
6,2,14,2,12.465225668658412,0.0,0.0,0.0
6,2,15,3,39.28982236931161,1.0,0.0,0.0
6,2,16,3,74.98201033212018,1.0,0.0,0.0
6,2,17,3,89.24294651922315,1.0,0.0,0.0
6,2,18,3,82.73965289189306,1.0,0.0,0.0
6,2,19,3,67.13921479810773,1.0,0.0,0.0
6,2,20,4,74.90497086833416,1.0,0.0,0.0
6,2,21,4,79.27791733363911,1.0,0.0,0.0
6,2,22,4,81.40871897963562,1.0,0.0,0.0
6,2,23,4,90.19881549153479,1.0,0.0,0.0
6,2,24,4,96.00718142983541,1.0,0.0,0.0
6,2,25,5,97.15307646368733,1.0,0.0,0.0
6,2,26,5,96.16146373245404,1.0,0.0,1.0
6,2,27,5,97.25887142403734,1.0,0.0,1.0
6,2,28,5,97.83702188934058,1.0,1.0,1.0
6,2,29,5,91.78429111157483,1.0,1.0,1.0
6,2,30,6,70.00365712761656,1.0,1.0,1.0
6,3,0,0,0.0,0.0,0.0,0.0
6,3,1,0,0.17873367364605225,0.0,0.0,0.0
6,3,2,0,0.6293307643940793,0.0,0.0,0.0
6,3,3,0,1.685684507287856,0.0,0.0,0.0
6,3,4,0,6.3782490197865105,0.0,0.0,0.0
6,3,5,1,16.71564940255059,1.0,0.0,0.0
6,3,6,1,18.1714238717503,1.0,0.0,0.0
6,3,7,1,16.94980294419632,1.0,0.0,0.0
6,3,8,1,17.46118676911084,1.0,0.0,0.0
6,3,9,1,18.06816869387854,1.0,0.0,0.0
6,3,10,2,19.35620613269155,1.0,0.0,0.0
6,3,11,2,50.690265164180026,1.0,0.0,0.0
6,3,12,2,79.44940444343843,1.0,0.0,0.0
6,3,13,2,68.1895230775043,1.0,0.0,0.0
6,3,14,2,44.61065834394367,1.0,0.0,0.0
6,3,15,3,42.30282514983993,1.0,0.0,0.0
6,3,16,3,46.914612622230486,1.0,0.0,0.0
6,3,17,3,57.19080532570352,1.0,0.0,0.0
6,3,18,3,76.80171182079857,1.0,0.0,0.0
6,3,19,3,90.59450904984695,1.0,0.0,0.0
6,3,20,4,95.01450853686057,1.0,0.0,0.0
6,3,21,4,95.2153843751259,1.0,0.0,0.0
6,3,22,4,92.46259718061509,1.0,0.0,0.0
6,3,23,4,86.80688825817873,1.0,0.0,0.0
6,3,24,4,78.97633354677939,1.0,0.0,0.0
6,3,25,5,75.59365334092786,1.0,0.0,0.0
6,3,26,5,77.00607597842406,1.0,0.0,0.0
6,3,27,5,68.21805587506033,1.0,0.0,0.0
6,3,28,5,58.77213300677716,1.0,0.0,0.0
6,3,29,5,66.62213792211588,1.0,0.0,0.0
6,3,30,6,84.55640956961528,1.0,0.0,0.0
6,3,31,6,92.30276936959118,1.0,0.0,0.0
6,3,32,6,95.46060452742054,1.0,0.0,0.0
6,3,33,6,97.11997666436123,1.0,0.0,0.0
6,3,34,6,98.10090716864927,1.0,0.0,0.0
6,3,35,7,97.30272397717854,1.0,0.0,0.0
6,3,36,7,94.44307271258273,1.0,0.0,0.0
6,3,37,7,96.34115319239348,1.0,0.0,0.0
6,3,38,7,96.64472288505024,1.0,0.0,0.0
6,3,39,7,96.1579110214452,1.0,0.0,0.0
6,3,40,8,97.0378202169103,1.0,0.0,0.0
6,3,41,8,97.60756539639459,1.0,0.0,0.0
6,3,42,8,96.23416191934793,1.0,0.0,0.0
6,3,43,8,92.95604744906015,0.0,0.0,0.0
6,3,44,8,92.6477743267269,0.0,0.0,0.0
6,3,45,9,94.01615535591213,0.0,0.0,0.0
6,3,46,9,97.05628015223526,0.0,0.0,1.0
6,3,47,9,98.88029100208358,0.0,0.0,1.0
6,3,48,9,99.63678907064158,0.0,1.0,1.0
6,3,49,9,99.90166097867376,0.0,1.0,1.0
6,3,50,10,99.97407811541325,0.0,1.0,1.0
6,3,0,0,0.0,0.0,0.0,0.0
6,3,1,0,13.22188706171944,1.0,0.0,0.0
6,3,2,0,22.89096954813648,1.0,0.0,0.0
6,3,3,0,22.937515873145678,1.0,0.0,0.0
6,3,4,0,20.162082620189295,1.0,0.0,0.0
6,3,5,1,19.150810266558462,1.0,0.0,0.0
6,3,6,1,25.407370696920495,1.0,0.0,0.0
6,3,7,1,40.42865099674384,1.0,0.0,0.0
6,3,8,1,55.22360631902652,1.0,0.0,0.0
6,3,9,1,63.54829055225946,1.0,0.0,0.0
6,3,10,2,64.42832629632363,1.0,0.0,0.0
6,3,11,2,59.287431583109424,1.0,0.0,0.0
6,3,12,2,49.63745491810283,1.0,0.0,0.0
6,3,13,2,48.62498977120263,1.0,0.0,0.0
6,3,14,2,55.87334694900858,1.0,0.0,0.0
6,3,15,3,59.221946402220766,1.0,0.0,0.0
6,3,16,3,72.72872309368262,1.0,0.0,0.0
6,3,17,3,85.44963140305653,1.0,0.0,0.0
6,3,18,3,89.46169384525112,1.0,0.0,0.0
6,3,19,3,90.37367316975184,1.0,0.0,0.0
6,3,20,4,81.7535045907488,1.0,0.0,0.0
6,3,21,4,64.09970651807316,1.0,0.0,0.0
6,3,22,4,52.96846573687134,1.0,0.0,0.0
6,3,23,4,60.87599287202497,1.0,0.0,0.0
6,3,24,4,74.78610524420881,1.0,0.0,0.0
6,3,25,5,84.69479660984004,1.0,0.0,0.0
6,3,26,5,92.99192360770013,1.0,0.0,0.0
6,3,27,5,95.90138275212192,1.0,0.0,0.0
6,3,28,5,96.56629639088041,1.0,0.0,0.0
6,3,29,5,97.30798143025126,1.0,0.0,0.0
6,3,30,6,97.54798720400336,1.0,0.0,0.0
6,3,31,6,97.89769890279871,1.0,0.0,0.0
6,3,32,6,98.27808134174109,1.0,0.0,0.0
6,3,33,6,98.75813690571667,1.0,0.0,0.0
6,3,34,6,98.9041251176736,1.0,0.0,0.0
6,3,35,7,96.63297677738547,1.0,0.0,0.0
6,3,36,7,90.97018483969559,1.0,0.0,0.0
6,3,37,7,88.28309154520107,1.0,0.0,0.0
6,3,38,7,89.34913732615867,1.0,0.0,0.0
6,3,39,7,93.96083975100153,1.0,0.0,0.0
6,3,40,8,97.7006017847981,1.0,0.0,0.0
6,3,41,8,99.29674493892988,1.0,0.0,0.0
6,3,42,8,99.81359058669575,1.0,0.0,1.0
6,3,43,8,99.92973502821508,1.0,0.0,1.0
6,3,44,8,99.91830944164207,0.0,1.0,1.0
6,3,45,9,99.96630515914092,0.0,1.0,1.0
6,3,46,9,99.96624317651128,0.0,1.0,1.0
6,1,0,0,0.0,0.0,0.0,0.0
6,1,1,0,0.13264192654398618,0.0,0.0,0.0
6,1,2,0,0.6774044695267841,0.0,0.0,0.0
6,1,3,0,0.96904760986493,0.0,0.0,0.0
6,1,4,0,1.7827468297245312,0.0,0.0,0.0
6,1,5,1,4.698132817283668,0.0,0.0,0.0
6,1,6,1,13.841236780521996,1.0,0.0,0.0
6,1,7,1,33.14352351195926,1.0,0.0,0.0
6,1,8,1,50.07756027124121,1.0,0.0,0.0
6,1,9,1,55.54442047573207,1.0,0.0,0.0
6,1,10,2,45.02574670288004,1.0,0.0,0.0
6,1,11,2,27.85097809005174,1.0,0.0,0.0
6,1,12,2,15.98242547550337,1.0,0.0,0.0
6,1,13,2,10.019867467568423,0.0,0.0,0.0
6,1,14,2,12.103739459526466,0.0,0.0,0.0
6,1,15,3,26.389483531663714,1.0,0.0,0.0
6,1,16,3,46.729382823813594,1.0,0.0,0.0
6,1,17,3,68.88052741527795,1.0,0.0,0.0
6,1,18,3,85.6558632394104,1.0,0.0,0.0
6,1,19,3,89.7476131452717,1.0,0.0,0.0
6,1,20,4,86.0481652967172,1.0,0.0,0.0
6,1,21,4,83.82493584906766,1.0,0.0,0.0
6,1,22,4,87.03413498308842,1.0,0.0,0.0
6,1,23,4,91.21649705367864,1.0,0.0,0.0
6,1,24,4,90.12353721275552,1.0,0.0,0.0
6,1,25,5,83.9609062963786,1.0,0.0,0.0
6,1,26,5,75.4208949145731,1.0,0.0,0.0
6,1,27,5,69.99135619139486,1.0,0.0,0.0
6,1,28,5,57.86654227828886,1.0,0.0,0.0
6,1,29,5,42.46666692966708,1.0,0.0,0.0
6,1,30,6,32.11278093605761,0.0,0.0,0.0
6,1,31,6,30.93103446152645,0.0,0.0,0.0
6,1,32,6,55.50450341801964,1.0,0.0,0.0
6,1,33,6,76.31771267626789,1.0,0.0,0.0
6,1,34,6,82.35184263837496,1.0,0.0,0.0
6,1,35,7,93.51623910631346,1.0,0.0,0.0
6,1,36,7,97.94398218151886,1.0,0.0,0.0
6,1,37,7,94.67801879720447,1.0,0.0,0.0
6,1,38,7,90.31215789641851,1.0,0.0,0.0
6,1,39,7,89.5662652564844,1.0,0.0,0.0
6,1,40,8,82.95963688938761,1.0,0.0,1.0
6,1,41,8,64.53924612362147,0.0,0.0,1.0
6,1,42,8,43.036666108563665,0.0,1.0,1.0
6,1,43,8,39.58282087225778,0.0,1.0,1.0
6,1,44,8,65.91979111151753,0.0,1.0,1.0
6,3,0,0,0.0,0.0,0.0,0.0
6,3,1,0,45.1102036749639,1.0,0.0,0.0
6,3,2,0,78.42513664214357,1.0,0.0,0.0
6,3,3,0,66.52181330408278,1.0,0.0,0.0
6,3,4,0,42.664626872706904,1.0,0.0,0.0
6,3,5,1,39.89321278408889,1.0,0.0,0.0
6,3,6,1,30.589135270858844,1.0,0.0,0.0
6,3,7,1,21.052862662801992,1.0,0.0,0.0
6,3,8,1,19.739262093876135,1.0,0.0,0.0
6,3,9,1,13.849699885781964,1.0,0.0,0.0
6,3,10,2,9.856309119969335,0.0,0.0,0.0
6,3,11,2,6.760354916106525,0.0,0.0,0.0
6,3,12,2,3.6490159481123605,0.0,0.0,0.0
6,3,13,2,3.1827329026957454,0.0,0.0,0.0
6,3,14,2,16.425476013916956,1.0,0.0,0.0
6,3,15,3,31.944326897061956,1.0,0.0,0.0
6,3,16,3,38.1716225021074,1.0,0.0,0.0
6,3,17,3,49.35699532352463,1.0,0.0,0.0
6,3,18,3,71.09513803183964,1.0,0.0,0.0
6,3,19,3,88.85916693691917,1.0,0.0,0.0
6,3,20,4,91.30110970027927,1.0,0.0,0.0
6,3,21,4,87.33804593164191,1.0,0.0,0.0
6,3,22,4,88.28774387857067,1.0,0.0,0.0
6,3,23,4,90.43361575322582,1.0,0.0,0.0
6,3,24,4,89.55588273624824,1.0,0.0,0.0
6,3,25,5,81.47741049901457,1.0,0.0,0.0
6,3,26,5,75.60757633524342,1.0,0.0,0.0
6,3,27,5,84.12553394311999,1.0,0.0,0.0
6,3,28,5,93.56297539637578,1.0,0.0,0.0
6,3,29,5,97.04934751152784,1.0,0.0,0.0
6,3,30,6,98.06667379854467,1.0,0.0,0.0
6,3,31,6,98.9269335928146,1.0,0.0,0.0
6,3,32,6,99.28776769994573,1.0,0.0,0.0
6,3,33,6,99.0254075208457,1.0,0.0,0.0
6,3,34,6,98.8636712647315,1.0,0.0,0.0
6,3,35,7,97.99013195463948,1.0,0.0,0.0
6,3,36,7,98.29498282782305,1.0,0.0,0.0
6,3,37,7,99.2169058651588,1.0,0.0,0.0
6,3,38,7,99.43918347571687,1.0,0.0,0.0
6,3,39,7,98.37002898537362,1.0,0.0,0.0
6,3,40,8,95.41779098453758,1.0,0.0,0.0
6,3,41,8,96.465070294426,1.0,0.0,0.0
6,3,42,8,98.09150535389767,1.0,0.0,0.0
6,3,43,8,98.7970592221574,1.0,0.0,0.0
6,3,44,8,99.40336790858905,0.0,0.0,0.0
6,3,45,9,99.7710068230415,0.0,0.0,0.0
6,3,46,9,99.83796009815099,0.0,0.0,0.0
6,3,47,9,99.59892681844433,0.0,0.0,0.0
6,3,48,9,99.16550712945067,0.0,0.0,0.0
6,3,49,9,98.29213722337542,0.0,0.0,0.0
6,3,50,10,97.86726638072645,0.0,0.0,0.0
6,3,51,10,99.00328204856405,0.0,0.0,0.0
6,3,52,10,99.7167639126807,0.0,0.0,0.0
6,3,53,10,99.89858772752841,0.0,0.0,0.0
6,3,54,10,99.65052857979225,0.0,0.0,0.0
6,3,55,11,98.2894051859765,0.0,0.0,0.0
6,3,56,11,97.67771266696401,0.0,0.0,0.0
6,3,57,11,98.50276601947766,0.0,0.0,0.0
6,3,58,11,99.35689989471807,0.0,0.0,1.0
6,3,59,11,99.78659885394663,0.0,0.0,1.0
6,3,60,11,99.93638578336663,0.0,1.0,1.0
6,3,61,11,99.87045303648196,0.0,1.0,1.0
6,3,62,11,99.61994298465078,0.0,1.0,1.0
6,2,0,0,0.0,0.0,0.0,0.0
6,2,1,0,44.19700332902299,1.0,0.0,0.0
6,2,2,0,78.25948194833137,1.0,0.0,0.0
6,2,3,0,79.80202285884366,1.0,0.0,0.0
6,2,4,0,75.83639246711894,1.0,0.0,0.0
6,2,5,1,84.36586124794727,1.0,0.0,0.0
6,2,6,1,85.51488033373488,1.0,0.0,0.0
6,2,7,1,58.26674807849852,1.0,0.0,0.0
6,2,8,1,33.05647372448435,1.0,0.0,0.0
6,2,9,1,19.199393937079535,1.0,0.0,0.0
6,2,10,2,14.675478003172007,1.0,0.0,0.0
6,2,11,2,11.509239652251242,0.0,0.0,0.0
6,2,12,2,6.650603630317017,0.0,0.0,0.0
6,2,13,2,6.103183742034261,0.0,0.0,0.0
6,2,14,2,16.12535308571446,1.0,0.0,0.0
6,2,15,3,37.12584394963184,1.0,0.0,0.0
6,2,16,3,57.464253796808045,1.0,0.0,0.0
6,2,17,3,77.87422121659777,1.0,0.0,0.0
6,2,18,3,92.46710631034105,1.0,0.0,0.0
6,2,19,3,97.52755658172896,1.0,0.0,0.0
6,2,20,4,97.93029052018747,1.0,0.0,0.0
6,2,21,4,93.71780493228569,1.0,0.0,0.0
6,2,22,4,85.91902461389321,1.0,0.0,0.0
6,2,23,4,86.75178764284558,1.0,0.0,0.0
6,2,24,4,91.36650651245091,1.0,0.0,0.0
6,2,25,5,87.43489352225319,1.0,0.0,0.0
6,2,26,5,71.23401491612152,1.0,0.0,0.0
6,2,27,5,52.141142764042556,1.0,0.0,0.0
6,2,28,5,31.964407523837302,0.0,0.0,1.0
6,2,29,5,23.365522037587198,0.0,0.0,1.0
6,2,30,6,52.75989010042333,1.0,1.0,1.0
6,2,31,6,85.17217804082688,1.0,1.0,1.0
6,2,32,6,95.3131636091902,1.0,1.0,1.0
6,2,0,0,0.0,0.0,0.0,0.0
6,2,1,0,0.8823466041928314,0.0,0.0,0.0
6,2,2,0,5.680055717797429,0.0,0.0,0.0
6,2,3,0,11.990284740537735,1.0,0.0,0.0
6,2,4,0,53.01396072451925,1.0,0.0,0.0
6,2,5,1,87.02272031227805,1.0,0.0,0.0
6,2,6,1,94.52505816024048,1.0,0.0,0.0
6,2,7,1,84.4997044657726,1.0,0.0,0.0
6,2,8,1,69.80950516249573,1.0,0.0,0.0
6,2,9,1,58.76163603390654,1.0,0.0,0.0
6,2,10,2,48.46695087521987,1.0,0.0,0.0
6,2,11,2,50.62734109375495,1.0,0.0,0.0
6,2,12,2,68.97953135508274,1.0,0.0,0.0
6,2,13,2,81.79560540261892,1.0,0.0,0.0
6,2,14,2,87.87884811002692,1.0,0.0,0.0
6,2,15,3,93.32190828831314,1.0,0.0,0.0
6,2,16,3,91.4058047957848,1.0,0.0,0.0
6,2,17,3,85.47930263166933,1.0,0.0,0.0
6,2,18,3,89.41070641600189,1.0,0.0,0.0
6,2,19,3,89.66788837067892,1.0,0.0,0.0
6,2,20,4,89.95847750539637,1.0,0.0,0.0
6,2,21,4,95.85188905096311,1.0,0.0,0.0
6,2,22,4,95.6804861981536,1.0,0.0,0.0
6,2,23,4,96.06999612341815,1.0,0.0,0.0
6,2,24,4,98.71477906443012,1.0,0.0,0.0
6,2,25,5,98.06397593890097,1.0,0.0,0.0
6,2,26,5,90.5189706325998,1.0,0.0,0.0
6,2,27,5,76.74248536606976,1.0,0.0,0.0
6,2,28,5,70.55999499706049,1.0,0.0,0.0
6,2,29,5,88.29382208751085,1.0,0.0,0.0
6,2,30,6,95.7160025892287,1.0,0.0,0.0
6,2,31,6,97.06360187144126,1.0,0.0,0.0
6,2,32,6,98.5991807163204,1.0,0.0,1.0
6,2,33,6,99.52009287542091,1.0,0.0,1.0
6,2,34,6,99.20472371676101,1.0,1.0,1.0
6,2,35,7,97.45085774321193,1.0,1.0,1.0
6,2,36,7,98.23793778558792,1.0,1.0,1.0
6,1,0,0,0.0,0.0,0.0,0.0
6,1,1,0,14.417194521391114,1.0,0.0,0.0
6,1,2,0,20.639940712613203,1.0,0.0,0.0
6,1,3,0,24.10695729669674,1.0,0.0,0.0
6,1,4,0,38.10879753149611,1.0,0.0,0.0
6,1,5,1,49.24872162256097,1.0,0.0,0.0
6,1,6,1,58.42586102426803,1.0,0.0,0.0
6,1,7,1,55.44629790668279,1.0,0.0,0.0
6,1,8,1,54.6136761983565,1.0,0.0,0.0
6,1,9,1,70.63939408305514,1.0,0.0,0.0
6,1,10,2,88.30298998851555,1.0,0.0,0.0
6,1,11,2,91.92751173322257,1.0,0.0,0.0
6,1,12,2,82.03451803290966,1.0,0.0,0.0
6,1,13,2,70.6095295480001,1.0,0.0,0.0
6,1,14,2,62.69901638192319,1.0,0.0,0.0
6,1,15,3,59.5403574286227,1.0,0.0,0.0
6,1,16,3,77.74852615982618,1.0,0.0,0.0
6,1,17,3,92.95874770221855,1.0,0.0,0.0
6,1,18,3,96.39998737888271,1.0,0.0,0.0
6,1,19,3,95.45855419299127,1.0,0.0,0.0
6,1,20,4,91.12471229271776,1.0,0.0,0.0
6,1,21,4,78.67485754414298,1.0,0.0,0.0
6,1,22,4,70.53420921397861,1.0,0.0,0.0
6,1,23,4,69.97236389848163,1.0,0.0,0.0
6,1,24,4,72.05439055027045,1.0,0.0,0.0
6,1,25,5,82.93037600802853,1.0,0.0,0.0
6,1,26,5,89.7183554322565,1.0,0.0,0.0
6,1,27,5,80.15294871113912,1.0,0.0,0.0
6,1,28,5,60.07781219641058,1.0,0.0,1.0
6,1,29,5,43.924752199016694,1.0,0.0,1.0
6,1,30,6,36.8952687911567,0.0,1.0,1.0
6,1,31,6,60.24228207961006,1.0,1.0,1.0
6,1,32,6,80.61190698915019,1.0,1.0,1.0
6,1,0,0,0.0,0.0,0.0,0.0
6,1,1,0,1.1718069853497781,0.0,0.0,0.0
6,1,2,0,7.669011204354276,0.0,0.0,0.0
6,1,3,0,11.90083969988796,1.0,0.0,0.0
6,1,4,0,16.45975746229174,1.0,0.0,0.0
6,1,5,1,27.192339628243435,1.0,0.0,0.0
6,1,6,1,21.357374244037608,1.0,0.0,0.0
6,1,7,1,16.77394199350368,1.0,0.0,0.0
6,1,8,1,18.438288796652365,1.0,0.0,0.0
6,1,9,1,15.602572611605808,1.0,0.0,0.0
6,1,10,2,8.691166477768682,0.0,0.0,0.0
6,1,11,2,4.590146532596668,0.0,0.0,0.0
6,1,12,2,5.69892077547851,0.0,0.0,0.0
6,1,13,2,14.928210786408783,0.0,0.0,0.0
6,1,14,2,43.339310592883265,1.0,0.0,0.0
6,1,15,3,63.531167626125466,1.0,0.0,0.0
6,1,16,3,57.18306428557586,1.0,0.0,0.0
6,1,17,3,47.86041263848986,1.0,0.0,0.0
6,1,18,3,43.06971319693781,1.0,0.0,0.0
6,1,19,3,44.612175165301906,1.0,0.0,0.0
6,1,20,4,47.600579024240616,1.0,0.0,0.0
6,1,21,4,42.26818528276191,1.0,0.0,0.0
6,1,22,4,42.6636047509322,1.0,0.0,0.0
6,1,23,4,47.29402542471989,1.0,0.0,0.0
6,1,24,4,35.92428891015523,1.0,0.0,0.0
6,1,25,5,34.085966116981176,1.0,0.0,0.0
6,1,26,5,43.34241114790174,1.0,0.0,0.0
6,1,27,5,40.92673276692082,1.0,0.0,0.0
6,1,28,5,33.729619848351234,0.0,0.0,0.0
6,1,29,5,23.413448836523038,0.0,0.0,0.0
6,1,30,6,16.10156862054159,0.0,0.0,0.0
6,1,31,6,17.20658940669699,0.0,0.0,0.0
6,1,32,6,40.4683525329193,0.0,0.0,0.0
6,1,33,6,62.586164821816226,1.0,0.0,0.0
6,1,34,6,62.34000060321382,1.0,0.0,0.0
6,1,35,7,54.75453839049072,0.0,0.0,0.0
6,1,36,7,58.502281212583476,0.0,0.0,0.0
6,1,37,7,75.05554774821404,1.0,0.0,0.0
6,1,38,7,89.82971288997044,1.0,0.0,0.0
6,1,39,7,91.12683604155362,1.0,0.0,0.0
6,1,40,8,82.2237502629904,1.0,0.0,0.0
6,1,41,8,78.46701437440387,0.0,0.0,1.0
6,1,42,8,70.80420941655925,0.0,0.0,1.0
6,1,43,8,58.633639245422486,0.0,1.0,1.0
6,1,44,8,72.19923860574059,0.0,1.0,1.0
6,1,45,9,88.98178231987728,0.0,1.0,1.0
7,2,0,0,0.0,0.0,0.0,0.0
7,2,1,0,0.7546496188234315,0.0,0.0,0.0
7,2,2,0,1.7085947953116567,0.0,0.0,0.0
7,2,3,0,1.5152249087496752,0.0,0.0,0.0
7,2,4,0,1.7109912542190373,0.0,0.0,0.0
7,2,5,1,2.080399677903346,0.0,0.0,0.0
7,2,6,1,1.4375743779922234,0.0,0.0,0.0
7,2,7,1,1.7675355060232882,0.0,0.0,0.0
7,2,8,1,3.237862672722742,0.0,0.0,0.0
7,2,9,1,3.824208925904771,0.0,0.0,0.0
7,2,10,2,5.066178975680106,0.0,0.0,0.0
7,2,11,2,5.534327979088189,0.0,0.0,0.0
7,2,12,2,3.9508085135093447,0.0,0.0,0.0
7,2,13,2,2.557881028932451,0.0,0.0,0.0
7,2,14,2,2.1209134420574127,0.0,0.0,0.0
7,2,15,3,1.5133381020258205,0.0,0.0,0.0
7,2,16,3,2.955568635086125,0.0,0.0,0.0
7,2,17,3,11.19361707601365,0.0,0.0,0.0
7,2,18,3,15.624331068101112,0.0,0.0,0.0
7,2,19,3,19.054261696357763,0.0,0.0,0.0
7,2,20,4,28.00379800909407,1.0,0.0,0.0
7,2,21,4,36.78101232463172,1.0,0.0,0.0
7,2,22,4,47.564243003296525,1.0,0.0,0.0
7,2,23,4,44.7058324726,1.0,0.0,0.0
7,2,24,4,29.337699846660758,1.0,0.0,0.0
7,2,25,5,20.310111882480783,0.0,0.0,0.0
7,2,26,5,22.75716771866727,0.0,0.0,0.0
7,2,27,5,23.014413629070088,0.0,0.0,0.0
7,2,28,5,31.478265986206445,0.0,0.0,0.0
7,2,29,5,44.58436775851436,1.0,0.0,0.0
7,2,30,6,40.04905363043748,0.0,0.0,0.0
7,2,31,6,30.934957117946652,0.0,0.0,0.0
7,2,32,6,23.54711645894658,0.0,0.0,0.0
7,2,33,6,19.01589946137377,0.0,0.0,0.0
7,2,34,6,26.90580774623991,0.0,0.0,0.0
7,2,35,7,37.59668039815827,0.0,0.0,0.0
7,2,36,7,46.071395337883104,0.0,0.0,0.0
7,2,37,7,69.64754322494701,1.0,0.0,0.0
7,2,38,7,76.05276813031145,1.0,0.0,0.0
7,2,39,7,62.613855489235355,0.0,0.0,0.0
7,2,40,8,48.74433868202624,0.0,0.0,0.0
7,2,41,8,35.26638806479879,0.0,0.0,0.0
7,2,42,8,30.243546888130368,0.0,0.0,0.0
7,2,43,8,31.989013321438627,0.0,0.0,0.0
7,2,44,8,36.13299298128384,0.0,0.0,0.0
7,2,45,9,41.1011198588771,0.0,0.0,0.0
7,2,46,9,59.00938229102131,0.0,0.0,0.0
7,2,47,9,81.49817144206693,0.0,0.0,0.0
7,2,48,9,86.3898947446311,0.0,0.0,0.0
7,2,49,9,91.12304409636047,0.0,0.0,0.0
7,2,50,10,94.73511688957937,0.0,0.0,0.0
7,2,51,10,87.58809055320407,0.0,0.0,0.0
7,2,52,10,68.48805409558989,0.0,0.0,1.0
7,2,53,10,54.51406713274846,0.0,0.0,1.0
7,2,54,10,45.344286540497905,0.0,1.0,1.0
7,2,55,11,57.50753715410791,0.0,1.0,1.0
7,2,56,11,66.93952800572887,0.0,1.0,1.0
7,1,0,0,0.0,0.0,0.0,0.0
7,1,1,0,0.11202963085353207,0.0,0.0,0.0
7,1,2,0,0.17770280857567725,0.0,0.0,0.0
7,1,3,0,0.11316505272779659,0.0,0.0,0.0
7,1,4,0,0.3143006376013,0.0,0.0,0.0
7,1,5,1,0.7745407992284543,0.0,0.0,0.0
7,1,6,1,0.4800681556559714,0.0,0.0,0.0
7,1,7,1,0.8364401708577752,0.0,0.0,0.0
7,1,8,1,3.797557602398239,0.0,0.0,0.0
7,1,9,1,11.626248558306438,0.0,0.0,0.0
7,1,10,2,15.633521169166336,1.0,0.0,0.0
7,1,11,2,14.036891718059671,1.0,0.0,0.0
7,1,12,2,17.11131504034224,1.0,0.0,0.0
7,1,13,2,20.008989724316997,1.0,0.0,0.0
7,1,14,2,16.21150531093666,1.0,0.0,0.0
7,1,15,3,12.832899179360645,0.0,0.0,0.0
7,1,16,3,10.95625507549077,0.0,0.0,0.0
7,1,17,3,8.827728105467465,0.0,0.0,0.0
7,1,18,3,10.976306342089252,0.0,0.0,0.0
7,1,19,3,19.319600232565556,0.0,0.0,0.0
7,1,20,4,30.103020077429427,1.0,0.0,0.0
7,1,21,4,29.602949864386314,1.0,0.0,0.0
7,1,22,4,22.790346351016048,0.0,0.0,0.0
7,1,23,4,16.365331876700324,0.0,0.0,0.0
7,1,24,4,14.85017730311469,0.0,0.0,0.0
7,1,25,5,32.166641238999325,1.0,0.0,0.0
7,1,26,5,65.15230601221384,1.0,0.0,0.0
7,1,27,5,76.85025578563071,1.0,0.0,0.0
7,1,28,5,72.93076555963464,1.0,0.0,0.0
7,1,29,5,59.370689318344766,1.0,0.0,0.0
7,1,30,6,37.50525352874281,0.0,0.0,0.0
7,1,31,6,22.781033670080856,0.0,0.0,0.0
7,1,32,6,17.352922282693868,0.0,0.0,0.0
7,1,33,6,13.609906859902843,0.0,0.0,0.0
7,1,34,6,25.756962672806402,0.0,0.0,0.0
7,1,35,7,37.45231691548321,0.0,0.0,0.0
7,1,36,7,26.19205940938489,0.0,0.0,0.0
7,1,37,7,17.414773997277468,0.0,0.0,0.0
7,1,38,7,16.482466634405007,0.0,0.0,0.0
7,1,39,7,25.284440009139168,0.0,0.0,0.0
7,1,40,8,48.607029938144876,0.0,0.0,0.0
7,1,41,8,54.46019468988018,0.0,0.0,0.0
7,1,42,8,55.42511818796421,0.0,0.0,1.0
7,1,43,8,59.06475558740389,0.0,0.0,1.0
7,1,44,8,54.46718200361457,0.0,1.0,1.0
7,1,45,9,57.33912538117584,0.0,1.0,1.0
7,1,46,9,68.88690117351382,0.0,1.0,1.0
7,2,0,0,0.0,0.0,0.0,0.0
7,2,1,0,0.024935279886240832,0.0,0.0,0.0
7,2,2,0,0.10769767947658236,0.0,0.0,0.0
7,2,3,0,0.11051177823277472,0.0,0.0,0.0
7,2,4,0,0.05853050263513694,0.0,0.0,0.0
7,2,5,1,0.030050562038461587,0.0,0.0,0.0
7,2,6,1,0.015428472987097147,0.0,0.0,0.0
7,2,7,1,0.007921242152107598,0.0,0.0,0.0
7,2,8,1,0.0053680790072232545,0.0,0.0,0.0
7,2,9,1,0.09482502466752618,0.0,0.0,0.0
7,2,10,2,0.5300356280112272,0.0,0.0,0.0
7,2,11,2,1.3632446461405177,0.0,0.0,0.0
7,2,12,2,2.101394309886885,0.0,0.0,0.0
7,2,13,2,4.771739522507196,0.0,0.0,0.0
7,2,14,2,14.117556213642807,0.0,0.0,0.0
7,2,15,3,20.44210524474782,1.0,0.0,0.0
7,2,16,3,20.382431308749286,1.0,0.0,0.0
7,2,17,3,20.651465200728687,1.0,0.0,0.0
7,2,18,3,17.646018967333674,0.0,0.0,0.0
7,2,19,3,17.487373496868486,0.0,0.0,0.0
7,2,20,4,17.799784010031928,0.0,0.0,0.0
7,2,21,4,23.685658453887456,1.0,0.0,0.0
7,2,22,4,32.90190389529121,1.0,0.0,0.0
7,2,23,4,23.126351421337155,0.0,0.0,0.0
7,2,24,4,12.151024452930454,0.0,0.0,0.0
7,2,25,5,6.385781401702446,0.0,0.0,0.0
7,2,26,5,3.614651920266585,0.0,0.0,0.0
7,2,27,5,4.124194638466493,0.0,0.0,0.0
7,2,28,5,6.84085428689187,0.0,0.0,0.0
7,2,29,5,17.219878624117847,0.0,0.0,0.0
7,2,30,6,35.025816990895706,0.0,0.0,0.0
7,2,31,6,35.81358043091048,0.0,0.0,0.0
7,2,32,6,34.24217406591859,0.0,0.0,0.0
7,2,33,6,49.63092106034031,1.0,0.0,0.0
7,2,34,6,53.49996274011461,1.0,0.0,1.0
7,2,35,7,43.09862097217713,0.0,0.0,1.0
7,2,36,7,26.706851686212744,0.0,1.0,1.0
7,2,37,7,16.351325519128018,0.0,1.0,1.0
7,2,38,7,16.989799564677487,0.0,1.0,1.0
7,1,0,0,0.0,0.0,0.0,0.0
7,1,1,0,0.4558970100235895,0.0,0.0,0.0
7,1,2,0,0.45121137150484114,0.0,0.0,0.0
7,1,3,0,0.32497839586944843,0.0,0.0,0.0
7,1,4,0,0.9799892641717893,0.0,0.0,0.0
7,1,5,1,1.7410757269398416,0.0,0.0,0.0
7,1,6,1,2.131508205735458,0.0,0.0,0.0
7,1,7,1,3.9444760614835226,0.0,0.0,0.0
7,1,8,1,6.376080024294925,0.0,0.0,0.0
7,1,9,1,14.265724022214055,1.0,0.0,0.0
7,1,10,2,18.376436941558453,1.0,0.0,0.0
7,1,11,2,11.349683485990209,0.0,0.0,0.0
7,1,12,2,7.125079462705935,0.0,0.0,0.0
7,1,13,2,7.969073813672133,0.0,0.0,0.0
7,1,14,2,11.710668912169055,0.0,0.0,0.0
7,1,15,3,18.194998143046277,1.0,0.0,0.0
7,1,16,3,15.458203667607584,0.0,0.0,0.0
7,1,17,3,13.047482631732073,0.0,0.0,0.0
7,1,18,3,22.7769169572417,1.0,0.0,0.0
7,1,19,3,25.67889152716764,1.0,0.0,0.0
7,1,20,4,29.86655284306248,1.0,0.0,0.0
7,1,21,4,53.39189539222359,1.0,0.0,0.0
7,1,22,4,62.572573661108535,1.0,0.0,0.0
7,1,23,4,54.39015091294375,1.0,0.0,0.0
7,1,24,4,43.68042418832631,1.0,0.0,0.0
7,1,25,5,33.46548794987047,1.0,0.0,0.0
7,1,26,5,31.933199821163733,1.0,0.0,0.0
7,1,27,5,32.3696953075602,0.0,0.0,0.0
7,1,28,5,29.311070759212203,0.0,0.0,1.0
7,1,29,5,30.546572564393564,0.0,0.0,1.0
7,1,30,6,29.474805713900473,0.0,1.0,1.0
7,1,31,6,26.079167386417218,0.0,1.0,1.0
7,1,32,6,27.59829618928626,0.0,1.0,1.0
7,3,0,0,0.0,0.0,0.0,0.0
7,3,1,0,0.0,0.0,0.0,0.0
7,3,2,0,0.0,0.0,0.0,0.0
7,3,3,0,0.0,0.0,0.0,0.0
7,3,4,0,0.0,0.0,0.0,0.0
7,3,5,1,0.0,0.0,0.0,0.0
7,3,6,1,0.0,0.0,0.0,0.0
7,3,7,1,0.002079626171653868,0.0,0.0,0.0
7,3,8,1,1.094636074586192,0.0,0.0,0.0
7,3,9,1,9.465301549284185,0.0,0.0,0.0
7,3,10,2,16.536826641211817,1.0,0.0,0.0
7,3,11,2,15.9184632461461,1.0,0.0,0.0
7,3,12,2,11.818270890547064,0.0,0.0,0.0
7,3,13,2,7.152010213742526,0.0,0.0,0.0
7,3,14,2,7.694145852937901,0.0,0.0,0.0
7,3,15,3,18.975226900117878,1.0,0.0,0.0
7,3,16,3,24.15202884857814,1.0,0.0,0.0
7,3,17,3,20.529242694513805,1.0,0.0,0.0
7,3,18,3,21.6185677913958,1.0,0.0,0.0
7,3,19,3,42.10977604886983,1.0,0.0,0.0
7,3,20,4,60.64203518529072,1.0,0.0,0.0
7,3,21,4,70.18900597779034,1.0,0.0,0.0
7,3,22,4,69.93418479286163,1.0,0.0,0.0
7,3,23,4,60.14589503903235,1.0,0.0,0.0
7,3,24,4,61.59565890126867,1.0,0.0,0.0
7,3,25,5,74.39842508964819,1.0,0.0,0.0
7,3,26,5,80.73591050575712,1.0,0.0,0.0
7,3,27,5,82.66874122780158,1.0,0.0,0.0
7,3,28,5,79.57709897203974,1.0,0.0,0.0
7,3,29,5,75.58137155089935,1.0,0.0,0.0
7,3,30,6,81.02349652570632,1.0,0.0,0.0
7,3,31,6,79.10898622893248,1.0,0.0,0.0
7,3,32,6,62.590316803375266,1.0,0.0,0.0
7,3,33,6,55.41786343366877,1.0,0.0,0.0
7,3,34,6,55.939303728578054,1.0,0.0,0.0
7,3,35,7,48.624420200019394,0.0,0.0,0.0
7,3,36,7,47.76036889847561,0.0,0.0,0.0
7,3,37,7,53.82114536269327,0.0,0.0,0.0
7,3,38,7,59.61008296512049,0.0,0.0,0.0
7,3,39,7,65.68886270169888,0.0,0.0,0.0
7,3,40,8,72.53372152268977,0.0,0.0,0.0
7,3,41,8,81.18277798888627,0.0,0.0,0.0
7,3,42,8,86.1971761940872,0.0,0.0,0.0
7,3,43,8,85.55878707723373,0.0,0.0,0.0
7,3,44,8,89.69351587927994,0.0,0.0,0.0
7,3,45,9,94.7410867672685,0.0,0.0,0.0
7,3,46,9,94.66597289597738,0.0,0.0,0.0
7,3,47,9,91.47382462783257,0.0,0.0,0.0
7,3,48,9,87.83742146359174,0.0,0.0,0.0
7,3,49,9,87.14993320234962,0.0,0.0,0.0
7,3,50,10,85.38915947904025,0.0,0.0,0.0
7,3,51,10,86.63689917498009,0.0,0.0,0.0
7,3,52,10,86.54365191652869,0.0,0.0,0.0
7,3,53,10,78.2652074716296,0.0,0.0,0.0
7,3,54,10,74.7093334654509,0.0,0.0,0.0
7,3,55,11,76.15437874236952,0.0,0.0,0.0
7,3,56,11,74.6174404836105,0.0,0.0,0.0
7,3,57,11,75.79357863333607,0.0,0.0,0.0
7,3,58,11,75.90473282961082,0.0,0.0,1.0
7,3,59,11,73.24993199132078,0.0,0.0,1.0
7,3,60,11,72.96046966707834,0.0,1.0,1.0
7,3,61,11,71.17446321696696,0.0,1.0,1.0
7,3,62,11,58.892775718092864,0.0,1.0,1.0
7,2,0,0,0.0,0.0,0.0,0.0
7,2,1,0,0.0,0.0,0.0,0.0
7,2,2,0,0.0015674596972703784,0.0,0.0,0.0
7,2,3,0,0.418942465991868,0.0,0.0,0.0
7,2,4,0,1.9369155278131645,0.0,0.0,0.0
7,2,5,1,1.3786397728613862,0.0,0.0,0.0
7,2,6,1,0.7097520441775944,0.0,0.0,0.0
7,2,7,1,0.4756379720574504,0.0,0.0,0.0
7,2,8,1,0.5101919098436878,0.0,0.0,0.0
7,2,9,1,0.5409250666329891,0.0,0.0,0.0
7,2,10,2,0.7379574512742064,0.0,0.0,0.0
7,2,11,2,2.412341819461353,0.0,0.0,0.0
7,2,12,2,3.8406941327449937,0.0,0.0,0.0
7,2,13,2,4.504992305717818,0.0,0.0,0.0
7,2,14,2,12.59833746749208,0.0,0.0,0.0
7,2,15,3,13.95962448740108,0.0,0.0,0.0
7,2,16,3,10.514849508694628,0.0,0.0,0.0
7,2,17,3,12.205276368272678,0.0,0.0,0.0
7,2,18,3,15.702067670369352,0.0,0.0,0.0
7,2,19,3,12.999678998366708,0.0,0.0,0.0
7,2,20,4,14.750599550719892,0.0,0.0,0.0
7,2,21,4,16.71380812177484,0.0,0.0,0.0
7,2,22,4,10.863779045277644,0.0,0.0,0.0
7,2,23,4,6.201342682101808,0.0,0.0,0.0
7,2,24,4,3.69822291982777,0.0,0.0,0.0
7,2,25,5,2.1367920851561055,0.0,0.0,0.0
7,2,26,5,1.2744909101294186,0.0,0.0,0.0
7,2,27,5,0.7331258228961517,0.0,0.0,0.0
7,2,28,5,0.4216684846162003,0.0,0.0,1.0
7,2,29,5,0.6232509582369441,0.0,0.0,1.0
7,2,30,6,0.5863464769125514,0.0,1.0,1.0
7,2,31,6,0.3227114632173975,0.0,1.0,1.0
7,2,32,6,0.32273347180995515,0.0,1.0,1.0
7,2,0,0,0.0,0.0,0.0,0.0
7,2,1,0,7.326315306564379,0.0,0.0,0.0
7,2,2,0,18.465903022858807,1.0,0.0,0.0
7,2,3,0,27.136099029539622,1.0,0.0,0.0
7,2,4,0,23.511302143982682,1.0,0.0,0.0
7,2,5,1,14.125835946973968,1.0,0.0,0.0
7,2,6,1,7.833918922704331,0.0,0.0,0.0
7,2,7,1,5.760717411857309,0.0,0.0,0.0
7,2,8,1,7.837410418729453,0.0,0.0,0.0
7,2,9,1,12.447902660860889,1.0,0.0,0.0
7,2,10,2,23.3131629393663,1.0,0.0,0.0
7,2,11,2,41.946051534316226,1.0,0.0,0.0
7,2,12,2,53.040915880462926,1.0,0.0,0.0
7,2,13,2,47.386085894525266,1.0,0.0,0.0
7,2,14,2,39.121235508388004,1.0,0.0,0.0
7,2,15,3,34.91476181997016,1.0,0.0,0.0
7,2,16,3,34.650986712800005,1.0,0.0,0.0
7,2,17,3,26.816704335139598,1.0,0.0,0.0
7,2,18,3,17.286378669678722,0.0,0.0,0.0
7,2,19,3,14.60083728399093,0.0,0.0,0.0
7,2,20,4,20.9894947115025,0.0,0.0,0.0
7,2,21,4,18.78724950207657,0.0,0.0,0.0
7,2,22,4,11.995261096388603,0.0,0.0,0.0
7,2,23,4,6.91984539628932,0.0,0.0,0.0
7,2,24,4,4.20403945830947,0.0,0.0,0.0
7,2,25,5,2.6906471381977473,0.0,0.0,0.0
7,2,26,5,1.8808073800715446,0.0,0.0,0.0
7,2,27,5,1.5431769538790698,0.0,0.0,0.0
7,2,28,5,2.5998615776740404,0.0,0.0,0.0
7,2,29,5,7.5491292494367865,0.0,0.0,0.0
7,2,30,6,10.279310446149207,0.0,0.0,0.0
7,2,31,6,12.391680814991048,0.0,0.0,0.0
7,2,32,6,23.822919098896765,0.0,0.0,0.0
7,2,33,6,37.691895400757645,0.0,0.0,0.0
7,2,34,6,39.26489351946044,0.0,0.0,0.0
7,2,35,7,46.87802001194064,0.0,0.0,0.0
7,2,36,7,64.3735380458853,1.0,0.0,0.0
7,2,37,7,65.38073767783696,1.0,0.0,0.0
7,2,38,7,50.02799814457249,0.0,0.0,0.0
7,2,39,7,36.956670436281144,0.0,0.0,0.0
7,2,40,8,24.26958816543528,0.0,0.0,0.0
7,2,41,8,18.094944437045235,0.0,0.0,0.0
7,2,42,8,36.31494442918793,0.0,0.0,0.0
7,2,43,8,50.286497937057476,0.0,0.0,0.0
7,2,44,8,41.56427678239731,0.0,0.0,0.0
7,2,45,9,33.991028128824084,0.0,0.0,0.0
7,2,46,9,33.784571373625596,0.0,0.0,1.0
7,2,47,9,31.68283383070731,0.0,0.0,1.0
7,2,48,9,38.411604727567266,0.0,1.0,1.0
7,2,49,9,51.011025601462094,0.0,1.0,1.0
7,2,50,10,41.17691597961553,0.0,1.0,1.0
7,3,0,0,0.0,0.0,0.0,0.0
7,3,1,0,1.1358198747522505,0.0,0.0,0.0
7,3,2,0,3.0247670324249585,0.0,0.0,0.0
7,3,3,0,3.8122394117304905,0.0,0.0,0.0
7,3,4,0,2.7755663157069748,0.0,0.0,0.0
7,3,5,1,1.588509342601359,0.0,0.0,0.0
7,3,6,1,0.8320159978049765,0.0,0.0,0.0
7,3,7,1,0.5942249724910916,0.0,0.0,0.0
7,3,8,1,3.0708124085525457,0.0,0.0,0.0
7,3,9,1,4.608105114630936,0.0,0.0,0.0
7,3,10,2,2.9413274331702315,0.0,0.0,0.0
7,3,11,2,1.6698204492573911,0.0,0.0,0.0
7,3,12,2,4.183920327805297,0.0,0.0,0.0
7,3,13,2,10.976913679470773,0.0,0.0,0.0
7,3,14,2,9.838712557282033,0.0,0.0,0.0
7,3,15,3,6.467762430615132,0.0,0.0,0.0
7,3,16,3,5.429033607860565,0.0,0.0,0.0
7,3,17,3,5.4317495589866045,0.0,0.0,0.0
7,3,18,3,4.869264293839217,0.0,0.0,0.0
7,3,19,3,3.499779669783511,0.0,0.0,0.0
7,3,20,4,2.60462160117093,0.0,0.0,0.0
7,3,21,4,2.7207196554121444,0.0,0.0,0.0
7,3,22,4,2.3808263838624946,0.0,0.0,0.0
7,3,23,4,1.6759987116376802,0.0,0.0,0.0
7,3,24,4,3.1457866306952775,0.0,0.0,0.0
7,3,25,5,6.6570169991806285,0.0,0.0,0.0
7,3,26,5,7.221661165982491,0.0,0.0,0.0
7,3,27,5,6.179935246774478,0.0,0.0,0.0
7,3,28,5,13.26885493685737,0.0,0.0,0.0
7,3,29,5,25.80050464394715,0.0,0.0,0.0
7,3,30,6,29.96761699982269,0.0,0.0,0.0
7,3,31,6,27.793615965756246,0.0,0.0,0.0
7,3,32,6,20.988685387267573,0.0,0.0,0.0
7,3,33,6,15.858871472593384,0.0,0.0,0.0
7,3,34,6,27.67171905721549,0.0,0.0,0.0
7,3,35,7,51.27511909540527,0.0,0.0,0.0
7,3,36,7,58.99103976071476,0.0,0.0,0.0
7,3,37,7,62.19718463118976,0.0,0.0,0.0
7,3,38,7,61.295910301437054,0.0,0.0,0.0
7,3,39,7,43.439092642891154,0.0,0.0,0.0
7,3,40,8,25.29011549526992,0.0,0.0,0.0
7,3,41,8,14.217822548234514,0.0,0.0,0.0
7,3,42,8,8.898457860839882,0.0,0.0,0.0
7,3,43,8,14.152923710785291,0.0,0.0,0.0
7,3,44,8,23.352433664384552,0.0,0.0,0.0
7,3,45,9,21.58387597080897,0.0,0.0,0.0
7,3,46,9,17.501766202714972,0.0,0.0,1.0
7,3,47,9,20.308893004925867,0.0,0.0,1.0
7,3,48,9,26.78989096633932,0.0,1.0,1.0
7,3,49,9,25.378056125105054,0.0,1.0,1.0
7,3,50,10,22.100439420274938,0.0,1.0,1.0
7,2,0,0,0.0,0.0,0.0,0.0
7,2,1,0,0.34963311164776145,0.0,0.0,0.0
7,2,2,0,0.2804929916948214,0.0,0.0,0.0
7,2,3,0,0.14532744044493595,0.0,0.0,0.0
7,2,4,0,0.5441072743717912,0.0,0.0,0.0
7,2,5,1,9.787795815633915,0.0,0.0,0.0
7,2,6,1,16.649004765681582,1.0,0.0,0.0
7,2,7,1,13.77420604798105,1.0,0.0,0.0
7,2,8,1,10.683853281331867,0.0,0.0,0.0
7,2,9,1,7.17936201911868,0.0,0.0,0.0
7,2,10,2,3.9444911169702994,0.0,0.0,0.0
7,2,11,2,2.048450633606522,0.0,0.0,0.0
7,2,12,2,1.1425874575033603,0.0,0.0,0.0
7,2,13,2,0.765867422401781,0.0,0.0,0.0
7,2,14,2,0.8398776842176066,0.0,0.0,0.0
7,2,15,3,1.6372288816449179,0.0,0.0,0.0
7,2,16,3,1.7995667103552513,0.0,0.0,0.0
7,2,17,3,2.4046474547490946,0.0,0.0,0.0
7,2,18,3,2.9936732441073755,0.0,0.0,0.0
7,2,19,3,3.9195712750569,0.0,0.0,0.0
7,2,20,4,7.313579763720334,0.0,0.0,0.0
7,2,21,4,11.466058348944445,0.0,0.0,0.0
7,2,22,4,17.42517132761882,0.0,0.0,0.0
7,2,23,4,20.02833867279871,0.0,0.0,0.0
7,2,24,4,19.56713409873573,0.0,0.0,0.0
7,2,25,5,14.835884248859795,0.0,0.0,0.0
7,2,26,5,12.269393951069967,0.0,0.0,0.0
7,2,27,5,15.082945357717193,0.0,0.0,0.0
7,2,28,5,13.601419801999059,0.0,0.0,0.0
7,2,29,5,9.408444616115965,0.0,0.0,0.0
7,2,30,6,6.603064878312889,0.0,0.0,0.0
7,2,31,6,4.1785234606972885,0.0,0.0,0.0
7,2,32,6,2.496030142449641,0.0,0.0,1.0
7,2,33,6,1.3010258278389728,0.0,0.0,1.0
7,2,34,6,0.6944774217251874,0.0,1.0,1.0
7,2,35,7,2.2842693049608878,0.0,1.0,1.0
7,2,36,7,6.648923944861349,0.0,1.0,1.0
7,1,0,0,0.0,0.0,0.0,0.0
7,1,1,0,0.0,0.0,0.0,0.0
7,1,2,0,0.0,0.0,0.0,0.0
7,1,3,0,0.054159128594781766,0.0,0.0,0.0
7,1,4,0,0.41889400951157296,0.0,0.0,0.0
7,1,5,1,0.4104890962496627,0.0,0.0,0.0
7,1,6,1,1.5974495065575436,0.0,0.0,0.0
7,1,7,1,5.094520318590626,0.0,0.0,0.0
7,1,8,1,13.076060917760406,1.0,0.0,0.0
7,1,9,1,16.738537734777044,1.0,0.0,0.0
7,1,10,2,12.08953201559752,0.0,0.0,0.0
7,1,11,2,8.146220378710902,0.0,0.0,0.0
7,1,12,2,12.199698000415474,0.0,0.0,0.0
7,1,13,2,18.734627662477074,1.0,0.0,0.0
7,1,14,2,28.483614866479336,1.0,0.0,0.0
7,1,15,3,41.991641385117624,1.0,0.0,0.0
7,1,16,3,48.25310480243009,1.0,0.0,0.0
7,1,17,3,45.626398138788694,1.0,0.0,0.0
7,1,18,3,36.35280710171981,1.0,0.0,0.0
7,1,19,3,29.019440100725696,1.0,0.0,0.0
7,1,20,4,26.207704977004,1.0,0.0,0.0
7,1,21,4,18.626791942070092,0.0,0.0,0.0
7,1,22,4,17.949122084063706,0.0,0.0,0.0
7,1,23,4,25.610236643149804,1.0,0.0,0.0
7,1,24,4,24.588011208275983,0.0,0.0,0.0
7,1,25,5,19.79534536753846,0.0,0.0,0.0
7,1,26,5,22.133155288297605,0.0,0.0,0.0
7,1,27,5,23.41285015362933,0.0,0.0,0.0
7,1,28,5,25.161142324689944,0.0,0.0,0.0
7,1,29,5,31.828558733172322,0.0,0.0,0.0
7,1,30,6,30.26570488438867,0.0,0.0,0.0
7,1,31,6,28.492738214898974,0.0,0.0,0.0
7,1,32,6,31.80588040265908,0.0,0.0,1.0
7,1,33,6,41.4672282167834,0.0,0.0,1.0
7,1,34,6,41.87483162615632,0.0,1.0,1.0
7,1,35,7,26.944501816436407,0.0,1.0,1.0
7,1,36,7,18.856849375432084,0.0,1.0,1.0
8,2,0,0,0.0,0.0,0.0,0.0
8,2,1,0,14.44736047773537,1.0,0.0,0.0
8,2,2,0,29.690042118461445,1.0,0.0,0.0
8,2,3,0,57.15784079432919,1.0,0.0,0.0
8,2,4,0,80.80771931071192,1.0,0.0,0.0
8,2,5,1,90.49619784785422,1.0,0.0,0.0
8,2,6,1,92.23056613483581,1.0,0.0,0.0
8,2,7,1,92.52227769044293,1.0,0.0,0.0
8,2,8,1,92.17291921275479,1.0,0.0,0.0
8,2,9,1,83.10545145700488,1.0,0.0,0.0
8,2,10,2,72.79751493510713,1.0,0.0,0.0
8,2,11,2,72.10171411803594,1.0,0.0,0.0
8,2,12,2,75.60487307981529,1.0,0.0,0.0
8,2,13,2,79.45067430256408,1.0,0.0,0.0
8,2,14,2,72.45444933073716,1.0,0.0,0.0
8,2,15,3,55.879712726588465,1.0,0.0,0.0
8,2,16,3,44.78582079980993,1.0,0.0,0.0
8,2,17,3,35.694975388928825,1.0,0.0,0.0
8,2,18,3,23.184617814588034,1.0,0.0,0.0
8,2,19,3,17.916757330381465,0.0,0.0,0.0
8,2,20,4,36.18772459205049,1.0,0.0,0.0
8,2,21,4,49.13784718780826,1.0,0.0,0.0
8,2,22,4,41.67662102022376,1.0,0.0,0.0
8,2,23,4,33.94190855690571,1.0,0.0,0.0
8,2,24,4,29.9242993569528,1.0,0.0,0.0
8,2,25,5,35.446413516650296,1.0,0.0,0.0
8,2,26,5,38.09380269590354,1.0,0.0,0.0
8,2,27,5,34.6951913167763,1.0,0.0,0.0
8,2,28,5,47.48254399326733,1.0,0.0,1.0
8,2,29,5,74.15477341674409,1.0,0.0,1.0
8,2,30,6,88.94409927137485,1.0,1.0,1.0
8,2,31,6,94.64477316552305,1.0,1.0,1.0
8,2,32,6,96.07677031598968,1.0,1.0,1.0
8,1,0,0,0.0,0.0,0.0,0.0
8,1,1,0,0.0,0.0,0.0,0.0
8,1,2,0,0.0,0.0,0.0,0.0
8,1,3,0,0.0,0.0,0.0,0.0
8,1,4,0,0.0,0.0,0.0,0.0
8,1,5,1,0.0,0.0,0.0,0.0
8,1,6,1,0.0,0.0,0.0,0.0
8,1,7,1,0.0,0.0,0.0,0.0
8,1,8,1,0.0,0.0,0.0,0.0
8,1,9,1,0.0,0.0,0.0,0.0
8,1,10,2,0.0,0.0,0.0,0.0
8,1,11,2,0.0,0.0,0.0,0.0
8,1,12,2,0.00019932493786045276,0.0,0.0,0.0
8,1,13,2,0.002588580100268836,0.0,0.0,0.0
8,1,14,2,0.03273242704617943,0.0,0.0,0.0
8,1,15,3,0.26510658626083805,0.0,0.0,0.0
8,1,16,3,0.7609378183529593,0.0,0.0,0.0
8,1,17,3,3.3320892891047844,0.0,0.0,0.0
8,1,18,3,8.559683431650221,0.0,0.0,0.0
8,1,19,3,12.28270276462926,0.0,0.0,0.0
8,1,20,4,20.69203649781062,0.0,0.0,0.0
8,1,21,4,34.064771614091555,1.0,0.0,0.0
8,1,22,4,37.0271557375229,1.0,0.0,0.0
8,1,23,4,36.71054905839266,1.0,0.0,0.0
8,1,24,4,38.59989598104016,1.0,0.0,0.0
8,1,25,5,43.07785984720812,1.0,0.0,0.0
8,1,26,5,53.699225724546125,1.0,0.0,1.0
8,1,27,5,65.21099082990355,1.0,0.0,1.0
8,1,28,5,63.77246683597356,1.0,1.0,1.0
8,1,29,5,63.45081090038514,1.0,1.0,1.0
8,1,30,6,69.08590563093007,1.0,1.0,1.0
8,3,0,0,0.0,0.0,0.0,0.0
8,3,1,0,20.47167450692147,1.0,0.0,0.0
8,3,2,0,38.889698894456224,1.0,0.0,0.0
8,3,3,0,54.51885906579494,1.0,0.0,0.0
8,3,4,0,55.48117683294065,1.0,0.0,0.0
8,3,5,1,51.4661853827414,1.0,0.0,0.0
8,3,6,1,54.62236806234754,1.0,0.0,0.0
8,3,7,1,65.62594927369733,1.0,0.0,0.0
8,3,8,1,75.70976725987427,1.0,0.0,0.0
8,3,9,1,81.70245707344353,1.0,0.0,0.0
8,3,10,2,76.44313130352523,1.0,0.0,0.0
8,3,11,2,67.43028361159693,1.0,0.0,0.0
8,3,12,2,68.5564082160355,1.0,0.0,0.0
8,3,13,2,68.48304338896077,1.0,0.0,0.0
8,3,14,2,63.02736953818127,1.0,0.0,0.0
8,3,15,3,44.43408332758056,1.0,0.0,0.0
8,3,16,3,24.120467061066655,1.0,0.0,0.0
8,3,17,3,13.18872211767335,0.0,0.0,0.0
8,3,18,3,7.4265643681183,0.0,0.0,0.0
8,3,19,3,4.021926900551949,0.0,0.0,0.0
8,3,20,4,2.1222410067708997,0.0,0.0,0.0
8,3,21,4,1.0897264419848252,0.0,0.0,0.0
8,3,22,4,0.5766888203010385,0.0,0.0,0.0
8,3,23,4,0.600422674491299,0.0,0.0,0.0
8,3,24,4,0.9870958152357112,0.0,0.0,0.0
8,3,25,5,1.894279848719057,0.0,0.0,0.0
8,3,26,5,1.763828430506281,0.0,0.0,0.0
8,3,27,5,1.4845070382261043,0.0,0.0,0.0
8,3,28,5,4.163830370948832,0.0,0.0,0.0
8,3,29,5,13.014055324851267,0.0,0.0,0.0
8,3,30,6,19.013615744646646,0.0,0.0,1.0
8,3,31,6,31.66679606500559,0.0,0.0,1.0
8,3,32,6,60.16075108484985,1.0,1.0,1.0
8,3,33,6,79.4728730884656,1.0,1.0,1.0
8,3,34,6,92.1105144512663,1.0,1.0,1.0
8,3,0,0,0.0,0.0,0.0,0.0
8,3,1,0,18.58916460538711,1.0,0.0,0.0
8,3,2,0,33.049289473621826,1.0,0.0,0.0
8,3,3,0,37.4821041244689,1.0,0.0,0.0
8,3,4,0,50.89816985810583,1.0,0.0,0.0
8,3,5,1,64.53176201441707,1.0,0.0,0.0
8,3,6,1,59.33414624003085,1.0,0.0,0.0
8,3,7,1,45.11489754598992,1.0,0.0,0.0
8,3,8,1,35.3286047269344,1.0,0.0,0.0
8,3,9,1,28.84640429246963,1.0,0.0,0.0
8,3,10,2,29.773085602264082,1.0,0.0,0.0
8,3,11,2,39.44821034906877,1.0,0.0,0.0
8,3,12,2,36.8445970083973,1.0,0.0,0.0
8,3,13,2,29.189285070053877,1.0,0.0,0.0
8,3,14,2,24.888541761067657,1.0,0.0,0.0
8,3,15,3,23.23926291516731,1.0,0.0,0.0
8,3,16,3,29.49687128069,1.0,0.0,0.0
8,3,17,3,29.8332748290324,1.0,0.0,0.0
8,3,18,3,22.785032183540036,1.0,0.0,0.0
8,3,19,3,20.630814892999545,1.0,0.0,0.0
8,3,20,4,29.342194081438574,1.0,0.0,0.0
8,3,21,4,43.505049496444585,1.0,0.0,0.0
8,3,22,4,53.814977459016546,1.0,0.0,0.0
8,3,23,4,58.026816690107246,1.0,0.0,0.0
8,3,24,4,51.971178027386486,1.0,0.0,0.0
8,3,25,5,41.78936352413328,1.0,0.0,0.0
8,3,26,5,37.69332225612608,1.0,0.0,0.0
8,3,27,5,55.21903155816234,1.0,0.0,0.0
8,3,28,5,74.82616034765992,1.0,0.0,0.0
8,3,29,5,87.6716499878919,1.0,0.0,0.0
8,3,30,6,92.30533671123848,1.0,0.0,0.0
8,3,31,6,94.16418561937778,1.0,0.0,0.0
8,3,32,6,96.89701408301795,1.0,0.0,0.0
8,3,33,6,98.51374099711596,1.0,0.0,0.0
8,3,34,6,98.97040447207146,1.0,0.0,0.0
8,3,35,7,98.22989729935371,1.0,0.0,0.0
8,3,36,7,96.79897659178741,1.0,0.0,0.0
8,3,37,7,92.43477133810427,1.0,0.0,0.0
8,3,38,7,86.40392132300913,1.0,0.0,0.0
8,3,39,7,88.82493109333979,1.0,0.0,0.0
8,3,40,8,94.22521021566524,1.0,0.0,0.0
8,3,41,8,95.80762441296122,1.0,0.0,0.0
8,3,42,8,95.35159043782437,1.0,0.0,0.0
8,3,43,8,90.8799349454978,0.0,0.0,0.0
8,3,44,8,82.9205786022747,0.0,0.0,0.0
8,3,45,9,84.98397305976597,0.0,0.0,0.0
8,3,46,9,89.92316114903254,0.0,0.0,0.0
8,3,47,9,90.1572647663364,0.0,0.0,0.0
8,3,48,9,90.68747185753193,0.0,0.0,1.0
8,3,49,9,89.46711950746746,0.0,0.0,1.0
8,3,50,10,85.63963959783675,0.0,1.0,1.0
8,3,51,10,84.01655340302678,0.0,1.0,1.0
8,3,52,10,79.66233814662715,0.0,1.0,1.0
8,1,0,0,0.0,0.0,0.0,0.0
8,1,1,0,13.73945267769313,1.0,0.0,0.0
8,1,2,0,26.851994741818512,1.0,0.0,0.0
8,1,3,0,39.79011675934205,1.0,0.0,0.0
8,1,4,0,57.24141575447574,1.0,0.0,0.0
8,1,5,1,62.621709843012276,1.0,0.0,0.0
8,1,6,1,61.50430577646873,1.0,0.0,0.0
8,1,7,1,66.07839591767979,1.0,0.0,0.0
8,1,8,1,72.46507056614729,1.0,0.0,0.0
8,1,9,1,65.69336841110137,1.0,0.0,0.0
8,1,10,2,45.765081067503345,1.0,0.0,0.0
8,1,11,2,27.9165216460786,1.0,0.0,0.0
8,1,12,2,16.105296976495296,1.0,0.0,0.0
8,1,13,2,8.69220402551658,0.0,0.0,0.0
8,1,14,2,4.5377520174435055,0.0,0.0,0.0
8,1,15,3,2.444283513041193,0.0,0.0,0.0
8,1,16,3,1.8762953155162965,0.0,0.0,0.0
8,1,17,3,2.0517601895875863,0.0,0.0,0.0
8,1,18,3,2.0228043676414535,0.0,0.0,0.0
8,1,19,3,2.315374675062562,0.0,0.0,0.0
8,1,20,4,2.4995081682911637,0.0,0.0,0.0
8,1,21,4,4.420192991288759,0.0,0.0,0.0
8,1,22,4,12.339101026499593,0.0,0.0,0.0
8,1,23,4,18.041771351340252,0.0,0.0,0.0
8,1,24,4,32.44392004679305,1.0,0.0,0.0
8,1,25,5,53.47684841563252,1.0,0.0,0.0
8,1,26,5,55.58529914196207,1.0,0.0,1.0
8,1,27,5,61.15754852683489,1.0,0.0,1.0
8,1,28,5,78.2800944123299,1.0,1.0,1.0
8,1,29,5,83.34714223582742,1.0,1.0,1.0
8,1,30,6,66.50222999722958,1.0,1.0,1.0
8,2,0,0,0.0,0.0,0.0,0.0
8,2,1,0,7.739711950597279,0.0,0.0,0.0
8,2,2,0,12.660256649876725,1.0,0.0,0.0
8,2,3,0,10.613663143928022,1.0,0.0,0.0
8,2,4,0,11.117557691686972,1.0,0.0,0.0
8,2,5,1,31.62297511960962,1.0,0.0,0.0
8,2,6,1,52.217109696958964,1.0,0.0,0.0
8,2,7,1,44.50815550554553,1.0,0.0,0.0
8,2,8,1,30.237014307964223,1.0,0.0,0.0
8,2,9,1,21.745104593688566,1.0,0.0,0.0
8,2,10,2,14.763856759507954,1.0,0.0,0.0
8,2,11,2,8.803723419866099,0.0,0.0,0.0
8,2,12,2,5.312976014888726,0.0,0.0,0.0
8,2,13,2,3.1162638636607047,0.0,0.0,0.0
8,2,14,2,1.757047826320076,0.0,0.0,0.0
8,2,15,3,1.0101811091324953,0.0,0.0,0.0
8,2,16,3,0.5735287155521964,0.0,0.0,0.0
8,2,17,3,0.5587383385736726,0.0,0.0,0.0
8,2,18,3,1.1185012254119155,0.0,0.0,0.0
8,2,19,3,1.2129445561400982,0.0,0.0,0.0
8,2,20,4,2.215349261250547,0.0,0.0,0.0
8,2,21,4,4.336489929608918,0.0,0.0,0.0
8,2,22,4,5.813729762765509,0.0,0.0,0.0
8,2,23,4,8.862014040365885,0.0,0.0,0.0
8,2,24,4,8.969968936280285,0.0,0.0,0.0
8,2,25,5,8.664950761423173,0.0,0.0,0.0
8,2,26,5,17.781206903866916,0.0,0.0,0.0
8,2,27,5,37.21243588711234,1.0,0.0,0.0
8,2,28,5,55.831492035397176,1.0,0.0,0.0
8,2,29,5,62.39984904154427,1.0,0.0,0.0
8,2,30,6,58.12698460117222,1.0,0.0,0.0
8,2,31,6,61.936873468316136,1.0,0.0,0.0
8,2,32,6,69.89995574331695,1.0,0.0,0.0
8,2,33,6,77.18576611543965,1.0,0.0,0.0
8,2,34,6,81.99988597499716,1.0,0.0,0.0
8,2,35,7,83.59125416311664,1.0,0.0,0.0
8,2,36,7,90.31384639054099,1.0,0.0,0.0
8,2,37,7,96.09737683428942,1.0,0.0,0.0
8,2,38,7,98.72304998439702,1.0,0.0,1.0
8,2,39,7,99.55880200072733,1.0,0.0,1.0
8,2,40,8,99.62578216728086,1.0,1.0,1.0
8,2,41,8,98.65611294894656,1.0,1.0,1.0
8,2,42,8,95.07031062909071,1.0,1.0,1.0
8,3,0,0,0.0,0.0,0.0,0.0
8,3,1,0,6.139336164780035,0.0,0.0,0.0
8,3,2,0,7.680407457395591,0.0,0.0,0.0
8,3,3,0,4.807572805643502,0.0,0.0,0.0
8,3,4,0,2.864551154993231,0.0,0.0,0.0
8,3,5,1,2.3399039107836552,0.0,0.0,0.0
8,3,6,1,1.8045717931179655,0.0,0.0,0.0
8,3,7,1,1.0923283883126407,0.0,0.0,0.0
8,3,8,1,2.7350195217734448,0.0,0.0,0.0
8,3,9,1,28.457696952850732,1.0,0.0,0.0
8,3,10,2,63.512661868806134,1.0,0.0,0.0
8,3,11,2,68.9812054365317,1.0,0.0,0.0
8,3,12,2,65.76880292572159,1.0,0.0,0.0
8,3,13,2,47.74702522309907,1.0,0.0,0.0
8,3,14,2,28.947950502634505,1.0,0.0,0.0
8,3,15,3,23.850908250357104,1.0,0.0,0.0
8,3,16,3,24.7133038297246,1.0,0.0,0.0
8,3,17,3,20.28019628605469,1.0,0.0,0.0
8,3,18,3,26.440263565720407,1.0,0.0,0.0
8,3,19,3,48.429341180904714,1.0,0.0,0.0
8,3,20,4,52.704098636768435,1.0,0.0,0.0
8,3,21,4,47.48569144003012,1.0,0.0,0.0
8,3,22,4,53.1874047586459,1.0,0.0,0.0
8,3,23,4,64.0128165974089,1.0,0.0,0.0
8,3,24,4,61.414944301847825,1.0,0.0,0.0
8,3,25,5,40.83006341251098,1.0,0.0,0.0
8,3,26,5,26.187068296930875,0.0,0.0,0.0
8,3,27,5,18.401116500452208,0.0,0.0,0.0
8,3,28,5,11.71474200053215,0.0,0.0,0.0
8,3,29,5,11.476412575096077,0.0,0.0,0.0
8,3,30,6,22.365193152120824,0.0,0.0,0.0
8,3,31,6,21.59629021014758,0.0,0.0,0.0
8,3,32,6,13.75568765198291,0.0,0.0,0.0
8,3,33,6,8.952041854021873,0.0,0.0,0.0
8,3,34,6,6.053436446877685,0.0,0.0,1.0
8,3,35,7,3.9422070096862303,0.0,0.0,1.0
8,3,36,7,4.5592261238920315,0.0,1.0,1.0
8,3,37,7,8.604354691269037,0.0,1.0,1.0
8,3,38,7,7.408820916214642,0.0,1.0,1.0
8,3,0,0,0.0,0.0,0.0,0.0
8,3,1,0,43.133293814130475,1.0,0.0,0.0
8,3,2,0,79.46675622525507,1.0,0.0,0.0
8,3,3,0,87.26310386230482,1.0,0.0,0.0
8,3,4,0,85.83095283513106,1.0,0.0,0.0
8,3,5,1,81.20024152073725,1.0,0.0,0.0
8,3,6,1,76.40673792011333,1.0,0.0,0.0
8,3,7,1,83.39480894490771,1.0,0.0,0.0
8,3,8,1,89.51740256171391,1.0,0.0,0.0
8,3,9,1,81.65744690547683,1.0,0.0,0.0
8,3,10,2,55.99696451214449,1.0,0.0,0.0
8,3,11,2,30.754452161617156,1.0,0.0,0.0
8,3,12,2,16.68342367113229,1.0,0.0,0.0
8,3,13,2,10.687035070104443,0.0,0.0,0.0
8,3,14,2,8.38441172855417,0.0,0.0,0.0
8,3,15,3,21.089928838540402,1.0,0.0,0.0
8,3,16,3,57.175821705710646,1.0,0.0,0.0
8,3,17,3,62.363359233999816,1.0,0.0,0.0
8,3,18,3,45.91642586102681,1.0,0.0,0.0
8,3,19,3,31.50826153956389,1.0,0.0,0.0
8,3,20,4,29.599346879391078,1.0,0.0,0.0
8,3,21,4,52.259599099971396,1.0,0.0,0.0
8,3,22,4,71.46231037659882,1.0,0.0,0.0
8,3,23,4,70.86129799698415,1.0,0.0,0.0
8,3,24,4,54.28344598199166,1.0,0.0,0.0
8,3,25,5,35.26285515201662,1.0,0.0,0.0
8,3,26,5,20.765170030214243,0.0,0.0,1.0
8,3,27,5,11.904240439198587,0.0,0.0,1.0
8,3,28,5,6.954799331407081,0.0,1.0,1.0
8,3,29,5,4.240554532564386,0.0,1.0,1.0
8,3,30,6,3.0921934670630002,0.0,1.0,1.0
8,3,0,0,0.0,0.0,0.0,0.0
8,3,1,0,1.2275663399453483,0.0,0.0,0.0
8,3,2,0,1.725827073847593,0.0,0.0,0.0
8,3,3,0,1.6733339501966975,0.0,0.0,0.0
8,3,4,0,2.0416355461121656,0.0,0.0,0.0
8,3,5,1,2.1408500771832597,0.0,0.0,0.0
8,3,6,1,1.4777365375027163,0.0,0.0,0.0
8,3,7,1,1.2388870449393223,0.0,0.0,0.0
8,3,8,1,1.7120442181530806,0.0,0.0,0.0
8,3,9,1,1.8471622077382344,0.0,0.0,0.0
8,3,10,2,2.476490331017553,0.0,0.0,0.0
8,3,11,2,3.348044447198908,0.0,0.0,0.0
8,3,12,2,2.7227526117458334,0.0,0.0,0.0
8,3,13,2,2.1131127958404425,0.0,0.0,0.0
8,3,14,2,1.7058849999057641,0.0,0.0,0.0
8,3,15,3,1.4804202618652074,0.0,0.0,0.0
8,3,16,3,3.0434277938104657,0.0,0.0,0.0
8,3,17,3,7.815439163721308,0.0,0.0,0.0
8,3,18,3,22.926752588588087,1.0,0.0,0.0
8,3,19,3,31.64254916469423,1.0,0.0,0.0
8,3,20,4,21.157849410021228,0.0,0.0,0.0
8,3,21,4,15.059470969842215,0.0,0.0,0.0
8,3,22,4,23.76792147233155,0.0,0.0,0.0
8,3,23,4,37.25347943167216,1.0,0.0,0.0
8,3,24,4,38.242757716446484,1.0,0.0,0.0
8,3,25,5,27.759588473507787,0.0,0.0,0.0
8,3,26,5,18.81259942741741,0.0,0.0,0.0
8,3,27,5,14.475933036425161,0.0,0.0,0.0
8,3,28,5,13.189825532553655,0.0,0.0,0.0
8,3,29,5,13.471282011222776,0.0,0.0,0.0
8,3,30,6,16.442234088942563,0.0,0.0,0.0
8,3,31,6,18.168630683356803,0.0,0.0,0.0
8,3,32,6,15.629614797040901,0.0,0.0,0.0
8,3,33,6,15.413550179185838,0.0,0.0,0.0
8,3,34,6,32.95769852064001,0.0,0.0,0.0
8,3,35,7,63.51441054565895,1.0,0.0,0.0
8,3,36,7,85.95363613404801,1.0,0.0,0.0
8,3,37,7,94.85091228781351,1.0,0.0,0.0
8,3,38,7,95.82746597397728,1.0,0.0,1.0
8,3,39,7,94.39261721300645,1.0,0.0,1.0
8,3,40,8,91.76861911845188,1.0,1.0,1.0
8,3,41,8,88.33239616952588,1.0,1.0,1.0
8,3,42,8,80.57925026346379,0.0,1.0,1.0
8,1,0,0,0.0,0.0,0.0,0.0
8,1,1,0,0.0,0.0,0.0,0.0
8,1,2,0,0.0,0.0,0.0,0.0
8,1,3,0,0.0,0.0,0.0,0.0
8,1,4,0,0.0,0.0,0.0,0.0
8,1,5,1,0.0,0.0,0.0,0.0
8,1,6,1,0.02368092417357804,0.0,0.0,0.0
8,1,7,1,0.09467426867355225,0.0,0.0,0.0
8,1,8,1,0.5182324309568664,0.0,0.0,0.0
8,1,9,1,1.870523471662786,0.0,0.0,0.0
8,1,10,2,3.3519704925003424,0.0,0.0,0.0
8,1,11,2,5.559673086524036,0.0,0.0,0.0
8,1,12,2,4.762282608617635,0.0,0.0,0.0
8,1,13,2,2.670724903608364,0.0,0.0,0.0
8,1,14,2,1.4034449656149852,0.0,0.0,0.0
8,1,15,3,0.7209840293048794,0.0,0.0,0.0
8,1,16,3,0.38161686507932313,0.0,0.0,0.0
8,1,17,3,0.3741515422221787,0.0,0.0,0.0
8,1,18,3,0.5703925934906396,0.0,0.0,0.0
8,1,19,3,1.8020481605440617,0.0,0.0,0.0
8,1,20,4,8.032613701936635,0.0,0.0,0.0
8,1,21,4,16.318565211569105,0.0,0.0,0.0
8,1,22,4,16.847870824168986,0.0,0.0,0.0
8,1,23,4,13.936094133728258,0.0,0.0,0.0
8,1,24,4,10.177387109126837,0.0,0.0,0.0
8,1,25,5,8.975223796298167,0.0,0.0,0.0
8,1,26,5,13.74144734809254,0.0,0.0,0.0
8,1,27,5,21.43290248956924,0.0,0.0,0.0
8,1,28,5,25.90450173111643,0.0,0.0,0.0
8,1,29,5,27.84450649434315,0.0,0.0,0.0
8,1,30,6,50.28672569469039,1.0,0.0,1.0
8,1,31,6,78.63693630604328,1.0,0.0,1.0
8,1,32,6,83.75252738232174,1.0,1.0,1.0
8,1,33,6,74.3702901032246,1.0,1.0,1.0
8,1,34,6,66.56451628848234,1.0,1.0,1.0
8,3,0,0,0.0,0.0,0.0,0.0
8,3,1,0,0.0,0.0,0.0,0.0
8,3,2,0,0.0,0.0,0.0,0.0
8,3,3,0,0.0,0.0,0.0,0.0
8,3,4,0,0.0,0.0,0.0,0.0
8,3,5,1,0.0,0.0,0.0,0.0
8,3,6,1,0.0,0.0,0.0,0.0
8,3,7,1,0.0,0.0,0.0,0.0
8,3,8,1,0.0,0.0,0.0,0.0
8,3,9,1,0.0,0.0,0.0,0.0
8,3,10,2,0.0,0.0,0.0,0.0
8,3,11,2,0.0,0.0,0.0,0.0
8,3,12,2,0.0,0.0,0.0,0.0
8,3,13,2,0.0,0.0,0.0,0.0
8,3,14,2,0.0,0.0,0.0,0.0
8,3,15,3,0.0,0.0,0.0,0.0
8,3,16,3,0.003339878600717847,0.0,0.0,0.0
8,3,17,3,0.12806923778426615,0.0,0.0,0.0
8,3,18,3,0.5516539260951321,0.0,0.0,0.0
8,3,19,3,0.9128160419661238,0.0,0.0,0.0
8,3,20,4,2.151811665995463,0.0,0.0,0.0
8,3,21,4,4.628236347143207,0.0,0.0,0.0
8,3,22,4,9.104912075626956,0.0,0.0,0.0
8,3,23,4,12.494963114735917,0.0,0.0,0.0
8,3,24,4,12.03932139598002,0.0,0.0,0.0
8,3,25,5,10.522183649412614,0.0,0.0,0.0
8,3,26,5,10.44969793040309,0.0,0.0,0.0
8,3,27,5,10.810509442314473,0.0,0.0,0.0
8,3,28,5,10.142330078849497,0.0,0.0,0.0
8,3,29,5,12.023322129027761,0.0,0.0,0.0
8,3,30,6,15.116002153818663,0.0,0.0,0.0
8,3,31,6,12.407309440111632,0.0,0.0,0.0
8,3,32,6,9.496882091060257,0.0,0.0,0.0
8,3,33,6,6.308115946496695,0.0,0.0,0.0
8,3,34,6,4.029470341725246,0.0,0.0,0.0
8,3,35,7,4.991946562699825,0.0,0.0,0.0
8,3,36,7,5.4239603422736264,0.0,0.0,0.0
8,3,37,7,3.8865542466416114,0.0,0.0,0.0
8,3,38,7,2.6575052786576543,0.0,0.0,0.0
8,3,39,7,2.2683458465419712,0.0,0.0,0.0
8,3,40,8,2.590474679331687,0.0,0.0,0.0
8,3,41,8,4.119111025382178,0.0,0.0,0.0
8,3,42,8,9.816600712416164,0.0,0.0,0.0
8,3,43,8,25.10526661073008,0.0,0.0,0.0
8,3,44,8,50.572618783421504,0.0,0.0,0.0
8,3,45,9,63.47211922900885,0.0,0.0,0.0
8,3,46,9,58.88475045829803,0.0,0.0,0.0
8,3,47,9,61.65594263531726,0.0,0.0,0.0
8,3,48,9,68.82144294386234,0.0,0.0,0.0
8,3,49,9,71.66136025796644,0.0,0.0,0.0
8,3,50,10,76.98806173815265,0.0,0.0,0.0
8,3,51,10,79.96982343458603,0.0,0.0,0.0
8,3,52,10,77.13100526958134,0.0,0.0,0.0
8,3,53,10,73.82038356188293,0.0,0.0,0.0
8,3,54,10,67.24080524359132,0.0,0.0,0.0
8,3,55,11,58.99932252242773,0.0,0.0,0.0
8,3,56,11,55.57585629239931,0.0,0.0,1.0
8,3,57,11,54.556738943774675,0.0,0.0,1.0
8,3,58,11,51.908578185813816,0.0,1.0,1.0
8,3,59,11,47.60285269196085,0.0,1.0,1.0
8,3,60,11,42.711847615250676,0.0,1.0,1.0
9,1,0,0,0.0,0.0,0.0,0.0
9,1,1,0,32.20855862835964,1.0,0.0,0.0
9,1,2,0,54.544602301437685,1.0,0.0,0.0
9,1,3,0,75.75613138785005,1.0,0.0,0.0
9,1,4,0,80.9453136707813,1.0,0.0,0.0
9,1,5,1,65.5073104072889,1.0,0.0,0.0
9,1,6,1,49.08130481120317,1.0,0.0,0.0
9,1,7,1,29.003877109988718,1.0,0.0,0.0
9,1,8,1,15.487459364108492,1.0,0.0,0.0
9,1,9,1,9.8344069628104,0.0,0.0,0.0
9,1,10,2,6.277537674784326,0.0,0.0,0.0
9,1,11,2,6.687935189711551,0.0,0.0,0.0
9,1,12,2,17.36899369934337,1.0,0.0,0.0
9,1,13,2,22.233322333933707,1.0,0.0,0.0
9,1,14,2,18.368331449666023,1.0,0.0,0.0
9,1,15,3,14.002858240777217,0.0,0.0,0.0
9,1,16,3,22.299544863281266,1.0,0.0,0.0
9,1,17,3,38.03497793342921,1.0,0.0,0.0
9,1,18,3,42.88141615424752,1.0,0.0,0.0
9,1,19,3,41.96012224629834,1.0,0.0,0.0
9,1,20,4,34.345726124548726,1.0,0.0,0.0
9,1,21,4,25.32765578788461,1.0,0.0,0.0
9,1,22,4,19.772801607460792,0.0,0.0,0.0
9,1,23,4,15.315925123344542,0.0,0.0,0.0
9,1,24,4,11.591519744143927,0.0,0.0,0.0
9,1,25,5,10.753232341635101,0.0,0.0,0.0
9,1,26,5,9.187964131686321,0.0,0.0,0.0
9,1,27,5,9.80758420163318,0.0,0.0,0.0
9,1,28,5,14.495470938291742,0.0,0.0,1.0
9,1,29,5,16.37931091869693,0.0,0.0,1.0
9,1,30,6,18.80873943388542,0.0,1.0,1.0
9,1,31,6,41.26560339089052,0.0,1.0,1.0
9,1,32,6,71.06784141670374,1.0,1.0,1.0
9,2,0,0,0.0,0.0,0.0,0.0
9,2,1,0,12.027034207796394,1.0,0.0,0.0
9,2,2,0,29.23883971428775,1.0,0.0,0.0
9,2,3,0,44.63739853278612,1.0,0.0,0.0
9,2,4,0,61.09022988952954,1.0,0.0,0.0
9,2,5,1,78.18477921742321,1.0,0.0,0.0
9,2,6,1,86.32620351533284,1.0,0.0,0.0
9,2,7,1,87.04714320574729,1.0,0.0,0.0
9,2,8,1,83.62654232814003,1.0,0.0,0.0
9,2,9,1,74.21254551735603,1.0,0.0,0.0
9,2,10,2,59.01060732122596,1.0,0.0,0.0
9,2,11,2,50.06777849840816,1.0,0.0,0.0
9,2,12,2,51.75486448493803,1.0,0.0,0.0
9,2,13,2,49.96403727116615,1.0,0.0,0.0
9,2,14,2,30.728480499054758,1.0,0.0,0.0
9,2,15,3,15.95656305302657,0.0,0.0,0.0
9,2,16,3,8.245402374536107,0.0,0.0,0.0
9,2,17,3,4.5925988436745495,0.0,0.0,0.0
9,2,18,3,2.619952913228571,0.0,0.0,0.0
9,2,19,3,1.7112624849441491,0.0,0.0,0.0
9,2,20,4,1.5786637899208098,0.0,0.0,0.0
9,2,21,4,0.8378964034985974,0.0,0.0,0.0
9,2,22,4,0.4304601856039548,0.0,0.0,0.0
9,2,23,4,0.5484421569158593,0.0,0.0,0.0
9,2,24,4,8.308566274880786,0.0,0.0,0.0
9,2,25,5,14.524777370275668,0.0,0.0,0.0
9,2,26,5,21.2400086250233,0.0,0.0,0.0
9,2,27,5,34.99970096156983,1.0,0.0,0.0
9,2,28,5,37.37681505593486,1.0,0.0,0.0
9,2,29,5,42.83291084801843,1.0,0.0,0.0
9,2,30,6,56.4467478453158,1.0,0.0,0.0
9,2,31,6,67.20001018575996,1.0,0.0,0.0
9,2,32,6,69.73832474429403,1.0,0.0,0.0
9,2,33,6,60.17379439817359,1.0,0.0,0.0
9,2,34,6,40.31956740141462,0.0,0.0,0.0
9,2,35,7,34.79684401997119,0.0,0.0,0.0
9,2,36,7,47.134510616550514,0.0,0.0,0.0
9,2,37,7,41.043373278786916,0.0,0.0,0.0
9,2,38,7,32.30713670415299,0.0,0.0,0.0
9,2,39,7,24.74360718572762,0.0,0.0,0.0
9,2,40,8,26.739981284759107,0.0,0.0,0.0
9,2,41,8,28.780359393783154,0.0,0.0,0.0
9,2,42,8,27.380640553799587,0.0,0.0,0.0
9,2,43,8,21.908208915478497,0.0,0.0,0.0
9,2,44,8,14.564849722508747,0.0,0.0,0.0
9,2,45,9,13.841287853024218,0.0,0.0,0.0
9,2,46,9,27.03745069215034,0.0,0.0,0.0
9,2,47,9,26.87778464752829,0.0,0.0,0.0
9,2,48,9,17.492576222134975,0.0,0.0,0.0
9,2,49,9,14.184564312424603,0.0,0.0,0.0
9,2,50,10,10.189657668022436,0.0,0.0,0.0
9,2,51,10,7.530324481368376,0.0,0.0,0.0
9,2,52,10,14.211584258907905,0.0,0.0,0.0
9,2,53,10,19.92584885981391,0.0,0.0,0.0
9,2,54,10,20.003055411636808,0.0,0.0,0.0
9,2,55,11,33.651835781841896,0.0,0.0,0.0
9,2,56,11,42.31660452803406,0.0,0.0,1.0
9,2,57,11,54.10979695291536,0.0,0.0,1.0
9,2,58,11,71.8362359425337,0.0,1.0,1.0
9,2,59,11,67.0780817818357,0.0,1.0,1.0
9,2,60,11,50.110720548238916,0.0,1.0,1.0
9,2,0,0,0.0,0.0,0.0,0.0
9,2,1,0,3.8104029995245408,0.0,0.0,0.0
9,2,2,0,5.447800342890945,0.0,0.0,0.0
9,2,3,0,3.8926440117538093,0.0,0.0,0.0
9,2,4,0,2.3631656893856228,0.0,0.0,0.0
9,2,5,1,2.6775280093180465,0.0,0.0,0.0
9,2,6,1,3.657102383530412,0.0,0.0,0.0
9,2,7,1,5.694871222133356,0.0,0.0,0.0
9,2,8,1,14.425821538292224,1.0,0.0,0.0
9,2,9,1,20.189828280436963,1.0,0.0,0.0
9,2,10,2,18.441820521865672,1.0,0.0,0.0
9,2,11,2,14.350021340838595,1.0,0.0,0.0
9,2,12,2,17.373721584481345,1.0,0.0,0.0
9,2,13,2,19.440016117465614,1.0,0.0,0.0
9,2,14,2,13.3254218612408,0.0,0.0,0.0
9,2,15,3,10.229964270321457,0.0,0.0,0.0
9,2,16,3,7.068430314374446,0.0,0.0,0.0
9,2,17,3,3.6778511163289345,0.0,0.0,0.0
9,2,18,3,4.657139801907948,0.0,0.0,0.0
9,2,19,3,20.217890122191683,0.0,0.0,0.0
9,2,20,4,19.38304114351633,0.0,0.0,0.0
9,2,21,4,11.644482075691144,0.0,0.0,0.0
9,2,22,4,8.59405628432258,0.0,0.0,0.0
9,2,23,4,8.044228799605518,0.0,0.0,0.0
9,2,24,4,5.390004476233846,0.0,0.0,0.0
9,2,25,5,3.764794271555239,0.0,0.0,0.0
9,2,26,5,8.634180800774896,0.0,0.0,0.0
9,2,27,5,19.969373763548738,0.0,0.0,0.0
9,2,28,5,15.987654623162143,0.0,0.0,0.0
9,2,29,5,9.00580007807357,0.0,0.0,0.0
9,2,30,6,8.830666739730367,0.0,0.0,1.0
9,2,31,6,12.386807911251672,0.0,0.0,1.0
9,2,32,6,14.98761207622268,0.0,1.0,1.0
9,2,33,6,34.798361935535326,0.0,1.0,1.0
9,2,34,6,41.63902856600379,0.0,1.0,1.0
9,3,0,0,0.0,0.0,0.0,0.0
9,3,1,0,0.0,0.0,0.0,0.0
9,3,2,0,0.0,0.0,0.0,0.0
9,3,3,0,0.0,0.0,0.0,0.0
9,3,4,0,0.05939484372354049,0.0,0.0,0.0
9,3,5,1,1.177648421517445,0.0,0.0,0.0
9,3,6,1,5.622297426861891,0.0,0.0,0.0
9,3,7,1,10.632452621201423,0.0,0.0,0.0
9,3,8,1,8.64390602099541,0.0,0.0,0.0
9,3,9,1,5.275390644922497,0.0,0.0,0.0
9,3,10,2,3.462964374436685,0.0,0.0,0.0
9,3,11,2,10.922109145601,0.0,0.0,0.0
9,3,12,2,17.924047870918525,1.0,0.0,0.0
9,3,13,2,10.817413386654348,0.0,0.0,0.0
9,3,14,2,5.6703488968287665,0.0,0.0,0.0
9,3,15,3,2.9618894882742097,0.0,0.0,0.0
9,3,16,3,2.0489108718263767,0.0,0.0,0.0
9,3,17,3,2.897859822379684,0.0,0.0,0.0
9,3,18,3,2.4773028324714614,0.0,0.0,0.0
9,3,19,3,2.004631603173088,0.0,0.0,0.0
9,3,20,4,3.576574977997515,0.0,0.0,0.0
9,3,21,4,7.089436766306097,0.0,0.0,0.0
9,3,22,4,6.286704244486426,0.0,0.0,0.0
9,3,23,4,3.2827947799445027,0.0,0.0,0.0
9,3,24,4,2.1033431699675784,0.0,0.0,0.0
9,3,25,5,5.173407798054109,0.0,0.0,0.0
9,3,26,5,10.07002390472206,0.0,0.0,0.0
9,3,27,5,7.377750583321879,0.0,0.0,0.0
9,3,28,5,3.938409081714509,0.0,0.0,0.0
9,3,29,5,2.762881563566796,0.0,0.0,0.0
9,3,30,6,2.082946559372352,0.0,0.0,0.0
9,3,31,6,1.0756854226649084,0.0,0.0,0.0
9,3,32,6,2.7844144209887873,0.0,0.0,0.0
9,3,33,6,14.45183106527979,0.0,0.0,0.0
9,3,34,6,29.924875415909998,0.0,0.0,0.0
9,3,35,7,46.27351866211453,0.0,0.0,0.0
9,3,36,7,40.23111726410343,0.0,0.0,0.0
9,3,37,7,32.34284330323006,0.0,0.0,0.0
9,3,38,7,27.150446382597842,0.0,0.0,0.0
9,3,39,7,20.739765595499144,0.0,0.0,0.0
9,3,40,8,25.281608779766472,0.0,0.0,0.0
9,3,41,8,27.19812361043629,0.0,0.0,0.0
9,3,42,8,24.31100274143017,0.0,0.0,0.0
9,3,43,8,18.179173612394116,0.0,0.0,0.0
9,3,44,8,17.320859771382597,0.0,0.0,0.0
9,3,45,9,46.20786647442611,0.0,0.0,0.0
9,3,46,9,61.30564067266779,0.0,0.0,1.0
9,3,47,9,52.77106855792781,0.0,0.0,1.0
9,3,48,9,52.748629819973374,0.0,1.0,1.0
9,3,49,9,46.82455049919149,0.0,1.0,1.0
9,3,50,10,40.18801834127177,0.0,1.0,1.0
9,2,0,0,0.0,0.0,0.0,0.0
9,2,1,0,0.0,0.0,0.0,0.0
9,2,2,0,0.00043476485345792816,0.0,0.0,0.0
9,2,3,0,0.0048667066187368605,0.0,0.0,0.0
9,2,4,0,0.4415020128719568,0.0,0.0,0.0
9,2,5,1,1.5570573104597356,0.0,0.0,0.0
9,2,6,1,1.0086372688512975,0.0,0.0,0.0
9,2,7,1,1.3584256278125124,0.0,0.0,0.0
9,2,8,1,7.096987248654006,0.0,0.0,0.0
9,2,9,1,9.370638396874483,0.0,0.0,0.0
9,2,10,2,6.956861784754564,0.0,0.0,0.0
9,2,11,2,4.858470037661965,0.0,0.0,0.0
9,2,12,2,3.3365144299504146,0.0,0.0,0.0
9,2,13,2,1.7565476909733433,0.0,0.0,0.0
9,2,14,2,1.3287831005792632,0.0,0.0,0.0
9,2,15,3,1.0582720569154787,0.0,0.0,0.0
9,2,16,3,0.5814819701537546,0.0,0.0,0.0
9,2,17,3,0.2986421484768671,0.0,0.0,0.0
9,2,18,3,0.22876038446620175,0.0,0.0,0.0
9,2,19,3,0.2833351125194311,0.0,0.0,0.0
9,2,20,4,0.15395652840998764,0.0,0.0,0.0
9,2,21,4,0.07904391727251538,0.0,0.0,0.0
9,2,22,4,0.040582500283105435,0.0,0.0,0.0
9,2,23,4,0.35055658073541907,0.0,0.0,0.0
9,2,24,4,3.9712822655418076,0.0,0.0,0.0
9,2,25,5,23.639442931323796,0.0,0.0,0.0
9,2,26,5,50.134158361103864,1.0,0.0,0.0
9,2,27,5,50.265467986612464,1.0,0.0,0.0
9,2,28,5,45.39997972881046,1.0,0.0,0.0
9,2,29,5,45.012130956262,1.0,0.0,0.0
9,2,30,6,32.57984764389177,0.0,0.0,1.0
9,2,31,6,23.931665342642468,0.0,0.0,1.0
9,2,32,6,43.52655024347794,0.0,1.0,1.0
9,2,33,6,57.76716915375607,1.0,1.0,1.0
9,2,34,6,64.99422498266469,1.0,1.0,1.0
9,2,0,0,0.0,0.0,0.0,0.0
9,2,1,0,0.0,0.0,0.0,0.0
9,2,2,0,0.0,0.0,0.0,0.0
9,2,3,0,0.0,0.0,0.0,0.0
9,2,4,0,0.0,0.0,0.0,0.0
9,2,5,1,0.0,0.0,0.0,0.0
9,2,6,1,0.0,0.0,0.0,0.0
9,2,7,1,0.0,0.0,0.0,0.0
9,2,8,1,0.0,0.0,0.0,0.0
9,2,9,1,0.0,0.0,0.0,0.0
9,2,10,2,0.0,0.0,0.0,0.0
9,2,11,2,0.0,0.0,0.0,0.0
9,2,12,2,0.08198319137520643,0.0,0.0,0.0
9,2,13,2,0.7308686104081294,0.0,0.0,0.0
9,2,14,2,1.2170601659085394,0.0,0.0,0.0
9,2,15,3,2.1631281926633736,0.0,0.0,0.0
9,2,16,3,4.122844227118742,0.0,0.0,0.0
9,2,17,3,6.1990829337395414,0.0,0.0,0.0
9,2,18,3,11.013118587216734,0.0,0.0,0.0
9,2,19,3,9.911324683743022,0.0,0.0,0.0
9,2,20,4,8.14770690832199,0.0,0.0,0.0
9,2,21,4,7.117567658374483,0.0,0.0,0.0
9,2,22,4,6.965327375802504,0.0,0.0,0.0
9,2,23,4,12.809831298261916,0.0,0.0,0.0
9,2,24,4,14.227959869022397,0.0,0.0,0.0
9,2,25,5,8.207281408736367,0.0,0.0,0.0
9,2,26,5,4.306119732731408,0.0,0.0,0.0
9,2,27,5,2.239319942961685,0.0,0.0,0.0
9,2,28,5,1.213755041413846,0.0,0.0,0.0
9,2,29,5,0.6339965488044745,0.0,0.0,0.0
9,2,30,6,1.7362311762707556,0.0,0.0,0.0
9,2,31,6,2.681558938491097,0.0,0.0,0.0
9,2,32,6,1.9149017517415732,0.0,0.0,1.0
9,2,33,6,8.896722721073974,0.0,0.0,1.0
9,2,34,6,25.58789509600156,0.0,1.0,1.0
9,2,35,7,26.96654563794857,0.0,1.0,1.0
9,2,36,7,25.156914077147217,0.0,1.0,1.0
9,3,0,0,0.0,0.0,0.0,0.0
9,3,1,0,0.0,0.0,0.0,0.0
9,3,2,0,0.0,0.0,0.0,0.0
9,3,3,0,0.015189870986527645,0.0,0.0,0.0
9,3,4,0,0.30431633080557885,0.0,0.0,0.0
9,3,5,1,0.23354729061067825,0.0,0.0,0.0
9,3,6,1,0.11990717710320212,0.0,0.0,0.0
9,3,7,1,0.06156239741965691,0.0,0.0,0.0
9,3,8,1,0.03160718872393978,0.0,0.0,0.0
9,3,9,1,0.01622767177536461,0.0,0.0,0.0
9,3,10,2,0.008331564491514218,0.0,0.0,0.0
9,3,11,2,0.004277567838267479,0.0,0.0,0.0
9,3,12,2,0.002196176555989765,0.0,0.0,0.0
9,3,13,2,0.00990001519112122,0.0,0.0,0.0
9,3,14,2,0.13673867081100238,0.0,0.0,0.0
9,3,15,3,0.09902096768558952,0.0,0.0,0.0
9,3,16,3,0.055733828569616284,0.0,0.0,0.0
9,3,17,3,0.10212737565927585,0.0,0.0,0.0
9,3,18,3,1.6665227899574675,0.0,0.0,0.0
9,3,19,3,5.521221004621199,0.0,0.0,0.0
9,3,20,4,4.668250360870168,0.0,0.0,0.0
9,3,21,4,2.4669205775926013,0.0,0.0,0.0
9,3,22,4,1.2665592558298129,0.0,0.0,0.0
9,3,23,4,0.6502732042122072,0.0,0.0,0.0
9,3,24,4,0.3338613950907244,0.0,0.0,0.0
9,3,25,5,0.17141015562368195,0.0,0.0,0.0
9,3,26,5,0.08800490827323915,0.0,0.0,0.0
9,3,27,5,0.04518322646637403,0.0,0.0,0.0
9,3,28,5,0.023197841960962952,0.0,0.0,0.0
9,3,29,5,0.011910169187370995,0.0,0.0,0.0
9,3,30,6,0.006114884751370772,0.0,0.0,1.0
9,3,31,6,0.003139486512265114,0.0,0.0,1.0
9,3,32,6,0.09962297677792983,0.0,1.0,1.0
9,3,33,6,0.9118473235424541,0.0,1.0,1.0
9,3,34,6,2.656944647924644,0.0,1.0,1.0
9,1,0,0,0.0,0.0,0.0,0.0
9,1,1,0,0.20417471507115081,0.0,0.0,0.0
9,1,2,0,0.4665260350198854,0.0,0.0,0.0
9,1,3,0,1.4113946000392361,0.0,0.0,0.0
9,1,4,0,1.8676647866164384,0.0,0.0,0.0
9,1,5,1,1.4024199856629807,0.0,0.0,0.0
9,1,6,1,1.488627025889726,0.0,0.0,0.0
9,1,7,1,1.3638665825782637,0.0,0.0,0.0
9,1,8,1,1.2408962005959245,0.0,0.0,0.0
9,1,9,1,1.1695754324937173,0.0,0.0,0.0
9,1,10,2,0.9556298883080858,0.0,0.0,0.0
9,1,11,2,0.5816941984621332,0.0,0.0,0.0
9,1,12,2,0.2986714519266137,0.0,0.0,0.0
9,1,13,2,0.2064355793371595,0.0,0.0,0.0
9,1,14,2,0.22251689497500587,0.0,0.0,0.0
9,1,15,3,0.39839141152283375,0.0,0.0,0.0
9,1,16,3,0.5645744589830699,0.0,0.0,0.0
9,1,17,3,0.3034105255171623,0.0,0.0,0.0
9,1,18,3,0.18448466374980912,0.0,0.0,0.0
9,1,19,3,0.120815011554031,0.0,0.0,0.0
9,1,20,4,0.07154400673907835,0.0,0.0,0.0
9,1,21,4,0.16199850909718433,0.0,0.0,0.0
9,1,22,4,0.09388875468717153,0.0,0.0,0.0
9,1,23,4,0.04820409394104544,0.0,0.0,0.0
9,1,24,4,0.025963828542037604,0.0,0.0,0.0
9,1,25,5,0.013626682754029236,0.0,0.0,0.0
9,1,26,5,0.006996172201544807,0.0,0.0,0.0
9,1,27,5,0.02437660919498811,0.0,0.0,0.0
9,1,28,5,0.03350750722202156,0.0,0.0,0.0
9,1,29,5,0.01893705647606604,0.0,0.0,0.0
9,1,30,6,0.009722608978899327,0.0,0.0,0.0
9,1,31,6,0.007067992776917425,0.0,0.0,0.0
9,1,32,6,1.2204765807365434,0.0,0.0,0.0
9,1,33,6,6.3011693366137225,0.0,0.0,0.0
9,1,34,6,17.331252188422784,0.0,0.0,0.0
9,1,35,7,30.590371302511226,0.0,0.0,0.0
9,1,36,7,35.33406224928047,0.0,0.0,0.0
9,1,37,7,41.51648626079273,0.0,0.0,0.0
9,1,38,7,49.15561541742944,0.0,0.0,0.0
9,1,39,7,55.11076790172944,0.0,0.0,1.0
9,1,40,8,55.00560171759827,0.0,0.0,1.0
9,1,41,8,44.73818443833015,0.0,1.0,1.0
9,1,42,8,27.61245566235914,0.0,1.0,1.0
9,1,43,8,22.187002021347272,0.0,1.0,1.0
10,2,0,0,0.0,0.0,0.0,0.0
10,2,1,0,0.0,0.0,0.0,0.0
10,2,2,0,0.0,0.0,0.0,0.0
10,2,3,0,0.0,0.0,0.0,0.0
10,2,4,0,0.0,0.0,0.0,0.0
10,2,5,1,0.004525373801531622,0.0,0.0,0.0
10,2,6,1,0.2679674356915199,0.0,0.0,0.0
10,2,7,1,0.889253006954883,0.0,0.0,0.0
10,2,8,1,1.6338715732891183,0.0,0.0,0.0
10,2,9,1,4.569036601906809,0.0,0.0,0.0
10,2,10,2,12.722732525511592,0.0,0.0,0.0
10,2,11,2,17.278262258097477,1.0,0.0,0.0
10,2,12,2,13.4589820979572,0.0,0.0,0.0
10,2,13,2,11.055826884448301,0.0,0.0,0.0
10,2,14,2,17.21232835693398,1.0,0.0,0.0
10,2,15,3,15.394207236819074,0.0,0.0,0.0
10,2,16,3,9.966679821383725,0.0,0.0,0.0
10,2,17,3,6.612596113398268,0.0,0.0,0.0
10,2,18,3,3.860787725633681,0.0,0.0,0.0
10,2,19,3,2.5400215595469087,0.0,0.0,0.0
10,2,20,4,2.539328284255693,0.0,0.0,0.0
10,2,21,4,2.212089926055276,0.0,0.0,0.0
10,2,22,4,2.0808825068451013,0.0,0.0,0.0
10,2,23,4,4.46335695704075,0.0,0.0,0.0
10,2,24,4,8.76257224991687,0.0,0.0,0.0
10,2,25,5,8.847464835206832,0.0,0.0,0.0
10,2,26,5,7.1192271491192685,0.0,0.0,1.0
10,2,27,5,4.5529420430374,0.0,0.0,1.0
10,2,28,5,2.5671806119699316,0.0,1.0,1.0
10,2,29,5,3.481402723455805,0.0,1.0,1.0
10,2,30,6,9.743661627157854,0.0,1.0,1.0
10,2,0,0,0.0,0.0,0.0,0.0
10,2,1,0,0.0,0.0,0.0,0.0
10,2,2,0,0.20041079986095217,0.0,0.0,0.0
10,2,3,0,3.9407617150834637,0.0,0.0,0.0
10,2,4,0,5.029401707716861,0.0,0.0,0.0
10,2,5,1,3.5748858267569616,0.0,0.0,0.0
10,2,6,1,3.466143755641406,0.0,0.0,0.0
10,2,7,1,2.9539203143436747,0.0,0.0,0.0
10,2,8,1,2.637535207186148,0.0,0.0,0.0
10,2,9,1,4.134590902057543,0.0,0.0,0.0
10,2,10,2,9.050637738092199,0.0,0.0,0.0
10,2,11,2,34.31193220089936,1.0,0.0,0.0
10,2,12,2,35.30947494481496,1.0,0.0,0.0
10,2,13,2,22.789336817017837,1.0,0.0,0.0
10,2,14,2,26.773474076179106,1.0,0.0,0.0
10,2,15,3,19.807697789539734,1.0,0.0,0.0
10,2,16,3,10.363852055886907,0.0,0.0,0.0
10,2,17,3,5.32097906461347,0.0,0.0,0.0
10,2,18,3,2.731881741786588,0.0,0.0,0.0
10,2,19,3,1.4997706632622343,0.0,0.0,0.0
10,2,20,4,2.7058778613119334,0.0,0.0,0.0
10,2,21,4,5.590678596237412,0.0,0.0,0.0
10,2,22,4,6.001347170491225,0.0,0.0,0.0
10,2,23,4,4.083562136736344,0.0,0.0,0.0
10,2,24,4,2.995502717549688,0.0,0.0,0.0
10,2,25,5,3.119600907527926,0.0,0.0,0.0
10,2,26,5,3.1624223887980527,0.0,0.0,0.0
10,2,27,5,3.480520051218546,0.0,0.0,0.0
10,2,28,5,2.473607530410111,0.0,0.0,0.0
10,2,29,5,1.3779468910596235,0.0,0.0,0.0
10,2,30,6,0.8120689931992887,0.0,0.0,1.0
10,2,31,6,2.513990525610904,0.0,0.0,1.0
10,2,32,6,10.411003957497236,0.0,1.0,1.0
10,2,33,6,36.207481847226674,0.0,1.0,1.0
10,2,34,6,65.68955626878007,1.0,1.0,1.0
10,3,0,0,0.0,0.0,0.0,0.0
10,3,1,0,0.0,0.0,0.0,0.0
10,3,2,0,0.0,0.0,0.0,0.0
10,3,3,0,0.0,0.0,0.0,0.0
10,3,4,0,0.0,0.0,0.0,0.0
10,3,5,1,0.0024693949928348965,0.0,0.0,0.0
10,3,6,1,0.5289018868285231,0.0,0.0,0.0
10,3,7,1,2.6395380419943795,0.0,0.0,0.0
10,3,8,1,2.8910597070148594,0.0,0.0,0.0
10,3,9,1,2.62000999119974,0.0,0.0,0.0
10,3,10,2,2.9242387059163657,0.0,0.0,0.0
10,3,11,2,4.126465727519042,0.0,0.0,0.0
10,3,12,2,8.14012291678635,0.0,0.0,0.0
10,3,13,2,10.20739205155314,0.0,0.0,0.0
10,3,14,2,9.526550439979426,0.0,0.0,0.0
10,3,15,3,8.35676708446351,0.0,0.0,0.0
10,3,16,3,5.183491693625978,0.0,0.0,0.0
10,3,17,3,2.743266618080056,0.0,0.0,0.0
10,3,18,3,1.4778384664798665,0.0,0.0,0.0
10,3,19,3,2.846722320142989,0.0,0.0,0.0
10,3,20,4,4.524989402683833,0.0,0.0,0.0
10,3,21,4,2.9470455196537957,0.0,0.0,0.0
10,3,22,4,2.2926810297612636,0.0,0.0,0.0
10,3,23,4,1.7882391473100725,0.0,0.0,0.0
10,3,24,4,1.0643165855752277,0.0,0.0,0.0
10,3,25,5,0.5569234907090485,0.0,0.0,0.0
10,3,26,5,0.2904821607290636,0.0,0.0,0.0
10,3,27,5,0.6559756698323064,0.0,0.0,0.0
10,3,28,5,2.708877495972657,0.0,0.0,0.0
10,3,29,5,7.063840184435084,0.0,0.0,0.0
10,3,30,6,18.553665292301126,0.0,0.0,0.0
10,3,31,6,35.005797874999786,0.0,0.0,0.0
10,3,32,6,49.08896688155923,1.0,0.0,0.0
10,3,33,6,59.89949530370019,1.0,0.0,0.0
10,3,34,6,65.5734915131687,1.0,0.0,0.0
10,3,35,7,68.2889486513003,1.0,0.0,0.0
10,3,36,7,74.60069488180142,1.0,0.0,1.0
10,3,37,7,71.77748887097349,1.0,0.0,1.0
10,3,38,7,69.32559094426719,0.0,1.0,1.0
10,3,39,7,87.73916177616857,1.0,1.0,1.0
10,3,40,8,95.44447621446082,1.0,1.0,1.0
10,3,0,0,0.0,0.0,0.0,0.0
10,3,1,0,1.5089752258280833,0.0,0.0,0.0
10,3,2,0,4.8120485200741205,0.0,0.0,0.0
10,3,3,0,7.089108408133712,0.0,0.0,0.0
10,3,4,0,5.415052269070075,0.0,0.0,0.0
10,3,5,1,4.312236179880857,0.0,0.0,0.0
10,3,6,1,3.365592813709378,0.0,0.0,0.0
10,3,7,1,2.336193731554457,0.0,0.0,0.0
10,3,8,1,1.8857710962166885,0.0,0.0,0.0
10,3,9,1,1.812870605637406,0.0,0.0,0.0
10,3,10,2,2.1036718820809255,0.0,0.0,0.0
10,3,11,2,1.4930986082946078,0.0,0.0,0.0
10,3,12,2,0.834239313446913,0.0,0.0,0.0
10,3,13,2,0.8110963164602856,0.0,0.0,0.0
10,3,14,2,1.2352644752254252,0.0,0.0,0.0
10,3,15,3,2.694149424519792,0.0,0.0,0.0
10,3,16,3,2.9820858346213788,0.0,0.0,0.0
10,3,17,3,1.7401878176291996,0.0,0.0,0.0
10,3,18,3,2.3230264608477293,0.0,0.0,0.0
10,3,19,3,7.442078373384772,0.0,0.0,0.0
10,3,20,4,7.443519200685843,0.0,0.0,0.0
10,3,21,4,5.28551455858117,0.0,0.0,0.0
10,3,22,4,3.4730595166812908,0.0,0.0,0.0
10,3,23,4,2.3106801400607813,0.0,0.0,0.0
10,3,24,4,1.4615591278486524,0.0,0.0,0.0
10,3,25,5,0.8905049365758819,0.0,0.0,0.0
10,3,26,5,0.5013337674506104,0.0,0.0,0.0
10,3,27,5,0.2817339379702699,0.0,0.0,0.0
10,3,28,5,0.8059025949357608,0.0,0.0,0.0
10,3,29,5,1.2883563143580132,0.0,0.0,0.0
10,3,30,6,1.431614453362759,0.0,0.0,1.0
10,3,31,6,6.095057487467917,0.0,0.0,1.0
10,3,32,6,35.546627780205405,0.0,1.0,1.0
10,3,33,6,61.618742910713195,1.0,1.0,1.0
10,3,34,6,67.93816462685328,1.0,1.0,1.0
10,1,0,0,0.0,0.0,0.0,0.0
10,1,1,0,0.43772413434386825,0.0,0.0,0.0
10,1,2,0,0.3942530324788942,0.0,0.0,0.0
10,1,3,0,0.20778718257677928,0.0,0.0,0.0
10,1,4,0,0.10668149665046936,0.0,0.0,0.0
10,1,5,1,0.054772106664369186,0.0,0.0,0.0
10,1,6,1,0.028120937206966293,0.0,0.0,0.0
10,1,7,1,0.01443777056529708,0.0,0.0,0.0
10,1,8,1,0.007483795988861935,0.0,0.0,0.0
10,1,9,1,0.0057292641676023786,0.0,0.0,0.0
10,1,10,2,0.0033584856459840345,0.0,0.0,0.0
10,1,11,2,0.01214963144669939,0.0,0.0,0.0
10,1,12,2,0.046172560596717205,0.0,0.0,0.0
10,1,13,2,0.03478263684262051,0.0,0.0,0.0
10,1,14,2,0.06350053462034971,0.0,0.0,0.0
10,1,15,3,0.04895349631383926,0.0,0.0,0.0
10,1,16,3,0.02534323933173233,0.0,0.0,0.0
10,1,17,3,0.013011652924651507,0.0,0.0,0.0
10,1,18,3,0.006680405358426586,0.0,0.0,0.0
10,1,19,3,0.0034298344730932726,0.0,0.0,0.0
10,1,20,4,0.03703767919487851,0.0,0.0,0.0
10,1,21,4,0.127782105284898,0.0,0.0,0.0
10,1,22,4,0.07683191317913182,0.0,0.0,0.0
10,1,23,4,0.03944681951419217,0.0,0.0,0.0
10,1,24,4,0.0202526724299752,0.0,0.0,0.0
10,1,25,5,0.035491991463224105,0.0,0.0,0.0
10,1,26,5,0.2283352389326505,0.0,0.0,0.0
10,1,27,5,0.3449137380499369,0.0,0.0,0.0
10,1,28,5,0.27355590009095043,0.0,0.0,0.0
10,1,29,5,0.589589189993625,0.0,0.0,0.0
10,1,30,6,0.8356270255977366,0.0,0.0,1.0
10,1,31,6,0.623066597561001,0.0,0.0,1.0
10,1,32,6,6.742216596908381,0.0,1.0,1.0
10,1,33,6,41.069951501453296,0.0,1.0,1.0
10,1,34,6,48.17025345154431,0.0,1.0,1.0
10,2,0,0,0.0,0.0,0.0,0.0
10,2,1,0,0.3129167234938098,0.0,0.0,0.0
10,2,2,0,1.3755581083858544,0.0,0.0,0.0
10,2,3,0,1.7227783098861749,0.0,0.0,0.0
10,2,4,0,0.9541631716009678,0.0,0.0,0.0
10,2,5,1,0.5078258350997786,0.0,0.0,0.0
10,2,6,1,0.827335680929844,0.0,0.0,0.0
10,2,7,1,1.6268814336887971,0.0,0.0,0.0
10,2,8,1,2.1255020173753767,0.0,0.0,0.0
10,2,9,1,1.998060901293742,0.0,0.0,0.0
10,2,10,2,1.6869130852483791,0.0,0.0,0.0
10,2,11,2,2.0091258092661617,0.0,0.0,0.0
10,2,12,2,2.092228737285863,0.0,0.0,0.0
10,2,13,2,1.3062581860982818,0.0,0.0,0.0
10,2,14,2,1.668828148061972,0.0,0.0,0.0
10,2,15,3,2.8597143565778644,0.0,0.0,0.0
10,2,16,3,2.1342917318986854,0.0,0.0,0.0
10,2,17,3,1.1418502688442842,0.0,0.0,0.0
10,2,18,3,0.9989340800549548,0.0,0.0,0.0
10,2,19,3,1.0747931231543086,0.0,0.0,0.0
10,2,20,4,0.9737053888943827,0.0,0.0,0.0
10,2,21,4,1.1296459202027829,0.0,0.0,0.0
10,2,22,4,0.7354587711668196,0.0,0.0,0.0
10,2,23,4,0.529889360394669,0.0,0.0,0.0
10,2,24,4,0.7481757040401811,0.0,0.0,0.0
10,2,25,5,0.6886351014742488,0.0,0.0,0.0
10,2,26,5,0.6214247233105541,0.0,0.0,0.0
10,2,27,5,1.0535423764304854,0.0,0.0,0.0
10,2,28,5,2.095871585997929,0.0,0.0,0.0
10,2,29,5,3.493529385088821,0.0,0.0,0.0
10,2,30,6,2.975600782544268,0.0,0.0,1.0
10,2,31,6,2.9001857042891324,0.0,0.0,1.0
10,2,32,6,3.3603944445170906,0.0,1.0,1.0
10,2,33,6,2.3336984635950486,0.0,1.0,1.0
10,2,34,6,1.6830297178194689,0.0,1.0,1.0
10,3,0,0,0.0,0.0,0.0,0.0
10,3,1,0,0.0,0.0,0.0,0.0
10,3,2,0,0.008579555412870345,0.0,0.0,0.0
10,3,3,0,0.09519997082952093,0.0,0.0,0.0
10,3,4,0,0.22227645783426248,0.0,0.0,0.0
10,3,5,1,0.2721119767399858,0.0,0.0,0.0
10,3,6,1,0.1527502566208357,0.0,0.0,0.0
10,3,7,1,0.07842459668575867,0.0,0.0,0.0
10,3,8,1,0.04026453049169524,0.0,0.0,0.0
10,3,9,1,0.1666138506869603,0.0,0.0,0.0
10,3,10,2,1.9999982620721448,0.0,0.0,0.0
10,3,11,2,6.7981097993276425,0.0,0.0,0.0
10,3,12,2,8.580142966333312,0.0,0.0,0.0
10,3,13,2,6.00414002883258,0.0,0.0,0.0
10,3,14,2,7.820392744216184,0.0,0.0,0.0
10,3,15,3,11.76229563918196,0.0,0.0,0.0
10,3,16,3,9.322267093837596,0.0,0.0,0.0
10,3,17,3,5.961695067271691,0.0,0.0,0.0
10,3,18,3,3.4998851062841023,0.0,0.0,0.0
10,3,19,3,2.7702687288935834,0.0,0.0,0.0
10,3,20,4,2.4544257106476053,0.0,0.0,0.0
10,3,21,4,3.066665189876111,0.0,0.0,0.0
10,3,22,4,2.878246949582433,0.0,0.0,0.0
10,3,23,4,1.6210290570320969,0.0,0.0,0.0
10,3,24,4,0.851305025571951,0.0,0.0,0.0
10,3,25,5,0.4371767634253664,0.0,0.0,0.0
10,3,26,5,0.224454034385845,0.0,0.0,0.0
10,3,27,5,0.11523854368962305,0.0,0.0,0.0
10,3,28,5,0.05916544110263784,0.0,0.0,1.0
10,3,29,5,0.030376550317208866,0.0,0.0,1.0
10,3,30,6,0.015595840950009966,0.0,1.0,1.0
10,3,31,6,0.008007171729444653,0.0,1.0,1.0
10,3,32,6,0.004111019040930697,0.0,1.0,1.0
10,3,0,0,0.0,0.0,0.0,0.0
10,3,1,0,0.17538404855866274,0.0,0.0,0.0
10,3,2,0,0.12232296898240944,0.0,0.0,0.0
10,3,3,0,0.06314184801096061,0.0,0.0,0.0
10,3,4,0,0.08360182430859868,0.0,0.0,0.0
10,3,5,1,0.35257510736745085,0.0,0.0,0.0
10,3,6,1,0.3869246079367362,0.0,0.0,0.0
10,3,7,1,0.2123019163198776,0.0,0.0,0.0
10,3,8,1,0.10899943824205018,0.0,0.0,0.0
10,3,9,1,0.10371452811874567,0.0,0.0,0.0
10,3,10,2,0.546629370374383,0.0,0.0,0.0
10,3,11,2,1.1878990922662904,0.0,0.0,0.0
10,3,12,2,1.256581793907574,0.0,0.0,0.0
10,3,13,2,0.81181572516997,0.0,0.0,0.0
10,3,14,2,0.4220483715880252,0.0,0.0,0.0
10,3,15,3,0.22445516060195517,0.0,0.0,0.0
10,3,16,3,0.26617831407222103,0.0,0.0,0.0
10,3,17,3,0.5844283559611656,0.0,0.0,0.0
10,3,18,3,1.7904370224352393,0.0,0.0,0.0
10,3,19,3,7.6984708719165535,0.0,0.0,0.0
10,3,20,4,13.56550228269825,0.0,0.0,0.0
10,3,21,4,11.259371428079938,0.0,0.0,0.0
10,3,22,4,8.760150500458849,0.0,0.0,0.0
10,3,23,4,10.964421813523275,0.0,0.0,0.0
10,3,24,4,8.976541354702357,0.0,0.0,0.0
10,3,25,5,5.17125140836994,0.0,0.0,0.0
10,3,26,5,2.8343446397162304,0.0,0.0,0.0
10,3,27,5,1.7109566765042457,0.0,0.0,0.0
10,3,28,5,1.4456657687423058,0.0,0.0,0.0
10,3,29,5,1.0701383942378007,0.0,0.0,0.0
10,3,30,6,0.5930217307936981,0.0,0.0,0.0
10,3,31,6,0.30586654571995453,0.0,0.0,0.0
10,3,32,6,0.252305853467696,0.0,0.0,0.0
10,3,33,6,2.023277386419968,0.0,0.0,0.0
10,3,34,6,5.570092608718484,0.0,0.0,0.0
10,3,35,7,8.520790833965593,0.0,0.0,0.0
10,3,36,7,9.363751225512043,0.0,0.0,1.0
10,3,37,7,6.7109693795853484,0.0,0.0,1.0
10,3,38,7,3.6033916200489413,0.0,1.0,1.0
10,3,39,7,1.8549981557818849,0.0,1.0,1.0
10,3,40,8,1.0896062350679325,0.0,1.0,1.0
10,2,0,0,0.0,0.0,0.0,0.0
10,2,1,0,0.0,0.0,0.0,0.0
10,2,2,0,0.0,0.0,0.0,0.0
10,2,3,0,0.0,0.0,0.0,0.0
10,2,4,0,0.0,0.0,0.0,0.0
10,2,5,1,0.0,0.0,0.0,0.0
10,2,6,1,0.0,0.0,0.0,0.0
10,2,7,1,0.0,0.0,0.0,0.0
10,2,8,1,0.0,0.0,0.0,0.0
10,2,9,1,0.0,0.0,0.0,0.0
10,2,10,2,0.07520188611580275,0.0,0.0,0.0
10,2,11,2,0.7158870175694942,0.0,0.0,0.0
10,2,12,2,1.6089897805872204,0.0,0.0,0.0
10,2,13,2,2.1083371439865175,0.0,0.0,0.0
10,2,14,2,2.1636246656207705,0.0,0.0,0.0
10,2,15,3,1.471671014261597,0.0,0.0,0.0
10,2,16,3,0.8918026577117242,0.0,0.0,0.0
10,2,17,3,0.5339665437137644,0.0,0.0,0.0
10,2,18,3,0.38336105657101016,0.0,0.0,0.0
10,2,19,3,0.44663518055468177,0.0,0.0,0.0
10,2,20,4,0.49687663787240066,0.0,0.0,0.0
10,2,21,4,0.3373353863803622,0.0,0.0,0.0
10,2,22,4,0.19582507319594367,0.0,0.0,0.0
10,2,23,4,0.11255581703299439,0.0,0.0,0.0
10,2,24,4,0.05802784769504305,0.0,0.0,0.0
10,2,25,5,0.029911695253101216,0.0,0.0,0.0
10,2,26,5,0.18844832548684565,0.0,0.0,0.0
10,2,27,5,1.3411742554669814,0.0,0.0,0.0
10,2,28,5,3.1377473740924415,0.0,0.0,0.0
10,2,29,5,2.0439877885776103,0.0,0.0,0.0
10,2,30,6,1.0524570012027659,0.0,0.0,1.0
10,2,31,6,0.5403494414632062,0.0,0.0,1.0
10,2,32,6,0.2774246535069099,0.0,1.0,1.0
10,2,33,6,0.14243456635213297,0.0,1.0,1.0
10,2,34,6,0.07312834470716881,0.0,1.0,1.0
10,3,0,0,0.0,0.0,0.0,0.0
10,3,1,0,2.7169529809399533,0.0,0.0,0.0
10,3,2,0,2.5283556660614126,0.0,0.0,0.0
10,3,3,0,1.4729321400906832,0.0,0.0,0.0
10,3,4,0,0.8501501934866671,0.0,0.0,0.0
10,3,5,1,0.5579362222096889,0.0,0.0,0.0
10,3,6,1,0.4287938652952596,0.0,0.0,0.0
10,3,7,1,0.39867983651846,0.0,0.0,0.0
10,3,8,1,0.9816088693717968,0.0,0.0,0.0
10,3,9,1,1.0209477664439968,0.0,0.0,0.0
10,3,10,2,0.8885160372593449,0.0,0.0,0.0
10,3,11,2,1.119814993917888,0.0,0.0,0.0
10,3,12,2,1.267966582310359,0.0,0.0,0.0
10,3,13,2,1.1805569631777673,0.0,0.0,0.0
10,3,14,2,0.8573006249019699,0.0,0.0,0.0
10,3,15,3,0.5614297506588195,0.0,0.0,0.0
10,3,16,3,0.31314919251778994,0.0,0.0,0.0
10,3,17,3,0.1623139961549579,0.0,0.0,0.0
10,3,18,3,0.32102995173150034,0.0,0.0,0.0
10,3,19,3,1.8723700804066117,0.0,0.0,0.0
10,3,20,4,2.4040055688096897,0.0,0.0,0.0
10,3,21,4,1.8618567260286893,0.0,0.0,0.0
10,3,22,4,1.1905905103216563,0.0,0.0,0.0
10,3,23,4,0.6558892746330951,0.0,0.0,0.0
10,3,24,4,0.44950766804327147,0.0,0.0,0.0
10,3,25,5,2.5256428547687104,0.0,0.0,0.0
10,3,26,5,5.8479716809107405,0.0,0.0,0.0
10,3,27,5,3.53547723007971,0.0,0.0,0.0
10,3,28,5,1.8569373448957176,0.0,0.0,0.0
10,3,29,5,0.9730722400169779,0.0,0.0,0.0
10,3,30,6,0.5013768434686747,0.0,0.0,0.0
10,3,31,6,0.2574267926215501,0.0,0.0,0.0
10,3,32,6,0.1400210883371939,0.0,0.0,1.0
10,3,33,6,0.2339412529700176,0.0,0.0,1.0
10,3,34,6,0.3174636446117276,0.0,1.0,1.0
10,3,35,7,1.759657827422255,0.0,1.0,1.0
10,3,36,7,2.2260867000449966,0.0,1.0,1.0
10,2,0,0,0.0,0.0,0.0,0.0
10,2,1,0,0.0,0.0,0.0,0.0
10,2,2,0,0.0,0.0,0.0,0.0
10,2,3,0,0.0,0.0,0.0,0.0
10,2,4,0,0.0,0.0,0.0,0.0
10,2,5,1,0.0,0.0,0.0,0.0
10,2,6,1,0.0,0.0,0.0,0.0
10,2,7,1,0.0,0.0,0.0,0.0
10,2,8,1,0.0,0.0,0.0,0.0
10,2,9,1,0.0,0.0,0.0,0.0
10,2,10,2,0.0,0.0,0.0,0.0
10,2,11,2,0.0,0.0,0.0,0.0
10,2,12,2,0.0,0.0,0.0,0.0
10,2,13,2,0.0,0.0,0.0,0.0
10,2,14,2,0.0,0.0,0.0,0.0
10,2,15,3,0.0,0.0,0.0,0.0
10,2,16,3,0.0,0.0,0.0,0.0
10,2,17,3,0.0,0.0,0.0,0.0
10,2,18,3,0.0,0.0,0.0,0.0
10,2,19,3,0.0,0.0,0.0,0.0
10,2,20,4,0.01043067877763143,0.0,0.0,0.0
10,2,21,4,0.14662492663757404,0.0,0.0,0.0
10,2,22,4,0.8492941488353277,0.0,0.0,0.0
10,2,23,4,2.319638551141101,0.0,0.0,0.0
10,2,24,4,1.8017682664840815,0.0,0.0,0.0
10,2,25,5,0.9468474028431186,0.0,0.0,0.0
10,2,26,5,0.5720093678763679,0.0,0.0,0.0
10,2,27,5,0.6078720655426983,0.0,0.0,0.0
10,2,28,5,0.503477269288154,0.0,0.0,0.0
10,2,29,5,0.5608291423039494,0.0,0.0,0.0
10,2,30,6,0.4978590010371443,0.0,0.0,0.0
10,2,31,6,0.27194197226895545,0.0,0.0,0.0
10,2,32,6,0.15070533127086688,0.0,0.0,0.0
10,2,33,6,2.412213385877989,0.0,0.0,0.0
10,2,34,6,5.029495760163355,0.0,0.0,0.0
10,2,35,7,3.092450610917954,0.0,0.0,0.0
10,2,36,7,1.5971400399817124,0.0,0.0,0.0
10,2,37,7,0.819999038019011,0.0,0.0,0.0
10,2,38,7,0.42100154370921805,0.0,0.0,0.0
10,2,39,7,0.3898218050956755,0.0,0.0,0.0
10,2,40,8,2.167629368889895,0.0,0.0,0.0
10,2,41,8,6.518624525971006,0.0,0.0,0.0
10,2,42,8,7.1222923174774735,0.0,0.0,1.0
10,2,43,8,4.017578584305979,0.0,0.0,1.0
10,2,44,8,2.0645773889993366,0.0,1.0,1.0
10,2,45,9,1.5771813657643787,0.0,1.0,1.0
10,2,46,9,11.471327494096967,0.0,1.0,1.0
10,2,0,0,0.0,0.0,0.0,0.0
10,2,1,0,2.3466126567852243,0.0,0.0,0.0
10,2,2,0,2.9202702750003473,0.0,0.0,0.0
10,2,3,0,2.5653118949804257,0.0,0.0,0.0
10,2,4,0,1.915073378447282,0.0,0.0,0.0
10,2,5,1,1.0693774393992423,0.0,0.0,0.0
10,2,6,1,0.550348759477952,0.0,0.0,0.0
10,2,7,1,0.2825584745543315,0.0,0.0,0.0
10,2,8,1,0.14629631900745238,0.0,0.0,0.0
10,2,9,1,0.9212273333825104,0.0,0.0,0.0
10,2,10,2,7.705429986886319,0.0,0.0,0.0
10,2,11,2,39.338578106791736,1.0,0.0,0.0
10,2,12,2,46.6931696952949,1.0,0.0,0.0
10,2,13,2,26.774885394094387,1.0,0.0,0.0
10,2,14,2,13.878865019223595,0.0,0.0,0.0
10,2,15,3,7.127514614537638,0.0,0.0,0.0
10,2,16,3,3.659388019258616,0.0,0.0,0.0
10,2,17,3,1.8787924542701449,0.0,0.0,0.0
10,2,18,3,0.9653416985008706,0.0,0.0,0.0
10,2,19,3,0.715646244969272,0.0,0.0,0.0
10,2,20,4,1.8056704903399403,0.0,0.0,0.0
10,2,21,4,2.563687814232054,0.0,0.0,0.0
10,2,22,4,1.7645288137692747,0.0,0.0,0.0
10,2,23,4,1.2352227524120618,0.0,0.0,0.0
10,2,24,4,1.5775210389916077,0.0,0.0,0.0
10,2,25,5,4.1257068544287705,0.0,0.0,0.0
10,2,26,5,6.440882319276385,0.0,0.0,0.0
10,2,27,5,9.112468924927654,0.0,0.0,0.0
10,2,28,5,8.064633954705231,0.0,0.0,0.0
10,2,29,5,4.402313240463563,0.0,0.0,0.0
10,2,30,6,2.562839074962306,0.0,0.0,0.0
10,2,31,6,2.961907889428904,0.0,0.0,0.0
10,2,32,6,19.481332027227403,0.0,0.0,0.0
10,2,33,6,60.946074259483765,1.0,0.0,1.0
10,2,34,6,63.00865301248643,1.0,0.0,1.0
10,2,35,7,40.04047886720991,0.0,1.0,1.0
10,2,36,7,21.50308345626454,0.0,1.0,1.0
10,2,37,7,11.313052546987542,0.0,1.0,1.0
11,3,0,0,0.0,0.0,0.0,0.0
11,3,1,0,0.0,0.0,0.0,0.0
11,3,2,0,0.0,0.0,0.0,0.0
11,3,3,0,0.0,0.0,0.0,0.0
11,3,4,0,0.0,0.0,0.0,0.0
11,3,5,1,0.009090757856427968,0.0,0.0,0.0
11,3,6,1,0.33405475416642644,0.0,0.0,0.0
11,3,7,1,0.6779235693885768,0.0,0.0,0.0
11,3,8,1,0.5342753012851542,0.0,0.0,0.0
11,3,9,1,1.1650301685156688,0.0,0.0,0.0
11,3,10,2,2.077639729675045,0.0,0.0,0.0
11,3,11,2,1.8259718290851552,0.0,0.0,0.0
11,3,12,2,1.3585884741518395,0.0,0.0,0.0
11,3,13,2,1.209637273581158,0.0,0.0,0.0
11,3,14,2,1.4080676776621925,0.0,0.0,0.0
11,3,15,3,1.3075321640909974,0.0,0.0,0.0
11,3,16,3,1.204963276916195,0.0,0.0,0.0
11,3,17,3,1.1550917560722722,0.0,0.0,0.0
11,3,18,3,0.9002288275774959,0.0,0.0,0.0
11,3,19,3,0.7889150778178258,0.0,0.0,0.0
11,3,20,4,0.5934717298056491,0.0,0.0,0.0
11,3,21,4,0.44879492729614934,0.0,0.0,0.0
11,3,22,4,0.5851574096712007,0.0,0.0,0.0
11,3,23,4,0.5956348347357789,0.0,0.0,0.0
11,3,24,4,0.36958740912780447,0.0,0.0,0.0
11,3,25,5,0.2193277438974863,0.0,0.0,0.0
11,3,26,5,0.14864482136944807,0.0,0.0,0.0
11,3,27,5,0.1870488659438063,0.0,0.0,0.0
11,3,28,5,0.8517713321001973,0.0,0.0,0.0
11,3,29,5,1.9652038717571862,0.0,0.0,0.0
11,3,30,6,2.551588421963107,0.0,0.0,0.0
11,3,31,6,3.326970289599089,0.0,0.0,0.0
11,3,32,6,3.016566275524399,0.0,0.0,0.0
11,3,33,6,1.9370633713669652,0.0,0.0,0.0
11,3,34,6,1.1302151135532927,0.0,0.0,0.0
11,3,35,7,0.618187887642546,0.0,0.0,0.0
11,3,36,7,0.32456920223741675,0.0,0.0,0.0
11,3,37,7,0.17639057655512733,0.0,0.0,0.0
11,3,38,7,0.1543483508834654,0.0,0.0,0.0
11,3,39,7,0.21224466978376327,0.0,0.0,0.0
11,3,40,8,0.4131774949629921,0.0,0.0,0.0
11,3,41,8,1.1859576942341101,0.0,0.0,0.0
11,3,42,8,2.142971312361605,0.0,0.0,0.0
11,3,43,8,2.123102246693656,0.0,0.0,0.0
11,3,44,8,1.554394260396038,0.0,0.0,0.0
11,3,45,9,2.9226925303721694,0.0,0.0,0.0
11,3,46,9,9.790763885432074,0.0,0.0,0.0
11,3,47,9,20.306014005492514,0.0,0.0,0.0
11,3,48,9,37.17834756365022,0.0,0.0,0.0
11,3,49,9,47.70826136782641,0.0,0.0,0.0
11,3,50,10,43.731684991586434,0.0,0.0,0.0
11,3,51,10,32.49425156284671,0.0,0.0,0.0
11,3,52,10,24.955841580214255,0.0,0.0,0.0
11,3,53,10,24.628238172259696,0.0,0.0,0.0
11,3,54,10,20.71171619517702,0.0,0.0,0.0
11,3,55,11,15.024540314915617,0.0,0.0,0.0
11,3,56,11,14.363118667795437,0.0,0.0,0.0
11,3,57,11,14.64584534928543,0.0,0.0,0.0
11,3,58,11,12.743752987105566,0.0,0.0,1.0
11,3,59,11,9.242197127801681,0.0,0.0,1.0
11,3,60,11,5.5850608118911875,0.0,1.0,1.0
11,3,61,11,4.695407216345693,0.0,1.0,1.0
11,3,62,11,12.430630162899867,0.0,1.0,1.0
11,1,0,0,0.0,0.0,0.0,0.0
11,1,1,0,0.02610576154946405,0.0,0.0,0.0
11,1,2,0,0.10242192064663144,0.0,0.0,0.0
11,1,3,0,0.4857284714310916,0.0,0.0,0.0
11,1,4,0,1.0534677440822553,0.0,0.0,0.0
11,1,5,1,1.004301051842295,0.0,0.0,0.0
11,1,6,1,0.7347168708283602,0.0,0.0,0.0
11,1,7,1,0.46743207205112614,0.0,0.0,0.0
11,1,8,1,0.3196402724847759,0.0,0.0,0.0
11,1,9,1,0.49834281207697906,0.0,0.0,0.0
11,1,10,2,0.7024808451753985,0.0,0.0,0.0
11,1,11,2,0.5430016941793387,0.0,0.0,0.0
11,1,12,2,0.5292976838486808,0.0,0.0,0.0
11,1,13,2,0.6972940209312365,0.0,0.0,0.0
11,1,14,2,0.5858586401208787,0.0,0.0,0.0
11,1,15,3,0.4321786275081718,0.0,0.0,0.0
11,1,16,3,0.5661248342644775,0.0,0.0,0.0
11,1,17,3,0.8511366550651709,0.0,0.0,0.0
11,1,18,3,0.7148564976286853,0.0,0.0,0.0
11,1,19,3,1.0661099772589167,0.0,0.0,0.0
11,1,20,4,3.932379687764187,0.0,0.0,0.0
11,1,21,4,4.7997792259962075,0.0,0.0,0.0
11,1,22,4,4.282120066196151,0.0,0.0,0.0
11,1,23,4,5.576421487807723,0.0,0.0,0.0
11,1,24,4,5.091209655469325,0.0,0.0,0.0
11,1,25,5,3.924042841829484,0.0,0.0,0.0
11,1,26,5,4.929442022086507,0.0,0.0,0.0
11,1,27,5,3.97553018308144,0.0,0.0,0.0
11,1,28,5,2.3588343940258896,0.0,0.0,0.0
11,1,29,5,1.6118328288682902,0.0,0.0,0.0
11,1,30,6,1.5386949544605142,0.0,0.0,0.0
11,1,31,6,1.986930053230827,0.0,0.0,0.0
11,1,32,6,5.598745838511665,0.0,0.0,0.0
11,1,33,6,10.051508210975623,0.0,0.0,0.0
11,1,34,6,18.517821647986544,0.0,0.0,0.0
11,1,35,7,37.479533152741126,0.0,0.0,0.0
11,1,36,7,45.98950015671832,0.0,0.0,0.0
11,1,37,7,43.239170085765835,0.0,0.0,0.0
11,1,38,7,35.815659842370835,0.0,0.0,0.0
11,1,39,7,25.383122580173975,0.0,0.0,0.0
11,1,40,8,15.747456399379226,0.0,0.0,0.0
11,1,41,8,10.041300439121144,0.0,0.0,0.0
11,1,42,8,6.574239655076527,0.0,0.0,0.0
11,1,43,8,6.2230234584043735,0.0,0.0,0.0
11,1,44,8,11.657813689752288,0.0,0.0,1.0
11,1,45,9,17.835980927514854,0.0,0.0,1.0
11,1,46,9,17.315539773733974,0.0,1.0,1.0
11,1,47,9,18.12111057871371,0.0,1.0,1.0
11,1,48,9,16.786118518180317,0.0,1.0,1.0
11,3,0,0,0.0,0.0,0.0,0.0
11,3,1,0,0.0,0.0,0.0,0.0
11,3,2,0,0.0,0.0,0.0,0.0
11,3,3,0,0.0,0.0,0.0,0.0
11,3,4,0,0.0,0.0,0.0,0.0
11,3,5,1,0.0,0.0,0.0,0.0
11,3,6,1,0.0,0.0,0.0,0.0
11,3,7,1,0.0,0.0,0.0,0.0
11,3,8,1,0.0,0.0,0.0,0.0
11,3,9,1,0.0,0.0,0.0,0.0
11,3,10,2,0.0,0.0,0.0,0.0
11,3,11,2,0.0,0.0,0.0,0.0
11,3,12,2,0.0,0.0,0.0,0.0
11,3,13,2,0.028536719113888977,0.0,0.0,0.0
11,3,14,2,0.15745297567244812,0.0,0.0,0.0
11,3,15,3,0.3520308007238082,0.0,0.0,0.0
11,3,16,3,1.3914997292423832,0.0,0.0,0.0
11,3,17,3,3.630306111638946,0.0,0.0,0.0
11,3,18,3,5.126448206905474,0.0,0.0,0.0
11,3,19,3,5.593376667166087,0.0,0.0,0.0
11,3,20,4,4.72927564100733,0.0,0.0,0.0
11,3,21,4,2.724931730552819,0.0,0.0,0.0
11,3,22,4,1.401848508558121,0.0,0.0,0.0
11,3,23,4,0.7197330225840474,0.0,0.0,0.0
11,3,24,4,0.36952325492772164,0.0,0.0,0.0
11,3,25,5,0.18971956496053716,0.0,0.0,0.0
11,3,26,5,0.09740527246615585,0.0,0.0,1.0
11,3,27,5,0.05000953436815847,0.0,0.0,1.0
11,3,28,5,0.025675751059461356,0.0,1.0,1.0
11,3,29,5,0.11290245885449428,0.0,1.0,1.0
11,3,30,6,0.6598397247198875,0.0,1.0,1.0
11,1,0,0,0.0,0.0,0.0,0.0
11,1,1,0,0.0,0.0,0.0,0.0
11,1,2,0,0.0,0.0,0.0,0.0
11,1,3,0,0.0,0.0,0.0,0.0
11,1,4,0,0.0,0.0,0.0,0.0
11,1,5,1,0.0,0.0,0.0,0.0
11,1,6,1,0.0,0.0,0.0,0.0
11,1,7,1,0.0,0.0,0.0,0.0
11,1,8,1,0.0,0.0,0.0,0.0
11,1,9,1,0.0,0.0,0.0,0.0
11,1,10,2,0.0,0.0,0.0,0.0
11,1,11,2,0.0,0.0,0.0,0.0
11,1,12,2,0.0011314464617199142,0.0,0.0,0.0
11,1,13,2,0.019474800895751796,0.0,0.0,0.0
11,1,14,2,0.1255540007850552,0.0,0.0,0.0
11,1,15,3,0.7483673674534633,0.0,0.0,0.0
11,1,16,3,0.8659401656256885,0.0,0.0,0.0
11,1,17,3,0.6749164855989175,0.0,0.0,0.0
11,1,18,3,0.7012016113932342,0.0,0.0,0.0
11,1,19,3,0.4556195491443451,0.0,0.0,0.0
11,1,20,4,0.24438614356224736,0.0,0.0,0.0
11,1,21,4,0.16405049306987735,0.0,0.0,0.0
11,1,22,4,0.3360161901909007,0.0,0.0,0.0
11,1,23,4,0.7184282100397233,0.0,0.0,0.0
11,1,24,4,0.5775226509757234,0.0,0.0,0.0
11,1,25,5,0.3008864783795474,0.0,0.0,0.0
11,1,26,5,0.31123759791977024,0.0,0.0,1.0
11,1,27,5,1.2479373420765127,0.0,0.0,1.0
11,1,28,5,4.6968881847893496,0.0,1.0,1.0
11,1,29,5,6.139395877048502,0.0,1.0,1.0
11,1,30,6,6.634951540485493,0.0,1.0,1.0
11,2,0,0,0.0,0.0,0.0,0.0
11,2,1,0,0.0,0.0,0.0,0.0
11,2,2,0,0.0,0.0,0.0,0.0
11,2,3,0,0.0,0.0,0.0,0.0
11,2,4,0,0.0,0.0,0.0,0.0
11,2,5,1,0.0,0.0,0.0,0.0
11,2,6,1,0.0,0.0,0.0,0.0
11,2,7,1,0.0,0.0,0.0,0.0
11,2,8,1,0.0,0.0,0.0,0.0
11,2,9,1,0.0,0.0,0.0,0.0
11,2,10,2,0.0,0.0,0.0,0.0
11,2,11,2,0.0,0.0,0.0,0.0
11,2,12,2,0.0,0.0,0.0,0.0
11,2,13,2,0.0,0.0,0.0,0.0
11,2,14,2,0.0035079249859271337,0.0,0.0,0.0
11,2,15,3,0.05661941478766198,0.0,0.0,0.0
11,2,16,3,0.05793861169985931,0.0,0.0,0.0
11,2,17,3,0.0599227348611724,0.0,0.0,0.0
11,2,18,3,0.08047379532562728,0.0,0.0,0.0
11,2,19,3,0.04377314689157738,0.0,0.0,0.0
11,2,20,4,0.02247388296806415,0.0,0.0,0.0
11,2,21,4,0.017164736644462927,0.0,0.0,0.0
11,2,22,4,0.04692003580962434,0.0,0.0,0.0
11,2,23,4,0.2367991729586356,0.0,0.0,0.0
11,2,24,4,0.6028216136447301,0.0,0.0,0.0
11,2,25,5,0.7146448604441495,0.0,0.0,0.0
11,2,26,5,2.724563323002083,0.0,0.0,0.0
11,2,27,5,11.978914407897772,0.0,0.0,0.0
11,2,28,5,18.405943035349296,0.0,0.0,0.0
11,2,29,5,21.90021139167709,0.0,0.0,0.0
11,2,30,6,25.97464125619746,0.0,0.0,0.0
11,2,31,6,24.226221663369877,0.0,0.0,0.0
11,2,32,6,14.610710893792362,0.0,0.0,0.0
11,2,33,6,7.649469085904707,0.0,0.0,0.0
11,2,34,6,4.002911507191509,0.0,0.0,0.0
11,2,35,7,2.145850730906453,0.0,0.0,0.0
11,2,36,7,1.1289891915583743,0.0,0.0,0.0
11,2,37,7,0.5813820639609653,0.0,0.0,0.0
11,2,38,7,0.29849150433606136,0.0,0.0,1.0
11,2,39,7,0.1548899194406267,0.0,0.0,1.0
11,2,40,8,0.08214831564453177,0.0,1.0,1.0
11,2,41,8,0.05476378587016107,0.0,1.0,1.0
11,2,42,8,0.04589812780807244,0.0,1.0,1.0
11,3,0,0,0.0,0.0,0.0,0.0
11,3,1,0,0.0,0.0,0.0,0.0
11,3,2,0,0.0,0.0,0.0,0.0
11,3,3,0,0.0,0.0,0.0,0.0
11,3,4,0,0.00011241271947885545,0.0,0.0,0.0
11,3,5,1,0.016576211239442952,0.0,0.0,0.0
11,3,6,1,0.033230350998247324,0.0,0.0,0.0
11,3,7,1,0.03330945989013337,0.0,0.0,0.0
11,3,8,1,0.060026666216077,0.0,0.0,0.0
11,3,9,1,0.08664720916256512,0.0,0.0,0.0
11,3,10,2,0.09899012947479263,0.0,0.0,0.0
11,3,11,2,0.32313457673553186,0.0,0.0,0.0
11,3,12,2,0.5739013338929455,0.0,0.0,0.0
11,3,13,2,0.409057693112054,0.0,0.0,0.0
11,3,14,2,0.22192454887714141,0.0,0.0,0.0
11,3,15,3,0.13909969364951452,0.0,0.0,0.0
11,3,16,3,0.13448026152190762,0.0,0.0,0.0
11,3,17,3,0.2149050109228582,0.0,0.0,0.0
11,3,18,3,0.7689849853501324,0.0,0.0,0.0
11,3,19,3,0.7919765518655391,0.0,0.0,0.0
11,3,20,4,0.42937814131409974,0.0,0.0,0.0
11,3,21,4,0.28010235577791986,0.0,0.0,0.0
11,3,22,4,1.2697585342819855,0.0,0.0,0.0
11,3,23,4,3.9672943851978024,0.0,0.0,0.0
11,3,24,4,4.269449612627068,0.0,0.0,0.0
11,3,25,5,4.204106148148412,0.0,0.0,0.0
11,3,26,5,7.486116774503287,0.0,0.0,0.0
11,3,27,5,10.657255556668986,0.0,0.0,0.0
11,3,28,5,11.420288675069173,0.0,0.0,1.0
11,3,29,5,12.88919943127749,0.0,0.0,1.0
11,3,30,6,23.778132443486477,0.0,1.0,1.0
11,3,31,6,29.395452262629455,0.0,1.0,1.0
11,3,32,6,19.6427093113057,0.0,1.0,1.0
11,3,0,0,0.0,0.0,0.0,0.0
11,3,1,0,0.0010809911081183646,0.0,0.0,0.0
11,3,2,0,0.10782960612693217,0.0,0.0,0.0
11,3,3,0,0.3299672951165086,0.0,0.0,0.0
11,3,4,0,0.27103626927804897,0.0,0.0,0.0
11,3,5,1,0.14501329967668247,0.0,0.0,0.0
11,3,6,1,0.08484433565491523,0.0,0.0,0.0
11,3,7,1,0.08059156077240451,0.0,0.0,0.0
11,3,8,1,0.3247274934705462,0.0,0.0,0.0
11,3,9,1,0.6776558425312116,0.0,0.0,0.0
11,3,10,2,0.5072834292012536,0.0,0.0,0.0
11,3,11,2,0.4002603322202921,0.0,0.0,0.0
11,3,12,2,0.6508792373438985,0.0,0.0,0.0
11,3,13,2,0.6624755794657688,0.0,0.0,0.0
11,3,14,2,0.44198508284642024,0.0,0.0,0.0
11,3,15,3,0.438893695408985,0.0,0.0,0.0
11,3,16,3,0.40040529391343554,0.0,0.0,0.0
11,3,17,3,0.27230597305850807,0.0,0.0,0.0
11,3,18,3,0.20642558118844404,0.0,0.0,0.0
11,3,19,3,0.11477991957763345,0.0,0.0,0.0
11,3,20,4,0.058929975632341244,0.0,0.0,0.0
11,3,21,4,0.03674799072682158,0.0,0.0,0.0
11,3,22,4,0.2640760593030466,0.0,0.0,0.0
11,3,23,4,1.8984198440024056,0.0,0.0,0.0
11,3,24,4,2.9945779734246636,0.0,0.0,0.0
11,3,25,5,1.7283723792063734,0.0,0.0,0.0
11,3,26,5,0.8873759675476439,0.0,0.0,0.0
11,3,27,5,0.45559401275707084,0.0,0.0,0.0
11,3,28,5,0.23390976547823367,0.0,0.0,0.0
11,3,29,5,0.12695256237722827,0.0,0.0,0.0
11,3,30,6,0.5260823909200498,0.0,0.0,0.0
11,3,31,6,2.488429324964266,0.0,0.0,0.0
11,3,32,6,3.349223647256927,0.0,0.0,0.0
11,3,33,6,2.5613952055632296,0.0,0.0,0.0
11,3,34,6,2.6557625446719624,0.0,0.0,0.0
11,3,35,7,3.7957378460193585,0.0,0.0,0.0
11,3,36,7,3.3943597628728988,0.0,0.0,0.0
11,3,37,7,3.3172089510601133,0.0,0.0,0.0
11,3,38,7,5.1780949887756655,0.0,0.0,0.0
11,3,39,7,12.547711588604203,0.0,0.0,0.0
11,3,40,8,22.347190086965654,0.0,0.0,0.0
11,3,41,8,22.571527649080636,0.0,0.0,0.0
11,3,42,8,27.487653648134806,0.0,0.0,0.0
11,3,43,8,34.4081707144736,0.0,0.0,0.0
11,3,44,8,30.076850308200036,0.0,0.0,0.0
11,3,45,9,20.32870374316477,0.0,0.0,0.0
11,3,46,9,11.96302370151824,0.0,0.0,0.0
11,3,47,9,8.825555208334581,0.0,0.0,0.0
11,3,48,9,16.36523184936286,0.0,0.0,0.0
11,3,49,9,25.14207315858756,0.0,0.0,0.0
11,3,50,10,24.004659324686514,0.0,0.0,0.0
11,3,51,10,25.448307330041644,0.0,0.0,0.0
11,3,52,10,52.87415111154343,0.0,0.0,0.0
11,3,53,10,81.67131764203316,0.0,0.0,0.0
11,3,54,10,93.67159372237656,0.0,0.0,1.0
11,3,55,11,97.54206701542813,0.0,0.0,1.0
11,3,56,11,98.81719355778657,0.0,1.0,1.0
11,3,57,11,98.9342018193199,0.0,1.0,1.0
11,3,58,11,94.25141137983249,0.0,1.0,1.0
11,1,0,0,0.0,0.0,0.0,0.0
11,1,1,0,0.0,0.0,0.0,0.0
11,1,2,0,0.0,0.0,0.0,0.0
11,1,3,0,0.0,0.0,0.0,0.0
11,1,4,0,0.002504403005085334,0.0,0.0,0.0
11,1,5,1,0.06596678842273906,0.0,0.0,0.0
11,1,6,1,0.16561542214847208,0.0,0.0,0.0
11,1,7,1,0.17059820238784262,0.0,0.0,0.0
11,1,8,1,0.19160698217287697,0.0,0.0,0.0
11,1,9,1,0.23003323015590388,0.0,0.0,0.0
11,1,10,2,0.1466713923905557,0.0,0.0,0.0
11,1,11,2,0.07736860240169195,0.0,0.0,0.0
11,1,12,2,0.4630915283492809,0.0,0.0,0.0
11,1,13,2,0.8964154002690718,0.0,0.0,0.0
11,1,14,2,0.9562817338607772,0.0,0.0,0.0
11,1,15,3,1.559814344111484,0.0,0.0,0.0
11,1,16,3,2.226948436709139,0.0,0.0,0.0
11,1,17,3,2.061985960064219,0.0,0.0,0.0
11,1,18,3,1.561236051590417,0.0,0.0,0.0
11,1,19,3,1.143184933031919,0.0,0.0,0.0
11,1,20,4,0.8096854338737711,0.0,0.0,0.0
11,1,21,4,0.8970469180519879,0.0,0.0,0.0
11,1,22,4,1.1875973067632648,0.0,0.0,0.0
11,1,23,4,0.9634045247744134,0.0,0.0,0.0
11,1,24,4,0.719625412564282,0.0,0.0,0.0
11,1,25,5,0.5688559613751278,0.0,0.0,0.0
11,1,26,5,0.3051053298716674,0.0,0.0,0.0
11,1,27,5,0.16869745385777615,0.0,0.0,0.0
11,1,28,5,0.1391108613747892,0.0,0.0,0.0
11,1,29,5,0.24876893075425943,0.0,0.0,0.0
11,1,30,6,2.4277759290433796,0.0,0.0,0.0
11,1,31,6,6.527653805497616,0.0,0.0,0.0
11,1,32,6,5.444368903628524,0.0,0.0,0.0
11,1,33,6,3.2510904089910615,0.0,0.0,0.0
11,1,34,6,2.405343323506349,0.0,0.0,0.0
11,1,35,7,4.025833364727909,0.0,0.0,0.0
11,1,36,7,4.686287403861003,0.0,0.0,0.0
11,1,37,7,2.817707167692841,0.0,0.0,0.0
11,1,38,7,1.461629795615277,0.0,0.0,1.0
11,1,39,7,0.7745057402153865,0.0,0.0,1.0
11,1,40,8,0.4399374433155039,0.0,1.0,1.0
11,1,41,8,0.23492773272733952,0.0,1.0,1.0
11,1,42,8,0.12061591971772964,0.0,1.0,1.0
11,3,0,0,0.0,0.0,0.0,0.0
11,3,1,0,0.0,0.0,0.0,0.0
11,3,2,0,0.0,0.0,0.0,0.0
11,3,3,0,0.0,0.0,0.0,0.0
11,3,4,0,0.013077250110063077,0.0,0.0,0.0
11,3,5,1,0.03123819491827489,0.0,0.0,0.0
11,3,6,1,0.017415906987479843,0.0,0.0,0.0
11,3,7,1,0.008941624790851501,0.0,0.0,0.0
11,3,8,1,0.004590783239589388,0.0,0.0,0.0
11,3,9,1,0.003215439909233352,0.0,0.0,0.0
11,3,10,2,0.08489314965849579,0.0,0.0,0.0
11,3,11,2,0.24496334137194312,0.0,0.0,0.0
11,3,12,2,0.16930433702356354,0.0,0.0,0.0
11,3,13,2,0.160147167823586,0.0,0.0,0.0
11,3,14,2,0.24487186968733038,0.0,0.0,0.0
11,3,15,3,0.350961715955313,0.0,0.0,0.0
11,3,16,3,0.5777460813348294,0.0,0.0,0.0
11,3,17,3,0.5478472163064008,0.0,0.0,0.0
11,3,18,3,0.762293045299641,0.0,0.0,0.0
11,3,19,3,1.6314116833114993,0.0,0.0,0.0
11,3,20,4,2.231132284758732,0.0,0.0,0.0
11,3,21,4,2.4631098822398494,0.0,0.0,0.0
11,3,22,4,2.068839655027369,0.0,0.0,0.0
11,3,23,4,1.4339325885067802,0.0,0.0,0.0
11,3,24,4,1.3360447893535743,0.0,0.0,0.0
11,3,25,5,1.8111084174159382,0.0,0.0,0.0
11,3,26,5,1.465967692323984,0.0,0.0,0.0
11,3,27,5,0.8802435443950307,0.0,0.0,0.0
11,3,28,5,0.5955613307674557,0.0,0.0,0.0
11,3,29,5,0.3842011346156291,0.0,0.0,0.0
11,3,30,6,0.3418213840552974,0.0,0.0,0.0
11,3,31,6,1.0220574944084737,0.0,0.0,0.0
11,3,32,6,3.338426652131614,0.0,0.0,0.0
11,3,33,6,5.8312083117450975,0.0,0.0,0.0
11,3,34,6,6.728288335663896,0.0,0.0,0.0
11,3,35,7,6.884408048375109,0.0,0.0,0.0
11,3,36,7,8.540499973969743,0.0,0.0,0.0
11,3,37,7,10.705172292162171,0.0,0.0,0.0
11,3,38,7,10.971300595971412,0.0,0.0,0.0
11,3,39,7,13.033148186804928,0.0,0.0,0.0
11,3,40,8,15.555411675843832,0.0,0.0,0.0
11,3,41,8,13.287852665567637,0.0,0.0,0.0
11,3,42,8,10.983363587253312,0.0,0.0,0.0
11,3,43,8,9.468465351405316,0.0,0.0,0.0
11,3,44,8,7.984221543446789,0.0,0.0,0.0
11,3,45,9,7.317944294230486,0.0,0.0,0.0
11,3,46,9,5.998192590622013,0.0,0.0,0.0
11,3,47,9,4.929786454624636,0.0,0.0,0.0
11,3,48,9,5.177688291583568,0.0,0.0,0.0
11,3,49,9,4.847790571218212,0.0,0.0,0.0
11,3,50,10,5.942187850764821,0.0,0.0,0.0
11,3,51,10,11.893911112556928,0.0,0.0,0.0
11,3,52,10,16.03546105547441,0.0,0.0,0.0
11,3,53,10,15.279558334651153,0.0,0.0,0.0
11,3,54,10,14.637962234661625,0.0,0.0,1.0
11,3,55,11,17.944916687806213,0.0,0.0,1.0
11,3,56,11,27.695371395024438,0.0,1.0,1.0
11,3,57,11,42.02277692876032,0.0,1.0,1.0
11,3,58,11,54.716373955942565,0.0,1.0,1.0
11,1,0,0,0.0,0.0,0.0,0.0
11,1,1,0,0.003696753090325536,0.0,0.0,0.0
11,1,2,0,0.0030059020026319866,0.0,0.0,0.0
11,1,3,0,0.01276133381444704,0.0,0.0,0.0
11,1,4,0,0.12064703071869395,0.0,0.0,0.0
11,1,5,1,0.21234139272225094,0.0,0.0,0.0
11,1,6,1,0.15965759863390142,0.0,0.0,0.0
11,1,7,1,0.09012591473699724,0.0,0.0,0.0
11,1,8,1,0.04734687170563463,0.0,0.0,0.0
11,1,9,1,0.02430869446631271,0.0,0.0,0.0
11,1,10,2,0.012480499880337805,0.0,0.0,0.0
11,1,11,2,0.006407702292649656,0.0,0.0,0.0
11,1,12,2,0.003289824050710725,0.0,0.0,0.0
11,1,13,2,0.001689051986240035,0.0,0.0,0.0
11,1,14,2,0.0008671882046716375,0.0,0.0,0.0
11,1,15,3,0.00044522926970155845,0.0,0.0,0.0
11,1,16,3,0.00022858832895915937,0.0,0.0,0.0
11,1,17,3,0.00011736116129868619,0.0,0.0,0.0
11,1,18,3,6.0255229320290904e-05,0.0,0.0,0.0
11,1,19,3,3.0936066244271966e-05,0.0,0.0,0.0
11,1,20,4,1.588310600533555e-05,0.0,0.0,0.0
11,1,21,4,8.154658526548653e-06,0.0,0.0,0.0
11,1,22,4,4.186741287395179e-06,0.0,0.0,0.0
11,1,23,4,2.1495446499092407e-06,0.0,0.0,0.0
11,1,24,4,1.1036130213883252e-06,0.0,0.0,0.0
11,1,25,5,5.66613817968049e-07,0.0,0.0,0.0
11,1,26,5,2.909092340252138e-07,0.0,0.0,0.0
11,1,27,5,1.4935778083320355e-07,0.0,0.0,0.0
11,1,28,5,7.668284154048477e-08,0.0,0.0,0.0
11,1,29,5,3.937028358294853e-08,0.0,0.0,0.0
11,1,30,6,0.00040869929105637805,0.0,0.0,0.0
11,1,31,6,0.012764786566705216,0.0,0.0,0.0
11,1,32,6,0.025507186164849836,0.0,0.0,0.0
11,1,33,6,0.04331586970151636,0.0,0.0,0.0
11,1,34,6,0.19851017084999742,0.0,0.0,0.0
11,1,35,7,0.7817792516780862,0.0,0.0,0.0
11,1,36,7,1.8497414975064395,0.0,0.0,0.0
11,1,37,7,3.7306219521489434,0.0,0.0,0.0
11,1,38,7,3.6456824973889224,0.0,0.0,0.0
11,1,39,7,2.0395021437015943,0.0,0.0,0.0
11,1,40,8,1.048874205352226,0.0,0.0,0.0
11,1,41,8,0.5386917006835527,0.0,0.0,0.0
11,1,42,8,0.27657354101171744,0.0,0.0,0.0
11,1,43,8,0.15438331622145007,0.0,0.0,0.0
11,1,44,8,0.2707271654866737,0.0,0.0,0.0
11,1,45,9,1.9040161074007225,0.0,0.0,0.0
11,1,46,9,4.612675590578519,0.0,0.0,1.0
11,1,47,9,3.2290377381114785,0.0,0.0,1.0
11,1,48,9,1.6629489307161878,0.0,1.0,1.0
11,1,49,9,0.8537864491066358,0.0,1.0,1.0
11,1,50,10,0.43834857896939644,0.0,1.0,1.0
11,2,0,0,0.0,0.0,0.0,0.0
11,2,1,0,0.0002872689961935776,0.0,0.0,0.0
11,2,2,0,0.00014748882041309145,0.0,0.0,0.0
11,2,3,0,7.572328526600489e-05,0.0,0.0,0.0
11,2,4,0,3.887763096495541e-05,0.0,0.0,0.0
11,2,5,1,1.9960441284839726e-05,0.0,0.0,0.0
11,2,6,1,1.0248032259081636e-05,0.0,0.0,0.0
11,2,7,1,5.261515198210766e-06,0.0,0.0,0.0
11,2,8,1,2.7013519748115716e-06,0.0,0.0,0.0
11,2,9,1,1.3869203484007625e-06,0.0,0.0,0.0
11,2,10,2,7.120686496035995e-07,0.0,0.0,0.0
11,2,11,2,3.655882346329088e-07,0.0,0.0,0.0
11,2,12,2,1.8769925817743956e-07,0.0,0.0,0.0
11,2,13,2,0.0007568655987021938,0.0,0.0,0.0
11,2,14,2,0.0746406654030138,0.0,0.0,0.0
11,2,15,3,0.1118661024865354,0.0,0.0,0.0
11,2,16,3,0.17860284575894675,0.0,0.0,0.0
11,2,17,3,0.5385000928534334,0.0,0.0,0.0
11,2,18,3,0.42644348995872994,0.0,0.0,0.0
11,2,19,3,0.3008067856449529,0.0,0.0,0.0
11,2,20,4,0.4274508328992329,0.0,0.0,0.0
11,2,21,4,0.4655233919884349,0.0,0.0,0.0
11,2,22,4,1.1313426957010242,0.0,0.0,0.0
11,2,23,4,2.102806411196503,0.0,0.0,0.0
11,2,24,4,2.1255370296979352,0.0,0.0,0.0
11,2,25,5,4.751091226507147,0.0,0.0,0.0
11,2,26,5,6.008308487629357,0.0,0.0,0.0
11,2,27,5,4.33242592993207,0.0,0.0,0.0
11,2,28,5,2.7135656816040576,0.0,0.0,0.0
11,2,29,5,1.719602118557055,0.0,0.0,0.0
11,2,30,6,1.9507543082188152,0.0,0.0,0.0
11,2,31,6,4.003928968045032,0.0,0.0,0.0
11,2,32,6,4.683998844876728,0.0,0.0,1.0
11,2,33,6,6.656096392728619,0.0,0.0,1.0
11,2,34,6,9.720150128051944,0.0,1.0,1.0
11,2,35,7,7.422418981261654,0.0,1.0,1.0
11,2,36,7,6.67915095463298,0.0,1.0,1.0
11,2,0,0,0.0,0.0,0.0,0.0
11,2,1,0,0.0,0.0,0.0,0.0
11,2,2,0,0.00035460538843573575,0.0,0.0,0.0
11,2,3,0,0.0007143044402313494,0.0,0.0,0.0
11,2,4,0,0.0003667361278157683,0.0,0.0,0.0
11,2,5,1,0.00018828860618834051,0.0,0.0,0.0
11,2,6,1,9.667059373588025e-05,0.0,0.0,0.0
11,2,7,1,4.9632337731045836e-05,0.0,0.0,0.0
11,2,8,1,2.5482091848726207e-05,0.0,0.0,0.0
11,2,9,1,1.3082942183896922e-05,0.0,0.0,0.0
11,2,10,2,6.717006484526333e-06,0.0,0.0,0.0
11,2,11,2,3.448626117808753e-06,0.0,0.0,0.0
11,2,12,2,0.0007440544070026006,0.0,0.0,0.0
11,2,13,2,0.0007365790035703936,0.0,0.0,0.0
11,2,14,2,0.004146208133501161,0.0,0.0,0.0
11,2,15,3,0.0755124620291604,0.0,0.0,0.0
11,2,16,3,0.1675656999512814,0.0,0.0,0.0
11,2,17,3,0.12404484717868383,0.0,0.0,0.0
11,2,18,3,0.15228932625626562,0.0,0.0,0.0
11,2,19,3,0.4002330361336534,0.0,0.0,0.0
11,2,20,4,0.35825705610475617,0.0,0.0,0.0
11,2,21,4,0.286073214490123,0.0,0.0,0.0
11,2,22,4,0.3886333888079535,0.0,0.0,0.0
11,2,23,4,0.4682097482457824,0.0,0.0,0.0
11,2,24,4,0.8237290248833906,0.0,0.0,0.0
11,2,25,5,0.5982242422916497,0.0,0.0,0.0
11,2,26,5,0.37974136664109576,0.0,0.0,0.0
11,2,27,5,0.5752905462866391,0.0,0.0,1.0
11,2,28,5,0.9418632570109636,0.0,0.0,1.0
11,2,29,5,0.7364149360140895,0.0,1.0,1.0
11,2,30,6,0.38973533047746756,0.0,1.0,1.0
11,2,31,6,0.20009886297033974,0.0,1.0,1.0
12,1,0,0,0.0,0.0,0.0,0.0
12,1,1,0,0.315022490155246,0.0,0.0,0.0
12,1,2,0,0.46417765731644417,0.0,0.0,0.0
12,1,3,0,9.58702547497025,1.0,0.0,0.0
12,1,4,0,22.168550983685932,1.0,0.0,0.0
12,1,5,1,15.042074894586797,1.0,0.0,0.0
12,1,6,1,9.149048688751854,0.0,0.0,0.0
12,1,7,1,7.042085668516023,0.0,0.0,0.0
12,1,8,1,4.495015011640638,0.0,0.0,0.0
12,1,9,1,2.3203337051149546,0.0,0.0,0.0
12,1,10,2,1.191299046074342,0.0,0.0,0.0
12,1,11,2,0.6117250523607545,0.0,0.0,0.0
12,1,12,2,0.31786733193580097,0.0,0.0,0.0
12,1,13,2,0.27010836903905844,0.0,0.0,0.0
12,1,14,2,0.21927182805080708,0.0,0.0,0.0
12,1,15,3,0.11665063836614917,0.0,0.0,0.0
12,1,16,3,0.15371205617378883,0.0,0.0,0.0
12,1,17,3,1.8517047483814577,0.0,0.0,0.0
12,1,18,3,5.070161028428096,0.0,0.0,0.0
12,1,19,3,5.098671866842169,0.0,0.0,0.0
12,1,20,4,5.138702880925576,0.0,0.0,0.0
12,1,21,4,3.795867983914701,0.0,0.0,0.0
12,1,22,4,2.1465868608174343,0.0,0.0,0.0
12,1,23,4,1.4741423332658163,0.0,0.0,0.0
12,1,24,4,1.9434711908513131,0.0,0.0,0.0
12,1,25,5,3.2245440190553074,0.0,0.0,0.0
12,1,26,5,7.247301101496513,0.0,0.0,0.0
12,1,27,5,10.425775915403978,0.0,0.0,0.0
12,1,28,5,9.076785680684244,0.0,0.0,0.0
12,1,29,5,11.846911255628878,0.0,0.0,0.0
12,1,30,6,27.093742329305904,0.0,0.0,0.0
12,1,31,6,44.282667932454714,1.0,0.0,0.0
12,1,32,6,55.1746131315533,1.0,0.0,0.0
12,1,33,6,67.30139497486739,1.0,0.0,0.0
12,1,34,6,74.9060432629586,1.0,0.0,0.0
12,1,35,7,78.03886182354873,1.0,0.0,0.0
12,1,36,7,69.90016853572615,1.0,0.0,0.0
12,1,37,7,48.28374399414305,0.0,0.0,0.0
12,1,38,7,35.93630344085182,0.0,0.0,0.0
12,1,39,7,40.79611109578934,0.0,0.0,0.0
12,1,40,8,39.38820823905829,0.0,0.0,0.0
12,1,41,8,32.1015886321031,0.0,0.0,0.0
12,1,42,8,27.958764443439602,0.0,0.0,0.0
12,1,43,8,29.333941104116576,0.0,0.0,0.0
12,1,44,8,24.24958837925748,0.0,0.0,0.0
12,1,45,9,15.18498288192188,0.0,0.0,0.0
12,1,46,9,9.66400018367748,0.0,0.0,0.0
12,1,47,9,16.625149546117,0.0,0.0,0.0
12,1,48,9,38.435961698012036,0.0,0.0,0.0
12,1,49,9,39.19286161231885,0.0,0.0,0.0
12,1,50,10,28.847659739208392,0.0,0.0,0.0
12,1,51,10,18.61484814647787,0.0,0.0,0.0
12,1,52,10,13.666581931227137,0.0,0.0,0.0
12,1,53,10,20.103065923865948,0.0,0.0,0.0
12,1,54,10,43.398871286430264,0.0,0.0,0.0
12,1,55,11,69.19549337125,0.0,0.0,0.0
12,1,56,11,69.86661024680647,0.0,0.0,0.0
12,1,57,11,58.52425963971286,0.0,0.0,0.0
12,1,58,11,51.7782914556825,0.0,0.0,0.0
12,1,59,11,41.26981587240331,0.0,0.0,0.0
12,1,60,11,27.349739258113225,0.0,0.0,0.0
12,1,61,11,28.032880090893542,0.0,0.0,0.0
12,1,62,11,45.7395345143681,0.0,0.0,0.0
12,1,63,11,51.3810750179525,0.0,0.0,0.0
12,1,64,11,61.90757857761661,0.0,0.0,0.0
12,1,65,11,74.80636394805802,0.0,0.0,0.0
12,1,66,11,86.20344849352259,0.0,0.0,0.0
12,1,67,11,94.85987031089812,0.0,0.0,0.0
12,1,68,11,98.17673132529036,0.0,0.0,1.0
12,1,69,11,97.91742142690684,0.0,0.0,1.0
12,1,70,11,97.54954535017413,0.0,1.0,1.0
12,1,71,11,99.02497198680311,0.0,1.0,1.0
12,1,72,11,99.74037449351036,0.0,1.0,1.0
12,3,0,0,0.0,0.0,0.0,0.0
12,3,1,0,0.018267019436636885,0.0,0.0,0.0
12,3,2,0,0.16094166125489504,0.0,0.0,0.0
12,3,3,0,0.4077526095713977,0.0,0.0,0.0
12,3,4,0,0.40474923932165763,0.0,0.0,0.0
12,3,5,1,1.0738020510080886,0.0,0.0,0.0
12,3,6,1,1.933249513282267,0.0,0.0,0.0
12,3,7,1,1.0790509689576564,0.0,0.0,0.0
12,3,8,1,0.6499361794459948,0.0,0.0,0.0
12,3,9,1,0.8267281547014926,0.0,0.0,0.0
12,3,10,2,0.46698897889680696,0.0,0.0,0.0
12,3,11,2,0.24272334591045383,0.0,0.0,0.0
12,3,12,2,0.41062920005226905,0.0,0.0,0.0
12,3,13,2,0.7925702474006107,0.0,0.0,0.0
12,3,14,2,0.9694382473473891,0.0,0.0,0.0
12,3,15,3,2.4760179129519053,0.0,0.0,0.0
12,3,16,3,6.99048213497548,0.0,0.0,0.0
12,3,17,3,15.341687350116985,0.0,0.0,0.0
12,3,18,3,31.296060236589675,1.0,0.0,0.0
12,3,19,3,52.38826411679275,1.0,0.0,0.0
12,3,20,4,59.105917520040165,1.0,0.0,0.0
12,3,21,4,61.95724620904801,1.0,0.0,0.0
12,3,22,4,71.38058045476268,1.0,0.0,0.0
12,3,23,4,75.15954448371727,1.0,0.0,0.0
12,3,24,4,70.54703720930306,1.0,0.0,0.0
12,3,25,5,75.01750230949665,1.0,0.0,0.0
12,3,26,5,84.71177757367403,1.0,0.0,0.0
12,3,27,5,79.7949770658953,1.0,0.0,0.0
12,3,28,5,72.02136274370841,1.0,0.0,0.0
12,3,29,5,78.86032389929959,1.0,0.0,0.0
12,3,30,6,82.88040306566359,1.0,0.0,0.0
12,3,31,6,88.31450343239982,1.0,0.0,0.0
12,3,32,6,95.19882280738281,1.0,0.0,0.0
12,3,33,6,97.09485142245593,1.0,0.0,0.0
12,3,34,6,96.13363413212514,1.0,0.0,0.0
12,3,35,7,95.3428177990738,1.0,0.0,0.0
12,3,36,7,92.17227581806624,1.0,0.0,0.0
12,3,37,7,79.87490671039234,1.0,0.0,0.0
12,3,38,7,71.91432930483523,1.0,0.0,0.0
12,3,39,7,82.73371181494242,1.0,0.0,0.0
12,3,40,8,89.64713282325633,1.0,0.0,0.0
12,3,41,8,88.63240102958102,1.0,0.0,0.0
12,3,42,8,87.01412317137678,0.0,0.0,0.0
12,3,43,8,81.81408367009689,0.0,0.0,0.0
12,3,44,8,67.96266928796607,0.0,0.0,0.0
12,3,45,9,63.99497798467411,0.0,0.0,0.0
12,3,46,9,72.59205606780358,0.0,0.0,0.0
12,3,47,9,69.06523335885598,0.0,0.0,0.0
12,3,48,9,67.99914903630625,0.0,0.0,0.0
12,3,49,9,83.30867732623018,0.0,0.0,0.0
12,3,50,10,88.4328313538771,0.0,0.0,0.0
12,3,51,10,84.70603354931762,0.0,0.0,0.0
12,3,52,10,84.4094425696221,0.0,0.0,0.0
12,3,53,10,84.24420022298516,0.0,0.0,0.0
12,3,54,10,80.75991267361222,0.0,0.0,0.0
12,3,55,11,80.26344071300491,0.0,0.0,0.0
12,3,56,11,77.62574049811846,0.0,0.0,1.0
12,3,57,11,61.47191744541823,0.0,0.0,1.0
12,3,58,11,47.783250310804206,0.0,1.0,1.0
12,3,59,11,45.269881496069274,0.0,1.0,1.0
12,3,60,11,44.80482104942652,0.0,1.0,1.0
12,2,0,0,0.0,0.0,0.0,0.0
12,2,1,0,1.291744980742779,0.0,0.0,0.0
12,2,2,0,0.8229675110568669,0.0,0.0,0.0
12,2,3,0,0.42321562028131177,0.0,0.0,0.0
12,2,4,0,0.21728614449442285,0.0,0.0,0.0
12,2,5,1,0.11155842631202625,0.0,0.0,0.0
12,2,6,1,0.05727600584093031,0.0,0.0,0.0
12,2,7,1,0.029406481908544398,0.0,0.0,0.0
12,2,8,1,0.015097791222368926,0.0,0.0,0.0
12,2,9,1,0.00775146447314422,0.0,0.0,0.0
12,2,10,2,0.003979734558085201,0.0,0.0,0.0
12,2,11,2,0.002043263851326552,0.0,0.0,0.0
12,2,12,2,0.0010490466399715184,0.0,0.0,0.0
12,2,13,2,0.002200468793793269,0.0,0.0,0.0
12,2,14,2,0.04716997374909866,0.0,0.0,0.0
12,2,15,3,0.09026938702385415,0.0,0.0,0.0
12,2,16,3,0.3034879411530052,0.0,0.0,0.0
12,2,17,3,1.4066677457932875,0.0,0.0,0.0
12,2,18,3,3.317895166240305,0.0,0.0,0.0
12,2,19,3,3.6086827209848775,0.0,0.0,0.0
12,2,20,4,2.298963681358951,0.0,0.0,0.0
12,2,21,4,1.2592669655926936,0.0,0.0,0.0
12,2,22,4,0.6532922898333758,0.0,0.0,0.0
12,2,23,4,0.3354365937872803,0.0,0.0,0.0
12,2,24,4,0.17526941649123795,0.0,0.0,0.0
12,2,25,5,0.7912874744345421,0.0,0.0,0.0
12,2,26,5,4.196140711271008,0.0,0.0,0.0
12,2,27,5,4.395825327975207,0.0,0.0,0.0
12,2,28,5,3.2436492145347273,0.0,0.0,0.0
12,2,29,5,4.529011056667131,0.0,0.0,0.0
12,2,30,6,9.556203449371747,0.0,0.0,0.0
12,2,31,6,14.364075825633531,0.0,0.0,0.0
12,2,32,6,24.291279910116597,0.0,0.0,0.0
12,2,33,6,36.414919747385426,0.0,0.0,0.0
12,2,34,6,47.92776125471746,0.0,0.0,0.0
12,2,35,7,64.84505627494917,1.0,0.0,0.0
12,2,36,7,76.65403327601277,1.0,0.0,0.0
12,2,37,7,72.57724072721277,1.0,0.0,0.0
12,2,38,7,64.64258206194786,0.0,0.0,0.0
12,2,39,7,78.96309148845427,1.0,0.0,0.0
12,2,40,8,93.84978955646955,1.0,0.0,0.0
12,2,41,8,98.05750345510604,1.0,0.0,0.0
12,2,42,8,96.38435811880267,1.0,0.0,1.0
12,2,43,8,95.5364677563811,0.0,0.0,1.0
12,2,44,8,93.79097103889191,0.0,1.0,1.0
12,2,45,9,85.06851904369753,0.0,1.0,1.0
12,2,46,9,76.21979001340054,0.0,1.0,1.0
12,1,0,0,0.0,0.0,0.0,0.0
12,1,1,0,0.006612018213033899,0.0,0.0,0.0
12,1,2,0,0.00497552340183717,0.0,0.0,0.0
12,1,3,0,0.287195576779564,0.0,0.0,0.0
12,1,4,0,0.7791418507288796,0.0,0.0,0.0
12,1,5,1,0.48306946800770034,0.0,0.0,0.0
12,1,6,1,0.4578297783564713,0.0,0.0,0.0
12,1,7,1,3.1760645595493453,0.0,0.0,0.0
12,1,8,1,9.497337566178377,0.0,0.0,0.0
12,1,9,1,7.04794148498934,0.0,0.0,0.0
12,1,10,2,3.6343892387158334,0.0,0.0,0.0
12,1,11,2,1.8659576523845416,0.0,0.0,0.0
12,1,12,2,1.000864661608341,0.0,0.0,0.0
12,1,13,2,0.8112675041747335,0.0,0.0,0.0
12,1,14,2,0.6543080075610765,0.0,0.0,0.0
12,1,15,3,4.147982455578329,0.0,0.0,0.0
12,1,16,3,17.73479938339603,1.0,0.0,0.0
12,1,17,3,16.565742792789223,0.0,0.0,0.0
12,1,18,3,11.442295532877083,0.0,0.0,0.0
12,1,19,3,11.129851116267439,0.0,0.0,0.0
12,1,20,4,10.70442169723762,0.0,0.0,0.0
12,1,21,4,10.377192284050919,0.0,0.0,0.0
12,1,22,4,19.709856360599034,0.0,0.0,0.0
12,1,23,4,36.40853845744083,1.0,0.0,0.0
12,1,24,4,40.87724753093477,1.0,0.0,0.0
12,1,25,5,36.286866061264845,1.0,0.0,0.0
12,1,26,5,48.134572014123556,1.0,0.0,0.0
12,1,27,5,70.35171804480291,1.0,0.0,0.0
12,1,28,5,74.16218618923426,1.0,0.0,1.0
12,1,29,5,75.43093469090388,1.0,0.0,1.0
12,1,30,6,84.67762377057421,1.0,1.0,1.0
12,1,31,6,90.36401666414912,1.0,1.0,1.0
12,1,32,6,90.7341071148009,1.0,1.0,1.0
12,1,0,0,0.0,0.0,0.0,0.0
12,1,1,0,0.0,0.0,0.0,0.0
12,1,2,0,0.0,0.0,0.0,0.0
12,1,3,0,0.007194775492000066,0.0,0.0,0.0
12,1,4,0,0.02718976561028922,0.0,0.0,0.0
12,1,5,1,0.02160727477568407,0.0,0.0,0.0
12,1,6,1,0.011093544765477324,0.0,0.0,0.0
12,1,7,1,0.006021270082115454,0.0,0.0,0.0
12,1,8,1,0.0033388625529869034,0.0,0.0,0.0
12,1,9,1,0.0017142291928003443,0.0,0.0,0.0
12,1,10,2,0.0008801146135291199,0.0,0.0,0.0
12,1,11,2,0.00045186590929660456,0.0,0.0,0.0
12,1,12,2,0.00023199569334010555,0.0,0.0,0.0
12,1,13,2,0.00011911056050264587,0.0,0.0,0.0
12,1,14,2,6.115340081962576e-05,0.0,0.0,0.0
12,1,15,3,3.139720286785765e-05,0.0,0.0,0.0
12,1,16,3,1.611986144209734e-05,0.0,0.0,0.0
12,1,17,3,0.08398517680559042,0.0,0.0,0.0
12,1,18,3,0.3896107919090228,0.0,0.0,0.0
12,1,19,3,0.39632550318498083,0.0,0.0,0.0
12,1,20,4,0.2687393424972928,0.0,0.0,0.0
12,1,21,4,0.16915510073489343,0.0,0.0,0.0
12,1,22,4,0.11496126493355587,0.0,0.0,0.0
12,1,23,4,0.9879019608211194,0.0,0.0,0.0
12,1,24,4,3.15717314559991,0.0,0.0,0.0
12,1,25,5,3.2106433139337103,0.0,0.0,0.0
12,1,26,5,3.339123156823775,0.0,0.0,0.0
12,1,27,5,11.06440789460813,0.0,0.0,0.0
12,1,28,5,26.49434217685532,0.0,0.0,0.0
12,1,29,5,28.656339480615692,0.0,0.0,0.0
12,1,30,6,28.597548354950085,0.0,0.0,0.0
12,1,31,6,45.36488753781272,1.0,0.0,0.0
12,1,32,6,57.49268036284582,1.0,0.0,1.0
12,1,33,6,52.916247120480534,1.0,0.0,1.0
12,1,34,6,52.130449158808275,0.0,1.0,1.0
12,1,35,7,42.33578374019258,0.0,1.0,1.0
12,1,36,7,27.669492304013072,0.0,1.0,1.0
12,1,0,0,0.0,0.0,0.0,0.0
12,1,1,0,0.0,0.0,0.0,0.0
12,1,2,0,0.0,0.0,0.0,0.0
12,1,3,0,0.0022937148743211173,0.0,0.0,0.0
12,1,4,0,0.008755698785560834,0.0,0.0,0.0
12,1,5,1,0.004794930115837917,0.0,0.0,0.0
12,1,6,1,0.039472810427185055,0.0,0.0,0.0
12,1,7,1,2.205554242558159,0.0,0.0,0.0
12,1,8,1,2.3155735674936264,0.0,0.0,0.0
12,1,9,1,1.2044031338277033,0.0,0.0,0.0
12,1,10,2,0.6183611871236455,0.0,0.0,0.0
12,1,11,2,0.317477219214596,0.0,0.0,0.0
12,1,12,2,0.16299823924763682,0.0,0.0,0.0
12,1,13,2,0.09286586481063788,0.0,0.0,0.0
12,1,14,2,0.17300788884956164,0.0,0.0,0.0
12,1,15,3,0.4516228003007542,0.0,0.0,0.0
12,1,16,3,0.5161343536375557,0.0,0.0,0.0
12,1,17,3,5.466706059806132,0.0,0.0,0.0
12,1,18,3,14.686063876443761,0.0,0.0,0.0
12,1,19,3,11.882598696869621,0.0,0.0,0.0
12,1,20,4,7.519896771205033,0.0,0.0,0.0
12,1,21,4,4.929778083423209,0.0,0.0,0.0
12,1,22,4,2.8527689241296015,0.0,0.0,0.0
12,1,23,4,1.550773709320118,0.0,0.0,0.0
12,1,24,4,0.9200754509089146,0.0,0.0,0.0
12,1,25,5,0.4958105067380656,0.0,0.0,0.0
12,1,26,5,0.2545576019555476,0.0,0.0,0.0
12,1,27,5,0.18059555242149505,0.0,0.0,0.0
12,1,28,5,0.5153907452356243,0.0,0.0,0.0
12,1,29,5,1.113340839158531,0.0,0.0,0.0
12,1,30,6,8.294414788711679,0.0,0.0,0.0
12,1,31,6,37.9487818899608,0.0,0.0,0.0
12,1,32,6,59.35519972625025,1.0,0.0,0.0
12,1,33,6,74.75276878316461,1.0,0.0,1.0
12,1,34,6,89.22923636320786,1.0,0.0,1.0
12,1,35,7,95.0380289191495,1.0,1.0,1.0
12,1,36,7,97.16342493341767,1.0,1.0,1.0
12,1,37,7,98.53131421784944,1.0,1.0,1.0
12,1,0,0,0.0,0.0,0.0,0.0
12,1,1,0,0.0,0.0,0.0,0.0
12,1,2,0,0.0,0.0,0.0,0.0
12,1,3,0,0.0,0.0,0.0,0.0
12,1,4,0,0.0007878544962357502,0.0,0.0,0.0
12,1,5,1,0.006771862031518389,0.0,0.0,0.0
12,1,6,1,0.09885652648179363,0.0,0.0,0.0
12,1,7,1,0.3882353504803685,0.0,0.0,0.0
12,1,8,1,0.31081079230652975,0.0,0.0,0.0
12,1,9,1,0.1604213660619444,0.0,0.0,0.0
12,1,10,2,0.22314449263727937,0.0,0.0,0.0
12,1,11,2,1.2305759841209896,0.0,0.0,0.0
12,1,12,2,1.3320874031351044,0.0,0.0,0.0
12,1,13,2,0.9444595617498772,0.0,0.0,0.0
12,1,14,2,1.8719165748682491,0.0,0.0,0.0
12,1,15,3,9.739575891746366,0.0,0.0,0.0
12,1,16,3,20.913768755414555,1.0,0.0,0.0
12,1,17,3,36.04985533640062,1.0,0.0,0.0
12,1,18,3,56.90368512263562,1.0,0.0,0.0
12,1,19,3,49.83815563760171,1.0,0.0,0.0
12,1,20,4,31.215175575185196,1.0,0.0,0.0
12,1,21,4,19.178365943137955,0.0,0.0,0.0
12,1,22,4,13.665206814262282,0.0,0.0,0.0
12,1,23,4,9.335505303446586,0.0,0.0,0.0
12,1,24,4,6.107238657769292,0.0,0.0,0.0
12,1,25,5,10.376542464330353,0.0,0.0,0.0
12,1,26,5,16.202878108416915,0.0,0.0,0.0
12,1,27,5,12.885144096863936,0.0,0.0,0.0
12,1,28,5,14.163977410091181,0.0,0.0,0.0
12,1,29,5,21.04021379517654,0.0,0.0,0.0
12,1,30,6,18.327667699532697,0.0,0.0,0.0
12,1,31,6,13.13628778402606,0.0,0.0,0.0
12,1,32,6,13.79163947539861,0.0,0.0,0.0
12,1,33,6,17.075755248485358,0.0,0.0,0.0
12,1,34,6,16.247938459650626,0.0,0.0,0.0
12,1,35,7,19.173535444494796,0.0,0.0,0.0
12,1,36,7,20.044816381818933,0.0,0.0,0.0
12,1,37,7,15.861423595587253,0.0,0.0,0.0
12,1,38,7,17.572826151129814,0.0,0.0,0.0
12,1,39,7,46.27673810192002,0.0,0.0,0.0
12,1,40,8,72.28431223414407,0.0,0.0,0.0
12,1,41,8,80.94815317592229,0.0,0.0,0.0
12,1,42,8,86.44183669156929,0.0,0.0,0.0
12,1,43,8,83.94970394535461,0.0,0.0,0.0
12,1,44,8,74.74244641701776,0.0,0.0,0.0
12,1,45,9,83.26376160465549,0.0,0.0,0.0
12,1,46,9,92.72990449324095,0.0,0.0,0.0
12,1,47,9,95.00853543550157,0.0,0.0,0.0
12,1,48,9,97.32777828332716,0.0,0.0,0.0
12,1,49,9,98.6054841584666,0.0,0.0,0.0
12,1,50,10,97.91716966699153,0.0,0.0,0.0
12,1,51,10,98.37643943127337,0.0,0.0,0.0
12,1,52,10,99.10261718357259,0.0,0.0,0.0
12,1,53,10,96.65351334450324,0.0,0.0,0.0
12,1,54,10,94.3459418756498,0.0,0.0,0.0
12,1,55,11,98.00929792462124,0.0,0.0,0.0
12,1,56,11,99.47443561849494,0.0,0.0,0.0
12,1,57,11,99.85774275705415,0.0,0.0,0.0
12,1,58,11,99.91393464871703,0.0,0.0,1.0
12,1,59,11,99.82631697496646,0.0,0.0,1.0
12,1,60,11,99.7515644523221,0.0,1.0,1.0
12,1,61,11,99.84352103803718,0.0,1.0,1.0
12,1,62,11,99.94599665514951,0.0,1.0,1.0
12,3,0,0,0.0,0.0,0.0,0.0
12,3,1,0,0.0,0.0,0.0,0.0
12,3,2,0,0.0,0.0,0.0,0.0
12,3,3,0,0.0,0.0,0.0,0.0
12,3,4,0,0.0,0.0,0.0,0.0
12,3,5,1,0.0,0.0,0.0,0.0
12,3,6,1,0.003137010416488319,0.0,0.0,0.0
12,3,7,1,1.0001714766217666,0.0,0.0,0.0
12,3,8,1,12.545060304401453,1.0,0.0,0.0
12,3,9,1,21.133122196667188,1.0,0.0,0.0
12,3,10,2,12.729512577016287,0.0,0.0,0.0
12,3,11,2,7.555973767000776,0.0,0.0,0.0
12,3,12,2,13.18132704845533,0.0,0.0,0.0
12,3,13,2,24.049361624218804,1.0,0.0,0.0
12,3,14,2,19.884400807944445,1.0,0.0,0.0
12,3,15,3,12.930219512023971,0.0,0.0,0.0
12,3,16,3,9.247788525101836,0.0,0.0,0.0
12,3,17,3,17.22772591288765,0.0,0.0,0.0
12,3,18,3,36.31473164163339,1.0,0.0,0.0
12,3,19,3,40.02288387906035,1.0,0.0,0.0
12,3,20,4,38.09513541280016,1.0,0.0,0.0
12,3,21,4,51.13064194723529,1.0,0.0,0.0
12,3,22,4,57.15512710217662,1.0,0.0,0.0
12,3,23,4,47.00349695879171,1.0,0.0,0.0
12,3,24,4,40.41169274800138,1.0,0.0,0.0
12,3,25,5,55.0838662315912,1.0,0.0,0.0
12,3,26,5,72.43271355809398,1.0,0.0,0.0
12,3,27,5,82.72100674490123,1.0,0.0,0.0
12,3,28,5,81.74952403052731,1.0,0.0,0.0
12,3,29,5,66.54217561303447,1.0,0.0,0.0
12,3,30,6,65.16494656417544,1.0,0.0,0.0
12,3,31,6,82.47154940811595,1.0,0.0,0.0
12,3,32,6,88.90797236685707,1.0,0.0,0.0
12,3,33,6,89.80033683237619,1.0,0.0,0.0
12,3,34,6,88.36870813131321,1.0,0.0,0.0
12,3,35,7,78.05130232002055,1.0,0.0,0.0
12,3,36,7,59.29201865372102,0.0,0.0,0.0
12,3,37,7,45.40422783482103,0.0,0.0,0.0
12,3,38,7,31.909316216369504,0.0,0.0,0.0
12,3,39,7,24.336686222535118,0.0,0.0,0.0
12,3,40,8,29.303878407345735,0.0,0.0,0.0
12,3,41,8,27.204894202677746,0.0,0.0,0.0
12,3,42,8,23.294010258646367,0.0,0.0,0.0
12,3,43,8,22.957243930849938,0.0,0.0,0.0
12,3,44,8,27.954511704810827,0.0,0.0,0.0
12,3,45,9,57.97737057047375,0.0,0.0,0.0
12,3,46,9,80.87905623294733,0.0,0.0,0.0
12,3,47,9,82.07193050568156,0.0,0.0,0.0
12,3,48,9,85.52040745009522,0.0,0.0,0.0
12,3,49,9,89.91137959730688,0.0,0.0,0.0
12,3,50,10,78.17941849728689,0.0,0.0,0.0
12,3,51,10,56.668119517903335,0.0,0.0,0.0
12,3,52,10,35.958896215978356,0.0,0.0,0.0
12,3,53,10,19.312711781068266,0.0,0.0,0.0
12,3,54,10,9.929854824883188,0.0,0.0,0.0
12,3,55,11,5.135178555665615,0.0,0.0,0.0
12,3,56,11,3.119586744329907,0.0,0.0,0.0
12,3,57,11,4.944147166203411,0.0,0.0,0.0
12,3,58,11,7.713648495497043,0.0,0.0,1.0
12,3,59,11,9.2968714873729,0.0,0.0,1.0
12,3,60,11,9.885923012640992,0.0,1.0,1.0
12,3,61,11,10.020238926032032,0.0,1.0,1.0
12,3,62,11,10.972123913480393,0.0,1.0,1.0
13,2,0,0,0.0,0.0,0.0,0.0
13,2,1,0,2.9600945850887936,0.0,0.0,0.0
13,2,2,0,2.7921054338826723,0.0,0.0,0.0
13,2,3,0,2.2762658485697242,0.0,0.0,0.0
13,2,4,0,5.093296105584498,0.0,0.0,0.0
13,2,5,1,7.5904408042347775,0.0,0.0,0.0
13,2,6,1,6.19072487303252,0.0,0.0,0.0
13,2,7,1,4.356482827499767,0.0,0.0,0.0
13,2,8,1,7.557462511214358,0.0,0.0,0.0
13,2,9,1,12.45561046234528,1.0,0.0,0.0
13,2,10,2,8.95497434399034,0.0,0.0,0.0
13,2,11,2,9.847336199470123,0.0,0.0,0.0
13,2,12,2,24.560930349574328,1.0,0.0,1.0
13,2,13,2,24.950046909983726,1.0,0.0,1.0
13,2,14,2,18.338049466790714,1.0,1.0,1.0
13,2,15,3,16.65128298638631,1.0,1.0,1.0
13,2,16,3,10.722165790966148,0.0,1.0,1.0
13,2,0,0,0.0,0.0,0.0,0.0
13,2,1,0,0.40706011281958676,0.0,0.0,0.0
13,2,2,0,0.8344264199279678,0.0,0.0,0.0
13,2,3,0,1.0117734088730177,0.0,0.0,0.0
13,2,4,0,0.5967481088777791,0.0,0.0,0.0
13,2,5,1,0.597103613308745,0.0,0.0,0.0
13,2,6,1,1.7564282444039625,0.0,0.0,0.0
13,2,7,1,1.3717234051924398,0.0,0.0,0.0
13,2,8,1,0.8297611029655008,0.0,0.0,0.0
13,2,9,1,2.1824338493457516,0.0,0.0,0.0
13,2,10,2,22.31242109879447,1.0,0.0,0.0
13,2,11,2,28.4037958424995,1.0,0.0,0.0
13,2,12,2,16.215981810811268,1.0,0.0,0.0
13,2,13,2,8.611590832394942,0.0,0.0,0.0
13,2,14,2,7.852104998275742,0.0,0.0,0.0
13,2,15,3,28.274565753820404,1.0,0.0,0.0
13,2,16,3,73.51092354910627,1.0,0.0,0.0
13,2,17,3,91.59075718343135,1.0,0.0,0.0
13,2,18,3,70.82613461519254,1.0,0.0,0.0
13,2,19,3,37.0195129530234,1.0,0.0,0.0
13,2,20,4,19.007165855417295,0.0,0.0,1.0
13,2,21,4,10.217967659920433,0.0,0.0,1.0
13,2,22,4,19.729164502196628,0.0,1.0,1.0
13,2,23,4,25.941723270991346,1.0,1.0,1.0
13,2,24,4,43.37454649151974,1.0,1.0,1.0
13,3,0,0,0.0,0.0,0.0,0.0
13,3,1,0,0.1846305693095754,0.0,0.0,0.0
13,3,2,0,1.8374863849786633,0.0,0.0,0.0
13,3,3,0,3.808396785247659,0.0,0.0,0.0
13,3,4,0,3.457129818562291,0.0,0.0,1.0
13,3,5,1,2.730483074871557,0.0,0.0,1.0
13,3,6,1,1.581699542370528,0.0,1.0,1.0
13,3,7,1,1.0178485472337953,0.0,1.0,1.0
13,3,8,1,1.3786115798008791,0.0,1.0,1.0
13,2,0,0,0.0,0.0,0.0,0.0
13,2,1,0,3.8395167985841097,0.0,0.0,0.0
13,2,2,0,4.545487300886182,0.0,0.0,0.0
13,2,3,0,4.579166465978783,0.0,0.0,0.0
13,2,4,0,12.645828018605247,1.0,0.0,0.0
13,2,5,1,30.50111374105174,1.0,0.0,0.0
13,2,6,1,24.316891811301964,1.0,0.0,0.0
13,2,7,1,24.702437509718003,1.0,0.0,0.0
13,2,8,1,62.11302697343112,1.0,0.0,0.0
13,2,9,1,86.61928731528667,1.0,0.0,0.0
13,2,10,2,95.85812161333824,1.0,0.0,1.0
13,2,11,2,92.48341184978679,1.0,0.0,1.0
13,2,12,2,68.94896113889278,1.0,1.0,1.0
13,2,13,2,63.1807287234978,1.0,1.0,1.0
13,2,14,2,81.96920893473207,1.0,1.0,1.0
13,3,0,0,0.0,0.0,0.0,0.0
13,3,1,0,0.005197941160806616,0.0,0.0,0.0
13,3,2,0,0.35502780192430916,0.0,0.0,0.0
13,3,3,0,0.6122555561629093,0.0,0.0,0.0
13,3,4,0,0.3560312271487738,0.0,0.0,0.0
13,3,5,1,0.1829307227075314,0.0,0.0,0.0
13,3,6,1,0.09391976463505088,0.0,0.0,0.0
13,3,7,1,0.05909371869339192,0.0,0.0,0.0
13,3,8,1,0.07095459564566603,0.0,0.0,0.0
13,3,9,1,0.4371724502787509,0.0,0.0,0.0
13,3,10,2,3.9522433270650743,0.0,0.0,0.0
13,3,11,2,6.169294887068337,0.0,0.0,0.0
13,3,12,2,6.015829010861124,0.0,0.0,0.0
13,3,13,2,7.617493306247232,0.0,0.0,0.0
13,3,14,2,8.121653983487402,0.0,0.0,0.0
13,3,15,3,14.965283508125776,0.0,0.0,0.0
13,3,16,3,26.070708232699005,1.0,0.0,0.0
13,3,17,3,22.684224229978724,1.0,0.0,0.0
13,3,18,3,15.827426373063284,0.0,0.0,0.0
13,3,19,3,10.465344440297695,0.0,0.0,0.0
13,3,20,4,6.7887909295213795,0.0,0.0,0.0
13,3,21,4,4.955385483614263,0.0,0.0,0.0
13,3,22,4,5.040517031710044,0.0,0.0,0.0
13,3,23,4,6.66601760362271,0.0,0.0,0.0
13,3,24,4,5.653038281763708,0.0,0.0,0.0
13,3,25,5,6.797963970528249,0.0,0.0,0.0
13,3,26,5,11.057963840416342,0.0,0.0,0.0
13,3,27,5,8.006039716423812,0.0,0.0,0.0
13,3,28,5,8.978500599606013,0.0,0.0,0.0
13,3,29,5,25.75465792103082,0.0,0.0,0.0
13,3,30,6,30.936490808017364,0.0,0.0,0.0
13,3,31,6,26.934241216930694,0.0,0.0,0.0
13,3,32,6,22.816975187438473,0.0,0.0,0.0
13,3,33,6,20.862144382184297,0.0,0.0,0.0
13,3,34,6,19.318241018570127,0.0,0.0,1.0
13,3,35,7,14.969114414123872,0.0,0.0,1.0
13,3,36,7,21.596889693668196,0.0,1.0,1.0
13,3,37,7,22.365325550973786,0.0,1.0,1.0
13,3,38,7,14.373252687094901,0.0,1.0,1.0
13,1,0,0,0.0,0.0,0.0,0.0
13,1,1,0,0.0015900285051718792,0.0,0.0,0.0
13,1,2,0,0.058623576367004965,0.0,0.0,0.0
13,1,3,0,0.051623194760647084,0.0,0.0,0.0
13,1,4,0,0.026504231929269866,0.0,0.0,0.0
13,1,5,1,0.01360772639929739,0.0,0.0,0.0
13,1,6,1,0.006986439684511023,0.0,0.0,0.0
13,1,7,1,0.013593213077954108,0.0,0.0,0.0
13,1,8,1,0.13828858129001964,0.0,0.0,0.0
13,1,9,1,0.11546310348942537,0.0,0.0,0.0
13,1,10,2,0.16941702891748361,0.0,0.0,0.0
13,1,11,2,0.6995594291127412,0.0,0.0,0.0
13,1,12,2,0.48400646612924525,0.0,0.0,0.0
13,1,13,2,0.2727062768311646,0.0,0.0,0.0
13,1,14,2,0.3510816832316951,0.0,0.0,0.0
13,1,15,3,0.3981553228618673,0.0,0.0,0.0
13,1,16,3,0.3973485052907817,0.0,0.0,0.0
13,1,17,3,0.7750508059229371,0.0,0.0,0.0
13,1,18,3,2.171455653608706,0.0,0.0,0.0
13,1,19,3,2.1038228062994997,0.0,0.0,0.0
13,1,20,4,2.116948534246281,0.0,0.0,0.0
13,1,21,4,6.714779002564808,0.0,0.0,0.0
13,1,22,4,14.050867221713682,0.0,0.0,0.0
13,1,23,4,13.499321033080793,0.0,0.0,0.0
13,1,24,4,11.15850276712427,0.0,0.0,0.0
13,1,25,5,14.688651663939027,0.0,0.0,0.0
13,1,26,5,25.814414179973966,0.0,0.0,0.0
13,1,27,5,50.10769756969199,1.0,0.0,0.0
13,1,28,5,69.19929498051312,1.0,0.0,0.0
13,1,29,5,56.53345362500106,1.0,0.0,0.0
13,1,30,6,34.84728244087211,0.0,0.0,1.0
13,1,31,6,20.084512589192006,0.0,0.0,1.0
13,1,32,6,12.176084922533992,0.0,1.0,1.0
13,1,33,6,7.129978169990706,0.0,1.0,1.0
13,1,34,6,5.639798297735215,0.0,1.0,1.0
13,1,0,0,0.0,0.0,0.0,0.0
13,1,1,0,3.1501043081157514,0.0,0.0,0.0
13,1,2,0,3.823258922186597,0.0,0.0,0.0
13,1,3,0,2.355851449901423,0.0,0.0,0.0
13,1,4,0,1.2432810476115028,0.0,0.0,0.0
13,1,5,1,0.6425071917980356,0.0,0.0,0.0
13,1,6,1,0.33051262291900374,0.0,0.0,0.0
13,1,7,1,0.9326130498939229,0.0,0.0,0.0
13,1,8,1,1.7285686827570819,0.0,0.0,0.0
13,1,9,1,1.7074294221521118,0.0,0.0,0.0
13,1,10,2,6.560335252768752,0.0,0.0,0.0
13,1,11,2,13.149657296790606,0.0,0.0,0.0
13,1,12,2,9.688553191722066,0.0,0.0,0.0
13,1,13,2,6.288899498225015,0.0,0.0,0.0
13,1,14,2,9.914809271708673,0.0,0.0,0.0
13,1,15,3,9.393195351868528,0.0,0.0,0.0
13,1,16,3,6.438030486210677,0.0,0.0,0.0
13,1,17,3,6.700992846908532,0.0,0.0,0.0
13,1,18,3,6.7420717498148734,0.0,0.0,0.0
13,1,19,3,3.999760134632077,0.0,0.0,0.0
13,1,20,4,2.156575176520888,0.0,0.0,0.0
13,1,21,4,1.7945786931725136,0.0,0.0,0.0
13,1,22,4,4.479987781447712,0.0,0.0,0.0
13,1,23,4,11.149650976732405,0.0,0.0,0.0
13,1,24,4,10.22179614319288,0.0,0.0,1.0
13,1,25,5,6.705991261384792,0.0,0.0,1.0
13,1,26,5,9.421979814128594,0.0,1.0,1.0
13,1,27,5,41.46831351197705,1.0,1.0,1.0
13,1,28,5,72.32955047385255,1.0,1.0,1.0
13,3,0,0,0.0,0.0,0.0,0.0
13,3,1,0,1.0707178924461929,0.0,0.0,0.0
13,3,2,0,0.7841219046605574,0.0,0.0,0.0
13,3,3,0,0.40694525009924454,0.0,0.0,0.0
13,3,4,0,0.36438317369678874,0.0,0.0,0.0
13,3,5,1,0.26990442572548184,0.0,0.0,0.0
13,3,6,1,0.13857355267012328,0.0,0.0,0.0
13,3,7,1,0.7938050497240856,0.0,0.0,0.0
13,3,8,1,8.030343926867168,0.0,0.0,0.0
13,3,9,1,5.717407954037016,0.0,0.0,0.0
13,3,10,2,2.935415120095715,0.0,0.0,0.0
13,3,11,2,2.5473388540954254,0.0,0.0,0.0
13,3,12,2,28.883239718961526,1.0,0.0,0.0
13,3,13,2,44.629486007105605,1.0,0.0,0.0
13,3,14,2,44.28999436426114,1.0,0.0,0.0
13,3,15,3,31.89866689009672,1.0,0.0,0.0
13,3,16,3,21.132296784290062,1.0,0.0,0.0
13,3,17,3,27.401287229436335,1.0,0.0,0.0
13,3,18,3,35.655534272957766,1.0,0.0,0.0
13,3,19,3,28.686809238078837,1.0,0.0,0.0
13,3,20,4,19.017636196261506,0.0,0.0,0.0
13,3,21,4,17.87679187391388,0.0,0.0,0.0
13,3,22,4,18.936439900546166,0.0,0.0,0.0
13,3,23,4,17.752249139109868,0.0,0.0,0.0
13,3,24,4,21.57230295715893,0.0,0.0,0.0
13,3,25,5,44.299850808361924,1.0,0.0,0.0
13,3,26,5,69.54833397262922,1.0,0.0,1.0
13,3,27,5,70.84780204849746,1.0,0.0,1.0
13,3,28,5,39.59617046461907,1.0,1.0,1.0
13,3,29,5,20.343306392714553,0.0,1.0,1.0
13,3,30,6,19.387201006928485,0.0,1.0,1.0
13,3,0,0,0.0,0.0,0.0,0.0
13,3,1,0,0.0,0.0,0.0,0.0
13,3,2,0,0.0,0.0,0.0,0.0
13,3,3,0,0.00574414439557557,0.0,0.0,0.0
13,3,4,0,0.03923737027286307,0.0,0.0,0.0
13,3,5,1,0.030810795828558075,0.0,0.0,0.0
13,3,6,1,0.015818790029399715,0.0,0.0,0.0
13,3,7,1,0.022110948380140837,0.0,0.0,0.0
13,3,8,1,0.2705508847694784,0.0,0.0,0.0
13,3,9,1,0.4587335697730296,0.0,0.0,0.0
13,3,10,2,0.3125465671128934,0.0,0.0,0.0
13,3,11,2,0.16056827697190829,0.0,0.0,0.0
13,3,12,2,0.14164648856511258,0.0,0.0,0.0
13,3,13,2,2.6057899694558095,0.0,0.0,0.0
13,3,14,2,6.442667820066479,0.0,0.0,0.0
13,3,15,3,19.427994804448883,1.0,0.0,0.0
13,3,16,3,42.25438144943186,1.0,0.0,0.0
13,3,17,3,45.189032438136465,1.0,0.0,0.0
13,3,18,3,40.55659627352726,1.0,0.0,0.0
13,3,19,3,32.61403564982846,1.0,0.0,0.0
13,3,20,4,24.33596398142815,1.0,0.0,0.0
13,3,21,4,26.163199427897187,1.0,0.0,0.0
13,3,22,4,23.91099638321191,0.0,0.0,0.0
13,3,23,4,14.807158133475548,0.0,0.0,0.0
13,3,24,4,7.701413831020142,0.0,0.0,0.0
13,3,25,5,6.824717974139514,0.0,0.0,0.0
13,3,26,5,34.091309412711546,1.0,0.0,0.0
13,3,27,5,44.77901459035803,1.0,0.0,0.0
13,3,28,5,29.260858390297564,0.0,0.0,0.0
13,3,29,5,21.416779774917316,0.0,0.0,0.0
13,3,30,6,19.06958432815938,0.0,0.0,1.0
13,3,31,6,12.23761472996817,0.0,0.0,1.0
13,3,32,6,6.647904436118164,0.0,1.0,1.0
13,3,33,6,9.510815892008026,0.0,1.0,1.0
13,3,34,6,16.783858757261484,0.0,1.0,1.0
13,1,0,0,0.0,0.0,0.0,0.0
13,1,1,0,0.889485338995732,0.0,0.0,0.0
13,1,2,0,1.6690105785814273,0.0,0.0,0.0
13,1,3,0,1.1266864180176186,0.0,0.0,0.0
13,1,4,0,0.5785287373524045,0.0,0.0,0.0
13,1,5,1,0.29702655760903507,0.0,0.0,0.0
13,1,6,1,0.15249851948379917,0.0,0.0,0.0
13,1,7,1,0.0782953505301079,0.0,0.0,0.0
13,1,8,1,0.05275636854760547,0.0,0.0,0.0
13,1,9,1,0.8152097359298902,0.0,0.0,0.0
13,1,10,2,1.241501121643348,0.0,0.0,0.0
13,1,11,2,0.654352599458123,0.0,0.0,0.0
13,1,12,2,0.3527364404362646,0.0,0.0,0.0
13,1,13,2,0.408886355328748,0.0,0.0,0.0
13,1,14,2,0.2902748034641073,0.0,0.0,0.0
13,1,15,3,0.15803497116074497,0.0,0.0,0.0
13,1,16,3,0.667198043855214,0.0,0.0,0.0
13,1,17,3,3.1071999629342772,0.0,0.0,0.0
13,1,18,3,6.518233721527222,0.0,0.0,0.0
13,1,19,3,7.441797122913537,0.0,0.0,0.0
13,1,20,4,9.179607129811986,0.0,0.0,0.0
13,1,21,4,18.83206030354746,0.0,0.0,0.0
13,1,22,4,23.98020439867923,0.0,0.0,0.0
13,1,23,4,20.242486596730345,0.0,0.0,0.0
13,1,24,4,14.28890267233415,0.0,0.0,0.0
13,1,25,5,8.73957453534964,0.0,0.0,0.0
13,1,26,5,6.942971732410582,0.0,0.0,1.0
13,1,27,5,7.668363825571804,0.0,0.0,1.0
13,1,28,5,6.370123783542892,0.0,1.0,1.0
13,1,29,5,7.857212433158841,0.0,1.0,1.0
13,1,30,6,14.468143806582766,0.0,1.0,1.0
13,3,0,0,0.0,0.0,0.0,0.0
13,3,1,0,0.020824759499988604,0.0,0.0,0.0
13,3,2,0,0.02953485272981322,0.0,0.0,0.0
13,3,3,0,0.01747290577065689,0.0,0.0,0.0
13,3,4,0,0.008970888941898628,0.0,0.0,0.0
13,3,5,1,0.0046058079557109366,0.0,0.0,0.0
13,3,6,1,0.0023647006514385055,0.0,0.0,0.0
13,3,7,1,0.008928340450918735,0.0,0.0,0.0
13,3,8,1,0.006138338936353224,0.0,0.0,0.0
13,3,9,1,0.003151528292348062,0.0,0.0,0.0
13,3,10,2,0.2377605081125757,0.0,0.0,0.0
13,3,11,2,0.8870840093691164,0.0,0.0,0.0
13,3,12,2,0.5298864953730507,0.0,0.0,0.0
13,3,13,2,0.29468788788938655,0.0,0.0,0.0
13,3,14,2,4.353951565979406,0.0,0.0,0.0
13,3,15,3,15.11933871128672,0.0,0.0,0.0
13,3,16,3,14.844852711988544,0.0,0.0,0.0
13,3,17,3,8.82635342013398,0.0,0.0,0.0
13,3,18,3,5.386321347281711,0.0,0.0,0.0
13,3,19,3,3.9481292833525607,0.0,0.0,0.0
13,3,20,4,3.6317154741757554,0.0,0.0,0.0
13,3,21,4,4.169232078492327,0.0,0.0,0.0
13,3,22,4,2.9999868192004477,0.0,0.0,0.0
13,3,23,4,2.4663609018801163,0.0,0.0,0.0
13,3,24,4,5.220737100314978,0.0,0.0,0.0
13,3,25,5,11.400052391686275,0.0,0.0,0.0
13,3,26,5,21.30083064306404,0.0,0.0,0.0
13,3,27,5,35.57340390287473,1.0,0.0,0.0
13,3,28,5,45.018940890033974,1.0,0.0,0.0
13,3,29,5,42.84490228798667,1.0,0.0,0.0
13,3,30,6,33.63300432090486,0.0,0.0,1.0
13,3,31,6,23.23024005025828,0.0,0.0,1.0
13,3,32,6,15.639747277091427,0.0,1.0,1.0
13,3,33,6,10.818569986393381,0.0,1.0,1.0
13,3,34,6,10.964042346964819,0.0,1.0,1.0
13,2,0,0,0.0,0.0,0.0,0.0
13,2,1,0,0.0,0.0,0.0,0.0
13,2,2,0,0.002216707122397853,0.0,0.0,0.0
13,2,3,0,0.11492164523611964,0.0,0.0,0.0
13,2,4,0,0.21783661650055433,0.0,0.0,0.0
13,2,5,1,0.1367912035640526,0.0,0.0,0.0
13,2,6,1,0.07042377781594289,0.0,0.0,0.0
13,2,7,1,0.06093623131053916,0.0,0.0,0.0
13,2,8,1,0.058314401913322864,0.0,0.0,0.0
13,2,9,1,0.030148348307085127,0.0,0.0,0.0
13,2,10,2,0.06828185052112444,0.0,0.0,0.0
13,2,11,2,0.2534749717955148,0.0,0.0,0.0
13,2,12,2,0.24516299879566925,0.0,0.0,0.0
13,2,13,2,0.3662167767266854,0.0,0.0,0.0
13,2,14,2,3.014275167129476,0.0,0.0,0.0
13,2,15,3,5.257345998098774,0.0,0.0,0.0
13,2,16,3,4.975219038963775,0.0,0.0,0.0
13,2,17,3,4.470468804427549,0.0,0.0,0.0
13,2,18,3,3.4840973051405193,0.0,0.0,0.0
13,2,19,3,3.326757417788264,0.0,0.0,0.0
13,2,20,4,3.154893969032108,0.0,0.0,0.0
13,2,21,4,2.2940106333462813,0.0,0.0,0.0
13,2,22,4,1.5172936904288261,0.0,0.0,0.0
13,2,23,4,0.867286251985433,0.0,0.0,0.0
13,2,24,4,0.9559032743566038,0.0,0.0,0.0
13,2,25,5,5.168071608747207,0.0,0.0,0.0
13,2,26,5,9.096462011169866,0.0,0.0,0.0
13,2,27,5,6.750797800661873,0.0,0.0,0.0
13,2,28,5,3.757865663566064,0.0,0.0,0.0
13,2,29,5,2.436047429062255,0.0,0.0,0.0
13,2,30,6,4.752185206744344,0.0,0.0,0.0
13,2,31,6,6.925939993203993,0.0,0.0,0.0
13,2,32,6,7.427065270490324,0.0,0.0,0.0
13,2,33,6,6.397730405658334,0.0,0.0,0.0
13,2,34,6,4.316907976136891,0.0,0.0,1.0
13,2,35,7,8.24447328282819,0.0,0.0,1.0
13,2,36,7,32.19988963408213,0.0,1.0,1.0
13,2,37,7,42.049576783696764,0.0,1.0,1.0
13,2,38,7,42.354960122758456,0.0,1.0,1.0
14,2,0,0,0.0,0.0,0.0,0.0
14,2,1,0,6.544674415158702,0.0,0.0,0.0
14,2,2,0,11.273103450225905,1.0,0.0,0.0
14,2,3,0,11.079127834027929,1.0,0.0,0.0
14,2,4,0,17.1401334845653,1.0,0.0,0.0
14,2,5,1,29.71879755464401,1.0,0.0,0.0
14,2,6,1,31.835168665041582,1.0,0.0,0.0
14,2,7,1,35.20241510716687,1.0,0.0,0.0
14,2,8,1,43.56626874528895,1.0,0.0,0.0
14,2,9,1,54.10450338042559,1.0,0.0,0.0
14,2,10,2,71.44059083294276,1.0,0.0,0.0
14,2,11,2,76.03366353188159,1.0,0.0,0.0
14,2,12,2,64.2793679890199,1.0,0.0,0.0
14,2,13,2,50.36092096429301,1.0,0.0,0.0
14,2,14,2,45.05248494718606,1.0,0.0,0.0
14,2,15,3,45.80874773661397,1.0,0.0,0.0
14,2,16,3,51.95773281716401,1.0,0.0,0.0
14,2,17,3,53.21148411693848,1.0,0.0,0.0
14,2,18,3,51.22118677839177,1.0,0.0,0.0
14,2,19,3,58.146068040823494,1.0,0.0,0.0
14,2,20,4,65.76040314090544,1.0,0.0,0.0
14,2,21,4,73.83451178640368,1.0,0.0,0.0
14,2,22,4,76.89008804712302,1.0,0.0,0.0
14,2,23,4,78.89804877951698,1.0,0.0,0.0
14,2,24,4,76.38700438963959,1.0,0.0,0.0
14,2,25,5,68.34506774422415,1.0,0.0,0.0
14,2,26,5,60.03969600331148,1.0,0.0,0.0
14,2,27,5,54.78601545478344,1.0,0.0,0.0
14,2,28,5,46.42216931738861,1.0,0.0,0.0
14,2,29,5,33.68095983466779,0.0,0.0,0.0
14,2,30,6,34.24108944931344,0.0,0.0,0.0
14,2,31,6,40.57692034320102,0.0,0.0,0.0
14,2,32,6,40.63999652324705,0.0,0.0,0.0
14,2,33,6,46.4772443775029,0.0,0.0,0.0
14,2,34,6,58.52194003220023,1.0,0.0,0.0
14,2,35,7,58.28872386018222,1.0,0.0,0.0
14,2,36,7,45.12365628382105,0.0,0.0,0.0
14,2,37,7,36.77514999143823,0.0,0.0,0.0
14,2,38,7,52.53029772716167,0.0,0.0,0.0
14,2,39,7,79.05423892191153,1.0,0.0,0.0
14,2,40,8,78.21989446293524,0.0,0.0,0.0
14,2,41,8,63.91533611398198,0.0,0.0,0.0
14,2,42,8,67.07749574721585,0.0,0.0,0.0
14,2,43,8,61.71028523084824,0.0,0.0,0.0
14,2,44,8,50.44985020890145,0.0,0.0,1.0
14,2,45,9,45.97824795742763,0.0,0.0,1.0
14,2,46,9,41.450233978893884,0.0,1.0,1.0
14,2,47,9,42.923531504360795,0.0,1.0,1.0
14,2,48,9,46.676915849112454,0.0,1.0,1.0
14,1,0,0,0.0,0.0,0.0,0.0
14,1,1,0,0.00018138650254484603,0.0,0.0,0.0
14,1,2,0,0.12855540027193374,0.0,0.0,0.0
14,1,3,0,0.7241598937299571,0.0,0.0,0.0
14,1,4,0,4.745478765732379,0.0,0.0,0.0
14,1,5,1,11.725367950513363,1.0,0.0,0.0
14,1,6,1,12.526012589315418,1.0,0.0,0.0
14,1,7,1,11.743990188384696,1.0,0.0,0.0
14,1,8,1,13.226796027740164,1.0,0.0,0.0
14,1,9,1,15.039741763087434,1.0,0.0,0.0
14,1,10,2,19.005760173962948,1.0,0.0,0.0
14,1,11,2,24.88815618857424,1.0,0.0,0.0
14,1,12,2,30.47755961367852,1.0,0.0,0.0
14,1,13,2,30.83736210953182,1.0,0.0,0.0
14,1,14,2,26.55858728817045,1.0,0.0,0.0
14,1,15,3,27.160862686439195,1.0,0.0,0.0
14,1,16,3,40.64439651695887,1.0,0.0,0.0
14,1,17,3,52.41872421879077,1.0,0.0,0.0
14,1,18,3,57.23685840802423,1.0,0.0,0.0
14,1,19,3,51.705936561254305,1.0,0.0,0.0
14,1,20,4,44.83281373629598,1.0,0.0,0.0
14,1,21,4,47.04595857104326,1.0,0.0,0.0
14,1,22,4,45.69861503414476,1.0,0.0,0.0
14,1,23,4,50.203704060842995,1.0,0.0,0.0
14,1,24,4,64.32124682387331,1.0,0.0,0.0
14,1,25,5,73.1155506346034,1.0,0.0,0.0
14,1,26,5,76.7031321632376,1.0,0.0,0.0
14,1,27,5,76.22517868444501,1.0,0.0,0.0
14,1,28,5,75.68957132900039,1.0,0.0,1.0
14,1,29,5,74.31396872093569,1.0,0.0,1.0
14,1,30,6,73.95855792347507,1.0,1.0,1.0
14,1,31,6,79.64064824739059,1.0,1.0,1.0
14,1,32,6,89.8072885355528,1.0,1.0,1.0
14,2,0,0,0.0,0.0,0.0,0.0
14,2,1,0,0.09608388803010229,0.0,0.0,0.0
14,2,2,0,0.07476255345035218,0.0,0.0,0.0
14,2,3,0,0.06903358830423846,0.0,0.0,0.0
14,2,4,0,0.1378414230102446,0.0,0.0,0.0
14,2,5,1,0.15381266196509352,0.0,0.0,0.0
14,2,6,1,0.40802537241508396,0.0,0.0,0.0
14,2,7,1,0.5208156979973948,0.0,0.0,0.0
14,2,8,1,0.4086725527386016,0.0,0.0,0.0
14,2,9,1,0.6103611484632243,0.0,0.0,0.0
14,2,10,2,1.2280007610320003,0.0,0.0,0.0
14,2,11,2,1.5257489308751078,0.0,0.0,0.0
14,2,12,2,1.4851912381350874,0.0,0.0,0.0
14,2,13,2,1.8314047791069925,0.0,0.0,0.0
14,2,14,2,3.0287924933204575,0.0,0.0,0.0
14,2,15,3,5.846528454269738,0.0,0.0,0.0
14,2,16,3,12.358687537618692,0.0,0.0,0.0
14,2,17,3,27.233962792524636,1.0,0.0,0.0
14,2,18,3,48.761096524944264,1.0,0.0,0.0
14,2,19,3,64.2906271618341,1.0,0.0,0.0
14,2,20,4,62.350370485450256,1.0,0.0,0.0
14,2,21,4,47.81867186098776,1.0,0.0,0.0
14,2,22,4,44.09768799843563,1.0,0.0,0.0
14,2,23,4,52.1707921093071,1.0,0.0,0.0
14,2,24,4,65.76023221642504,1.0,0.0,0.0
14,2,25,5,78.19570288569909,1.0,0.0,0.0
14,2,26,5,85.98605942034877,1.0,0.0,0.0
14,2,27,5,91.71566648792077,1.0,0.0,0.0
14,2,28,5,90.21727016750762,1.0,0.0,0.0
14,2,29,5,86.42167133640714,1.0,0.0,0.0
14,2,30,6,86.81009779242046,1.0,0.0,0.0
14,2,31,6,91.25455970318032,1.0,0.0,0.0
14,2,32,6,95.58437556979435,1.0,0.0,0.0
14,2,33,6,91.61971334542,1.0,0.0,0.0
14,2,34,6,68.35181265808389,1.0,0.0,0.0
14,2,35,7,48.761296635660386,0.0,0.0,0.0
14,2,36,7,54.68447330527592,0.0,0.0,0.0
14,2,37,7,77.93591942431001,1.0,0.0,0.0
14,2,38,7,86.46298234937949,1.0,0.0,0.0
14,2,39,7,82.04779871259379,1.0,0.0,0.0
14,2,40,8,74.0930389930268,0.0,0.0,1.0
14,2,41,8,67.30199852151478,0.0,0.0,1.0
14,2,42,8,60.56212953168475,0.0,1.0,1.0
14,2,43,8,67.58486559492971,0.0,1.0,1.0
14,2,44,8,74.91739843993588,0.0,1.0,1.0
14,2,0,0,0.0,0.0,0.0,0.0
14,2,1,0,0.00027547281086269374,0.0,0.0,0.0
14,2,2,0,0.051500042381087345,0.0,0.0,0.0
14,2,3,0,0.34541658921959045,0.0,0.0,0.0
14,2,4,0,1.0017752050059583,0.0,0.0,0.0
14,2,5,1,2.93558466213009,0.0,0.0,0.0
14,2,6,1,11.172639954788817,1.0,0.0,0.0
14,2,7,1,27.104413010101094,1.0,0.0,0.0
14,2,8,1,48.7550825200927,1.0,0.0,0.0
14,2,9,1,54.63692368147835,1.0,0.0,0.0
14,2,10,2,51.85987002789196,1.0,0.0,0.0
14,2,11,2,51.16195556049295,1.0,0.0,0.0
14,2,12,2,46.814312364073416,1.0,0.0,0.0
14,2,13,2,54.63696647492043,1.0,0.0,0.0
14,2,14,2,76.87651186864224,1.0,0.0,0.0
14,2,15,3,83.1819152543869,1.0,0.0,0.0
14,2,16,3,71.00870880358849,1.0,0.0,0.0
14,2,17,3,55.953347068109366,1.0,0.0,0.0
14,2,18,3,55.02250704731156,1.0,0.0,0.0
14,2,19,3,58.179223469970864,1.0,0.0,0.0
14,2,20,4,61.909055656831505,1.0,0.0,0.0
14,2,21,4,73.88071183677145,1.0,0.0,0.0
14,2,22,4,81.58463570205174,1.0,0.0,0.0
14,2,23,4,67.59125234595516,1.0,0.0,0.0
14,2,24,4,44.04852616727802,1.0,0.0,0.0
14,2,25,5,39.16172774559391,1.0,0.0,0.0
14,2,26,5,58.00215136123698,1.0,0.0,0.0
14,2,27,5,66.43546148048394,1.0,0.0,0.0
14,2,28,5,65.64040179223409,1.0,0.0,0.0
14,2,29,5,63.472015752663,1.0,0.0,0.0
14,2,30,6,48.67867531597341,1.0,0.0,1.0
14,2,31,6,33.44773615828146,0.0,0.0,1.0
14,2,32,6,29.234504799106098,0.0,1.0,1.0
14,2,33,6,25.32480397962757,0.0,1.0,1.0
14,2,34,6,17.768482779900943,0.0,1.0,1.0
14,2,0,0,0.0,0.0,0.0,0.0
14,2,1,0,10.73744178189265,1.0,0.0,0.0
14,2,2,0,22.6141565437636,1.0,0.0,0.0
14,2,3,0,25.959034129182907,1.0,0.0,0.0
14,2,4,0,22.656227126738003,1.0,0.0,0.0
14,2,5,1,29.68402204905529,1.0,0.0,0.0
14,2,6,1,50.6443202662406,1.0,0.0,0.0
14,2,7,1,57.813370997147956,1.0,0.0,0.0
14,2,8,1,53.871184686864126,1.0,0.0,0.0
14,2,9,1,74.18693473408713,1.0,0.0,0.0
14,2,10,2,90.3300711125242,1.0,0.0,0.0
14,2,11,2,95.8823756389947,1.0,0.0,0.0
14,2,12,2,98.47187856994259,1.0,0.0,0.0
14,2,13,2,99.2666557425367,1.0,0.0,0.0
14,2,14,2,98.60045522876294,1.0,0.0,0.0
14,2,15,3,96.56512315849623,1.0,0.0,0.0
14,2,16,3,90.70995592282546,1.0,0.0,0.0
14,2,17,3,86.93872840940048,1.0,0.0,0.0
14,2,18,3,90.81591897752138,1.0,0.0,0.0
14,2,19,3,92.99728355550707,1.0,0.0,0.0
14,2,20,4,90.62970809263734,1.0,0.0,0.0
14,2,21,4,83.65036940303558,1.0,0.0,0.0
14,2,22,4,80.85211775018433,1.0,0.0,0.0
14,2,23,4,82.36332798926847,1.0,0.0,0.0
14,2,24,4,82.62805031150339,1.0,0.0,0.0
14,2,25,5,83.36154186852988,1.0,0.0,0.0
14,2,26,5,80.6828684009562,1.0,0.0,0.0
14,2,27,5,82.14670276298996,1.0,0.0,0.0
14,2,28,5,85.00115438338965,1.0,0.0,0.0
14,2,29,5,81.83159325557128,1.0,0.0,0.0
14,2,30,6,63.90925006564936,1.0,0.0,0.0
14,2,31,6,38.581276925843014,0.0,0.0,0.0
14,2,32,6,24.715698291204852,0.0,0.0,0.0
14,2,33,6,27.16914406004573,0.0,0.0,0.0
14,2,34,6,31.911772099636917,0.0,0.0,0.0
14,2,35,7,20.696169283224744,0.0,0.0,0.0
14,2,36,7,11.346897273133699,0.0,0.0,0.0
14,2,37,7,14.34018725640413,0.0,0.0,0.0
14,2,38,7,22.953623842633505,0.0,0.0,0.0
14,2,39,7,12.584106219303715,0.0,0.0,0.0
14,2,40,8,6.851986155246127,0.0,0.0,0.0
14,2,41,8,9.35653558365493,0.0,0.0,0.0
14,2,42,8,11.730178528312956,0.0,0.0,0.0
14,2,43,8,9.123349159913165,0.0,0.0,0.0
14,2,44,8,11.385687703577627,0.0,0.0,1.0
14,2,45,9,19.480683994179103,0.0,0.0,1.0
14,2,46,9,26.05275252658433,0.0,1.0,1.0
14,2,47,9,24.156963059692774,0.0,1.0,1.0
14,2,48,9,18.539293603250307,0.0,1.0,1.0
14,1,0,0,0.0,0.0,0.0,0.0
14,1,1,0,0.7167096821755693,0.0,0.0,0.0
14,1,2,0,2.941194952322009,0.0,0.0,0.0
14,1,3,0,8.3732823600117,0.0,0.0,0.0
14,1,4,0,14.245744854116403,1.0,0.0,0.0
14,1,5,1,23.25741985952142,1.0,0.0,0.0
14,1,6,1,37.278428561525544,1.0,0.0,0.0
14,1,7,1,53.53739370001102,1.0,0.0,0.0
14,1,8,1,70.18883578454316,1.0,0.0,0.0
14,1,9,1,83.14723465365799,1.0,0.0,0.0
14,1,10,2,88.47595921256651,1.0,0.0,0.0
14,1,11,2,87.99293028753468,1.0,0.0,0.0
14,1,12,2,83.75083816604199,1.0,0.0,0.0
14,1,13,2,73.53907365128964,1.0,0.0,0.0
14,1,14,2,64.34171049492704,1.0,0.0,0.0
14,1,15,3,53.81636821989702,1.0,0.0,0.0
14,1,16,3,41.33952432731875,1.0,0.0,0.0
14,1,17,3,43.56181062275648,1.0,0.0,0.0
14,1,18,3,54.44182812955721,1.0,0.0,0.0
14,1,19,3,49.25270566486624,1.0,0.0,0.0
14,1,20,4,37.01365168207707,1.0,0.0,0.0
14,1,21,4,29.262465443047077,1.0,0.0,0.0
14,1,22,4,32.11136764674565,1.0,0.0,0.0
14,1,23,4,35.66033481766875,1.0,0.0,0.0
14,1,24,4,36.426688091867845,1.0,0.0,0.0
14,1,25,5,32.943589435467985,1.0,0.0,0.0
14,1,26,5,29.570721142754692,0.0,0.0,0.0
14,1,27,5,33.05857138968018,1.0,0.0,0.0
14,1,28,5,40.236585683678015,1.0,0.0,0.0
14,1,29,5,45.80102531922041,1.0,0.0,0.0
14,1,30,6,58.377426193595994,1.0,0.0,0.0
14,1,31,6,76.06944512305853,1.0,0.0,0.0
14,1,32,6,83.8075012341977,1.0,0.0,0.0
14,1,33,6,86.2157858138571,1.0,0.0,0.0
14,1,34,6,88.69710444503215,1.0,0.0,0.0
14,1,35,7,80.64435297261429,1.0,0.0,0.0
14,1,36,7,67.6518822949242,1.0,0.0,0.0
14,1,37,7,68.89458685547677,1.0,0.0,0.0
14,1,38,7,72.09276535570842,1.0,0.0,0.0
14,1,39,7,65.99646395994604,0.0,0.0,0.0
14,1,40,8,48.00713617806362,0.0,0.0,0.0
14,1,41,8,46.675584169926914,0.0,0.0,0.0
14,1,42,8,58.597070362990955,0.0,0.0,1.0
14,1,43,8,40.154983289709854,0.0,0.0,1.0
14,1,44,8,25.821114935912064,0.0,1.0,1.0
14,1,45,9,21.391764464597998,0.0,1.0,1.0
14,1,46,9,26.89996265950606,0.0,1.0,1.0
14,2,0,0,0.0,0.0,0.0,0.0
14,2,1,0,0.009038459156919948,0.0,0.0,0.0
14,2,2,0,0.11390959403864927,0.0,0.0,0.0
14,2,3,0,0.926294452731895,0.0,0.0,0.0
14,2,4,0,13.372325650373677,1.0,0.0,0.0
14,2,5,1,46.014500969986614,1.0,0.0,0.0
14,2,6,1,52.43331551914744,1.0,0.0,0.0
14,2,7,1,46.19526778220583,1.0,0.0,0.0
14,2,8,1,50.963671370150884,1.0,0.0,0.0
14,2,9,1,49.812831089227465,1.0,0.0,0.0
14,2,10,2,41.83727991613118,1.0,0.0,0.0
14,2,11,2,34.12334687276601,1.0,0.0,0.0
14,2,12,2,29.02194999625869,1.0,0.0,0.0
14,2,13,2,25.975900668754168,1.0,0.0,0.0
14,2,14,2,22.058101458656267,1.0,0.0,0.0
14,2,15,3,15.351193224397177,0.0,0.0,0.0
14,2,16,3,9.583723492845085,0.0,0.0,0.0
14,2,17,3,7.082753782707684,0.0,0.0,0.0
14,2,18,3,14.013096686869076,0.0,0.0,0.0
14,2,19,3,39.07199785836624,1.0,0.0,0.0
14,2,20,4,58.62633369613471,1.0,0.0,0.0
14,2,21,4,72.06766978376298,1.0,0.0,0.0
14,2,22,4,78.58482457211332,1.0,0.0,0.0
14,2,23,4,72.81741156405005,1.0,0.0,0.0
14,2,24,4,65.75865999593341,1.0,0.0,0.0
14,2,25,5,75.99743648239406,1.0,0.0,0.0
14,2,26,5,86.03820776784197,1.0,0.0,0.0
14,2,27,5,91.60665399183438,1.0,0.0,0.0
14,2,28,5,95.15945088885006,1.0,0.0,0.0
14,2,29,5,97.68320411379997,1.0,0.0,0.0
14,2,30,6,99.21515005555969,1.0,0.0,1.0
14,2,31,6,95.79611750002695,1.0,0.0,1.0
14,2,32,6,80.89523278912539,1.0,1.0,1.0
14,2,33,6,68.93865609426219,1.0,1.0,1.0
14,2,34,6,64.32518290947424,1.0,1.0,1.0
14,3,0,0,0.0,0.0,0.0,0.0
14,3,1,0,0.0,0.0,0.0,0.0
14,3,2,0,0.0,0.0,0.0,0.0
14,3,3,0,0.0016146858987245364,0.0,0.0,0.0
14,3,4,0,0.0319333463947621,0.0,0.0,0.0
14,3,5,1,0.0649443245101628,0.0,0.0,0.0
14,3,6,1,0.04332129501646344,0.0,0.0,0.0
14,3,7,1,0.024852660208959685,0.0,0.0,0.0
14,3,8,1,0.0654106112973596,0.0,0.0,0.0
14,3,9,1,0.13918565399649332,0.0,0.0,0.0
14,3,10,2,0.13365168608979996,0.0,0.0,0.0
14,3,11,2,0.0861368604920162,0.0,0.0,0.0
14,3,12,2,0.5522759155491228,0.0,0.0,0.0
14,3,13,2,1.2434571304670436,0.0,0.0,0.0
14,3,14,2,1.5055344347840567,0.0,0.0,0.0
14,3,15,3,2.3293195566204634,0.0,0.0,0.0
14,3,16,3,2.6341276433575675,0.0,0.0,0.0
14,3,17,3,1.5694682386976146,0.0,0.0,0.0
14,3,18,3,2.5785078890592508,0.0,0.0,0.0
14,3,19,3,15.242992594286747,0.0,0.0,0.0
14,3,20,4,29.459982893698758,1.0,0.0,0.0
14,3,21,4,48.86891269026948,1.0,0.0,0.0
14,3,22,4,69.54129302463768,1.0,0.0,0.0
14,3,23,4,80.54342828416333,1.0,0.0,0.0
14,3,24,4,86.09707618393603,1.0,0.0,0.0
14,3,25,5,89.53536339019686,1.0,0.0,0.0
14,3,26,5,91.20505312966955,1.0,0.0,1.0
14,3,27,5,93.20916102126918,1.0,0.0,1.0
14,3,28,5,94.69822622510699,1.0,1.0,1.0
14,3,29,5,96.07115954186062,1.0,1.0,1.0
14,3,30,6,89.98710679939585,1.0,1.0,1.0
14,1,0,0,0.0,0.0,0.0,0.0
14,1,1,0,26.51798573799131,1.0,0.0,0.0
14,1,2,0,62.32665413308154,1.0,0.0,0.0
14,1,3,0,85.66071282343155,1.0,0.0,0.0
14,1,4,0,91.71357725624057,1.0,0.0,0.0
14,1,5,1,91.25660819554875,1.0,0.0,0.0
14,1,6,1,89.95812468317436,1.0,0.0,0.0
14,1,7,1,83.700165505037,1.0,0.0,0.0
14,1,8,1,66.83162405701503,1.0,0.0,0.0
14,1,9,1,45.27843621246623,1.0,0.0,0.0
14,1,10,2,37.5825006542382,1.0,0.0,0.0
14,1,11,2,55.14488039366937,1.0,0.0,0.0
14,1,12,2,71.33477907026477,1.0,0.0,0.0
14,1,13,2,75.28082460096454,1.0,0.0,0.0
14,1,14,2,74.20245871919096,1.0,0.0,0.0
14,1,15,3,69.11864477813666,1.0,0.0,0.0
14,1,16,3,61.3806676513867,1.0,0.0,0.0
14,1,17,3,59.07918724391152,1.0,0.0,0.0
14,1,18,3,58.4801801840264,1.0,0.0,0.0
14,1,19,3,52.404331673222124,1.0,0.0,0.0
14,1,20,4,39.55512412600986,1.0,0.0,0.0
14,1,21,4,28.527372329780142,1.0,0.0,0.0
14,1,22,4,25.34980287181886,1.0,0.0,0.0
14,1,23,4,29.517055578278196,1.0,0.0,0.0
14,1,24,4,34.42379880945477,1.0,0.0,0.0
14,1,25,5,39.10365339374293,1.0,0.0,0.0
14,1,26,5,47.18752684222251,1.0,0.0,1.0
14,1,27,5,58.903791878725585,1.0,0.0,1.0
14,1,28,5,69.56807748210184,1.0,1.0,1.0
14,1,29,5,76.59881402936077,1.0,1.0,1.0
14,1,30,6,80.41548747831577,1.0,1.0,1.0
14,3,0,0,0.0,0.0,0.0,0.0
14,3,1,0,2.556042941812007,0.0,0.0,0.0
14,3,2,0,4.922470603416797,0.0,0.0,0.0
14,3,3,0,12.841166424047927,1.0,0.0,0.0
14,3,4,0,31.595900146340846,1.0,0.0,0.0
14,3,5,1,42.30911012608307,1.0,0.0,0.0
14,3,6,1,51.552394422388936,1.0,0.0,0.0
14,3,7,1,56.17324647994123,1.0,0.0,0.0
14,3,8,1,52.32029273336288,1.0,0.0,0.0
14,3,9,1,45.62496393725476,1.0,0.0,0.0
14,3,10,2,46.11317229293009,1.0,0.0,0.0
14,3,11,2,68.38426284681651,1.0,0.0,0.0
14,3,12,2,83.1977829903552,1.0,0.0,0.0
14,3,13,2,72.42913367756071,1.0,0.0,0.0
14,3,14,2,53.83630842263522,1.0,0.0,0.0
14,3,15,3,36.98153615934804,1.0,0.0,0.0
14,3,16,3,21.721066546230695,1.0,0.0,0.0
14,3,17,3,18.788631179253088,1.0,0.0,0.0
14,3,18,3,38.288286175677015,1.0,0.0,0.0
14,3,19,3,54.69411842637812,1.0,0.0,0.0
14,3,20,4,54.38611180664322,1.0,0.0,0.0
14,3,21,4,43.93617629091945,1.0,0.0,0.0
14,3,22,4,28.9905319583997,1.0,0.0,0.0
14,3,23,4,17.839211132051027,0.0,0.0,0.0
14,3,24,4,10.195327221787121,0.0,0.0,0.0
14,3,25,5,8.013053128755715,0.0,0.0,0.0
14,3,26,5,18.336775388183646,0.0,0.0,0.0
14,3,27,5,27.20316680062924,0.0,0.0,0.0
14,3,28,5,33.01212476103285,0.0,0.0,0.0
14,3,29,5,36.412407653398475,0.0,0.0,0.0
14,3,30,6,57.13274983409212,1.0,0.0,0.0
14,3,31,6,83.22979306509106,1.0,0.0,0.0
14,3,32,6,90.85947810027957,1.0,0.0,0.0
14,3,33,6,94.78901678908989,1.0,0.0,0.0
14,3,34,6,97.11454660700609,1.0,0.0,0.0
14,3,35,7,97.93132390312978,1.0,0.0,0.0
14,3,36,7,98.1673549981458,1.0,0.0,0.0
14,3,37,7,96.09837159912442,1.0,0.0,0.0
14,3,38,7,90.44488015255322,1.0,0.0,0.0
14,3,39,7,81.97809888102171,1.0,0.0,0.0
14,3,40,8,75.987749229316,0.0,0.0,0.0
14,3,41,8,75.68538379514118,0.0,0.0,0.0
14,3,42,8,79.98968803534342,0.0,0.0,0.0
14,3,43,8,82.76112209976891,0.0,0.0,0.0
14,3,44,8,76.67213680665667,0.0,0.0,0.0
14,3,45,9,70.28382387230988,0.0,0.0,0.0
14,3,46,9,80.3174404615939,0.0,0.0,0.0
14,3,47,9,88.28788929381031,0.0,0.0,0.0
14,3,48,9,84.984113924724,0.0,0.0,0.0
14,3,49,9,63.76321145962471,0.0,0.0,0.0
14,3,50,10,50.01831855409538,0.0,0.0,1.0
14,3,51,10,55.461170233558434,0.0,0.0,1.0
14,3,52,10,47.78516837262001,0.0,1.0,1.0
14,3,53,10,51.72264119051683,0.0,1.0,1.0
14,3,54,10,76.59875889192236,0.0,1.0,1.0
14,3,0,0,0.0,0.0,0.0,0.0
14,3,1,0,0.0,0.0,0.0,0.0
14,3,2,0,0.0,0.0,0.0,0.0
14,3,3,0,0.0,0.0,0.0,0.0
14,3,4,0,0.0,0.0,0.0,0.0
14,3,5,1,0.0,0.0,0.0,0.0
14,3,6,1,0.0,0.0,0.0,0.0
14,3,7,1,0.0,0.0,0.0,0.0
14,3,8,1,0.0,0.0,0.0,0.0
14,3,9,1,0.0,0.0,0.0,0.0
14,3,10,2,0.0,0.0,0.0,0.0
14,3,11,2,0.0,0.0,0.0,0.0
14,3,12,2,0.00033476745783803276,0.0,0.0,0.0
14,3,13,2,0.01388769269434794,0.0,0.0,0.0
14,3,14,2,0.3685781676242265,0.0,0.0,0.0
14,3,15,3,1.2880364717141073,0.0,0.0,0.0
14,3,16,3,1.8647697851916107,0.0,0.0,0.0
14,3,17,3,5.693526829763842,0.0,0.0,0.0
14,3,18,3,29.585718017824412,1.0,0.0,0.0
14,3,19,3,58.57267370314757,1.0,0.0,0.0
14,3,20,4,74.18068874522018,1.0,0.0,0.0
14,3,21,4,77.57999623422239,1.0,0.0,0.0
14,3,22,4,78.50124035641878,1.0,0.0,0.0
14,3,23,4,85.7338099254361,1.0,0.0,0.0
14,3,24,4,90.78721453653654,1.0,0.0,0.0
14,3,25,5,91.34843253612331,1.0,0.0,0.0
14,3,26,5,92.00171022595481,1.0,0.0,0.0
14,3,27,5,93.43985374754149,1.0,0.0,0.0
14,3,28,5,93.91904769099719,1.0,0.0,1.0
14,3,29,5,95.12727911225059,1.0,0.0,1.0
14,3,30,6,95.82732692705434,1.0,1.0,1.0
14,3,31,6,93.13959683246188,1.0,1.0,1.0
14,3,32,6,92.44406931665378,1.0,1.0,1.0
14,2,0,0,0.0,0.0,0.0,0.0
14,2,1,0,42.0079699869281,1.0,0.0,0.0
14,2,2,0,70.00647380295914,1.0,0.0,0.0
14,2,3,0,69.58645437442271,1.0,0.0,0.0
14,2,4,0,77.59847580675316,1.0,0.0,0.0
14,2,5,1,85.87175377878452,1.0,0.0,0.0
14,2,6,1,89.3730965247429,1.0,0.0,0.0
14,2,7,1,87.17716497730251,1.0,0.0,0.0
14,2,8,1,84.84287958682546,1.0,0.0,0.0
14,2,9,1,89.36763683413378,1.0,0.0,0.0
14,2,10,2,91.1957397127109,1.0,0.0,0.0
14,2,11,2,90.10012984249619,1.0,0.0,0.0
14,2,12,2,91.30457010474126,1.0,0.0,0.0
14,2,13,2,71.38281465139927,1.0,0.0,0.0
14,2,14,2,46.98558626825768,1.0,0.0,0.0
14,2,15,3,42.42088564655494,1.0,0.0,0.0
14,2,16,3,43.758988447396185,1.0,0.0,1.0
14,2,17,3,51.594854297510096,1.0,0.0,1.0
14,2,18,3,69.56543638574325,1.0,1.0,1.0
14,2,19,3,80.14521088990995,1.0,1.0,1.0
14,2,20,4,81.40024168686924,1.0,1.0,1.0
15,1,0,0,0.0,0.0,0.0,0.0
15,1,1,0,28.677019490072535,1.0,0.0,0.0
15,1,2,0,51.14348851374692,1.0,0.0,0.0
15,1,3,0,60.10087618990174,1.0,0.0,0.0
15,1,4,0,59.64191720565725,1.0,0.0,0.0
15,1,5,1,46.99756685967918,1.0,0.0,0.0
15,1,6,1,32.57973611000632,1.0,0.0,0.0
15,1,7,1,20.907377588791284,1.0,0.0,0.0
15,1,8,1,12.291375256879482,1.0,0.0,0.0
15,1,9,1,7.48196091948334,0.0,0.0,0.0
15,1,10,2,5.320354262421425,0.0,0.0,0.0
15,1,11,2,3.930416359270958,0.0,0.0,0.0
15,1,12,2,3.90270149506287,0.0,0.0,0.0
15,1,13,2,3.7670292697014767,0.0,0.0,0.0
15,1,14,2,5.7994279974207235,0.0,0.0,0.0
15,1,15,3,5.520563640234105,0.0,0.0,0.0
15,1,16,3,3.0241761824966353,0.0,0.0,0.0
15,1,17,3,1.9372450752336552,0.0,0.0,0.0
15,1,18,3,1.9411942568487386,0.0,0.0,0.0
15,1,19,3,2.799629378063352,0.0,0.0,0.0
15,1,20,4,5.347830931244548,0.0,0.0,0.0
15,1,21,4,9.2653530300162,0.0,0.0,0.0
15,1,22,4,24.736693399549857,1.0,0.0,0.0
15,1,23,4,44.798138572521424,1.0,0.0,0.0
15,1,24,4,39.8108306408171,1.0,0.0,0.0
15,1,25,5,26.274089394562203,0.0,0.0,0.0
15,1,26,5,25.8249002970572,0.0,0.0,0.0
15,1,27,5,33.66927874965449,1.0,0.0,0.0
15,1,28,5,39.80162826909172,1.0,0.0,0.0
15,1,29,5,49.40589977496777,1.0,0.0,0.0
15,1,30,6,53.495678575279115,1.0,0.0,0.0
15,1,31,6,51.29422583103077,1.0,0.0,0.0
15,1,32,6,54.54382455762918,1.0,0.0,0.0
15,1,33,6,55.407023501082406,1.0,0.0,0.0
15,1,34,6,57.6200752955323,1.0,0.0,0.0
15,1,35,7,66.35047657229174,1.0,0.0,0.0
15,1,36,7,63.02569882133248,1.0,0.0,0.0
15,1,37,7,42.252730606909495,0.0,0.0,0.0
15,1,38,7,32.15175206776611,0.0,0.0,0.0
15,1,39,7,32.33828527140247,0.0,0.0,0.0
15,1,40,8,33.199281460360965,0.0,0.0,0.0
15,1,41,8,42.7322315933755,0.0,0.0,0.0
15,1,42,8,48.94243067407425,0.0,0.0,0.0
15,1,43,8,58.615992030747535,0.0,0.0,0.0
15,1,44,8,58.53441898473318,0.0,0.0,0.0
15,1,45,9,43.01094210912961,0.0,0.0,0.0
15,1,46,9,28.403624253245713,0.0,0.0,0.0
15,1,47,9,25.90417089663549,0.0,0.0,0.0
15,1,48,9,39.44372511541335,0.0,0.0,0.0
15,1,49,9,51.22685909388665,0.0,0.0,0.0
15,1,50,10,55.894453713576794,0.0,0.0,0.0
15,1,51,10,61.8644465524557,0.0,0.0,0.0
15,1,52,10,59.10176207304029,0.0,0.0,0.0
15,1,53,10,55.81094020178567,0.0,0.0,0.0
15,1,54,10,54.61588884571892,0.0,0.0,1.0
15,1,55,11,47.45249861375408,0.0,0.0,1.0
15,1,56,11,42.44168517829309,0.0,1.0,1.0
15,1,57,11,49.460346421468586,0.0,1.0,1.0
15,1,58,11,73.8920761197248,0.0,1.0,1.0
15,2,0,0,0.0,0.0,0.0,0.0
15,2,1,0,5.661962708921593,0.0,0.0,0.0
15,2,2,0,10.143511236671953,1.0,0.0,0.0
15,2,3,0,15.760277600606283,1.0,0.0,0.0
15,2,4,0,30.156688416106636,1.0,0.0,0.0
15,2,5,1,39.084542357184446,1.0,0.0,0.0
15,2,6,1,35.99433334269806,1.0,0.0,0.0
15,2,7,1,33.3559987941125,1.0,0.0,0.0
15,2,8,1,36.156800398518214,1.0,0.0,0.0
15,2,9,1,35.650314822707635,1.0,0.0,0.0
15,2,10,2,37.44099295523232,1.0,0.0,0.0
15,2,11,2,35.80175592699324,1.0,0.0,0.0
15,2,12,2,30.24111476993275,1.0,0.0,0.0
15,2,13,2,25.987003795806157,1.0,0.0,0.0
15,2,14,2,21.10348195155662,1.0,0.0,0.0
15,2,15,3,28.721804374147705,1.0,0.0,0.0
15,2,16,3,30.669945156702347,1.0,0.0,0.0
15,2,17,3,22.740785960300126,1.0,0.0,0.0
15,2,18,3,17.515995232228953,0.0,0.0,0.0
15,2,19,3,16.901264169598036,0.0,0.0,0.0
15,2,20,4,17.63531098445602,0.0,0.0,0.0
15,2,21,4,16.78236459586033,0.0,0.0,0.0
15,2,22,4,18.618715040888347,0.0,0.0,0.0
15,2,23,4,19.842902082527004,0.0,0.0,0.0
15,2,24,4,20.31489087280117,0.0,0.0,0.0
15,2,25,5,17.65662253339329,0.0,0.0,0.0
15,2,26,5,33.24626989662716,1.0,0.0,0.0
15,2,27,5,66.03768606629593,1.0,0.0,0.0
15,2,28,5,76.99595496916756,1.0,0.0,0.0
15,2,29,5,72.52494676422829,1.0,0.0,0.0
15,2,30,6,68.23651233801854,1.0,0.0,0.0
15,2,31,6,51.542914729235385,1.0,0.0,0.0
15,2,32,6,34.73982910225847,0.0,0.0,0.0
15,2,33,6,31.710120862203855,0.0,0.0,0.0
15,2,34,6,32.97204831440034,0.0,0.0,0.0
15,2,35,7,29.59690607891679,0.0,0.0,0.0
15,2,36,7,23.39297827491155,0.0,0.0,0.0
15,2,37,7,18.78117390421295,0.0,0.0,0.0
15,2,38,7,17.692163338720963,0.0,0.0,1.0
15,2,39,7,12.526998755732006,0.0,0.0,1.0
15,2,40,8,7.378475604119325,0.0,1.0,1.0
15,2,41,8,13.022983646260348,0.0,1.0,1.0
15,2,42,8,23.335468587208464,0.0,1.0,1.0
15,2,0,0,0.0,0.0,0.0,0.0
15,2,1,0,2.565785410531759,0.0,0.0,0.0
15,2,2,0,6.292891336058451,0.0,0.0,0.0
15,2,3,0,18.373634750971178,1.0,0.0,0.0
15,2,4,0,48.240389622464335,1.0,0.0,0.0
15,2,5,1,57.12207807507188,1.0,0.0,0.0
15,2,6,1,54.66979169610393,1.0,0.0,0.0
15,2,7,1,67.22434300838594,1.0,0.0,0.0
15,2,8,1,73.70636718895994,1.0,0.0,0.0
15,2,9,1,68.59853268875077,1.0,0.0,0.0
15,2,10,2,62.4331770643967,1.0,0.0,0.0
15,2,11,2,61.23513827474376,1.0,0.0,0.0
15,2,12,2,51.95025713299968,1.0,0.0,0.0
15,2,13,2,40.695943838907105,1.0,0.0,0.0
15,2,14,2,37.034159847706604,1.0,0.0,0.0
15,2,15,3,31.863442458882297,1.0,0.0,0.0
15,2,16,3,24.963559989853444,1.0,0.0,0.0
15,2,17,3,21.559556610319376,1.0,0.0,0.0
15,2,18,3,24.238100966328624,1.0,0.0,0.0
15,2,19,3,22.248792379525298,1.0,0.0,0.0
15,2,20,4,17.67087596667903,0.0,0.0,0.0
15,2,21,4,18.86419572196754,0.0,0.0,0.0
15,2,22,4,25.25951512372071,1.0,0.0,0.0
15,2,23,4,23.692256695914942,0.0,0.0,0.0
15,2,24,4,21.187604655386686,0.0,0.0,0.0
15,2,25,5,18.75067219098236,0.0,0.0,0.0
15,2,26,5,22.377619988619994,0.0,0.0,0.0
15,2,27,5,38.37430783883608,1.0,0.0,0.0
15,2,28,5,54.37557606826138,1.0,0.0,0.0
15,2,29,5,56.8463659297045,1.0,0.0,0.0
15,2,30,6,54.720976904807756,1.0,0.0,0.0
15,2,31,6,48.95929002718054,1.0,0.0,0.0
15,2,32,6,48.98813101286441,1.0,0.0,1.0
15,2,33,6,53.553516615065206,1.0,0.0,1.0
15,2,34,6,80.84485595820627,1.0,1.0,1.0
15,2,35,7,94.94524330327845,1.0,1.0,1.0
15,2,36,7,98.66758060087287,1.0,1.0,1.0
15,3,0,0,0.0,0.0,0.0,0.0
15,3,1,0,2.214281865340156,0.0,0.0,0.0
15,3,2,0,3.6622166718170117,0.0,0.0,0.0
15,3,3,0,5.719751908633141,0.0,0.0,0.0
15,3,4,0,7.86967352503453,0.0,0.0,0.0
15,3,5,1,12.793767379803379,1.0,0.0,0.0
15,3,6,1,33.19192174745645,1.0,0.0,0.0
15,3,7,1,47.74590880609391,1.0,0.0,0.0
15,3,8,1,42.51534431967166,1.0,0.0,0.0
15,3,9,1,29.04056948471264,1.0,0.0,0.0
15,3,10,2,19.01058568176564,1.0,0.0,0.0
15,3,11,2,16.891620826788227,1.0,0.0,0.0
15,3,12,2,30.341370890923884,1.0,0.0,0.0
15,3,13,2,49.0976328392841,1.0,0.0,0.0
15,3,14,2,51.62115093939595,1.0,0.0,0.0
15,3,15,3,57.644825474698315,1.0,0.0,0.0
15,3,16,3,54.72915081548676,1.0,0.0,0.0
15,3,17,3,59.683859360228304,1.0,0.0,0.0
15,3,18,3,74.29189880184546,1.0,0.0,0.0
15,3,19,3,72.48391701545576,1.0,0.0,0.0
15,3,20,4,60.57559234292616,1.0,0.0,0.0
15,3,21,4,47.478164134428326,1.0,0.0,0.0
15,3,22,4,33.90363009400949,1.0,0.0,0.0
15,3,23,4,20.99713304077259,0.0,0.0,0.0
15,3,24,4,14.79261851497408,0.0,0.0,0.0
15,3,25,5,17.596904739655017,0.0,0.0,0.0
15,3,26,5,14.586266498982658,0.0,0.0,0.0
15,3,27,5,8.681484153861224,0.0,0.0,0.0
15,3,28,5,12.995774049673383,0.0,0.0,0.0
15,3,29,5,39.17583664427572,1.0,0.0,0.0
15,3,30,6,62.66111963419468,1.0,0.0,1.0
15,3,31,6,43.652666199430115,1.0,0.0,1.0
15,3,32,6,22.956030130626175,0.0,1.0,1.0
15,3,33,6,13.331006122972758,0.0,1.0,1.0
15,3,34,6,18.720938427616726,0.0,1.0,1.0
15,3,0,0,0.0,0.0,0.0,0.0
15,3,1,0,13.319400489696607,1.0,0.0,0.0
15,3,2,0,27.748593547761033,1.0,0.0,0.0
15,3,3,0,29.10109385462027,1.0,0.0,0.0
15,3,4,0,27.94874858228517,1.0,0.0,0.0
15,3,5,1,30.3243417890589,1.0,0.0,0.0
15,3,6,1,32.70564656670901,1.0,0.0,0.0
15,3,7,1,37.15682389395421,1.0,0.0,0.0
15,3,8,1,37.59179370305547,1.0,0.0,0.0
15,3,9,1,27.032798822318696,1.0,0.0,0.0
15,3,10,2,14.960488494618016,1.0,0.0,0.0
15,3,11,2,11.110287079766245,0.0,0.0,0.0
15,3,12,2,12.41589104483587,0.0,0.0,0.0
15,3,13,2,22.8303873440954,1.0,0.0,0.0
15,3,14,2,50.00885699766043,1.0,0.0,0.0
15,3,15,3,57.64359523071517,1.0,0.0,0.0
15,3,16,3,40.54331532720088,1.0,0.0,0.0
15,3,17,3,22.698320022970776,1.0,0.0,0.0
15,3,18,3,12.574377474584356,0.0,0.0,0.0
15,3,19,3,9.203636782491841,0.0,0.0,0.0
15,3,20,4,12.804593374500957,0.0,0.0,0.0
15,3,21,4,19.837086104010925,0.0,0.0,0.0
15,3,22,4,21.477544829775294,0.0,0.0,0.0
15,3,23,4,30.279114117107426,1.0,0.0,0.0
15,3,24,4,39.88003892391247,1.0,0.0,0.0
15,3,25,5,27.27276612102812,0.0,0.0,0.0
15,3,26,5,17.991549375219655,0.0,0.0,0.0
15,3,27,5,22.568082486336905,0.0,0.0,0.0
15,3,28,5,30.348481875203195,0.0,0.0,0.0
15,3,29,5,41.57637094394144,1.0,0.0,0.0
15,3,30,6,45.497840279190015,1.0,0.0,0.0
15,3,31,6,37.517534500863064,0.0,0.0,0.0
15,3,32,6,30.271637873120337,0.0,0.0,0.0
15,3,33,6,39.007574281470795,0.0,0.0,0.0
15,3,34,6,56.15747218778344,1.0,0.0,0.0
15,3,35,7,58.295381434540545,1.0,0.0,0.0
15,3,36,7,56.53815853948163,0.0,0.0,0.0
15,3,37,7,61.6541155979327,0.0,0.0,0.0
15,3,38,7,62.988500867484206,0.0,0.0,0.0
15,3,39,7,59.10747448683047,0.0,0.0,0.0
15,3,40,8,49.672945370180756,0.0,0.0,0.0
15,3,41,8,41.36956118916702,0.0,0.0,0.0
15,3,42,8,40.62956713966858,0.0,0.0,0.0
15,3,43,8,32.8721605286091,0.0,0.0,0.0
15,3,44,8,24.290076541342078,0.0,0.0,0.0
15,3,45,9,24.810921858549705,0.0,0.0,0.0
15,3,46,9,29.719174151012602,0.0,0.0,0.0
15,3,47,9,27.462202920796642,0.0,0.0,0.0
15,3,48,9,29.226327173879255,0.0,0.0,0.0
15,3,49,9,30.43218166447732,0.0,0.0,0.0
15,3,50,10,36.51099334730439,0.0,0.0,0.0
15,3,51,10,50.00229770047714,0.0,0.0,0.0
15,3,52,10,53.12945781057287,0.0,0.0,0.0
15,3,53,10,42.17385693755074,0.0,0.0,0.0
15,3,54,10,31.837312886303188,0.0,0.0,0.0
15,3,55,11,26.468932823700133,0.0,0.0,0.0
15,3,56,11,33.45159756642403,0.0,0.0,0.0
15,3,57,11,49.61077151150298,0.0,0.0,0.0
15,3,58,11,50.903789458873845,0.0,0.0,0.0
15,3,59,11,43.13172722352488,0.0,0.0,0.0
15,3,60,11,30.24443318629608,0.0,0.0,0.0
15,3,61,11,17.723055360865214,0.0,0.0,0.0
15,3,62,11,12.295942170557037,0.0,0.0,1.0
15,3,63,11,13.695671022592471,0.0,0.0,1.0
15,3,64,11,23.60772792849652,0.0,1.0,1.0
15,3,65,11,33.33167544228828,0.0,1.0,1.0
15,3,66,11,33.579746307031684,0.0,1.0,1.0
15,1,0,0,0.0,0.0,0.0,0.0
15,1,1,0,0.03325713816499131,0.0,0.0,0.0
15,1,2,0,0.03130268443571442,0.0,0.0,0.0
15,1,3,0,0.08883287443098734,0.0,0.0,0.0
15,1,4,0,0.5890250060800708,0.0,0.0,0.0
15,1,5,1,2.4208390931445276,0.0,0.0,0.0
15,1,6,1,12.80644085111366,1.0,0.0,0.0
15,1,7,1,14.29854244772881,1.0,0.0,0.0
15,1,8,1,12.400469941366769,1.0,0.0,0.0
15,1,9,1,14.64813647345342,1.0,0.0,0.0
15,1,10,2,13.292271989268993,1.0,0.0,0.0
15,1,11,2,10.960610106249,0.0,0.0,0.0
15,1,12,2,13.874220948230272,0.0,0.0,0.0
15,1,13,2,11.02184938199477,0.0,0.0,0.0
15,1,14,2,6.7845294738452395,0.0,0.0,0.0
15,1,15,3,4.6548180569246735,0.0,0.0,0.0
15,1,16,3,5.693307233546427,0.0,0.0,0.0
15,1,17,3,6.9558331274413385,0.0,0.0,0.0
15,1,18,3,6.717332810734096,0.0,0.0,0.0
15,1,19,3,7.329190316031794,0.0,0.0,0.0
15,1,20,4,7.741040184092364,0.0,0.0,0.0
15,1,21,4,11.771450706007816,0.0,0.0,0.0
15,1,22,4,23.031972055909442,0.0,0.0,0.0
15,1,23,4,17.81486849956621,0.0,0.0,0.0
15,1,24,4,14.683036231710297,0.0,0.0,0.0
15,1,25,5,20.989877467735504,0.0,0.0,0.0
15,1,26,5,16.5299750289159,0.0,0.0,0.0
15,1,27,5,9.95269384184825,0.0,0.0,0.0
15,1,28,5,7.393869935254228,0.0,0.0,0.0
15,1,29,5,11.23806772987607,0.0,0.0,0.0
15,1,30,6,33.90070810973914,0.0,0.0,0.0
15,1,31,6,54.587455590461644,1.0,0.0,0.0
15,1,32,6,58.67336342629061,1.0,0.0,0.0
15,1,33,6,48.664389706020884,0.0,0.0,0.0
15,1,34,6,40.591055095608134,0.0,0.0,0.0
15,1,35,7,35.52822626923558,0.0,0.0,0.0
15,1,36,7,33.54187013398642,0.0,0.0,0.0
15,1,37,7,46.70791863397342,0.0,0.0,0.0
15,1,38,7,57.31768272736308,0.0,0.0,0.0
15,1,39,7,51.75477739050214,0.0,0.0,0.0
15,1,40,8,42.66763397064259,0.0,0.0,0.0
15,1,41,8,49.55071347363993,0.0,0.0,0.0
15,1,42,8,57.70634124083293,0.0,0.0,0.0
15,1,43,8,57.503239013585656,0.0,0.0,0.0
15,1,44,8,48.486896483443466,0.0,0.0,0.0
15,1,45,9,32.23630428338231,0.0,0.0,0.0
15,1,46,9,19.02717544502744,0.0,0.0,0.0
15,1,47,9,11.497906361192042,0.0,0.0,0.0
15,1,48,9,7.215176923628863,0.0,0.0,0.0
15,1,49,9,4.419810157533526,0.0,0.0,0.0
15,1,50,10,4.348042741517353,0.0,0.0,0.0
15,1,51,10,21.002154828253506,0.0,0.0,0.0
15,1,52,10,41.247789409108016,0.0,0.0,1.0
15,1,53,10,61.75957789808588,0.0,0.0,1.0
15,1,54,10,88.07050264500509,0.0,1.0,1.0
15,1,55,11,96.8550920372702,0.0,1.0,1.0
15,1,56,11,99.17101126138702,0.0,1.0,1.0
15,2,0,0,0.0,0.0,0.0,0.0
15,2,1,0,0.0,0.0,0.0,0.0
15,2,2,0,0.0008168968796326933,0.0,0.0,0.0
15,2,3,0,0.005276231878270886,0.0,0.0,0.0
15,2,4,0,0.3741445586293132,0.0,0.0,0.0
15,2,5,1,2.8049894666158117,0.0,0.0,0.0
15,2,6,1,4.132610379117902,0.0,0.0,0.0
15,2,7,1,3.6668327807349836,0.0,0.0,0.0
15,2,8,1,2.165724824654642,0.0,0.0,0.0
15,2,9,1,1.3436561767797088,0.0,0.0,0.0
15,2,10,2,3.1236001748115756,0.0,0.0,0.0
15,2,11,2,6.063327178669093,0.0,0.0,0.0
15,2,12,2,5.307240503509895,0.0,0.0,0.0
15,2,13,2,7.936960969790688,0.0,0.0,0.0
15,2,14,2,14.195793534280725,0.0,0.0,0.0
15,2,15,3,18.30277153803273,1.0,0.0,0.0
15,2,16,3,16.181603908952518,0.0,0.0,0.0
15,2,17,3,10.804642005171802,0.0,0.0,0.0
15,2,18,3,10.96975862108716,0.0,0.0,0.0
15,2,19,3,20.270100580578465,0.0,0.0,0.0
15,2,20,4,26.19469361968559,1.0,0.0,0.0
15,2,21,4,24.647838697654212,1.0,0.0,0.0
15,2,22,4,19.99554725351753,0.0,0.0,0.0
15,2,23,4,19.47563356626585,0.0,0.0,0.0
15,2,24,4,37.03830598692293,1.0,0.0,0.0
15,2,25,5,45.03624905109342,1.0,0.0,0.0
15,2,26,5,40.53074874686199,1.0,0.0,0.0
15,2,27,5,34.60272236399611,1.0,0.0,0.0
15,2,28,5,27.99533559173556,0.0,0.0,0.0
15,2,29,5,20.568893788946585,0.0,0.0,0.0
15,2,30,6,16.01063754696784,0.0,0.0,0.0
15,2,31,6,11.071733690115892,0.0,0.0,0.0
15,2,32,6,7.703257739438519,0.0,0.0,0.0
15,2,33,6,8.10543622128116,0.0,0.0,0.0
15,2,34,6,8.230651339195552,0.0,0.0,0.0
15,2,35,7,20.236321809295156,0.0,0.0,0.0
15,2,36,7,34.00260385607359,0.0,0.0,0.0
15,2,37,7,29.521126314157705,0.0,0.0,0.0
15,2,38,7,24.27967340668592,0.0,0.0,0.0
15,2,39,7,17.8337889517172,0.0,0.0,0.0
15,2,40,8,13.601036913058127,0.0,0.0,0.0
15,2,41,8,14.833711555035881,0.0,0.0,0.0
15,2,42,8,18.590663551262217,0.0,0.0,0.0
15,2,43,8,23.584907751083403,0.0,0.0,0.0
15,2,44,8,29.67303999226636,0.0,0.0,0.0
15,2,45,9,21.16497503885097,0.0,0.0,0.0
15,2,46,9,11.69984285554764,0.0,0.0,0.0
15,2,47,9,7.360823818404901,0.0,0.0,0.0
15,2,48,9,8.400431329320845,0.0,0.0,0.0
15,2,49,9,10.659662895671142,0.0,0.0,0.0
15,2,50,10,13.394509335466068,0.0,0.0,0.0
15,2,51,10,11.217657381321121,0.0,0.0,0.0
15,2,52,10,9.323190817548852,0.0,0.0,0.0
15,2,53,10,16.53127453319354,0.0,0.0,0.0
15,2,54,10,20.22799356694553,0.0,0.0,0.0
15,2,55,11,19.31885283845409,0.0,0.0,0.0
15,2,56,11,24.748492908082078,0.0,0.0,0.0
15,2,57,11,49.28133771547785,0.0,0.0,0.0
15,2,58,11,55.52327921268406,0.0,0.0,1.0
15,2,59,11,51.56677636318606,0.0,0.0,1.0
15,2,60,11,51.22904181884803,0.0,1.0,1.0
15,2,61,11,60.74984923906585,0.0,1.0,1.0
15,2,62,11,80.73461530104622,0.0,1.0,1.0
15,3,0,0,0.0,0.0,0.0,0.0
15,3,1,0,0.20210341985361477,0.0,0.0,0.0
15,3,2,0,1.9136335354148448,0.0,0.0,0.0
15,3,3,0,7.994016576926768,0.0,0.0,0.0
15,3,4,0,20.07210803382594,1.0,0.0,0.0
15,3,5,1,31.794055951651742,1.0,0.0,0.0
15,3,6,1,36.21057276270275,1.0,0.0,0.0
15,3,7,1,52.44868806820769,1.0,0.0,0.0
15,3,8,1,68.7395320269618,1.0,0.0,0.0
15,3,9,1,60.57180445639422,1.0,0.0,0.0
15,3,10,2,43.619332094823086,1.0,0.0,0.0
15,3,11,2,43.52299476055964,1.0,0.0,0.0
15,3,12,2,70.52863051180401,1.0,0.0,0.0
15,3,13,2,82.2079878408563,1.0,0.0,0.0
15,3,14,2,73.86743781915207,1.0,0.0,0.0
15,3,15,3,59.71194565647851,1.0,0.0,0.0
15,3,16,3,44.72423592202691,1.0,0.0,0.0
15,3,17,3,50.25265437055988,1.0,0.0,0.0
15,3,18,3,76.40290856856367,1.0,0.0,0.0
15,3,19,3,85.31852509237753,1.0,0.0,0.0
15,3,20,4,72.12441949586972,1.0,0.0,0.0
15,3,21,4,55.22992223531056,1.0,0.0,0.0
15,3,22,4,48.60894879037938,1.0,0.0,0.0
15,3,23,4,45.52610172940367,1.0,0.0,0.0
15,3,24,4,35.752677619388486,1.0,0.0,0.0
15,3,25,5,22.39475280134431,0.0,0.0,0.0
15,3,26,5,15.959844543196828,0.0,0.0,0.0
15,3,27,5,15.168244345884933,0.0,0.0,0.0
15,3,28,5,14.8817657863286,0.0,0.0,0.0
15,3,29,5,14.541550297137311,0.0,0.0,0.0
15,3,30,6,19.351712501233937,0.0,0.0,0.0
15,3,31,6,25.944520810815117,0.0,0.0,0.0
15,3,32,6,30.724294015528002,0.0,0.0,0.0
15,3,33,6,39.728825379085954,0.0,0.0,0.0
15,3,34,6,49.579388253118594,0.0,0.0,0.0
15,3,35,7,53.33268250873733,0.0,0.0,0.0
15,3,36,7,55.90726514433772,0.0,0.0,0.0
15,3,37,7,63.27365467226539,0.0,0.0,0.0
15,3,38,7,62.81710845468733,0.0,0.0,0.0
15,3,39,7,50.77676427465718,0.0,0.0,0.0
15,3,40,8,38.88943456315227,0.0,0.0,0.0
15,3,41,8,38.40795725684444,0.0,0.0,0.0
15,3,42,8,49.979335181489496,0.0,0.0,0.0
15,3,43,8,51.69379743758995,0.0,0.0,0.0
15,3,44,8,48.40424158264901,0.0,0.0,0.0
15,3,45,9,55.23689793253264,0.0,0.0,0.0
15,3,46,9,56.03465556235082,0.0,0.0,0.0
15,3,47,9,48.389439581764314,0.0,0.0,0.0
15,3,48,9,35.53596322840032,0.0,0.0,0.0
15,3,49,9,24.70742961133853,0.0,0.0,0.0
15,3,50,10,23.648414808732795,0.0,0.0,0.0
15,3,51,10,30.26466176824057,0.0,0.0,0.0
15,3,52,10,23.902456774156853,0.0,0.0,0.0
15,3,53,10,13.34620487791655,0.0,0.0,0.0
15,3,54,10,9.137989369397136,0.0,0.0,0.0
15,3,55,11,12.64534078504207,0.0,0.0,0.0
15,3,56,11,16.755749684254585,0.0,0.0,0.0
15,3,57,11,28.53764355583931,0.0,0.0,0.0
15,3,58,11,36.94105160854447,0.0,0.0,0.0
15,3,59,11,30.341993657316767,0.0,0.0,0.0
15,3,60,11,17.688754395727898,0.0,0.0,0.0
15,3,61,11,9.369741512320887,0.0,0.0,0.0
15,3,62,11,5.908458188305358,0.0,0.0,1.0
15,3,63,11,7.730301235986561,0.0,0.0,1.0
15,3,64,11,10.282248713205218,0.0,1.0,1.0
15,3,65,11,13.283822204315076,0.0,1.0,1.0
15,3,66,11,35.16139575498466,0.0,1.0,1.0
15,1,0,0,0.0,0.0,0.0,0.0
15,1,1,0,0.0,0.0,0.0,0.0
15,1,2,0,0.0,0.0,0.0,0.0
15,1,3,0,0.0,0.0,0.0,0.0
15,1,4,0,0.0,0.0,0.0,0.0
15,1,5,1,0.0,0.0,0.0,0.0
15,1,6,1,0.0,0.0,0.0,0.0
15,1,7,1,0.0037731287396308376,0.0,0.0,0.0
15,1,8,1,0.7483215892759486,0.0,0.0,0.0
15,1,9,1,0.8938713661623171,0.0,0.0,0.0
15,1,10,2,0.45915007937174424,0.0,0.0,0.0
15,1,11,2,0.23937418662317678,0.0,0.0,0.0
15,1,12,2,0.15011321996748153,0.0,0.0,0.0
15,1,13,2,0.09952752798524753,0.0,0.0,0.0
15,1,14,2,0.7289946216601453,0.0,0.0,0.0
15,1,15,3,1.05664044205994,0.0,0.0,0.0
15,1,16,3,0.7276463854095667,0.0,0.0,0.0
15,1,17,3,2.1429731670069607,0.0,0.0,0.0
15,1,18,3,12.081635649667406,0.0,0.0,0.0
15,1,19,3,16.10472344452646,0.0,0.0,0.0
15,1,20,4,17.380523618986167,0.0,0.0,0.0
15,1,21,4,28.38103935997053,1.0,0.0,0.0
15,1,22,4,35.229054890537824,1.0,0.0,0.0
15,1,23,4,29.204134500494778,1.0,0.0,0.0
15,1,24,4,21.508966672305803,0.0,0.0,0.0
15,1,25,5,29.52567994008666,1.0,0.0,0.0
15,1,26,5,40.281762862160264,1.0,0.0,0.0
15,1,27,5,38.115139771877715,1.0,0.0,0.0
15,1,28,5,38.25511170959482,1.0,0.0,0.0
15,1,29,5,48.75163010293112,1.0,0.0,0.0
15,1,30,6,57.81968815958736,1.0,0.0,1.0
15,1,31,6,60.99552473844239,1.0,0.0,1.0
15,1,32,6,52.55067525105049,1.0,1.0,1.0
15,1,33,6,45.59226974378929,0.0,1.0,1.0
15,1,34,6,44.009802589785366,0.0,1.0,1.0
15,3,0,0,0.0,0.0,0.0,0.0
15,3,1,0,2.18077040355399,0.0,0.0,0.0
15,3,2,0,5.817461447939291,0.0,0.0,0.0
15,3,3,0,8.53502962429314,0.0,0.0,0.0
15,3,4,0,9.372096937121192,0.0,0.0,0.0
15,3,5,1,8.53972981851263,0.0,0.0,0.0
15,3,6,1,7.089721241941579,0.0,0.0,0.0
15,3,7,1,6.836676367521469,0.0,0.0,0.0
15,3,8,1,6.899907118119704,0.0,0.0,0.0
15,3,9,1,5.152549017244056,0.0,0.0,0.0
15,3,10,2,2.8788556922597257,0.0,0.0,0.0
15,3,11,2,1.5560578234222402,0.0,0.0,0.0
15,3,12,2,1.9768778003845866,0.0,0.0,0.0
15,3,13,2,2.9808847947917068,0.0,0.0,0.0
15,3,14,2,3.8596571175507055,0.0,0.0,0.0
15,3,15,3,5.452447251549166,0.0,0.0,0.0
15,3,16,3,4.225013150134563,0.0,0.0,0.0
15,3,17,3,3.2188470688768795,0.0,0.0,0.0
15,3,18,3,2.9534086076119204,0.0,0.0,0.0
15,3,19,3,3.886336055928051,0.0,0.0,0.0
15,3,20,4,3.5706148835318463,0.0,0.0,0.0
15,3,21,4,3.220409897067374,0.0,0.0,0.0
15,3,22,4,4.1081125650332195,0.0,0.0,0.0
15,3,23,4,3.8347425486952096,0.0,0.0,0.0
15,3,24,4,2.2246771545179453,0.0,0.0,0.0
15,3,25,5,1.3882260318526651,0.0,0.0,0.0
15,3,26,5,2.6708625192515947,0.0,0.0,0.0
15,3,27,5,6.9243416549516805,0.0,0.0,0.0
15,3,28,5,7.754319702868985,0.0,0.0,0.0
15,3,29,5,8.576133970793101,0.0,0.0,0.0
15,3,30,6,20.179184095753264,0.0,0.0,0.0
15,3,31,6,28.8243474034061,0.0,0.0,0.0
15,3,32,6,32.28820890120488,0.0,0.0,0.0
15,3,33,6,42.95642096715028,0.0,0.0,0.0
15,3,34,6,42.88020048575996,0.0,0.0,0.0
15,3,35,7,31.99429169902313,0.0,0.0,0.0
15,3,36,7,25.480420794803504,0.0,0.0,0.0
15,3,37,7,22.834724288266614,0.0,0.0,0.0
15,3,38,7,21.71857446813598,0.0,0.0,1.0
15,3,39,7,49.64285028113764,0.0,0.0,1.0
15,3,40,8,83.32014169390055,1.0,1.0,1.0
15,3,41,8,95.57077194711061,1.0,1.0,1.0
15,3,42,8,98.8324681611964,1.0,1.0,1.0
15,1,0,0,0.0,0.0,0.0,0.0
15,1,1,0,17.062034053935683,1.0,0.0,0.0
15,1,2,0,19.061562514115188,1.0,0.0,0.0
15,1,3,0,16.95313011617182,1.0,0.0,0.0
15,1,4,0,27.36635490926769,1.0,0.0,0.0
15,1,5,1,34.33748191911893,1.0,0.0,0.0
15,1,6,1,32.39998103612403,1.0,0.0,0.0
15,1,7,1,27.737984750468826,1.0,0.0,0.0
15,1,8,1,19.615125969367188,1.0,0.0,0.0
15,1,9,1,10.77007662826298,0.0,0.0,0.0
15,1,10,2,5.5463072310975665,0.0,0.0,0.0
15,1,11,2,3.435205113050123,0.0,0.0,0.0
15,1,12,2,1.9362966227871004,0.0,0.0,0.0
15,1,13,2,0.9941278336638921,0.0,0.0,0.0
15,1,14,2,0.8234887571167882,0.0,0.0,0.0
15,1,15,3,3.3109902039505807,0.0,0.0,0.0
15,1,16,3,2.7235271179778486,0.0,0.0,0.0
15,1,17,3,1.5736515984673263,0.0,0.0,0.0
15,1,18,3,5.657389277710228,0.0,0.0,0.0
15,1,19,3,14.704738427605799,0.0,0.0,0.0
15,1,20,4,18.281734120981604,0.0,0.0,0.0
15,1,21,4,22.74471119524076,1.0,0.0,0.0
15,1,22,4,35.362164695253455,1.0,0.0,0.0
15,1,23,4,35.28389767629382,1.0,0.0,0.0
15,1,24,4,24.87071295213707,0.0,0.0,0.0
15,1,25,5,24.67775378138664,0.0,0.0,0.0
15,1,26,5,41.40247441327524,1.0,0.0,0.0
15,1,27,5,53.601953936859,1.0,0.0,0.0
15,1,28,5,56.54552375066888,1.0,0.0,0.0
15,1,29,5,52.10069867333619,1.0,0.0,0.0
15,1,30,6,37.42107188710706,0.0,0.0,0.0
15,1,31,6,30.29927410516936,0.0,0.0,0.0
15,1,32,6,38.25630024166971,0.0,0.0,1.0
15,1,33,6,50.0906740699005,1.0,0.0,1.0
15,1,34,6,64.24633888984108,1.0,1.0,1.0
15,1,35,7,70.2550996653382,1.0,1.0,1.0
15,1,36,7,71.52774565744342,1.0,1.0,1.0
15,2,0,0,0.0,0.0,0.0,0.0
15,2,1,0,20.030378581394704,1.0,0.0,0.0
15,2,2,0,30.73096402643533,1.0,0.0,0.0
15,2,3,0,33.70923531313148,1.0,0.0,0.0
15,2,4,0,36.98683039741002,1.0,0.0,0.0
15,2,5,1,37.51106716679602,1.0,0.0,0.0
15,2,6,1,36.15364235110739,1.0,0.0,0.0
15,2,7,1,30.23810935077604,1.0,0.0,0.0
15,2,8,1,20.97819832909968,1.0,0.0,0.0
15,2,9,1,20.73152663793708,1.0,0.0,0.0
15,2,10,2,31.62277171677544,1.0,0.0,0.0
15,2,11,2,33.62544709884812,1.0,0.0,0.0
15,2,12,2,24.197203119096464,1.0,0.0,0.0
15,2,13,2,17.74934964574308,1.0,0.0,0.0
15,2,14,2,18.395068412221402,1.0,0.0,0.0
15,2,15,3,17.051686795634588,1.0,0.0,0.0
15,2,16,3,15.039097579304308,0.0,0.0,0.0
15,2,17,3,19.522888210600634,1.0,0.0,0.0
15,2,18,3,36.91537931364113,1.0,0.0,0.0
15,2,19,3,55.71140496339518,1.0,0.0,0.0
15,2,20,4,59.420768198821406,1.0,0.0,0.0
15,2,21,4,46.42193876435058,1.0,0.0,0.0
15,2,22,4,33.05952206553654,1.0,0.0,0.0
15,2,23,4,28.485216720829435,1.0,0.0,0.0
15,2,24,4,31.708509081740438,1.0,0.0,0.0
15,2,25,5,37.24698042511365,1.0,0.0,0.0
15,2,26,5,38.70442733441311,1.0,0.0,0.0
15,2,27,5,37.11260357791623,1.0,0.0,0.0
15,2,28,5,36.25645890988264,1.0,0.0,1.0
15,2,29,5,33.96138610337674,0.0,0.0,1.0
15,2,30,6,40.28177586738998,1.0,1.0,1.0
15,2,31,6,47.01640347537192,1.0,1.0,1.0
15,2,32,6,63.8920107180314,1.0,1.0,1.0
