trial,subject,k,arousal,event,excess_fixed,excess_adaptive,above,above_adaptive,sustained,rate,tsec,a100,strat,late
0_1,0,0,10.897735380074234,0.0,6.686852246846199,6.686852246846199,1.0,1.0,0.0,10.897735380074234,0,0.10897735380074235,<30,0.0
0_1,0,1,25.52076953137218,0.0,16.516974048425553,9.822880016308979,1.0,1.0,1.0,10.949877246808803,2,0.25520769531372184,<30,0.0
0_1,0,2,15.543269464813452,0.0,5.8438412639482165,1.4015405018380722,1.0,1.0,1.0,-3.3373967777897455,4,0.15543269464813453,<30,0.0
0_1,0,3,29.819307747115275,0.0,19.13852441065257,15.134043737613563,1.0,1.0,1.0,3.70115137532675,6,0.29819307747115276,<30,0.0
0_1,0,4,68.86157774113367,0.0,56.78178129529865,44.252341360500154,1.0,1.0,1.0,16.570204871398882,8,0.6886157774113367,<30,0.0
0_1,0,5,59.26076015457443,0.0,45.84324384635819,29.824287705175795,1.0,1.0,1.0,3.6937927214081903,10,0.5926076015457443,<30,0.0
0_1,0,6,20.15908942263364,0.0,5.419788256775361,0.0,1.0,0.0,1.0,-18.401234042241,12,0.20159089422633641,<30,0.0
0_1,0,7,11.120025051765381,0.0,0.0,0.0,0.0,0.0,0.0,-8.150840090508371,14,0.11120025051765381,<30,0.0
0_1,0,8,22.46855343228477,0.0,7.09403994656488,0.0,1.0,0.0,0.0,3.0547934402355117,16,0.2246855343228477,<30,0.0
0_1,0,9,39.426402877067424,0.0,19.62243339847916,6.716716415472632,1.0,1.0,1.0,9.291666942225362,18,0.39426402877067424,<30,0.0
0_1,0,10,14.505048344419238,0.0,0.0,0.0,0.0,0.0,0.0,-8.376726243349596,20,0.14505048344419239,<30,0.0
0_1,0,11,6.505160601879119,0.0,0.0,0.0,0.0,0.0,0.0,-6.19349459874072,22,0.06505160601879119,<30,0.0
0_1,0,12,8.05922135749535,0.0,0.0,0.0,0.0,0.0,0.0,-0.34664172190757503,24,0.0805922135749535,<30,0.0
0_1,0,13,19.160741639938266,0.0,0.0,0.0,0.0,0.0,0.0,4.436250015446571,26,0.19160741639938267,<30,0.0
0_1,0,14,19.778521961045072,0.0,0.0,0.0,0.0,0.0,0.0,1.8569893280653744,28,0.19778521961045073,<30,1.0
0_1,0,15,17.367711748514843,0.0,0.0,0.0,0.0,0.0,0.0,-0.916694417807782,30,0.17367711748514844,30-34,1.0
0_1,0,16,17.712427517289992,0.0,0.0,0.0,0.0,0.0,0.0,-0.145724794285087,32,0.17712427517289991,30-34,1.0
0_1,0,17,36.09463557249573,0.0,0.0,1.8309145052100355,0.0,1.0,0.0,6.136784743981936,34,0.3609463557249573,30-34,1.0
0_1,0,18,27.138225786727208,0.0,0.0,0.0,0.0,0.0,0.0,0.7314016369225509,36,0.2713822578672721,35-40,1.0
0_1,0,19,16.647658490755212,1.0,0.0,0.0,0.0,0.0,0.0,-7.8461980296569065,38,0.16647658490755213,35-40,1.0
0_11,0,0,0.33668054116270185,0.0,0.0,0.0,0.0,0.0,0.0,0.33668054116270185,0,0.0033668054116270186,<30,0.0
0_11,0,1,0.7629278610113163,0.0,0.0,0.0,0.0,0.0,0.0,0.3310565264402361,2,0.007629278610113163,<30,0.0
0_11,0,2,0.2614422292910252,0.0,0.0,0.0,0.0,0.0,0.0,-0.1785739161634869,4,0.0026144222929102515,<30,0.0
0_11,0,3,0.45333398682610304,0.0,0.0,0.0,0.0,0.0,0.0,-0.0019661083109712985,6,0.004533339868261031,<30,0.0
0_11,0,4,0.7744572473364331,0.0,0.0,0.0,0.0,0.0,0.0,0.1599735049267632,8,0.00774457247336433,<30,0.0
0_11,0,5,1.7712316250636762,0.0,0.0,0.0,0.0,0.0,0.0,0.39837098959090034,10,0.01771231625063676,<30,0.0
0_11,0,6,1.9300297638948172,0.0,0.0,0.0,0.0,0.0,0.0,0.2635396878016787,12,0.019300297638948173,<30,0.0
0_11,0,7,2.522015115271248,0.0,0.0,0.0,0.0,0.0,0.0,0.11103472082897672,14,0.02522015115271248,<30,0.0
0_11,0,8,1.5120906829084815,0.0,0.0,0.0,0.0,0.0,0.0,-0.1480905045471701,16,0.015120906829084815,<30,0.0
0_11,0,9,1.3047707835406512,0.0,0.0,0.0,0.0,0.0,0.0,-0.35862955302242233,18,0.013047707835406512,<30,0.0
0_11,0,10,7.322719459289483,0.0,0.0,0.0,0.0,0.0,0.0,2.138120407333554,20,0.07322719459289483,<30,0.0
0_11,0,11,18.875201236109284,0.0,0.0,1.0391437580910328,0.0,1.0,0.0,5.333242595474262,22,0.18875201236109285,<30,0.0
0_11,0,12,15.173425478660509,0.0,0.0,0.0,0.0,0.0,0.0,0.0042233214521715245,24,0.15173425478660507,<30,0.0
0_11,0,13,8.876497148528767,0.0,0.0,0.0,0.0,0.0,0.0,-2.7008893797751927,26,0.08876497148528767,<30,0.0
0_11,0,14,5.347331466724501,0.0,0.0,0.0,0.0,0.0,0.0,-2.4673922591468997,28,0.05347331466724501,<30,1.0
0_11,0,15,9.145556421677716,0.0,0.0,0.0,0.0,0.0,0.0,1.0962353176287165,30,0.09145556421677715,30-34,1.0
0_11,0,16,16.699315390472126,0.0,0.0,0.0,0.0,0.0,0.0,3.128729069191239,32,0.16699315390472125,30-34,1.0
0_11,0,17,30.963346043626608,0.0,0.0,0.0,0.0,0.0,0.0,7.049382064905718,34,0.30963346043626605,30-34,1.0
0_11,0,18,15.586427196781699,0.0,0.0,0.0,0.0,0.0,0.0,-4.318650099445715,36,0.155864271967817,35-40,1.0
0_11,0,19,19.73682525022045,0.0,0.0,0.0,0.0,0.0,0.0,-1.1730276581111982,38,0.1973682525022045,35-40,1.0
0_11,0,20,42.76485106025548,0.0,0.0,0.0,0.0,0.0,0.0,9.537530921233854,40,0.4276485106025548,35-40,1.0
0_11,0,21,73.75522590691502,0.0,0.0,6.943973443425882,0.0,1.0,0.0,15.307223538943205,42,0.7375522590691501,41-46,1.0
0_11,0,22,52.121542400580495,0.0,0.0,0.0,0.0,0.0,0.0,-4.0051698578768935,44,0.5212154240058049,41-46,1.0
0_11,0,23,51.217033545550336,0.0,0.0,0.0,0.0,0.0,0.0,-4.853584372680089,46,0.5121703354555034,41-46,1.0
0_11,0,24,81.35829541272327,0.0,0.0,0.0,0.0,0.0,0.0,12.746330059680664,48,0.8135829541272327,47-52,1.0
0_11,0,25,95.23190456502232,0.0,0.0,0.4649965278450381,0.0,1.0,0.0,8.430263090419643,50,0.9523190456502232,47-52,1.0
0_11,0,26,97.60014074664291,0.0,0.0,0.0,0.0,0.0,0.0,2.8686236322201255,52,0.976001407466429,47-52,1.0
0_11,0,27,96.23594499681542,0.0,0.0,0.0,0.0,0.0,0.0,-0.41767616231952565,54,0.9623594499681541,53-58,1.0
0_11,0,28,96.26990377310247,0.0,0.0,0.0,0.0,0.0,0.0,-0.19497888265356283,56,0.9626990377310247,53-58,1.0
0_11,0,29,95.08496251039381,0.0,0.0,0.0,0.0,0.0,0.0,-0.45499620455262857,58,0.9508496251039381,53-58,1.0
0_11,0,30,92.85249650134696,1.0,0.0,0.0,0.0,0.0,0.0,-0.990661020122578,60,0.9285249650134696,59+,1.0
0_13,0,0,0.0,0.0,0.0,0.0,0.0,0.0,0.0,0.0,0,0.0,<30,0.0
0_13,0,1,0.057518279611942794,0.0,0.0,0.0,0.0,0.0,0.0,0.019417913845077742,2,0.0005751827961194279,<30,0.0
0_13,0,2,3.686102157989742,0.0,0.0,0.0,0.0,0.0,0.0,1.228210411381054,4,0.03686102157989742,<30,0.0
0_13,0,3,6.866740851875314,0.0,0.0,0.0,0.0,0.0,0.0,1.9662945365508298,6,0.06866740851875314,<30,0.0
0_13,0,4,6.3977713378421495,0.0,0.0,0.0,0.0,0.0,0.0,0.09625435886584008,8,0.0639777133784215,<30,0.0
0_13,0,5,5.54742391762666,0.0,0.0,0.0,0.0,0.0,0.0,-0.4863773929419959,10,0.0554742391762666,<30,0.0
0_13,0,6,4.502850967501063,0.0,0.0,0.0,0.0,0.0,0.0,-0.3988151066080358,12,0.045028509675010625,<30,0.0
0_13,0,7,2.36908819089392,0.0,0.0,0.0,0.0,0.0,0.0,-0.9597361417957413,14,0.0236908819089392,<30,0.0
0_13,0,8,1.5485625997871528,0.0,0.0,0.0,0.0,0.0,0.0,-0.6328503728884991,16,0.015485625997871528,<30,0.0
0_13,0,9,2.593566055621463,0.0,0.0,0.0,0.0,0.0,0.0,0.3527219491069807,18,0.02593566055621463,<30,0.0
0_13,0,10,0.8498296860835612,0.0,0.0,0.0,0.0,0.0,0.0,-0.5497467305860554,20,0.008498296860835612,<30,0.0
0_13,0,11,0.22403341706549307,0.0,0.0,0.0,0.0,0.0,0.0,-0.4643417967299045,22,0.002240334170654931,<30,0.0
0_13,0,12,0.06727171209886178,0.0,0.0,0.0,0.0,0.0,0.0,-0.12302860021779932,24,0.0006727171209886178,<30,0.0
0_13,0,13,0.08962044762416553,0.0,0.0,0.0,0.0,0.0,0.0,-0.008467381310875738,26,0.0008962044762416553,<30,0.0
0_13,0,14,0.3798962049974368,0.0,0.0,0.0,0.0,0.0,0.0,0.10322150864475728,28,0.0037989620499743683,<30,1.0
0_13,0,15,0.15583659476925243,0.0,0.0,0.0,0.0,0.0,0.0,-0.026392690597730507,30,0.0015583659476925244,30-34,1.0
0_13,0,16,0.05143562764629507,0.0,0.0,0.0,0.0,0.0,0.0,-0.08125657673330108,32,0.0005143562764629507,30-34,1.0
0_13,0,17,0.31611002479499306,0.0,0.0,0.0,0.0,0.0,0.0,0.07849773117534706,34,0.0031611002479499306,30-34,1.0
0_13,0,18,0.7271315083240053,0.0,0.0,0.0,0.0,0.0,0.0,0.21674301297162324,36,0.007271315083240053,35-40,1.0
0_13,0,19,0.2957253563365766,0.0,0.0,0.0,0.0,0.0,0.0,-0.12759918614598295,38,0.002957253563365766,35-40,1.0
0_13,0,20,0.08065932546700408,0.0,0.0,0.0,0.0,0.0,0.0,-0.1410244423055985,40,0.0008065932546700408,35-40,1.0
0_13,0,21,0.02487565572568656,0.0,0.0,0.0,0.0,0.0,0.0,-0.04406691030888842,42,0.0002487565572568656,41-46,1.0
0_13,0,22,0.034349541283773,0.0,0.0,0.0,0.0,0.0,0.0,-0.002369922098814547,44,0.00034349541283773,41-46,1.0
0_13,0,23,2.3904812811492016,0.0,0.0,0.0,0.0,0.0,0.0,0.7908630258611212,46,0.023904812811492017,41-46,1.0
0_13,0,24,15.90645069549771,0.0,0.0,0.0,0.0,0.0,0.0,5.150838476105893,48,0.1590645069549771,47-52,1.0
0_13,0,25,18.464999755957905,0.0,0.0,0.0,0.0,0.0,0.0,3.6084593208387465,50,0.18464999755957906,47-52,1.0
0_13,0,26,6.469067618479407,0.0,0.0,0.0,0.0,0.0,0.0,-4.94033438801975,52,0.06469067618479407,47-52,1.0
0_13,0,27,4.7292955403701225,0.0,0.0,0.0,0.0,0.0,0.0,-2.275168301335003,54,0.04729295540370122,53-58,1.0
0_13,0,28,49.65220560043266,0.0,0.0,0.0,0.0,0.0,0.0,15.292728902225232,56,0.4965220560043266,53-58,1.0
0_13,0,29,85.73794669100448,0.0,0.0,0.0,0.0,0.0,0.0,22.149427246369648,58,0.8573794669100449,53-58,1.0
0_13,0,30,84.34579520510505,0.0,0.0,0.0,0.0,0.0,0.0,2.9376068851335355,60,0.8434579520510505,59+,1.0
0_13,0,31,90.98305533148971,1.0,0.0,0.0,0.0,0.0,0.0,1.0992868782787089,62,0.909830553314897,59+,1.0
0_15,0,0,0.000672590287241915,0.0,0.0,0.0,0.0,0.0,0.0,0.000672590287241915,0,6.72590287241915e-06,<30,0.0
0_15,0,1,0.023849089188705975,0.0,0.0,0.0,0.0,0.0,0.0,0.009430871236782152,2,0.00023849089188705976,<30,0.0
0_15,0,2,0.017290597209879893,0.0,0.0,0.0,0.0,0.0,0.0,0.002576985959785673,4,0.00017290597209879892,<30,0.0
0_15,0,3,0.004562324685743389,0.0,0.0,0.0,0.0,0.0,0.0,-0.007272900888425835,6,4.562324685743389e-05,<30,0.0
0_15,0,4,0.0012026157303166932,0.0,0.0,0.0,0.0,0.0,0.0,-0.002561193122149923,8,1.2026157303166932e-05,<30,0.0
0_15,0,5,0.000317006064764436,0.0,0.0,0.0,0.0,0.0,0.0,-0.0006751231771604047,10,3.17006064764436e-06,<30,0.0
0_15,0,6,0.008054742973869145,0.0,0.0,0.0,0.0,0.0,0.0,0.0024790998234355565,12,8.054742973869145e-05,<30,0.0
0_15,0,7,0.021917033954281486,0.0,0.0,0.0,0.0,0.0,0.0,0.007140417492740473,14,0.00021917033954281485,<30,0.0
0_15,0,8,0.005889263014246599,0.0,0.0,0.0,0.0,0.0,0.0,-0.0053716415736019905,16,5.889263014246599e-05,<30,0.0
0_15,0,9,0.17874072306575178,0.0,0.0,0.0,0.0,0.0,0.0,0.05575666833872647,18,0.0017874072306575178,<30,0.0
0_15,0,10,1.8575066683856085,0.0,0.0,0.0,0.0,0.0,0.0,0.6178954212469461,20,0.018575066683856084,<30,0.0
0_15,0,11,2.9350496108170288,0.0,0.0,0.0,0.0,0.0,0.0,0.6556783270842391,22,0.02935049610817029,<30,0.0
0_15,0,12,2.235191461331425,0.0,0.0,0.0,0.0,0.0,0.0,-0.10208282314170214,24,0.02235191461331425,<30,0.0
0_15,0,13,1.8497055918627694,0.0,0.0,0.0,0.0,0.0,0.0,-0.280764121631571,26,0.018497055918627693,<30,0.0
0_15,0,14,1.0073671810950986,0.0,0.0,0.0,0.0,0.0,0.0,-0.2892064865314474,28,0.010073671810950986,<30,1.0
0_15,0,15,1.022941290763799,0.0,0.0,0.0,0.0,0.0,0.0,-0.20559816548475102,30,0.01022941290763799,30-34,1.0
0_15,0,16,5.6059291085033305,0.0,0.0,0.0,0.0,0.0,0.0,1.6902331593508928,32,0.056059291085033304,30-34,1.0
0_15,0,17,3.1860164357363545,0.0,0.0,0.0,0.0,0.0,0.0,-0.20016343827880984,34,0.031860164357363545,30-34,1.0
0_15,0,18,5.587987366189141,0.0,0.0,0.0,0.0,0.0,0.0,0.45428653897566607,36,0.05587987366189141,35-40,1.0
0_15,0,19,4.241495682827184,0.0,0.0,0.0,0.0,0.0,0.0,-0.12235813351027221,38,0.04241495682827184,35-40,1.0
0_15,0,20,24.75720903012689,0.0,0.0,0.0,0.0,0.0,0.0,6.779417153175786,40,0.24757209030126892,35-40,1.0
0_15,0,21,30.35365145035616,0.0,0.0,0.0,0.0,0.0,0.0,6.903229258659251,42,0.3035365145035616,41-46,1.0
0_15,0,22,12.188121071808467,0.0,0.0,0.0,0.0,0.0,0.0,-8.036456778983174,44,0.12188121071808468,41-46,1.0
0_15,0,23,22.247422056723185,0.0,0.0,0.0,0.0,0.0,0.0,1.3758883644098945,46,0.22247422056723185,41-46,1.0
0_15,0,24,13.835661532843602,0.0,0.0,0.0,0.0,0.0,0.0,-0.6966473816588807,48,0.13835661532843602,47-52,1.0
0_15,0,25,9.554574963880256,0.0,0.0,0.0,0.0,0.0,0.0,-3.719043003809965,50,0.09554574963880257,47-52,1.0
0_15,0,26,49.09885286497155,0.0,0.0,0.0,0.0,0.0,0.0,13.567160196089537,52,0.4909885286497155,47-52,1.0
0_15,0,27,91.02732308248636,0.0,0.0,0.0,0.0,0.0,0.0,22.7359173481557,54,0.9102732308248637,53-58,1.0
0_15,0,28,98.8128219858059,0.0,0.0,0.0,0.0,0.0,0.0,7.620343608736533,56,0.988128219858059,53-58,1.0
0_15,0,29,99.39792054054655,0.0,0.0,0.0,0.0,0.0,0.0,0.8582526631583794,58,0.9939792054054655,53-58,1.0
0_15,0,30,99.30604088347565,1.0,0.0,0.0,0.0,0.0,0.0,0.03483816414108295,60,0.9930604088347564,59+,1.0
0_17,0,0,0.49803671279807094,0.0,0.0,0.0,0.0,0.0,0.0,0.49803671279807094,0,0.00498036712798071,<30,0.0
0_17,0,1,1.6986514685011769,0.0,0.0,0.0,0.0,0.0,0.0,0.7232455236190449,2,0.016986514685011767,<30,0.0
0_17,0,2,0.9769494712362874,0.0,0.0,0.0,0.0,0.0,0.0,-0.15441914875789972,4,0.009769494712362874,<30,0.0
0_17,0,3,2.4194579639185028,0.0,0.0,0.0,0.0,0.0,0.0,0.39368722595051536,6,0.02419457963918503,<30,0.0
0_17,0,4,1.6755392661233919,0.0,0.0,0.0,0.0,0.0,0.0,0.06078571289752015,8,0.01675539266123392,<30,0.0
0_17,0,5,0.6496663622448272,0.0,0.0,0.0,0.0,0.0,0.0,-0.6054894947498601,10,0.006496663622448272,<30,0.0
0_17,0,6,0.18668048352087915,0.0,0.0,0.0,0.0,0.0,0.0,-0.2865519269665073,12,0.0018668048352087916,<30,0.0
0_17,0,7,0.6444585979841404,0.0,0.0,0.0,0.0,0.0,0.0,0.09663156383822638,14,0.006444585979841404,<30,0.0
0_17,0,8,2.118019819769707,0.0,0.0,0.0,0.0,0.0,0.0,0.6378550993651042,16,0.02118019819769707,<30,0.0
0_17,0,9,1.3353638086951078,0.0,0.0,0.0,0.0,0.0,0.0,-0.05134752935741223,18,0.01335363808695108,<30,0.0
0_17,0,10,0.6764918294333532,0.0,0.0,0.0,0.0,0.0,0.0,-0.4266722313826674,20,0.0067649182943335315,<30,0.0
0_17,0,11,0.6668293961255135,0.0,0.0,0.0,0.0,0.0,0.0,-0.07112604539593408,22,0.006668293961255135,<30,0.0
0_17,0,12,1.6812979993618025,0.0,0.0,0.0,0.0,0.0,0.0,0.35948663556587235,24,0.016812979993618023,<30,0.0
0_17,0,13,3.23729301874066,0.0,0.0,0.0,0.0,0.0,0.0,0.7733048094111383,26,0.0323729301874066,<30,0.0
0_17,0,14,1.3267339223062882,0.0,0.0,0.0,0.0,0.0,0.0,-0.5444111279767274,28,0.013267339223062882,<30,1.0
0_17,0,15,0.6011043724874723,0.0,0.0,0.0,0.0,0.0,0.0,-0.553002069660438,30,0.0060110437248747225,30-34,1.0
0_17,0,16,4.75874973233206,0.0,0.0,0.0,0.0,0.0,0.0,1.327933968904151,32,0.0475874973233206,30-34,1.0
0_17,0,17,17.130809723494167,0.0,0.0,0.0,0.0,0.0,0.0,5.103971960282003,34,0.17130809723494167,30-34,1.0
0_17,0,18,37.3200743607908,0.0,0.0,0.0,0.0,0.0,0.0,9.748270512954782,36,0.373200743607908,35-40,1.0
0_17,0,19,27.044819128996075,0.0,0.0,0.0,0.0,0.0,0.0,-1.228515689384741,38,0.2704481912899607,35-40,1.0
0_17,0,20,25.876873580958062,0.0,0.0,0.0,0.0,0.0,0.0,-3.047575864023465,40,0.2587687358095806,35-40,1.0
0_17,0,21,53.95845107714794,0.0,0.0,0.0,0.0,0.0,0.0,11.420794290138033,42,0.5395845107714794,41-46,1.0
0_17,0,22,35.29149074000827,0.0,0.0,0.0,0.0,0.0,0.0,-2.753443693341212,44,0.3529149074000827,41-46,1.0
0_17,0,23,12.073307691806523,0.0,0.0,0.0,0.0,0.0,0.0,-12.210404499777052,46,0.12073307691806523,41-46,1.0
0_17,0,24,6.9124559203189015,0.0,0.0,0.0,0.0,0.0,0.0,-5.03279305187201,48,0.06912455920318901,47-52,1.0
0_17,0,25,13.261974844450112,0.0,0.0,0.0,0.0,0.0,0.0,2.1074586728461866,50,0.1326197484445011,47-52,1.0
0_17,0,26,11.783604888629434,0.0,0.0,0.0,0.0,0.0,0.0,0.7757027428554284,52,0.11783604888629434,47-52,1.0
0_17,0,27,3.423636861270523,0.0,0.0,0.0,0.0,0.0,0.0,-4.019346651934078,54,0.03423636861270523,53-58,1.0
0_17,0,28,1.1192288993047057,0.0,0.0,0.0,0.0,0.0,0.0,-1.7829537350256364,56,0.011192288993047058,53-58,1.0
0_17,0,29,2.378034233329598,0.0,0.0,0.0,0.0,0.0,0.0,0.1702582835499741,58,0.023780342333295977,53-58,1.0
0_17,0,30,29.01278610498344,0.0,0.0,0.0,0.0,0.0,0.0,9.328666898641016,60,0.2901278610498344,59+,1.0
0_17,0,31,41.81707203836541,0.0,0.0,0.0,0.0,0.0,0.0,10.724005348313113,62,0.4181707203836541,59+,1.0
0_17,0,32,31.59210271355598,0.0,0.0,0.0,0.0,0.0,0.0,-3.858500117347765,64,0.3159210271355598,59+,1.0
0_17,0,33,25.513128626976098,1.0,0.0,0.0,0.0,0.0,0.0,-4.703202466622796,66,0.255131286269761,59+,1.0
0_19,0,0,0.013938408417328078,0.0,0.0,0.0,0.0,0.0,0.0,0.013938408417328078,0,0.00013938408417328078,<30,0.0
0_19,0,1,0.03469327514400486,0.0,0.0,0.0,0.0,0.0,0.0,0.014881101909274063,2,0.0003469327514400486,<30,0.0
0_19,0,2,0.0738419379596297,0.0,0.0,0.0,0.0,0.0,0.0,0.013334489458222324,4,0.000738419379596297,<30,0.0
0_19,0,3,0.989319674206226,0.0,0.0,0.0,0.0,0.0,0.0,0.3221853890568729,6,0.00989319674206226,<30,0.0
0_19,0,4,0.8487557527690476,0.0,0.0,0.0,0.0,0.0,0.0,0.1346894366855338,8,0.008487557527690476,<30,0.0
0_19,0,5,0.2699223649175797,0.0,0.0,0.0,0.0,0.0,0.0,-0.2865655674165534,10,0.002699223649175797,<30,0.0
0_19,0,6,0.1132274152874792,0.0,0.0,0.0,0.0,0.0,0.0,-0.13158595102724494,12,0.001132274152874792,<30,0.0
0_19,0,7,0.5098790881694655,0.0,0.0,0.0,0.0,0.0,0.0,0.12279496895631715,14,0.0050987908816946545,<30,0.0
0_19,0,8,0.3733766882850926,0.0,0.0,0.0,0.0,0.0,0.0,0.031531015961442116,16,0.0037337668828509255,<30,0.0
0_19,0,9,0.1561232463916658,0.0,0.0,0.0,0.0,0.0,0.0,-0.12534096203984715,18,0.001561232463916658,<30,0.0
0_19,0,10,0.05188429819418995,0.0,0.0,0.0,0.0,0.0,0.0,-0.0585351832266541,20,0.0005188429819418995,<30,0.0
0_19,0,11,1.3243965383826295,0.0,0.0,0.0,0.0,0.0,0.0,0.40863473286591107,22,0.013243965383826295,<30,0.0
0_19,0,12,8.40343468164591,0.0,0.0,0.0,0.0,0.0,0.0,2.7785858229190463,24,0.0840343468164591,<30,0.0
0_19,0,13,9.107857098229266,0.0,0.0,0.0,0.0,0.0,0.0,1.4775270385617092,26,0.09107857098229266,<30,0.0
0_19,0,14,6.463129174862258,0.0,0.0,0.0,0.0,0.0,0.0,-1.2240075716694991,28,0.06463129174862259,<30,1.0
0_19,0,15,4.436292042230933,0.0,0.0,0.0,0.0,0.0,0.0,-0.9463836596617621,30,0.04436292042230933,30-34,1.0
0_19,0,16,1.5873545756721246,0.0,0.0,0.0,0.0,0.0,0.0,-1.4252933805789767,32,0.015873545756721244,30-34,1.0
0_19,0,17,5.150468741548431,0.0,0.0,0.0,0.0,0.0,0.0,0.8119201420822293,34,0.05150468741548431,30-34,1.0
0_19,0,18,52.61770485839118,0.0,0.0,5.513193054164464,0.0,1.0,0.0,17.13286069676236,36,0.5261770485839118,35-40,1.0
0_19,0,19,46.25239063585327,0.0,0.0,0.0,0.0,0.0,0.0,6.50139736989017,38,0.4625239063585327,35-40,1.0
0_19,0,20,20.739924324050136,0.0,0.0,0.0,0.0,0.0,0.0,-11.90863721010123,40,0.20739924324050135,35-40,1.0
0_19,0,21,6.78462343717073,0.0,0.0,0.0,0.0,0.0,0.0,-8.879087821359109,42,0.0678462343717073,41-46,1.0
0_19,0,22,2.0342280613856145,0.0,0.0,0.0,0.0,0.0,0.0,-3.2765943758287177,44,0.020342280613856144,41-46,1.0
0_19,0,23,3.55608765155403,0.0,0.0,0.0,0.0,0.0,0.0,-0.0551122537203943,46,0.0355608765155403,41-46,1.0
0_19,0,24,29.32183075363459,0.0,0.0,0.0,0.0,0.0,0.0,9.21259229980275,48,0.2932183075363459,47-52,1.0
0_19,0,25,36.604681836586025,0.0,0.0,0.0,0.0,0.0,0.0,8.197891711467484,50,0.3660468183658602,47-52,1.0
0_19,0,26,27.42810077931092,0.0,0.0,0.0,0.0,0.0,0.0,-4.459958398074956,52,0.2742810077931092,47-52,1.0
0_19,0,27,46.96749433875583,0.0,0.0,0.0,0.0,0.0,0.0,6.468735739580174,54,0.4696749433875583,53-58,1.0
0_19,0,28,40.22643709604526,0.0,0.0,0.0,0.0,0.0,0.0,0.9555675047299439,56,0.4022643709604526,53-58,1.0
0_19,0,29,30.80447974274285,0.0,0.0,0.0,0.0,0.0,0.0,-5.593083031780245,58,0.3080447974274285,53-58,1.0
0_19,0,30,57.094811336665195,0.0,0.0,0.0,0.0,0.0,0.0,8.125861426581181,60,0.570948113366652,59+,1.0
0_19,0,31,89.42377905944588,0.0,0.0,0.0,0.0,0.0,0.0,16.558084029928757,62,0.8942377905944587,59+,1.0
0_19,0,32,97.1094736948815,0.0,0.0,0.0,0.0,0.0,0.0,7.134823250010063,64,0.971094736948815,59+,1.0
0_19,0,33,98.00876621023929,0.0,0.0,0.0,0.0,0.0,0.0,0.9225999265549636,66,0.9800876621023928,59+,1.0
0_19,0,34,98.73891766476584,0.0,0.0,0.0,0.0,0.0,0.0,0.28340699738801806,68,0.9873891766476584,59+,1.0
0_19,0,35,98.74526349930602,0.0,0.0,0.0,0.0,0.0,0.0,0.12757672597355216,70,0.9874526349930602,59+,1.0
0_19,0,36,99.24123404626985,1.0,0.0,0.0,0.0,0.0,0.0,0.17333519512339515,72,0.9924123404626986,59+,1.0
0_21,0,0,5.4949855851935006,0.0,1.284102451965465,1.284102451965465,1.0,1.0,0.0,5.4949855851935006,0,0.05494985585193501,<30,0.0
0_21,0,1,12.132559978121066,0.0,3.128764495174436,2.426668926636241,1.0,1.0,1.0,5.228976988377064,2,0.12132559978121066,<30,0.0
0_21,0,2,11.999605752332446,0.0,3.082650468887622,3.0075830023797643,1.0,1.0,0.0,-0.2013739356271026,4,0.11999605752332446,<30,0.0
0_21,0,3,28.30976752655591,0.0,17.628984190093206,14.602406881168406,1.0,1.0,1.0,6.433590300404578,6,0.28309767526555907,<30,0.0
0_21,0,4,30.265817719847256,0.0,18.18602127401224,13.943161072991101,1.0,1.0,1.0,2.9680368882601535,8,0.30265817719847254,<30,0.0
0_21,0,5,13.849121609009577,0.0,2.3208854679847537,0.7057631246259728,1.0,1.0,1.0,-5.81248675973297,10,0.13849121609009576,<30,0.0
0_21,0,6,3.9649577513747185,0.0,0.0,0.0,0.0,0.0,0.0,-6.279935137140862,12,0.03964957751374718,<30,0.0
0_21,0,7,1.927885278164983,0.0,0.0,0.0,0.0,0.0,0.0,-1.8894812224461974,14,0.019278852781649827,<30,0.0
0_21,0,8,6.16862355634947,0.0,0.0,0.0,0.0,0.0,0.0,1.323630855933164,16,0.0616862355634947,<30,0.0
0_21,0,9,6.04853339154832,0.0,0.0,0.0,0.0,0.0,0.0,0.7712737871360793,18,0.0604853339154832,<30,0.0
0_21,0,10,2.458359014036475,0.0,0.0,0.0,0.0,0.0,0.0,-1.4763279513075505,20,0.02458359014036475,<30,0.0
0_21,0,11,0.658834395341487,0.0,0.0,0.0,0.0,0.0,0.0,-1.2106949205102389,22,0.0065883439534148705,<30,0.0
0_21,0,12,0.32647941764289795,0.0,0.0,0.0,0.0,0.0,0.0,-0.3187521626404016,24,0.0032647941764289796,<30,0.0
0_21,0,13,9.994708542344961,0.0,0.0,0.0,0.0,0.0,0.0,3.2188071787934556,26,0.09994708542344961,<30,0.0
0_21,0,14,9.291110895300868,0.0,0.0,0.0,0.0,0.0,0.0,2.070739259375854,28,0.09291110895300868,<30,1.0
0_21,0,15,2.809291674037517,0.0,0.0,0.0,0.0,0.0,0.0,-3.3729684350428872,30,0.02809291674037517,30-34,1.0
0_21,0,16,0.7421836524641838,0.0,0.0,0.0,0.0,0.0,0.0,-1.5346563034796223,32,0.007421836524641838,30-34,1.0
0_21,0,17,0.2943711326397409,0.0,0.0,0.0,0.0,0.0,0.0,-0.38293034311426694,34,0.002943711326397409,30-34,1.0
0_21,0,18,1.2373357393666458,0.0,0.0,0.0,0.0,0.0,0.0,0.2837538416419792,36,0.012373357393666457,35-40,1.0
0_21,0,19,11.95541072590331,0.0,0.0,0.0,0.0,0.0,0.0,3.7920837443271074,38,0.1195541072590331,35-40,1.0
0_21,0,20,26.404984565515008,0.0,0.0,0.0,0.0,0.0,0.0,7.569107686850085,40,0.2640498456551501,35-40,1.0
0_21,0,21,18.17670517131019,0.0,0.0,0.0,0.0,0.0,0.0,-1.6356006292379863,42,0.1817670517131019,41-46,1.0
0_21,0,22,9.723280628762222,0.0,0.0,0.0,0.0,0.0,0.0,-4.1941110957519765,44,0.09723280628762222,41-46,1.0
0_21,0,23,13.80890331722086,0.0,0.0,0.0,0.0,0.0,0.0,-0.038824277112788685,46,0.1380890331722086,41-46,1.0
0_21,0,24,25.284306324918898,0.0,0.0,0.0,0.0,0.0,0.0,4.958933613440236,48,0.252843063249189,47-52,1.0
0_21,0,25,58.32902193267007,0.0,0.0,0.0,0.0,0.0,0.0,13.960317366314335,50,0.5832902193267007,47-52,1.0
0_21,0,26,64.0467157877014,0.0,0.0,0.0,0.0,0.0,0.0,7.619402845789565,52,0.640467157877014,47-52,1.0
0_21,0,27,30.302431603648643,0.0,0.0,0.0,0.0,0.0,0.0,-12.976030504755297,54,0.30302431603648644,53-58,1.0
0_21,0,28,11.522922539595932,0.0,0.0,0.0,0.0,0.0,0.0,-11.697992444953545,56,0.11522922539595931,53-58,1.0
0_21,0,29,3.975062910308871,0.0,0.0,0.0,0.0,0.0,0.0,-5.089528089038393,58,0.03975062910308871,53-58,1.0
0_21,0,30,2.3342297621486523,0.0,0.0,0.0,0.0,0.0,0.0,-1.454722793151258,60,0.023342297621486523,59+,1.0
0_21,0,31,2.734874845311978,0.0,0.0,0.0,0.0,0.0,0.0,0.03754518461370937,62,0.027348748453119784,59+,1.0
0_21,0,32,1.218495833998786,0.0,0.0,0.0,0.0,0.0,0.0,-0.48204797158601687,64,0.01218495833998786,59+,1.0
0_21,0,33,0.4175780976380244,0.0,0.0,0.0,0.0,0.0,0.0,-0.5495299087720301,66,0.004175780976380244,59+,1.0
0_21,0,34,0.6606828788421732,0.0,0.0,0.0,0.0,0.0,0.0,-0.006879831228947739,68,0.006606828788421733,59+,1.0
0_21,0,35,4.2362165007502295,1.0,0.0,0.0,0.0,0.0,0.0,1.2961347047685619,70,0.0423621650075023,59+,1.0
0_23,0,0,12.462528561362419,0.0,8.251645428134383,8.251645428134383,1.0,1.0,0.0,12.462528561362419,0,0.12462528561362418,<30,0.0
0_23,0,1,51.00192551325205,0.0,41.99813003030542,25.410460491179105,1.0,1.0,1.0,21.468489188497255,2,0.5100192551325204,<30,0.0
0_23,0,2,21.758183739733717,0.0,12.058755538868478,2.2785882669133226,1.0,1.0,1.0,-5.83714297536938,4,0.21758183739733716,<30,0.0
0_23,0,3,13.242936131722463,0.0,2.5621527952597587,0.0,1.0,0.0,1.0,-8.345596601840647,6,0.13242936131722463,<30,0.0
0_23,0,4,20.41233932181558,0.0,8.332542875980561,0.0,1.0,0.0,1.0,2.408251572977399,8,0.20412339321815579,<30,0.0
0_23,0,5,8.914540787933557,0.0,0.0,0.0,0.0,0.0,0.0,-3.139611840975069,10,0.08914540787933557,<30,0.0
0_23,0,6,2.384874991600766,0.0,0.0,0.0,0.0,0.0,0.0,-4.429516995631769,12,0.023848749916007658,<30,0.0
0_23,0,7,2.1714066805173435,0.0,0.0,0.0,0.0,0.0,0.0,-0.8142961253613835,14,0.021714066805173435,<30,0.0
0_23,0,8,7.5688617820509085,0.0,0.0,0.0,0.0,0.0,0.0,2.056296971327541,16,0.07568861782050909,<30,0.0
0_23,0,9,11.169955267457429,0.0,0.0,0.0,0.0,0.0,0.0,2.0365346423127053,18,0.11169955267457428,<30,0.0
0_23,0,10,12.625333632683262,0.0,0.0,0.0,0.0,0.0,0.0,1.211159098609938,20,0.1262533363268326,<30,0.0
0_23,0,11,5.828244656014949,0.0,0.0,0.0,0.0,0.0,0.0,-2.4815363936550816,22,0.05828244656014949,<30,0.0
0_23,0,12,4.919558779897093,0.0,0.0,0.0,0.0,0.0,0.0,-1.3987943695271805,24,0.04919558779897093,<30,0.0
0_23,0,13,3.5347142663607984,0.0,0.0,0.0,0.0,0.0,0.0,-0.34968494929884536,26,0.035347142663607986,<30,0.0
0_23,0,14,1.1617048304452993,0.0,0.0,0.0,0.0,0.0,0.0,-1.2528688366079574,28,0.011617048304452992,<30,1.0
0_23,0,15,0.42390648781182017,0.0,0.0,0.0,0.0,0.0,0.0,-0.5276061782490631,30,0.004239064878118201,30-34,1.0
0_23,0,16,0.11591731753289151,0.0,0.0,0.0,0.0,0.0,0.0,-0.2020653695522155,32,0.0011591731753289151,30-34,1.0
0_23,0,17,0.03635720202270456,0.0,0.0,0.0,0.0,0.0,0.0,-0.06311253611531605,34,0.00036357202022704556,30-34,1.0
0_23,0,18,0.5084883540884717,0.0,0.0,0.0,0.0,0.0,0.0,0.14965813962491611,36,0.005084883540884717,35-40,1.0
0_23,0,19,2.4306835978823456,0.0,0.0,0.0,0.0,0.0,0.0,0.7858785129863053,38,0.024306835978823455,35-40,1.0
0_23,0,20,1.1737023045449584,0.0,0.0,0.0,0.0,0.0,0.0,-0.20718884761013845,40,0.011737023045449584,35-40,1.0
0_23,0,21,1.4115232129807027,0.0,0.0,0.0,0.0,0.0,0.0,-0.12170210174922673,42,0.014115232129807026,41-46,1.0
0_23,0,22,15.162697535055445,0.0,0.0,0.0,0.0,0.0,0.0,4.7536293738590425,44,0.15162697535055444,41-46,1.0
0_23,0,23,41.99622076911224,0.0,0.0,0.0,0.0,0.0,0.0,12.327830946040887,46,0.4199622076911224,41-46,1.0
0_23,0,24,76.25544745556084,0.0,0.0,0.0,0.0,0.0,0.0,15.575139749172962,48,0.7625544745556084,47-52,1.0
0_23,0,25,92.79767119600999,0.0,0.0,0.0,0.0,0.0,0.0,11.848205620169082,50,0.9279767119600999,47-52,1.0
0_23,0,26,86.4233973500437,0.0,0.0,0.0,0.0,0.0,0.0,-0.8133024962137371,52,0.864233973500437,47-52,1.0
0_23,0,27,70.71734743494835,0.0,0.0,0.0,0.0,0.0,0.0,-6.751905162559995,54,0.7071734743494835,53-58,1.0
0_23,0,28,62.642531292477585,0.0,0.0,0.0,0.0,0.0,0.0,-5.990879548988336,56,0.6264253129247759,53-58,1.0
0_23,0,29,82.0024405454188,0.0,0.0,0.0,0.0,0.0,0.0,7.017149121885007,58,0.8200244054541881,53-58,1.0
0_23,0,30,89.36410067608654,0.0,0.0,0.0,0.0,0.0,0.0,5.3747310126744425,60,0.8936410067608653,59+,1.0
0_23,0,31,74.71988562493452,1.0,0.0,0.0,0.0,0.0,0.0,-4.100411451264675,62,0.7471988562493452,59+,1.0
0_3,0,0,2.3226341932941033,0.0,0.0,0.0,0.0,0.0,0.0,2.3226341932941033,0,0.02322634193294103,<30,0.0
0_3,0,1,3.2899638410815273,0.0,0.0,0.0,0.0,0.0,0.0,1.4513033629388916,2,0.03289963841081527,<30,0.0
0_3,0,2,1.1036772941634563,0.0,0.0,0.0,0.0,0.0,0.0,-1.115616464866981,4,0.011036772941634562,<30,0.0
0_3,0,3,5.2672854570709875,0.0,0.0,0.0,0.0,0.0,0.0,1.1681567252051563,6,0.05267285457070987,<30,0.0
0_3,0,4,11.332214896557744,0.0,0.9366141767902931,1.9149876195798452,1.0,1.0,0.0,3.1509491032409405,8,0.11332214896557743,<30,0.0
0_3,0,5,3.7475057329594166,0.0,0.0,0.0,0.0,0.0,0.0,-2.3169146425871063,10,0.037475057329594164,<30,0.0
0_3,0,6,6.760746283784478,0.0,0.0,0.0,0.0,0.0,0.0,-0.04700232753216349,12,0.06760746283784477,<30,0.0
0_3,0,7,32.68310880548052,0.0,16.444331275323506,15.795644271539226,1.0,1.0,0.0,9.71384826179077,14,0.3268310880548052,<30,0.0
0_3,0,8,33.22027010177035,0.0,15.333100592977967,10.717734792982172,1.0,1.0,1.0,5.5122897290674135,16,0.33220270101770355,<30,0.0
0_3,0,9,10.130917811407377,0.0,0.0,0.0,0.0,0.0,0.0,-10.384236628576375,18,0.10130917811407376,<30,0.0
0_3,0,10,3.6494356816031894,0.0,0.0,0.0,0.0,0.0,0.0,-5.154225725402355,20,0.03649435681603189,<30,0.0
0_3,0,11,2.9269122351122716,0.0,0.0,0.0,0.0,0.0,0.0,-0.9102293216351456,22,0.029269122351122716,<30,0.0
0_3,0,12,4.07266949120028,0.0,0.0,0.0,0.0,0.0,0.0,0.4343996764249338,24,0.0407266949120028,<30,0.0
0_3,0,13,7.79912774440986,0.0,0.0,0.0,0.0,0.0,0.0,1.2649458720576043,26,0.0779912774440986,<30,0.0
0_3,0,14,16.531528515228672,0.0,0.0,0.0,0.0,0.0,0.0,4.1435758870109405,28,0.16531528515228672,<30,1.0
0_3,0,15,12.748573867836416,0.0,0.0,0.0,0.0,0.0,0.0,-0.27189696527258167,30,0.12748573867836416,30-34,1.0
0_3,0,16,4.1537352448840235,0.0,0.0,0.0,0.0,0.0,0.0,-3.9936202004045622,32,0.041537352448840235,30-34,1.0
0_3,0,17,3.57156679889903,0.0,0.0,0.0,0.0,0.0,0.0,-1.3990508453730417,34,0.0357156679889903,30-34,1.0
0_3,0,18,26.144723015162114,0.0,0.0,0.0,0.0,0.0,0.0,7.793874709212753,36,0.26144723015162113,35-40,1.0
0_3,0,19,38.93793849374007,0.0,0.0,0.0,0.0,0.0,0.0,10.088713386315433,38,0.3893793849374007,35-40,1.0
0_3,0,20,64.85902049180152,0.0,0.0,5.832632969915544,0.0,1.0,0.0,7.720527008408998,40,0.6485902049180151,35-40,1.0
0_3,0,21,80.27300480148128,0.0,0.0,5.189484464812466,0.0,1.0,0.0,12.577284200405948,42,0.8027300480148127,41-46,1.0
0_3,0,22,58.32355275391361,0.0,0.0,0.0,0.0,0.0,0.0,-7.7731979283964305,44,0.5832355275391361,41-46,1.0
0_3,0,23,75.36347249800204,0.0,0.0,0.0,0.0,0.0,0.0,2.72316511840927,46,0.7536347249800204,41-46,1.0
0_3,0,24,76.89546063150631,0.0,0.0,0.0,0.0,0.0,0.0,3.7500323236731417,48,0.7689546063150631,47-52,1.0
0_3,0,25,90.83168348266265,0.0,0.0,3.274705333385249,0.0,1.0,0.0,5.042674523311696,50,0.9083168348266265,47-52,1.0
0_3,0,26,81.82942845033921,0.0,0.0,0.0,0.0,0.0,0.0,-1.1132239679912743,52,0.818294284503392,47-52,1.0
0_3,0,27,77.42924928049638,0.0,0.0,0.0,0.0,0.0,0.0,-3.2430952561317623,54,0.7742924928049638,53-58,1.0
0_3,0,28,33.56094708600375,0.0,0.0,0.0,0.0,0.0,0.0,-16.033346838562355,56,0.3356094708600375,53-58,1.0
0_3,0,29,41.47871534916075,0.0,0.0,0.0,0.0,0.0,0.0,-5.353713371310512,58,0.4147871534916075,53-58,1.0
0_3,0,30,58.93384413741313,0.0,0.0,0.0,0.0,0.0,0.0,10.66736876075377,60,0.5893384413741313,59+,1.0
0_3,0,31,69.37840150685548,1.0,0.0,0.0,0.0,0.0,0.0,5.388761635151241,62,0.6937840150685548,59+,1.0
0_5,0,0,0.03963317661415031,0.0,0.0,0.0,0.0,0.0,0.0,0.03963317661415031,0,0.00039633176614150314,<30,0.0
0_5,0,1,0.20107945551649362,0.0,0.0,0.0,0.0,0.0,0.0,0.08225340464965403,2,0.0020107945551649364,<30,0.0
0_5,0,2,1.1828212648390293,0.0,0.0,0.0,0.0,0.0,0.0,0.3506088571199807,4,0.011828212648390292,<30,0.0
0_5,0,3,1.9616352948671962,0.0,0.0,0.0,0.0,0.0,0.0,0.535960458132398,6,0.019616352948671964,<30,0.0
0_5,0,4,1.1061041338390196,0.0,0.0,0.0,0.0,0.0,0.0,-0.30466132328689266,8,0.011061041338390197,<30,0.0
0_5,0,5,2.552895850052103,0.0,0.0,0.0,0.0,0.0,0.0,0.3389192901348486,10,0.02552895850052103,<30,0.0
0_5,0,6,2.4235021463548225,0.0,0.0,0.0,0.0,0.0,0.0,0.3856840248581203,12,0.024235021463548227,<30,0.0
0_5,0,7,1.6633907899866214,0.0,0.0,0.0,0.0,0.0,0.0,-0.5055441462374406,14,0.016633907899866213,<30,0.0
0_5,0,8,2.2276919363225156,0.0,0.0,0.0,0.0,0.0,0.0,0.1659367145338258,16,0.022276919363225157,<30,0.0
0_5,0,9,0.9610724836403091,0.0,0.0,0.0,0.0,0.0,0.0,-0.4270203022892536,18,0.00961072483640309,<30,0.0
0_5,0,10,1.2438351640287761,0.0,0.0,0.0,0.0,0.0,0.0,-0.07632457023213284,20,0.01243835164028776,<30,0.0
0_5,0,11,10.353950961385298,0.0,0.0,0.0,0.0,0.0,0.0,3.2161577884206736,22,0.10353950961385298,<30,0.0
0_5,0,12,16.90529157112438,0.0,0.0,0.0,0.0,0.0,0.0,4.1979507939257275,24,0.1690529157112438,<30,0.0
0_5,0,13,8.87810887121146,0.0,0.0,0.0,0.0,0.0,0.0,-2.3772185863792794,26,0.0887810887121146,<30,0.0
0_5,0,14,3.2936968767324,0.0,0.0,0.0,0.0,0.0,0.0,-3.3187076713581476,28,0.032936968767324,<30,1.0
0_5,0,15,2.5383410644201856,0.0,0.0,0.0,0.0,0.0,0.0,-1.014023516441662,30,0.025383410644201857,30-34,1.0
0_5,0,16,9.236285328326089,0.0,0.0,0.0,0.0,0.0,0.0,2.3660691561382587,32,0.09236285328326088,30-34,1.0
0_5,0,17,27.76867281219586,0.0,0.0,0.0,0.0,0.0,0.0,7.5996628235017525,34,0.2776867281219586,30-34,1.0
0_5,0,18,70.74281036137697,0.0,8.00910547864855,16.864615620622523,1.0,1.0,0.0,18.680715088871814,36,0.7074281036137697,35-40,1.0
0_5,0,19,66.20661259210779,0.0,0.9510513109448624,3.7694924740104696,1.0,1.0,1.0,4.799748008080108,38,0.6620661259210778,35-40,1.0
0_5,0,20,73.54274893442006,0.0,0.0,4.958362231274755,0.0,1.0,0.0,-0.0016114761906798059,40,0.7354274893442007,35-40,1.0
0_5,0,21,88.75791143056239,0.0,0.0,14.866289688172479,0.0,1.0,0.0,8.507348485890027,42,0.8875791143056239,41-46,1.0
0_5,0,22,95.71611178314787,0.0,0.0,22.83123495890522,0.0,1.0,0.0,3.7909135894915336,44,0.9571611178314786,41-46,1.0
0_5,0,23,97.56448413083243,0.0,0.0,24.2230489183572,0.0,1.0,0.0,1.593806447204983,46,0.9756448413083243,41-46,1.0
0_5,0,24,97.18235416448411,0.0,0.0,16.131649761636965,0.0,1.0,0.0,0.10054399394672942,48,0.9718235416448411,47-52,1.0
0_5,0,25,98.61786750324768,0.0,0.0,14.528457991953218,0.0,1.0,0.0,0.41646360652170245,50,0.9861786750324768,47-52,1.0
0_5,0,26,98.49268663004977,0.0,0.0,9.702796569145626,0.0,1.0,0.0,0.23256550252834055,52,0.9849268663004977,47-52,1.0
0_5,0,27,86.82391942424816,0.0,0.0,0.0,0.0,0.0,0.0,-4.073185786203749,54,0.8682391942424816,53-58,1.0
0_5,0,28,89.13186467203246,0.0,0.0,0.0,0.0,0.0,0.0,-1.7031003086492642,56,0.8913186467203247,53-58,1.0
0_5,0,29,91.58997602753303,0.0,0.0,0.0,0.0,0.0,0.0,1.9488349206948121,58,0.9158997602753303,53-58,1.0
0_5,0,30,89.96199462890527,1.0,0.0,0.0,0.0,0.0,0.0,0.03385674778241802,60,0.8996199462890527,59+,1.0
0_7,0,0,0.15906702544513945,0.0,0.0,0.0,0.0,0.0,0.0,0.15906702544513945,0,0.0015906702544513946,<30,0.0
0_7,0,1,0.30587075206253844,0.0,0.0,0.0,0.0,0.0,0.0,0.13157874375034342,2,0.0030587075206253843,<30,0.0
0_7,0,2,0.3467948590176652,0.0,0.0,0.0,0.0,0.0,0.0,0.0033322917318473286,4,0.003467948590176652,<30,0.0
0_7,0,3,4.44374968244589,0.0,0.0,0.0,0.0,0.0,0.0,1.3939199628351537,6,0.044437496824458904,<30,0.0
0_7,0,4,41.48315131870396,0.0,29.40335487286894,21.973863587321368,1.0,1.0,0.0,13.556356449634045,8,0.4148315131870396,<30,0.0
0_7,0,5,35.274513523095976,0.0,21.85699721487974,10.36048464212169,1.0,1.0,1.0,4.756134654953182,10,0.35274513523095974,<30,0.0
0_7,0,6,12.13840589183309,0.0,0.7396908815291248,0.0,1.0,0.0,1.0,-11.030748420206084,12,0.1213840589183309,<30,0.0
0_7,0,7,4.081609840997738,0.0,0.0,0.0,0.0,0.0,0.0,-6.078461625481175,14,0.04081609840997738,<30,0.0
0_7,0,8,3.93478383297933,0.0,0.0,0.0,0.0,0.0,0.0,-0.8726139934950908,16,0.0393478383297933,<30,0.0
0_7,0,9,2.241752969064717,0.0,0.0,0.0,0.0,0.0,0.0,-0.49749536758836593,18,0.02241752969064717,<30,0.0
0_7,0,10,6.155590835512595,0.0,0.0,0.0,0.0,0.0,0.0,0.966253373692915,20,0.06155590835512595,<30,0.0
0_7,0,11,7.234195463484695,0.0,0.0,0.0,0.0,0.0,0.0,1.5994234378672287,22,0.07234195463484695,<30,0.0
0_7,0,12,2.8764158416587797,0.0,0.0,0.0,0.0,0.0,0.0,-2.0135243074287605,24,0.028764158416587797,<30,0.0
0_7,0,13,3.366701475130803,0.0,0.0,0.0,0.0,0.0,0.0,-0.44048222433821327,26,0.03366701475130803,<30,0.0
0_7,0,14,2.389160323452743,0.0,0.0,0.0,0.0,0.0,0.0,-0.12328188380511382,28,0.023891603234527433,<30,1.0
0_7,0,15,2.591692213617658,0.0,0.0,0.0,0.0,0.0,0.0,-0.14244369261743736,30,0.02591692213617658,30-34,1.0
0_7,0,16,4.136259602406136,0.0,0.0,0.0,0.0,0.0,0.0,0.5708061835263829,32,0.041362596024061365,30-34,1.0
0_7,0,17,16.5942988067888,0.0,0.0,0.0,0.0,0.0,0.0,4.683441131624699,34,0.165942988067888,30-34,1.0
0_7,0,18,29.374527144981982,0.0,0.0,0.0,0.0,0.0,0.0,6.9271859884321945,36,0.2937452714498198,35-40,1.0
0_7,0,19,14.612506274789158,0.0,0.0,0.0,0.0,0.0,0.0,-3.8407960168174506,38,0.14612506274789158,35-40,1.0
0_7,0,20,4.512927124764422,0.0,0.0,0.0,0.0,0.0,0.0,-6.359676452179589,40,0.04512927124764422,35-40,1.0
0_7,0,21,5.586181474562402,0.0,0.0,0.0,0.0,0.0,0.0,-0.7653547491643791,42,0.05586181474562402,41-46,1.0
0_7,0,22,36.657668115684935,0.0,0.0,0.0,0.0,0.0,0.0,11.1375140707242,44,0.3665766811568493,41-46,1.0
0_7,0,23,70.20112055071468,0.0,0.0,0.0,0.0,0.0,0.0,18.309309265100197,46,0.7020112055071468,41-46,1.0
0_7,0,24,81.93916773504104,0.0,0.0,0.0,0.0,0.0,0.0,7.23797175908566,48,0.8193916773504104,47-52,1.0
0_7,0,25,68.47412883935098,0.0,0.0,0.0,0.0,0.0,0.0,-2.1997277071479076,50,0.6847412883935098,47-52,1.0
0_7,0,26,43.10441799755458,0.0,0.0,0.0,0.0,0.0,0.0,-12.640767553496161,52,0.4310441799755458,47-52,1.0
0_7,0,27,50.671131377333516,0.0,0.0,0.0,0.0,0.0,0.0,-0.8351532988244847,54,0.5067113137733351,53-58,1.0
0_7,0,28,81.00927079945066,0.0,0.0,0.0,0.0,0.0,0.0,13.662672662290108,56,0.8100927079945066,53-58,1.0
0_7,0,29,88.56731317934702,0.0,0.0,0.0,0.0,0.0,0.0,6.346031493866029,58,0.8856731317934703,53-58,1.0
0_7,0,30,94.58977422768842,0.0,0.0,0.0,0.0,0.0,0.0,3.169802940428634,60,0.9458977422768843,59+,1.0
0_7,0,31,98.0848970992426,1.0,0.0,0.0,0.0,0.0,0.0,2.485599920130189,62,0.980848970992426,59+,1.0
0_9,0,0,0.0,0.0,0.0,0.0,0.0,0.0,0.0,0.0,0,0.0,<30,0.0
0_9,0,1,0.0,0.0,0.0,0.0,0.0,0.0,0.0,0.0,2,0.0,<30,0.0
0_9,0,2,0.0032622947910708514,0.0,0.0,0.0,0.0,0.0,0.0,0.0010874315970236172,4,3.262294791070851e-05,<30,0.0
0_9,0,3,0.007309024463195826,0.0,0.0,0.0,0.0,0.0,0.0,0.0024007610088926513,6,7.309024463195827e-05,<30,0.0
0_9,0,4,0.05222119652794188,0.0,0.0,0.0,0.0,0.0,0.0,0.015537795147788067,8,0.0005222119652794189,<30,0.0
0_9,0,5,0.01785928623246867,0.0,0.0,0.0,0.0,0.0,0.0,-0.005411864130006738,10,0.00017859286232468671,<30,0.0
0_9,0,6,0.004738156140301942,0.0,0.0,0.0,0.0,0.0,0.0,-0.01001518853934584,12,4.738156140301942e-05,<30,0.0
0_9,0,7,0.08373039628146203,0.0,0.0,0.0,0.0,0.0,0.0,0.024847238308439844,14,0.0008373039628146203,<30,0.0
0_9,0,8,0.2833803362475048,0.0,0.0,0.0,0.0,0.0,0.0,0.09035678086320956,16,0.002833803362475048,<30,0.0
0_9,0,9,0.08147903008992308,0.0,0.0,0.0,0.0,0.0,0.0,-0.05668938006419918,18,0.0008147903008992308,<30,0.0
0_9,0,10,0.021477639148148972,0.0,0.0,0.0,0.0,0.0,0.0,-0.045740613796704056,20,0.00021477639148148971,<30,0.0
0_9,0,11,0.005661444212934382,0.0,0.0,0.0,0.0,0.0,0.0,-0.012057094892467953,22,5.661444212934382e-05,<30,0.0
0_9,0,12,0.0014923404921313508,0.0,0.0,0.0,0.0,0.0,0.0,-0.0031782157076443085,24,1.4923404921313508e-05,<30,0.0
0_9,0,13,0.0003933766828200405,0.0,0.0,0.0,0.0,0.0,0.0,-0.0008377685648494916,26,3.933766828200405e-06,<30,0.0
0_9,0,14,0.03406575693609348,0.0,0.0,0.0,0.0,0.0,0.0,0.01109985459333591,28,0.0003406575693609348,<30,1.0
0_9,0,15,0.12644645484420636,0.0,0.0,0.0,0.0,0.0,0.0,0.04207731383856827,30,0.0012644645484420635,30-34,1.0
0_9,0,16,0.041351108456266605,0.0,0.0,0.0,0.0,0.0,0.0,-0.024637542378963696,32,0.00041351108456266604,30-34,1.0
0_9,0,17,3.6838427760363404,0.0,0.0,0.0,0.0,0.0,0.0,1.2051291051533712,34,0.036838427760363404,30-34,1.0
0_9,0,18,30.19695940673879,0.0,0.0,0.0,0.0,0.0,0.0,9.928728327591728,36,0.30196959406738794,35-40,1.0
0_9,0,19,67.0442744348676,0.0,0.0,7.585844337573121,0.0,1.0,0.0,17.968219137138064,38,0.670442744348676,35-40,1.0
0_9,0,20,65.83350073595793,0.0,0.0,0.0,0.0,0.0,0.0,4.645459580407514,40,0.6583350073595793,35-40,1.0
0_9,0,21,78.9458258217768,0.0,0.0,2.649118581379419,0.0,1.0,0.0,3.595281305512276,42,0.7894582582177679,41-46,1.0
0_9,0,22,90.46234918554768,0.0,0.0,8.847728891106982,0.0,1.0,0.0,6.893936457738123,44,0.9046234918554767,41-46,1.0
0_9,0,23,86.01069963495674,0.0,0.0,7.72668767895609,0.0,1.0,0.0,-0.6009186051569416,46,0.8601069963495673,41-46,1.0
0_9,0,24,78.54867888129641,0.0,0.0,2.175309323786813,0.0,1.0,0.0,-3.546637767990357,48,0.7854867888129641,47-52,1.0
0_9,0,25,67.20800422020545,0.0,0.0,0.0,0.0,0.0,0.0,-4.950439534813341,50,0.6720800422020545,47-52,1.0
0_9,0,26,70.77586122052212,0.0,0.0,0.0,0.0,0.0,0.0,-0.6563232374429144,52,0.7077586122052212,47-52,1.0
0_9,0,27,76.74441150721631,1.0,0.0,0.0,0.0,0.0,0.0,3.7428294319123174,54,0.7674441150721631,53-58,1.0
10_1,10,0,0.0,0.0,0.0,0.0,0.0,0.0,0.0,0.0,0,0.0,<30,0.0
10_1,10,1,0.0,0.0,0.0,0.0,0.0,0.0,0.0,0.0,2,0.0,<30,0.0
10_1,10,2,0.002262686900765811,0.0,0.0,0.0,0.0,0.0,0.0,0.0007542289669219371,4,2.2626869007658113e-05,<30,0.0
10_1,10,3,0.5786102213232014,0.0,0.0,0.0,0.0,0.0,0.0,0.19287007377440046,6,0.005786102213232014,<30,0.0
10_1,10,4,3.101454087597964,0.0,0.0,0.0,0.0,0.0,0.0,0.9884025609504794,8,0.03101454087597964,<30,0.0
10_1,10,5,15.000497391804535,0.0,1.7637690814260854,3.760112638205694,1.0,1.0,0.0,4.579645033894178,10,0.15000497391804535,<30,0.0
10_1,10,6,12.25740449120275,0.0,0.0,0.08524502809442502,0.0,1.0,0.0,1.2038399758311833,12,0.1225740449120275,<30,0.0
10_1,10,7,16.303267796876526,0.0,0.6792686499241931,1.5380713199654252,1.0,1.0,0.0,0.31154853961639617,14,0.16303267796876525,<30,0.0
10_1,10,8,8.289637967390997,0.0,0.0,0.0,0.0,0.0,0.0,-1.9481465511000482,16,0.08289637967390996,<30,0.0
10_1,10,9,3.2004046425902946,0.0,0.0,0.0,0.0,0.0,0.0,-3.1600129621703683,18,0.032004046425902946,<30,0.0
10_1,10,10,2.375709105155485,0.0,0.0,0.0,0.0,0.0,0.0,-0.9536609381201632,20,0.023757091051554848,<30,0.0
10_1,10,11,3.272119731942926,0.0,0.0,0.0,0.0,0.0,0.0,0.2441482700138749,22,0.03272119731942926,<30,0.0
10_1,10,12,8.80501854256185,0.0,0.0,0.0,0.0,0.0,0.0,2.219510775370554,24,0.0880501854256185,<30,0.0
10_1,10,13,5.836084596078335,0.0,0.0,0.0,0.0,0.0,0.0,-0.2589600024668252,26,0.05836084596078335,<30,0.0
10_1,10,14,3.0242916677128684,0.0,0.0,0.0,0.0,0.0,0.0,-1.6530181081500608,28,0.030242916677128685,<30,1.0
10_1,10,15,9.743661627157854,1.0,0.0,0.0,0.0,0.0,0.0,1.7302398613734846,30,0.09743661627157854,30-34,1.0
10_11,10,0,0.1564583617469049,0.0,0.0,0.0,0.0,0.0,0.0,0.1564583617469049,0,0.0015645836174690488,<30,0.0
10_11,10,1,1.5491682091360146,0.0,0.0,0.0,0.0,0.0,0.0,0.6310192454108261,2,0.015491682091360147,<30,0.0
10_11,10,2,0.7309945033503732,0.0,0.0,0.0,0.0,0.0,0.0,-0.03774763752981962,4,0.007309945033503732,<30,0.0
10_11,10,3,1.2271085573093206,0.0,0.0,0.0,0.0,0.0,0.0,-0.03712072781141691,6,0.012271085573093206,<30,0.0
10_11,10,4,2.0617814593345596,0.0,0.0,0.0,0.0,0.0,0.0,0.46473356710658265,8,0.020617814593345597,<30,0.0
10_11,10,5,1.8480194472572704,0.0,0.0,0.0,0.0,0.0,0.0,-0.009390759424938833,10,0.018480194472572705,<30,0.0
10_11,10,6,1.6992434616920724,0.0,0.0,0.0,0.0,0.0,0.0,-0.04774784385966273,12,0.016992434616920724,<30,0.0
10_11,10,7,2.264271252319918,0.0,0.0,0.0,0.0,0.0,0.0,0.07119799301463531,14,0.02264271252319918,<30,0.0
10_11,10,8,1.6380710003714847,0.0,0.0,0.0,0.0,0.0,0.0,0.05017594443045263,16,0.016380710003714848,<30,0.0
10_11,10,9,1.0368636016046318,0.0,0.0,0.0,0.0,0.0,0.0,-0.48671314754454775,18,0.010368636016046318,<30,0.0
10_11,10,10,1.0516756545485828,0.0,0.0,0.0,0.0,0.0,0.0,-0.006238839967012227,20,0.010516756545485829,<30,0.0
10_11,10,11,0.6326740657807444,0.0,0.0,0.0,0.0,0.0,0.0,-0.1305250634145338,22,0.006326740657807444,<30,0.0
10_11,10,12,0.7184054027572149,0.0,0.0,0.0,0.0,0.0,0.0,-0.07138231430919544,24,0.007184054027572149,<30,0.0
10_11,10,13,0.8374835498705198,0.0,0.0,0.0,0.0,0.0,0.0,0.06615033921769824,26,0.008374835498705198,<30,0.0
10_11,10,14,2.794700485543375,0.0,0.0,0.0,0.0,0.0,0.0,0.713223524383658,28,0.02794700485543375,<30,1.0
10_11,10,15,2.9378932434167,0.0,0.0,0.0,0.0,0.0,0.0,0.4543954207341643,30,0.029378932434167,30-34,1.0
10_11,10,16,2.84704645405607,0.0,0.0,0.0,0.0,0.0,0.0,-0.12917287658682497,32,0.028470464540560698,30-34,1.0
10_11,10,17,1.6830297178194689,1.0,0.0,0.0,0.0,0.0,0.0,-0.4057186621565545,34,0.01683029717819469,30-34,1.0
10_13,10,0,0.0,0.0,0.0,0.0,0.0,0.0,0.0,0.0,0,0.0,<30,0.0
10_13,10,1,0.05188976312119564,0.0,0.0,0.0,0.0,0.0,0.0,0.01801155065813774,2,0.0005188976312119564,<30,0.0
10_13,10,2,0.24719421728712412,0.0,0.0,0.0,0.0,0.0,0.0,0.08096814652689632,4,0.002471942172871241,<30,0.0
10_13,10,3,0.11558742665329719,0.0,0.0,0.0,0.0,0.0,0.0,-0.014383595892864838,6,0.0011558742665329718,<30,0.0
10_13,10,4,0.10343919058932777,0.0,0.0,0.0,0.0,0.0,0.0,-0.03633064203036099,8,0.0010343919058932777,<30,0.0
10_13,10,5,4.399054030699894,0.0,0.0,0.0,0.0,0.0,0.0,1.446569822370389,10,0.043990540306998935,<30,0.0
10_13,10,6,7.292141497582946,0.0,0.0,0.0,0.0,0.0,0.0,2.0696118137344643,12,0.07292141497582946,<30,0.0
10_13,10,7,9.791344191699071,0.0,0.0,0.0,0.0,0.0,0.0,0.7007392696228649,14,0.09791344191699071,<30,0.0
10_13,10,8,7.641981080554643,0.0,0.0,0.0,0.0,0.0,0.0,0.24323823134342043,16,0.07641981080554644,<30,0.0
10_13,10,9,3.135076917588843,0.0,0.0,0.0,0.0,0.0,0.0,-2.4690681496403117,18,0.03135076917588843,<30,0.0
10_13,10,10,2.760545450261858,0.0,0.0,0.0,0.0,0.0,0.0,-0.656748212172013,20,0.02760545450261858,<30,0.0
10_13,10,11,2.2496380033072647,0.0,0.0,0.0,0.0,0.0,0.0,-0.12090307215444315,22,0.02249638003307265,<30,0.0
10_13,10,12,0.6442408944986586,0.0,0.0,0.0,0.0,0.0,0.0,-0.7760717250768712,24,0.0064424089449865865,<30,0.0
10_13,10,13,0.16984628903773402,0.0,0.0,0.0,0.0,0.0,0.0,-0.3554402507547633,26,0.0016984628903773402,<30,0.0
10_13,10,14,0.04477099570992335,0.0,0.0,0.0,0.0,0.0,0.0,-0.09534813439856077,28,0.0004477099570992335,<30,1.0
10_13,10,15,0.011801506339727309,0.0,0.0,0.0,0.0,0.0,0.0,-0.02513349535213438,30,0.00011801506339727308,30-34,1.0
10_13,10,16,0.004111019040930697,1.0,0.0,0.0,0.0,0.0,0.0,-0.008755177092092723,32,4.1110190409306965e-05,30-34,1.0
10_15,10,0,0.08769202427933137,0.0,0.0,0.0,0.0,0.0,0.0,0.08769202427933137,0,0.0008769202427933137,<30,0.0
10_15,10,1,0.09273240849668501,0.0,0.0,0.0,0.0,0.0,0.0,0.04110438358076246,2,0.0009273240849668502,<30,0.0
10_15,10,2,0.21808846583802477,0.0,0.0,0.0,0.0,0.0,0.0,0.023078319022496227,4,0.0021808846583802476,<30,0.0
10_15,10,3,0.2996132621283069,0.0,0.0,0.0,0.0,0.0,0.0,0.07541380865617575,6,0.002996132621283069,<30,0.0
10_15,10,4,0.10635698318039792,0.0,0.0,0.0,0.0,0.0,0.0,-0.08779762482389855,8,0.0010635698318039793,<30,0.0
10_15,10,5,0.8672642313203367,0.0,0.0,0.0,0.0,0.0,0.0,0.2355378513464576,10,0.008672642313203367,<30,0.0
10_15,10,6,1.034198759538772,0.0,0.0,0.0,0.0,0.0,0.0,0.23634227009740258,12,0.01034198759538772,<30,0.0
10_15,10,7,0.3232517660949902,0.0,0.0,0.0,0.0,0.0,0.0,-0.29966289233064736,14,0.003232517660949902,<30,0.0
10_15,10,8,0.4253033350166933,0.0,0.0,0.0,0.0,0.0,0.0,-0.06387623778743476,16,0.0042530333501669335,<30,0.0
10_15,10,9,4.744453947175897,0.0,0.0,0.0,0.0,0.0,0.0,1.4997124032796028,18,0.047444539471758966,<30,0.0
10_15,10,10,12.412436855389092,0.0,0.0,0.0,0.0,0.0,0.0,3.741668055396964,20,0.12412436855389092,<30,0.0
10_15,10,11,9.862286156991061,0.0,0.0,0.0,0.0,0.0,0.0,-0.2565668067721131,22,0.09862286156991061,<30,0.0
10_15,10,12,7.073896381536149,0.0,0.0,0.0,0.0,0.0,0.0,-0.9786215275777481,24,0.07073896381536149,<30,0.0
10_15,10,13,2.272650658110238,0.0,0.0,0.0,0.0,0.0,0.0,-2.5659436420008594,26,0.02272650658110238,<30,0.0
10_15,10,14,1.2579020814900532,0.0,0.0,0.0,0.0,0.0,0.0,-0.9149653141843441,28,0.012579020814900532,<30,1.0
10_15,10,15,0.44944413825682633,0.0,0.0,0.0,0.0,0.0,0.0,-0.3762890281221498,30,0.004494441382568264,30-34,1.0
10_15,10,16,1.1377916199438318,0.0,0.0,0.0,0.0,0.0,0.0,0.10207051914269416,32,0.011377916199438318,30-34,1.0
10_15,10,17,7.045441721342039,0.0,0.0,0.0,0.0,0.0,0.0,2.2554518405827375,34,0.07045441721342038,30-34,1.0
10_15,10,18,8.037360302548695,0.0,0.0,0.0,0.0,0.0,0.0,1.4135584349931567,36,0.08037360302548695,35-40,1.0
10_15,10,19,2.729194887915413,0.0,0.0,0.0,0.0,0.0,0.0,-2.071025380607802,38,0.027291948879154128,35-40,1.0
10_15,10,20,1.0896062350679325,1.0,0.0,0.0,0.0,0.0,0.0,-1.8737877148391384,40,0.010896062350679326,35-40,1.0
10_17,10,0,0.0,0.0,0.0,0.0,0.0,0.0,0.0,0.0,0,0.0,<30,0.0
10_17,10,1,0.0,0.0,0.0,0.0,0.0,0.0,0.0,0.0,2,0.0,<30,0.0
10_17,10,2,0.0,0.0,0.0,0.0,0.0,0.0,0.0,0.0,4,0.0,<30,0.0
10_17,10,3,0.0,0.0,0.0,0.0,0.0,0.0,0.0,0.0,6,0.0,<30,0.0
10_17,10,4,0.0,0.0,0.0,0.0,0.0,0.0,0.0,0.0,8,0.0,<30,0.0
10_17,10,5,0.3955444518426485,0.0,0.0,0.0,0.0,0.0,0.0,0.13184815061421618,10,0.003955444518426486,<30,0.0
10_17,10,6,1.858663462286869,0.0,0.0,0.0,0.0,0.0,0.0,0.6070208397429891,12,0.01858663462286869,<30,0.0
10_17,10,7,1.8176478399411837,0.0,0.0,0.0,0.0,0.0,0.0,0.21840314695427546,14,0.018176478399411836,<30,0.0
10_17,10,8,0.7128846007127443,0.0,0.0,0.0,0.0,0.0,0.0,-0.47436543469696657,16,0.007128846007127443,<30,0.0
10_17,10,9,0.41499811856284596,0.0,0.0,0.0,0.0,0.0,0.0,-0.2555795724746049,18,0.004149981185628459,<30,0.0
10_17,10,10,0.41710601212638143,0.0,0.0,0.0,0.0,0.0,0.0,-0.013852596005335283,20,0.004171060121263814,<30,0.0
10_17,10,11,0.15419044511446903,0.0,0.0,0.0,0.0,0.0,0.0,-0.10585515469969073,22,0.0015419044511446904,<30,0.0
10_17,10,12,0.043969771474072133,0.0,0.0,0.0,0.0,0.0,0.0,-0.0742034861046936,24,0.0004396977147407213,<30,0.0
10_17,10,13,0.7648112904769135,0.0,0.0,0.0,0.0,0.0,0.0,0.2265064860376316,26,0.007648112904769136,<30,0.0
10_17,10,14,2.5908675813350257,0.0,0.0,0.0,0.0,0.0,0.0,0.8272291903216842,28,0.025908675813350258,<30,1.0
10_17,10,15,0.796403221332986,0.0,0.0,0.0,0.0,0.0,0.0,-0.4810191978155751,30,0.00796403221332986,30-34,1.0
10_17,10,16,0.20992960992952145,0.0,0.0,0.0,0.0,0.0,0.0,-0.4460975949868889,32,0.0020992960992952145,30-34,1.0
10_17,10,17,0.07312834470716881,1.0,0.0,0.0,0.0,0.0,0.0,-0.1557403655853458,34,0.000731283447071688,30-34,1.0
10_19,10,0,1.3584764904699766,0.0,0.0,0.0,0.0,0.0,0.0,1.3584764904699766,0,0.013584764904699766,<30,0.0
10_19,10,1,2.000643903076048,0.0,0.0,0.0,0.0,0.0,0.0,0.877577606530467,2,0.02000643903076048,<30,0.0
10_19,10,2,0.704043207848178,0.0,0.0,0.0,0.0,0.0,0.0,-0.639537038550835,4,0.007040432078481779,<30,0.0
10_19,10,3,0.4137368509068598,0.0,0.0,0.0,0.0,0.0,0.0,-0.24926810529393845,6,0.004137368509068598,<30,0.0
10_19,10,4,1.0012783179078968,0.0,0.0,0.0,0.0,0.0,0.0,0.16930442471847418,8,0.010012783179078968,<30,0.0
10_19,10,5,1.0041655155886164,0.0,0.0,0.0,0.0,0.0,0.0,0.1046737208811627,10,0.010041655155886165,<30,0.0
10_19,10,6,1.2242617727440632,0.0,0.0,0.0,0.0,0.0,0.0,0.0898432902974641,12,0.012242617727440633,<30,0.0
10_19,10,7,0.7093651877803947,0.0,0.0,0.0,0.0,0.0,0.0,-0.16150853344457627,14,0.007093651877803947,<30,0.0
10_19,10,8,0.23773159433637392,0.0,0.0,0.0,0.0,0.0,0.0,-0.26039906656783157,16,0.002377315943363739,<30,0.0
10_19,10,9,1.096700016069056,0.0,0.0,0.0,0.0,0.0,0.0,0.2198035148269171,18,0.010967000160690561,<30,0.0
10_19,10,10,2.1329311474191894,0.0,0.0,0.0,0.0,0.0,0.0,0.6304197244919869,20,0.021329311474191894,<30,0.0
10_19,10,11,0.9232398924773757,0.0,0.0,0.0,0.0,0.0,0.0,-0.4049826440435917,22,0.009232398924773757,<30,0.0
10_19,10,12,1.487575261405991,0.0,0.0,0.0,0.0,0.0,0.0,-0.012882785589727275,24,0.01487575261405991,<30,0.0
10_19,10,13,4.691724455495225,0.0,0.0,0.0,0.0,0.0,0.0,1.3796753280523473,26,0.046917244554952255,<30,0.0
10_19,10,14,1.4150047924563478,0.0,0.0,0.0,0.0,0.0,0.0,-0.9239341584611259,28,0.014150047924563479,<30,1.0
10_19,10,15,0.3794018180451124,0.0,0.0,0.0,0.0,0.0,0.0,-0.7722684898142005,30,0.0037940181804511242,30-34,1.0
10_19,10,16,0.18698117065360575,0.0,0.0,0.0,0.0,0.0,0.0,-0.18341445702974019,32,0.0018698117065360576,30-34,1.0
10_19,10,17,1.0385607360169913,0.0,0.0,0.0,0.0,0.0,0.0,0.27994559851253975,34,0.010385607360169913,30-34,1.0
10_19,10,18,2.2260867000449966,1.0,0.0,0.0,0.0,0.0,0.0,0.6640484823583264,36,0.022260867000449967,35-40,1.0
10_21,10,0,0.0,0.0,0.0,0.0,0.0,0.0,0.0,0.0,0,0.0,<30,0.0
10_21,10,1,0.0,0.0,0.0,0.0,0.0,0.0,0.0,0.0,2,0.0,<30,0.0
10_21,10,2,0.0,0.0,0.0,0.0,0.0,0.0,0.0,0.0,4,0.0,<30,0.0
10_21,10,3,0.0,0.0,0.0,0.0,0.0,0.0,0.0,0.0,6,0.0,<30,0.0
10_21,10,4,0.0,0.0,0.0,0.0,0.0,0.0,0.0,0.0,8,0.0,<30,0.0
10_21,10,5,0.0,0.0,0.0,0.0,0.0,0.0,0.0,0.0,10,0.0,<30,0.0
10_21,10,6,0.0,0.0,0.0,0.0,0.0,0.0,0.0,0.0,12,0.0,<30,0.0
10_21,10,7,0.0,0.0,0.0,0.0,0.0,0.0,0.0,0.0,14,0.0,<30,0.0
10_21,10,8,0.0,0.0,0.0,0.0,0.0,0.0,0.0,0.0,16,0.0,<30,0.0
10_21,10,9,0.0,0.0,0.0,0.0,0.0,0.0,0.0,0.0,18,0.0,<30,0.0
10_21,10,10,0.07852780270760273,0.0,0.0,0.0,0.0,0.0,0.0,0.026175934235867577,20,0.0007852780270760273,<30,0.0
10_21,10,11,1.5844663499882143,0.0,0.0,0.0,0.0,0.0,0.0,0.5264170035331329,22,0.015844663499882145,<30,0.0
10_21,10,12,1.3743078346636,0.0,0.0,0.0,0.0,0.0,0.0,0.2921160989757164,24,0.013743078346636,<30,0.0
10_21,10,13,0.5899407167095332,0.0,0.0,0.0,0.0,0.0,0.0,-0.49025423070101937,26,0.005899407167095332,<30,0.0
10_21,10,14,0.5321532057960516,0.0,0.0,0.0,0.0,0.0,0.0,-0.07575839318789719,28,0.005321532057960516,<30,1.0
10_21,10,15,0.3849004866530499,0.0,0.0,0.0,0.0,0.0,0.0,-0.05692472692079209,30,0.003849004866530499,30-34,1.0
10_21,10,16,1.281459358574428,0.0,0.0,0.0,0.0,0.0,0.0,0.25070509563462706,32,0.01281459358574428,30-34,1.0
10_21,10,17,4.060973185540655,0.0,0.0,0.0,0.0,0.0,0.0,1.2832165112569145,34,0.04060973185540655,30-34,1.0
10_21,10,18,1.2085695390003617,0.0,0.0,0.0,0.0,0.0,0.0,-0.8374283446734367,36,0.012085695390003617,35-40,1.0
10_21,10,19,0.40541167440244674,0.0,0.0,0.0,0.0,0.0,0.0,-0.6464612170157955,38,0.004054116744024467,35-40,1.0
10_21,10,20,4.34312694743045,0.0,0.0,0.0,0.0,0.0,0.0,1.2408755521887787,40,0.04343126947430451,35-40,1.0
10_21,10,21,5.569935450891727,0.0,0.0,0.0,0.0,0.0,0.0,1.4304032879663138,42,0.05569935450891727,41-46,1.0
10_21,10,22,1.8208793773818577,0.0,0.0,0.0,0.0,0.0,0.0,-1.6665263481141275,44,0.018208793773818576,41-46,1.0
10_21,10,23,11.471327494096967,1.0,0.0,0.0,0.0,0.0,0.0,2.484582969930329,46,0.11471327494096967,41-46,1.0
10_23,10,0,1.1733063283926122,0.0,0.0,0.0,0.0,0.0,0.0,1.1733063283926122,0,0.011733063283926122,<30,0.0
10_23,10,1,2.7427910849903867,0.0,0.0,0.0,0.0,0.0,0.0,1.1576195512468244,2,0.027427910849903866,<30,0.0
10_23,10,2,1.4922254089232623,0.0,0.0,0.0,0.0,0.0,0.0,-0.3804053523231745,4,0.014922254089232622,<30,0.0
10_23,10,3,0.41645361701614175,0.0,0.0,0.0,0.0,0.0,0.0,-0.607913006565904,6,0.004164536170161418,<30,0.0
10_23,10,4,0.5337618261949814,0.0,0.0,0.0,0.0,0.0,0.0,-0.09203375774787192,8,0.005337618261949814,<30,0.0
10_23,10,5,23.52200404683903,0.0,12.793927005773215,10.864527426898206,1.0,1.0,0.0,7.7691922166860445,10,0.2352200404683903,<30,0.0
10_23,10,6,36.73402754469464,0.0,21.95765931155037,13.227797646785465,1.0,1.0,1.0,10.806899628186741,12,0.3673402754469464,<30,0.0
10_23,10,7,10.503189816880617,0.0,0.0,0.0,0.0,0.0,0.0,-10.837561361387566,14,0.10503189816880618,<30,0.0
10_23,10,8,2.7690902367643804,0.0,0.0,0.0,0.0,0.0,0.0,-5.852594989964869,16,0.027690902367643804,<30,0.0
10_23,10,9,0.8404939717350712,0.0,0.0,0.0,0.0,0.0,0.0,-1.5176524483876852,18,0.008404939717350712,<30,0.0
10_23,10,10,2.184679152285997,0.0,0.0,0.0,0.0,0.0,0.0,0.25420402530016317,20,0.02184679152285997,<30,0.0
10_23,10,11,1.4998757830906682,0.0,0.0,0.0,0.0,0.0,0.0,0.07973913847868738,22,0.014998757830906682,<30,0.0
10_23,10,12,2.851613946710189,0.0,0.0,0.0,0.0,0.0,0.0,0.2291685442365083,24,0.028516139467101888,<30,0.0
10_23,10,13,7.77667562210202,0.0,0.0,0.0,0.0,0.0,0.0,2.123434575466728,26,0.0777667562210202,<30,0.0
10_23,10,14,6.233473597584397,0.0,0.0,0.0,0.0,0.0,0.0,0.3167263369106065,28,0.06233473597584397,<30,1.0
10_23,10,15,2.762373482195605,0.0,0.0,0.0,0.0,0.0,0.0,-1.9420593192069457,30,0.02762373482195605,30-34,1.0
10_23,10,16,40.21370314335559,0.0,5.823675736426225,9.666995867914366,1.0,1.0,0.0,12.243708995214217,32,0.4021370314335559,30-34,1.0
10_23,10,17,51.52456593984817,0.0,5.098409247777955,7.133673862753714,1.0,1.0,0.0,13.434315327173339,34,0.5152456593984818,30-34,1.0
10_23,10,18,16.40806800162604,1.0,0.0,0.0,0.0,0.0,0.0,-15.189765211453018,36,0.16408068001626042,35-40,1.0
10_3,10,0,0.0,0.0,0.0,0.0,0.0,0.0,0.0,0.0,0,0.0,<30,0.0
10_3,10,1,2.070586257472208,0.0,0.0,0.0,0.0,0.0,0.0,0.7068963191458154,2,0.02070586257472208,<30,0.0
10_3,10,2,4.302143767236911,0.0,0.0,0.0,0.0,0.0,0.0,1.4006461224354783,4,0.043021437672369114,<30,0.0
10_3,10,3,3.2100320349925404,0.0,0.0,0.0,0.0,0.0,0.0,-0.42501655880254063,6,0.0321003203499254,<30,0.0
10_3,10,4,3.3860630546218453,0.0,0.0,0.0,0.0,0.0,0.0,-0.04481724552577952,8,0.033860630546218455,<30,0.0
10_3,10,5,21.68128496949578,0.0,10.280604052827028,9.308643284245475,1.0,1.0,0.0,6.295185736243623,10,0.21681284969495782,<30,0.0
10_3,10,6,29.049405880916396,0.0,14.273037647772124,9.67165574587043,1.0,1.0,1.0,7.485597186947176,12,0.29049405880916396,<30,0.0
10_3,10,7,23.290585932859422,0.0,7.051808402702401,3.158509585276125,1.0,1.0,1.0,-3.84003921333258,14,0.23290585932859423,<30,0.0
10_3,10,8,7.842415560250188,0.0,0.0,0.0,0.0,0.0,0.0,-5.646329962116095,16,0.07842415560250188,<30,0.0
10_3,10,9,2.1158262025244112,0.0,0.0,0.0,0.0,0.0,0.0,-4.32331624006297,18,0.021158262025244113,<30,0.0
10_3,10,10,4.1482782287746724,0.0,0.0,0.0,0.0,0.0,0.0,0.0406159418582146,20,0.041482782287746725,<30,0.0
10_3,10,11,5.042454653613785,0.0,0.0,0.0,0.0,0.0,0.0,0.9798767971089002,22,0.05042454653613784,<30,0.0
10_3,10,12,3.057551812538807,0.0,0.0,0.0,0.0,0.0,0.0,-0.9128203569418372,24,0.03057551812538807,<30,0.0
10_3,10,13,3.3214712200082994,0.0,0.0,0.0,0.0,0.0,0.0,-0.07268706904490553,26,0.03321471220008299,<30,0.0
10_3,10,14,1.9257772107348672,0.0,0.0,0.0,0.0,0.0,0.0,-0.40507814580937407,28,0.01925777210734867,<30,1.0
10_3,10,15,1.6630297594050962,0.0,0.0,0.0,0.0,0.0,0.0,-0.4380113438030774,30,0.016630297594050963,30-34,1.0
10_3,10,16,23.309242902361955,0.0,0.0,0.7113404285363387,0.0,1.0,0.0,7.4047449867441655,32,0.23309242902361954,30-34,1.0
10_3,10,17,65.68955626878007,1.0,12.877721751849549,19.303209253599874,1.0,1.0,0.0,21.05852191438972,34,0.6568955626878007,30-34,1.0
10_5,10,0,0.0,0.0,0.0,0.0,0.0,0.0,0.0,0.0,0,0.0,<30,0.0
10_5,10,1,0.0,0.0,0.0,0.0,0.0,0.0,0.0,0.0,2,0.0,<30,0.0
10_5,10,2,0.0012346974964174483,0.0,0.0,0.0,0.0,0.0,0.0,0.00041156583213914944,4,1.2346974964174483e-05,<30,0.0
10_5,10,3,1.5842199644114512,0.0,0.0,0.0,0.0,0.0,0.0,0.5280733214704838,6,0.015842199644114513,<30,0.0
10_5,10,4,2.7555348491073,0.0,0.0,0.0,0.0,0.0,0.0,0.8299497360655401,8,0.027555348491073,<30,0.0
10_5,10,5,3.525352216717704,0.0,0.0,0.0,0.0,0.0,0.0,0.2533511140710281,10,0.03525352216717704,<30,0.0
10_5,10,6,9.173757484169744,0.0,0.0,0.0,0.0,0.0,0.0,2.1338777118705643,12,0.09173757484169745,<30,0.0
10_5,10,7,8.941658762221468,0.0,0.0,0.0,0.0,0.0,0.0,0.936121480022924,14,0.08941658762221469,<30,0.0
10_5,10,8,3.963379155853017,0.0,0.0,0.0,0.0,0.0,0.0,-1.9678640299710888,16,0.03963379155853017,<30,0.0
10_5,10,9,2.162280393311428,0.0,0.0,0.0,0.0,0.0,0.0,-1.5359496652444387,18,0.02162280393311428,<30,0.0
10_5,10,10,3.736017461168814,0.0,0.0,0.0,0.0,0.0,0.0,0.5418216396296177,20,0.03736017461168814,<30,0.0
10_5,10,11,2.040460088535668,0.0,0.0,0.0,0.0,0.0,0.0,-0.5484652576259142,22,0.020404600885356682,<30,0.0
10_5,10,12,0.810620038142138,0.0,0.0,0.0,0.0,0.0,0.0,-0.6030810788551305,24,0.00810620038142138,<30,0.0
10_5,10,13,0.473228915280685,0.0,0.0,0.0,0.0,0.0,0.0,-0.31768298372065507,26,0.00473228915280685,<30,0.0
10_5,10,14,4.8863588402038705,0.0,0.0,0.0,0.0,0.0,0.0,1.4875520048282715,28,0.04886358840203871,<30,1.0
10_5,10,15,26.779731583650456,0.0,0.0,1.4354654844154098,0.0,1.0,0.0,8.365768333582658,30,0.26779731583650457,30-34,1.0
10_5,10,16,54.49423109262971,0.0,6.833512071791965,11.902317017527817,1.0,1.0,0.0,13.895159451420536,32,0.5449423109262971,30-34,1.0
10_5,10,17,66.9312200822345,0.0,12.239126018952248,13.358079169612694,1.0,1.0,1.0,8.294612567984998,34,0.669312200822345,30-34,1.0
10_5,10,18,73.18909187638745,0.0,10.455386993659033,13.12725884454591,1.0,1.0,1.0,3.4841994893176675,36,0.7318909187638745,35-40,1.0
10_5,10,19,78.53237636021788,0.0,6.722297448916471,17.244642702331475,1.0,1.0,0.0,2.362518197889007,38,0.7853237636021788,35-40,1.0
10_5,10,20,95.44447621446082,1.0,15.997805976016693,34.169901388723304,1.0,1.0,0.0,7.888995781162445,40,0.9544447621446082,35-40,1.0
10_7,10,0,0.7544876129140416,0.0,0.0,0.0,0.0,0.0,0.0,0.7544876129140416,0,0.007544876129140416,<30,0.0
10_7,10,1,5.950578464103916,0.0,0.0,0.06436700934025463,0.0,1.0,0.0,2.3845301980408156,2,0.059505784641039165,<30,0.0
10_7,10,2,4.8636442244754665,0.0,0.0,0.0,0.0,0.0,0.0,0.5677107838414547,4,0.04863644224475466,<30,0.0
10_7,10,3,2.8508932726319176,0.0,0.0,0.0,0.0,0.0,0.0,-1.1337290219899918,6,0.028508932726319176,<30,0.0
10_7,10,4,1.8493208509270471,0.0,0.0,0.0,0.0,0.0,0.0,-0.6631978819560235,8,0.01849320850927047,<30,0.0
10_7,10,5,1.7983852451877667,0.0,0.0,0.0,0.0,0.0,0.0,-0.10419905623260206,10,0.017983852451877665,<30,0.0
10_7,10,6,0.8226678149535993,0.0,0.0,0.0,0.0,0.0,0.0,-0.37853447630185544,12,0.008226678149535992,<30,0.0
10_7,10,7,1.9647069498726086,0.0,0.0,0.0,0.0,0.0,0.0,0.26701266300061605,14,0.019647069498726088,<30,0.0
10_7,10,8,2.361136826125289,0.0,0.0,0.0,0.0,0.0,0.0,0.4459854767608113,16,0.02361136826125289,<30,0.0
10_7,10,9,4.882552417116251,0.0,0.0,0.0,0.0,0.0,0.0,0.6814782625152218,18,0.04882552417116251,<30,0.0
10_7,10,10,6.3645168796335065,0.0,0.0,0.0,0.0,0.0,0.0,1.4443032467983472,20,0.06364516879633507,<30,0.0
10_7,10,11,2.891869828371036,0.0,0.0,0.0,0.0,0.0,0.0,-1.5169763195547574,22,0.02891869828371036,<30,0.0
10_7,10,12,1.1760320322122673,0.0,0.0,0.0,0.0,0.0,0.0,-1.0677516684729877,24,0.011760320322122673,<30,0.0
10_7,10,13,0.39153385271044017,0.0,0.0,0.0,0.0,0.0,0.0,-0.49819526041475887,26,0.003915338527104402,<30,0.0
10_7,10,14,1.047129454646887,0.0,0.0,0.0,0.0,0.0,0.0,0.11707003421121362,28,0.01047129454646887,<30,1.0
10_7,10,15,3.763335970415338,0.0,0.0,0.0,0.0,0.0,0.0,1.073172567987441,30,0.03763335970415338,30-34,1.0
10_7,10,16,48.582685345459296,0.0,6.160010062040939,9.943016840745745,1.0,1.0,0.0,15.740899987199638,32,0.485826853454593,30-34,1.0
10_7,10,17,67.93816462685328,1.0,15.126330109922762,16.147689313707524,1.0,1.0,0.0,20.614369046461785,34,0.6793816462685328,30-34,1.0
10_9,10,0,0.21886206717193413,0.0,0.0,0.0,0.0,0.0,0.0,0.21886206717193413,0,0.0021886206717193412,<30,0.0
10_9,10,1,0.30102010752783676,0.0,0.0,0.0,0.0,0.0,0.0,0.13319445521585344,2,0.0030102010752783674,<30,0.0
10_9,10,2,0.08072680165741927,0.0,0.0,0.0,0.0,0.0,0.0,-0.11175392725132066,4,0.0008072680165741927,<30,0.0
10_9,10,3,0.021279353886131686,0.0,0.0,0.0,0.0,0.0,0.0,-0.04531832857583088,6,0.00021279353886131686,<30,0.0
10_9,10,4,0.006606530078232156,0.0,0.0,0.0,0.0,0.0,0.0,-0.011613330619145195,8,6.606530078232156e-05,<30,0.0
10_9,10,5,0.007754058546341713,0.0,0.0,0.0,0.0,0.0,0.0,-0.001068908243579265,10,7.754058546341713e-05,<30,0.0
10_9,10,6,0.040477598719668856,0.0,0.0,0.0,0.0,0.0,0.0,0.011977907937625216,12,0.00040477598719668856,<30,0.0
10_9,10,7,0.056227015467094486,0.0,0.0,0.0,0.0,0.0,0.0,0.009021973148462063,14,0.0005622701546709449,<30,0.0
10_9,10,8,0.019177446128191916,0.0,0.0,0.0,0.0,0.0,0.0,-0.009988046534431064,16,0.00019177446128191915,<30,0.0
10_9,10,9,0.005055119915759929,0.0,0.0,0.0,0.0,0.0,0.0,-0.010697749302341955,18,5.055119915759929e-05,<30,0.0
10_9,10,10,0.08240989223988826,0.0,0.0,0.0,0.0,0.0,0.0,0.024187954366116406,20,0.0008240989223988826,<30,0.0
10_9,10,11,0.058139366346661996,0.0,0.0,0.0,0.0,0.0,0.0,0.012635203170892033,22,0.00058139366346662,<30,0.0
10_9,10,12,0.027872331946599653,0.0,0.0,0.0,0.0,0.0,0.0,-0.02481155909513842,24,0.00027872331946599655,<30,0.0
10_9,10,13,0.28662448849129374,0.0,0.0,0.0,0.0,0.0,0.0,0.08559158083973667,26,0.002866244884912937,<30,0.0
10_9,10,14,0.4315725450422877,0.0,0.0,0.0,0.0,0.0,0.0,0.0998863099481168,28,0.004315725450422877,<30,1.0
10_9,10,15,0.7293468115793689,0.0,0.0,0.0,0.0,0.0,0.0,0.14003733083630837,30,0.007293468115793689,30-34,1.0
10_9,10,16,23.90608404918084,0.0,0.0,2.162927316672814,0.0,1.0,0.0,7.731158647128386,32,0.2390608404918084,30-34,1.0
10_9,10,17,48.17025345154431,1.0,0.0,4.364060983462167,0.0,1.0,0.0,15.849062284661104,34,0.4817025345154431,30-34,1.0
11_1,11,0,0.0,0.0,0.0,0.0,0.0,0.0,0.0,0.0,0,0.0,<30,0.0
11_1,11,1,0.0,0.0,0.0,0.0,0.0,0.0,0.0,0.0,2,0.0,<30,0.0
11_1,11,2,0.004545378928213984,0.0,0.0,0.0,0.0,0.0,0.0,0.0015151263094046613,4,4.545378928213984e-05,<30,0.0
11_1,11,3,0.5059891617775016,0.0,0.0,0.0,0.0,0.0,0.0,0.16866305392583386,6,0.005059891617775016,<30,0.0
11_1,11,4,0.8496527349004115,0.0,0.0,0.0,0.0,0.0,0.0,0.22602665962966142,8,0.008496527349004114,<30,0.0
11_1,11,5,1.9518057793801,0.0,0.0,0.0,0.0,0.0,0.0,0.4485687813477448,10,0.019518057793801,<30,0.0
11_1,11,6,1.2841128738664986,0.0,0.0,0.0,0.0,0.0,0.0,-0.11240735840961935,12,0.012841128738664987,<30,0.0
11_1,11,7,1.357799920876595,0.0,0.0,0.0,0.0,0.0,0.0,-0.07816007691396747,14,0.01357799920876595,<30,0.0
11_1,11,8,1.1800275164942335,0.0,0.0,0.0,0.0,0.0,0.0,-0.04294165304248054,16,0.011800275164942335,<30,0.0
11_1,11,9,0.8445719526976608,0.0,0.0,0.0,0.0,0.0,0.0,-0.13722525593531182,18,0.008445719526976609,<30,0.0
11_1,11,10,0.5211333285508992,0.0,0.0,0.0,0.0,0.0,0.0,-0.1688423210913283,20,0.005211333285508993,<30,0.0
11_1,11,11,0.5903961222034898,0.0,0.0,0.0,0.0,0.0,0.0,-0.033599093869415876,22,0.005903961222034898,<30,0.0
11_1,11,12,0.29445757651264537,0.0,0.0,0.0,0.0,0.0,0.0,-0.0741728639903432,24,0.0029445757651264536,<30,0.0
11_1,11,13,0.16784684365662716,0.0,0.0,0.0,0.0,0.0,0.0,-0.1049214260917215,26,0.0016784684365662716,<30,0.0
11_1,11,14,1.4084876019286918,0.0,0.0,0.0,0.0,0.0,0.0,0.40816710643174153,28,0.014084876019286919,<30,1.0
11_1,11,15,2.939279355781098,0.0,0.0,0.0,0.0,0.0,0.0,0.8066230855863653,30,0.02939279355781098,30-34,1.0
11_1,11,16,2.476814823445682,0.0,0.0,0.0,0.0,0.0,0.0,0.07280622552851182,32,0.02476814823445682,30-34,1.0
11_1,11,17,0.8742015005979193,0.0,0.0,0.0,0.0,0.0,0.0,-0.7658555939879415,34,0.008742015005979193,30-34,1.0
11_1,11,18,0.250479889396272,0.0,0.0,0.0,0.0,0.0,0.0,-0.427719784354619,36,0.00250479889396272,35-40,1.0
11_1,11,19,0.18329651033361433,0.0,0.0,0.0,0.0,0.0,0.0,-0.096027344868789,38,0.0018329651033361432,35-40,1.0
11_1,11,20,0.7995675945985511,0.0,0.0,0.0,0.0,0.0,0.0,0.21139937695975158,40,0.007995675945985511,35-40,1.0
11_1,11,21,2.1330367795276306,0.0,0.0,0.0,0.0,0.0,0.0,0.6067752323847511,42,0.021330367795276306,41-46,1.0
11_1,11,22,2.2385433953841036,0.0,0.0,0.0,0.0,0.0,0.0,0.1913596306954153,44,0.022385433953841037,41-46,1.0
11_1,11,23,15.048388945462294,0.0,0.0,0.0,0.0,0.0,0.0,4.403213563972483,46,0.15048388945462293,41-46,1.0
11_1,11,24,42.443304465738315,0.0,0.0,0.0,0.0,0.0,0.0,12.028858752612066,48,0.42443304465738313,47-52,1.0
11_1,11,25,38.112968277216574,0.0,0.0,0.0,0.0,0.0,0.0,3.1235958308817353,50,0.38112968277216575,47-52,1.0
11_1,11,26,24.792039876236977,0.0,0.0,0.0,0.0,0.0,0.0,-6.975977767823149,52,0.24792039876236976,47-52,1.0
11_1,11,27,17.86812825504632,0.0,0.0,0.0,0.0,0.0,0.0,-3.6189727721613885,54,0.1786812825504632,53-58,1.0
11_1,11,28,14.504482008540434,0.0,0.0,0.0,0.0,0.0,0.0,-2.721831725059308,56,0.14504482008540434,53-58,1.0
11_1,11,29,10.992975057453624,0.0,0.0,0.0,0.0,0.0,0.0,-1.2336181446339678,58,0.10992975057453623,53-58,1.0
11_1,11,30,5.14023401411844,0.0,0.0,0.0,0.0,0.0,0.0,-2.851521718025686,60,0.0514023401411844,59+,1.0
11_1,11,31,12.430630162899867,1.0,0.0,0.0,0.0,0.0,0.0,1.0628110116993952,62,0.12430630162899867,59+,1.0
11_11,11,0,0.0,0.0,0.0,0.0,0.0,0.0,0.0,0.0,0,0.0,<30,0.0
11_11,11,1,0.0,0.0,0.0,0.0,0.0,0.0,0.0,0.0,2,0.0,<30,0.0
11_11,11,2,0.008344311979460903,0.0,0.0,0.0,0.0,0.0,0.0,0.0027814373264869676,4,8.344311979460903e-05,<30,0.0
11_11,11,3,0.03326990544419035,0.0,0.0,0.0,0.0,0.0,0.0,0.011071233028150305,6,0.00033269905444190345,<30,0.0
11_11,11,4,0.07333693768932106,0.0,0.0,0.0,0.0,0.0,0.0,0.016144552190158642,8,0.0007333693768932106,<30,0.0
11_11,11,5,0.21106235310516225,0.0,0.0,0.0,0.0,0.0,0.0,0.05479809668401902,10,0.0021106235310516227,<30,0.0
11_11,11,6,0.49147951350249974,0.0,0.0,0.0,0.0,0.0,0.0,0.13288694806127363,12,0.004914795135024998,<30,0.0
11_11,11,7,0.18051212126332797,0.0,0.0,0.0,0.0,0.0,0.0,-0.08933527801697023,14,0.0018051212126332797,<30,0.0
11_11,11,8,0.1746926362223829,0.0,0.0,0.0,0.0,0.0,0.0,-0.04693282825740493,16,0.001746926362223829,<30,0.0
11_11,11,9,0.7804807686078357,0.0,0.0,0.0,0.0,0.0,0.0,0.21456359700737487,18,0.007804807686078357,<30,0.0
11_11,11,10,0.35474024854600983,0.0,0.0,0.0,0.0,0.0,0.0,-0.04573491653016183,20,0.003547402485460098,<30,0.0
11_11,11,11,2.618526459739894,0.0,0.0,0.0,0.0,0.0,0.0,0.6692830377166915,22,0.02618526459739894,<30,0.0
11_11,11,12,4.23677788038774,0.0,0.0,0.0,0.0,0.0,0.0,1.1539491451192625,24,0.0423677788038774,<30,0.0
11_11,11,13,9.071686165586136,0.0,0.0,0.0,0.0,0.0,0.0,1.651104722224567,26,0.09071686165586136,<30,0.0
11_11,11,14,12.154744053173332,0.0,0.0,0.0,0.0,0.0,0.0,2.1032108639491605,28,0.12154744053173332,<30,1.0
11_11,11,15,26.586792353057966,0.0,0.0,0.0,0.0,0.0,0.0,5.182673412396295,30,0.26586792353057964,30-34,1.0
11_11,11,16,19.6427093113057,1.0,0.0,0.0,0.0,0.0,0.0,2.251169960009404,32,0.196427093113057,30-34,1.0
11_13,11,0,0.0005404955540591823,0.0,0.0,0.0,0.0,0.0,0.0,0.0005404955540591823,0,5.404955540591823e-06,<30,0.0
11_13,11,1,0.21889845062172036,0.0,0.0,0.0,0.0,0.0,0.0,0.0819519507178178,2,0.0021889845062172037,<30,0.0
11_13,11,2,0.20802478447736572,0.0,0.0,0.0,0.0,0.0,0.0,0.051189828619946816,4,0.002080247844773657,<30,0.0
11_13,11,3,0.08271794821365987,0.0,0.0,0.0,0.0,0.0,0.0,-0.07259461132787297,6,0.0008271794821365987,<30,0.0
11_13,11,4,0.5011916680008789,0.0,0.0,0.0,0.0,0.0,0.0,0.12875428344502668,8,0.005011916680008789,<30,0.0
11_13,11,5,0.45377188071077285,0.0,0.0,0.0,0.0,0.0,0.0,0.08370411786309917,10,0.004537718807107728,<30,0.0
11_13,11,6,0.6566774084048337,0.0,0.0,0.0,0.0,0.0,0.0,0.02140259084620037,12,0.006566774084048337,<30,0.0
11_13,11,7,0.44043938912770264,0.0,0.0,0.0,0.0,0.0,0.0,-0.028376798551464234,14,0.0044043938912770265,<30,0.0
11_13,11,8,0.3363556334859718,0.0,0.0,0.0,0.0,0.0,0.0,-0.07195823255670758,16,0.0033635563348597183,<30,0.0
11_13,11,9,0.16060275038303873,0.0,0.0,0.0,0.0,0.0,0.0,-0.08634891475939051,18,0.0016060275038303872,<30,0.0
11_13,11,10,0.047838983179581414,0.0,0.0,0.0,0.0,0.0,0.0,-0.06384226464796487,20,0.00047838983179581416,<30,0.0
11_13,11,11,1.081247951652726,0.0,0.0,0.0,0.0,0.0,0.0,0.33146433468257963,22,0.01081247951652726,<30,0.0
11_13,11,12,2.3614751763155186,0.0,0.0,0.0,0.0,0.0,0.0,0.7370210504335282,24,0.023614751763155185,<30,0.0
11_13,11,13,0.6714849901523574,0.0,0.0,0.0,0.0,0.0,0.0,-0.591671306187059,26,0.006714849901523574,<30,0.0
11_13,11,14,0.18043116392773095,0.0,0.0,0.0,0.0,0.0,0.0,-0.3758143364830926,28,0.0018043116392773095,<30,1.0
11_13,11,15,1.507255857942158,0.0,0.0,0.0,0.0,0.0,0.0,0.38750132294150186,30,0.01507255857942158,30-34,1.0
11_13,11,16,2.9553094264100785,0.0,0.0,0.0,0.0,0.0,0.0,0.876263983253813,32,0.029553094264100785,30-34,1.0
11_13,11,17,3.22575019534566,0.0,0.0,0.0,0.0,0.0,0.0,0.10230790307835462,34,0.0322575019534566,30-34,1.0
11_13,11,18,3.355784356966506,0.0,0.0,0.0,0.0,0.0,0.0,0.24906849394963665,36,0.03355784356966506,35-40,1.0
11_13,11,19,8.862903288689935,0.0,0.0,0.0,0.0,0.0,0.0,1.7559514947479353,38,0.08862903288689936,35-40,1.0
11_13,11,20,22.459358868023145,0.0,0.0,0.0,0.0,0.0,0.0,6.0705689660350854,40,0.22459358868023144,35-40,1.0
11_13,11,21,30.947912181304204,0.0,0.0,0.0,0.0,0.0,0.0,4.500153781173092,42,0.30947912181304205,41-46,1.0
11_13,11,22,25.2027770256824,0.0,0.0,0.0,0.0,0.0,0.0,0.057728792358227476,44,0.252027770256824,41-46,1.0
11_13,11,23,10.394289454926412,0.0,0.0,0.0,0.0,0.0,0.0,-7.282740352136803,46,0.10394289454926411,41-46,1.0
11_13,11,24,20.75365250397521,0.0,0.0,0.0,0.0,0.0,0.0,1.5359295938779018,48,0.20753652503975212,47-52,1.0
11_13,11,25,24.72648332736408,0.0,0.0,0.0,0.0,0.0,0.0,4.043696599505119,50,0.2472648332736408,47-52,1.0
11_13,11,26,67.27273437678829,0.0,0.0,0.0,0.0,0.0,0.0,14.233122711717087,52,0.6727273437678829,47-52,1.0
11_13,11,27,95.60683036890234,0.0,0.0,0.0,0.0,0.0,0.0,18.815200382703267,54,0.9560683036890234,53-58,1.0
11_13,11,28,98.87569768855323,0.0,0.0,0.0,0.0,0.0,0.0,3.734747335449458,56,0.9887569768855323,53-58,1.0
11_13,11,29,94.25141137983249,1.0,0.0,0.0,0.0,0.0,0.0,-1.0968852118652137,58,0.942514113798325,53-58,1.0
11_15,11,0,0.0,0.0,0.0,0.0,0.0,0.0,0.0,0.0,0,0.0,<30,0.0
11_15,11,1,0.0,0.0,0.0,0.0,0.0,0.0,0.0,0.0,2,0.0,<30,0.0
11_15,11,2,0.0342355957139122,0.0,0.0,0.0,0.0,0.0,0.0,0.011411865237970734,4,0.000342355957139122,<30,0.0
11_15,11,3,0.16810681226815735,0.0,0.0,0.0,0.0,0.0,0.0,0.05561820358853823,6,0.0016810681226815734,<30,0.0
11_15,11,4,0.21082010616439043,0.0,0.0,0.0,0.0,0.0,0.0,0.03167633362626162,8,0.002108201061643904,<30,0.0
11_15,11,5,0.11201999739612384,0.0,0.0,0.0,0.0,0.0,0.0,-0.023027531628078655,10,0.0011201999739612384,<30,0.0
11_15,11,6,0.6797534643091764,0.0,0.0,0.0,0.0,0.0,0.0,0.16380038434531552,12,0.006797534643091764,<30,0.0
11_15,11,7,1.2580480389861306,0.0,0.0,0.0,0.0,0.0,0.0,0.32927265787021476,14,0.012580480389861306,<30,0.0
11_15,11,8,2.144467198386679,0.0,0.0,0.0,0.0,0.0,0.0,0.40603954377391815,16,0.021444671983866792,<30,0.0
11_15,11,9,1.352210492311168,0.0,0.0,0.0,0.0,0.0,0.0,-0.18039029936638115,18,0.01352210492311168,<30,0.0
11_15,11,10,0.8533661759628794,0.0,0.0,0.0,0.0,0.0,0.0,-0.3194149432881462,20,0.008533661759628795,<30,0.0
11_15,11,11,1.075500915768839,0.0,0.0,0.0,0.0,0.0,0.0,0.03302191077199801,22,0.010755009157688391,<30,0.0
11_15,11,12,0.6442406869697049,0.0,0.0,0.0,0.0,0.0,0.0,-0.13269380847930715,24,0.006442406869697049,<30,0.0
11_15,11,13,0.23690139186472176,0.0,0.0,0.0,0.0,0.0,0.0,-0.2015378589348753,26,0.0023690139186472174,<30,0.0
11_15,11,14,0.19393989606452433,0.0,0.0,0.0,0.0,0.0,0.0,-0.0810135831862911,28,0.0019393989606452432,<30,1.0
11_15,11,15,4.477714867270498,0.0,0.0,0.0,0.0,0.0,0.0,1.4412702365514052,30,0.04477714867270498,30-34,1.0
11_15,11,16,4.3477296563097925,0.0,0.0,0.0,0.0,0.0,0.0,1.0031524088036576,32,0.04347729656309793,30-34,1.0
11_15,11,17,3.215588344117129,0.0,0.0,0.0,0.0,0.0,0.0,-0.9234743368153138,34,0.03215588344117129,30-34,1.0
11_15,11,18,3.7519972857769224,0.0,0.0,0.0,0.0,0.0,0.0,0.3079268065094056,36,0.03751997285776922,35-40,1.0
11_15,11,19,1.1180677679153317,0.0,0.0,0.0,0.0,0.0,0.0,-1.0793308721263748,38,0.011180677679153317,35-40,1.0
11_15,11,20,0.33743258802142173,0.0,0.0,0.0,0.0,0.0,0.0,-0.6007452978775457,40,0.003374325880214217,35-40,1.0
11_15,11,21,0.12061591971772964,1.0,0.0,0.0,0.0,0.0,0.0,-0.21796327349921896,42,0.0012061591971772965,41-46,1.0
11_17,11,0,0.0,0.0,0.0,0.0,0.0,0.0,0.0,0.0,0,0.0,<30,0.0
11_17,11,1,0.0,0.0,0.0,0.0,0.0,0.0,0.0,0.0,2,0.0,<30,0.0
11_17,11,2,0.022157722514168983,0.0,0.0,0.0,0.0,0.0,0.0,0.007385907504722995,4,0.00022157722514168983,<30,0.0
11_17,11,3,0.013178765889165672,0.0,0.0,0.0,0.0,0.0,0.0,0.002213380278044711,6,0.00013178765889165672,<30,0.0
11_17,11,4,0.00390311157441137,0.0,0.0,0.0,0.0,0.0,0.0,-0.0068079797928219995,8,3.90311157441137e-05,<30,0.0
11_17,11,5,0.16492824551521945,0.0,0.0,0.0,0.0,0.0,0.0,0.052720680499999666,10,0.0016492824551521945,<30,0.0
11_17,11,6,0.1647257524235748,0.0,0.0,0.0,0.0,0.0,0.0,0.040223819213236735,12,0.001647257524235748,<30,0.0
11_17,11,7,0.29791679282132166,0.0,0.0,0.0,0.0,0.0,0.0,0.030260984541189452,14,0.002979167928213217,<30,0.0
11_17,11,8,0.5627966488206151,0.0,0.0,0.0,0.0,0.0,0.0,0.12009571002171897,16,0.005627966488206151,<30,0.0
11_17,11,9,1.1968523643055702,0.0,0.0,0.0,0.0,0.0,0.0,0.24416615522016633,18,0.011968523643055702,<30,0.0
11_17,11,10,2.3471210834992906,0.0,0.0,0.0,0.0,0.0,0.0,0.5640169842320899,20,0.023471210834992907,<30,0.0
11_17,11,11,1.7513861217670745,0.0,0.0,0.0,0.0,0.0,0.0,-0.059961954089347,22,0.017513861217670745,<30,0.0
11_17,11,12,1.5735766033847562,0.0,0.0,0.0,0.0,0.0,0.0,-0.23079938841628428,24,0.015735766033847562,<30,0.0
11_17,11,13,1.1731056183595072,0.0,0.0,0.0,0.0,0.0,0.0,-0.0706276901902233,26,0.011731056183595072,<30,0.0
11_17,11,14,0.4898812326915424,0.0,0.0,0.0,0.0,0.0,0.0,-0.3828856073928062,28,0.004898812326915424,<30,1.0
11_17,11,15,0.6819394392318856,0.0,0.0,0.0,0.0,0.0,0.0,-0.018654332783119204,30,0.006819394392318856,30-34,1.0
11_17,11,16,4.584817481938356,0.0,0.0,0.0,0.0,0.0,0.0,1.4072687408676308,32,0.04584817481938356,30-34,1.0
11_17,11,17,6.806348192019502,0.0,0.0,0.0,0.0,0.0,0.0,1.5420353729164862,34,0.06806348192019503,30-34,1.0
11_17,11,18,9.622836133065956,0.0,0.0,0.0,0.0,0.0,0.0,1.1143626031204867,36,0.09622836133065955,35-40,1.0
11_17,11,19,12.00222439138817,0.0,0.0,0.0,0.0,0.0,0.0,1.4299234600719148,38,0.1200222439138817,35-40,1.0
11_17,11,20,14.421632170705735,0.0,0.0,0.0,0.0,0.0,0.0,1.194465242212981,40,0.14421632170705734,35-40,1.0
11_17,11,21,10.225914469329314,0.0,0.0,0.0,0.0,0.0,0.0,-1.356121820665022,42,0.10225914469329314,41-46,1.0
11_17,11,22,7.651082918838638,0.0,0.0,0.0,0.0,0.0,0.0,-1.494841735857279,44,0.07651082918838638,41-46,1.0
11_17,11,23,5.463989522623324,0.0,0.0,0.0,0.0,0.0,0.0,-1.087451308267576,46,0.05463989522623324,41-46,1.0
11_17,11,24,5.01273943140089,0.0,0.0,0.0,0.0,0.0,0.0,-0.5484430036751199,48,0.0501273943140089,47-52,1.0
11_17,11,25,8.918049481660875,0.0,0.0,0.0,0.0,0.0,0.0,1.2881040361855909,50,0.08918049481660875,47-52,1.0
11_17,11,26,15.657509695062782,0.0,0.0,0.0,0.0,0.0,0.0,3.4208401613570887,52,0.15657509695062782,47-52,1.0
11_17,11,27,16.29143946123392,0.0,0.0,0.0,0.0,0.0,0.0,0.7755844590727499,54,0.1629143946123392,53-58,1.0
11_17,11,28,34.85907416189238,0.0,0.0,0.0,0.0,0.0,0.0,6.633437959078663,56,0.3485907416189238,53-58,1.0
11_17,11,29,54.716373955942565,1.0,0.0,0.0,0.0,0.0,0.0,12.257152422712117,58,0.5471637395594257,53-58,1.0
11_19,11,0,0.001848376545162768,0.0,0.0,0.0,0.0,0.0,0.0,0.001848376545162768,0,1.848376545162768e-05,<30,0.0
11_19,11,1,0.007883617908539513,0.0,0.0,0.0,0.0,0.0,0.0,0.0028783644697325033,2,7.883617908539513e-05,<30,0.0
11_19,11,2,0.16649421172047246,0.0,0.0,0.0,0.0,0.0,0.0,0.05438096139133124,4,0.0016649421172047246,<30,0.0
11_19,11,3,0.12489175668544933,0.0,0.0,0.0,0.0,0.0,0.0,0.019395858139626274,6,0.0012489175668544932,<30,0.0
11_19,11,4,0.035827783085973675,0.0,0.0,0.0,0.0,0.0,0.0,-0.050057237530700835,8,0.00035827783085973675,<30,0.0
11_19,11,5,0.00944410108649373,0.0,0.0,0.0,0.0,0.0,0.0,-0.01976409737827407,10,9.44410108649373e-05,<30,0.0
11_19,11,6,0.00248943801847538,0.0,0.0,0.0,0.0,0.0,0.0,-0.005301719718283293,12,2.4894380184753802e-05,<30,0.0
11_19,11,7,0.0006562087371865979,0.0,0.0,0.0,0.0,0.0,0.0,-0.0013975181448311973,14,6.56208737186598e-06,<30,0.0
11_19,11,8,0.00017297474512892278,0.0,0.0,0.0,0.0,0.0,0.0,-0.00036838178344230445,16,1.7297474512892279e-06,<30,0.0
11_19,11,9,4.5595647782281435e-05,0.0,0.0,0.0,0.0,0.0,0.0,-9.710438384935916e-05,18,4.5595647782281436e-07,<30,0.0
11_19,11,10,1.2018882265942101e-05,0.0,0.0,0.0,0.0,0.0,0.0,-2.5596437681182147e-05,20,1.20188822659421e-07,<30,0.0
11_19,11,11,3.1681429686522097e-06,0.0,0.0,0.0,0.0,0.0,0.0,-6.747147718717182e-06,22,3.1681429686522095e-08,<30,0.0
11_19,11,12,8.351134196781871e-07,0.0,0.0,0.0,0.0,0.0,0.0,-1.7785288290979097e-06,24,8.351134196781872e-09,<30,0.0
11_19,11,13,2.2013350742920868e-07,0.0,0.0,0.0,0.0,0.0,0.0,-4.6881510940652476e-07,26,2.2013350742920867e-09,<30,0.0
11_19,11,14,5.802656256171665e-08,0.0,0.0,0.0,0.0,0.0,0.0,-1.235783211449716e-07,28,5.802656256171664e-10,<30,1.0
11_19,11,15,0.006586742928880797,0.0,0.0,0.0,0.0,0.0,0.0,0.0021955433028565366,30,6.586742928880798e-05,30-34,1.0
11_19,11,16,0.0344115279331831,0.0,0.0,0.0,0.0,0.0,0.0,0.011402386200837705,32,0.000344115279331831,30-34,1.0
11_19,11,17,0.4901447112640418,0.0,0.0,0.0,0.0,0.0,0.0,0.15700290829942143,34,0.004901447112640418,30-34,1.0
11_19,11,18,2.7901817248276917,0.0,0.0,0.0,0.0,0.0,0.0,0.8897562348506448,36,0.027901817248276915,35-40,1.0
11_19,11,19,2.8425923205452586,0.0,0.0,0.0,0.0,0.0,0.0,0.5089439819843318,38,0.028425923205452584,35-40,1.0
11_19,11,20,0.7937829530178893,0.0,0.0,0.0,0.0,0.0,0.0,-0.9647897572503479,40,0.007937829530178893,35-40,1.0
11_19,11,21,0.21547842861658376,0.0,0.0,0.0,0.0,0.0,0.0,-0.44290324863677544,42,0.0021547842861658374,41-46,1.0
11_19,11,22,1.087371636443698,0.0,0.0,0.0,0.0,0.0,0.0,0.22657967186535438,44,0.010873716364436981,41-46,1.0
11_19,11,23,3.9208566643449987,0.0,0.0,0.0,0.0,0.0,0.0,1.236100474496979,46,0.03920856664344999,41-46,1.0
11_19,11,24,1.2583676899114118,0.0,0.0,0.0,0.0,0.0,0.0,-0.6666593863594029,48,0.012583676899114118,47-52,1.0
11_19,11,25,0.43834857896939644,1.0,0.0,0.0,0.0,0.0,0.0,-0.9302297197140273,50,0.004383485789693964,47-52,1.0
11_21,11,0,0.0001436344980967888,0.0,0.0,0.0,0.0,0.0,0.0,0.0001436344980967888,0,1.4363449809678878e-06,<30,0.0
11_21,11,1,0.00011160605283954817,0.0,0.0,0.0,0.0,0.0,0.0,4.949275264760701e-05,2,1.1160605283954818e-06,<30,0.0
11_21,11,2,2.9419036124897565e-05,0.0,0.0,0.0,0.0,0.0,0.0,-6.265329072614566e-05,4,2.9419036124897565e-07,<30,0.0
11_21,11,3,7.7547737286462e-06,0.0,0.0,0.0,0.0,0.0,0.0,-1.651522812894465e-05,6,7.7547737286462e-08,<30,0.0
11_21,11,4,2.044136161606167e-06,0.0,0.0,0.0,0.0,0.0,0.0,-4.353366870118171e-06,8,2.044136161606167e-08,<30,0.0
11_21,11,5,5.388284421182541e-07,0.0,0.0,0.0,0.0,0.0,0.0,-1.1475350481309715e-06,10,5.388284421182542e-09,<30,0.0
11_21,11,6,0.00037852664898018563,0.0,0.0,0.0,0.0,0.0,0.0,0.00012582571816039447,12,3.7852664898018563e-06,<30,0.0
11_21,11,7,0.0932533839447746,0.0,0.0,0.0,0.0,0.0,0.0,0.03108436910034273,14,0.000932533839447746,<30,0.0
11_21,11,8,0.3585514693061901,0.0,0.0,0.0,0.0,0.0,0.0,0.10695090126844403,16,0.003585514693061901,<30,0.0
11_21,11,9,0.3636251378018414,0.0,0.0,0.0,0.0,0.0,0.0,0.07279688789303346,18,0.003636251378018414,<30,0.0
11_21,11,10,0.4464871124438339,0.0,0.0,0.0,0.0,0.0,0.0,-0.011994892987415916,20,0.004464871124438339,<30,0.0
11_21,11,11,1.6170745534487634,0.0,0.0,0.0,0.0,0.0,0.0,0.4176485813922235,22,0.016170745534487635,<30,0.0
11_21,11,12,3.438314128102541,0.0,0.0,0.0,0.0,0.0,0.0,0.8799603614192706,24,0.03438314128102541,<30,0.0
11_21,11,13,5.170367208780713,0.0,0.0,0.0,0.0,0.0,0.0,1.018731829444498,26,0.051703672087807136,<30,0.0
11_21,11,14,2.2165839000805563,0.0,0.0,0.0,0.0,0.0,0.0,-1.0543719856625653,28,0.022165839000805564,<30,1.0
11_21,11,15,2.9773416381319233,0.0,0.0,0.0,0.0,0.0,0.0,-0.18188472254538007,30,0.029773416381319234,30-34,1.0
11_21,11,16,5.670047618802673,0.0,0.0,0.0,0.0,0.0,0.0,1.2782898018049127,32,0.05670047618802673,30-34,1.0
11_21,11,17,8.571284554656799,0.0,0.0,0.0,0.0,0.0,0.0,1.409106882731973,34,0.085712845546568,30-34,1.0
11_21,11,18,6.67915095463298,1.0,0.0,0.0,0.0,0.0,0.0,0.007684853968120168,36,0.0667915095463298,35-40,1.0
11_23,11,0,0.0,0.0,0.0,0.0,0.0,0.0,0.0,0.0,0,0.0,<30,0.0
11_23,11,1,0.0005344549143335427,0.0,0.0,0.0,0.0,0.0,0.0,0.00020770208714749217,2,5.344549143335426e-06,<30,0.0
11_23,11,2,0.00027751236700205445,0.0,0.0,0.0,0.0,0.0,0.0,3.340322426139551e-05,4,2.7751236700205444e-06,<30,0.0
11_23,11,3,7.315146573346304e-05,0.0,0.0,0.0,0.0,0.0,0.0,-0.0001557896060966986,6,7.315146573346304e-07,<30,0.0
11_23,11,4,1.9282517016311564e-05,0.0,0.0,0.0,0.0,0.0,0.0,-4.106569431526627e-05,8,1.9282517016311564e-07,<30,0.0
11_23,11,5,5.0828163011675436e-06,0.0,0.0,0.0,0.0,0.0,0.0,-1.0824799496239493e-05,10,5.0828163011675435e-08,<30,0.0
11_23,11,6,0.0007403167052864972,0.0,0.0,0.0,0.0,0.0,0.0,0.00024347224365076184,12,7.4031670528649714e-06,<30,0.0
11_23,11,7,0.03982933508133078,0.0,0.0,0.0,0.0,0.0,0.0,0.013151861188256859,14,0.00039829335081330785,<30,0.0
11_23,11,8,0.14580527356498263,0.0,0.0,0.0,0.0,0.0,0.0,0.04778795999881562,16,0.0014580527356498263,<30,0.0
11_23,11,9,0.2762611811949595,0.0,0.0,0.0,0.0,0.0,0.0,0.05157403340157954,18,0.002762611811949595,<30,0.0
11_23,11,10,0.3221651352974396,0.0,0.0,0.0,0.0,0.0,0.0,0.06133268285998829,20,0.003221651352974396,<30,0.0
11_23,11,11,0.42842156852686797,0.0,0.0,0.0,0.0,0.0,0.0,0.01639217413588772,22,0.0042842156852686795,<30,0.0
11_23,11,12,0.7109766335875202,0.0,0.0,0.0,0.0,0.0,0.0,0.12454111064616064,24,0.007109766335875202,<30,0.0
11_23,11,13,0.47751595646386746,0.0,0.0,0.0,0.0,0.0,0.0,-0.05615114336690635,26,0.0047751595646386745,<30,0.0
11_23,11,14,0.8391390965125265,0.0,0.0,0.0,0.0,0.0,0.0,0.1167187640153846,28,0.008391390965125265,<30,1.0
11_23,11,15,0.29491709672390365,1.0,0.0,0.0,0.0,0.0,0.0,-0.15455326830829924,30,0.0029491709672390364,30-34,1.0
11_3,11,0,0.013052880774732024,0.0,0.0,0.0,0.0,0.0,0.0,0.013052880774732024,0,0.00013052880774732024,<30,0.0
11_3,11,1,0.2940751960388615,0.0,0.0,0.0,0.0,0.0,0.0,0.10656022540017313,2,0.002940751960388615,<30,0.0
11_3,11,2,1.0288843979622753,0.0,0.0,0.0,0.0,0.0,0.0,0.3215401856214091,4,0.010288843979622753,<30,0.0
11_3,11,3,0.6010744714397431,0.0,0.0,0.0,0.0,0.0,0.0,-0.05617454543897675,6,0.006010744714397431,<30,0.0
11_3,11,4,0.4089915422808775,0.0,0.0,0.0,0.0,0.0,0.0,-0.1535058063514834,8,0.0040899154228087745,<30,0.0
11_3,11,5,0.6227412696773686,0.0,0.0,0.0,0.0,0.0,0.0,0.07640169913647255,10,0.006227412696773686,<30,0.0
11_3,11,6,0.6132958523899587,0.0,0.0,0.0,0.0,0.0,0.0,0.004294674587923282,12,0.006132958523899587,<30,0.0
11_3,11,7,0.5090186338145253,0.0,0.0,0.0,0.0,0.0,0.0,-0.009043685066494833,14,0.005090186338145253,<30,0.0
11_3,11,8,0.7086307446648241,0.0,0.0,0.0,0.0,0.0,0.0,0.022351471379588855,16,0.007086307446648241,<30,0.0
11_3,11,9,0.890483237443801,0.0,0.0,0.0,0.0,0.0,0.0,0.13044383551915878,18,0.00890483237443801,<30,0.0
11_3,11,10,4.366079456880197,0.0,0.0,0.0,0.0,0.0,0.0,1.1943609601777565,20,0.04366079456880197,<30,0.0
11_3,11,11,4.929270777001937,0.0,0.0,0.0,0.0,0.0,0.0,0.8100086481634617,22,0.04929270777001937,<30,0.0
11_3,11,12,4.507626248649404,0.0,0.0,0.0,0.0,0.0,0.0,-0.01110779914892486,24,0.045076262486494045,<30,0.0
11_3,11,13,4.452486102583974,0.0,0.0,0.0,0.0,0.0,0.0,-0.29377648968485026,26,0.04452486102583974,<30,0.0
11_3,11,14,1.9853336114470899,0.0,0.0,0.0,0.0,0.0,0.0,-0.8138029401703017,28,0.019853336114470897,<30,1.0
11_3,11,15,1.7628125038456706,0.0,0.0,0.0,0.0,0.0,0.0,-0.4681232615693314,30,0.017628125038456705,30-34,1.0
11_3,11,16,7.825127024743644,0.0,0.0,0.0,0.0,0.0,0.0,2.083287711026414,32,0.07825127024743644,30-34,1.0
11_3,11,17,27.998677400363835,0.0,0.0,0.0,0.0,0.0,0.0,8.06861315149753,34,0.27998677400363836,30-34,1.0
11_3,11,18,44.61433512124208,0.0,0.0,0.206362415711979,0.0,1.0,0.0,10.109890063920332,36,0.44614335121242077,35-40,1.0
11_3,11,19,30.599391211272405,0.0,0.0,0.0,0.0,0.0,0.0,-3.7117084811524395,38,0.30599391211272403,35-40,1.0
11_3,11,20,12.894378419250184,0.0,0.0,0.0,0.0,0.0,0.0,-8.877678848272716,40,0.12894378419250185,35-40,1.0
11_3,11,21,6.39863155674045,0.0,0.0,0.0,0.0,0.0,0.0,-4.722219311012051,42,0.0639863155674045,41-46,1.0
11_3,11,22,14.74689730863357,0.0,0.0,0.0,0.0,0.0,0.0,2.1463757538449117,44,0.14746897308633572,41-46,1.0
11_3,11,23,17.718325176223843,0.0,0.0,0.0,0.0,0.0,0.0,2.925968867381837,46,0.17718325176223843,41-46,1.0
11_3,11,24,16.786118518180317,1.0,0.0,0.0,0.0,0.0,0.0,-0.3499541364448457,48,0.16786118518180315,47-52,1.0
11_5,11,0,0.0,0.0,0.0,0.0,0.0,0.0,0.0,0.0,0,0.0,<30,0.0
11_5,11,1,0.0,0.0,0.0,0.0,0.0,0.0,0.0,0.0,2,0.0,<30,0.0
11_5,11,2,0.0,0.0,0.0,0.0,0.0,0.0,0.0,0.0,4,0.0,<30,0.0
11_5,11,3,0.0,0.0,0.0,0.0,0.0,0.0,0.0,0.0,6,0.0,<30,0.0
11_5,11,4,0.0,0.0,0.0,0.0,0.0,0.0,0.0,0.0,8,0.0,<30,0.0
11_5,11,5,0.0,0.0,0.0,0.0,0.0,0.0,0.0,0.0,10,0.0,<30,0.0
11_5,11,6,0.014268359556944488,0.0,0.0,0.0,0.0,0.0,0.0,0.0047561198523148294,12,0.0001426835955694449,<30,0.0
11_5,11,7,0.25474188819812815,0.0,0.0,0.0,0.0,0.0,0.0,0.08491396273270939,14,0.0025474188819812815,<30,0.0
11_5,11,8,2.5109029204406648,0.0,0.0,0.0,0.0,0.0,0.0,0.8059693576824987,16,0.02510902920440665,<30,0.0
11_5,11,9,5.3599124370357805,0.0,0.0,0.0,0.0,0.0,0.0,1.4960490573508949,18,0.053599124370357805,<30,0.0
11_5,11,10,3.7271036857800746,0.0,0.0,0.0,0.0,0.0,0.0,-0.21709115783071184,20,0.03727103685780075,<30,0.0
11_5,11,11,1.0607907655710842,0.0,0.0,0.0,0.0,0.0,0.0,-1.3668451295052082,22,0.010607907655710841,<30,0.0
11_5,11,12,0.27962140994412943,0.0,0.0,0.0,0.0,0.0,0.0,-0.5945895698704469,24,0.002796214099441294,<30,0.0
11_5,11,13,0.07370740341715716,0.0,0.0,0.0,0.0,0.0,0.0,-0.15697357844624246,26,0.0007370740341715716,<30,0.0
11_5,11,14,0.06928910495697782,0.0,0.0,0.0,0.0,0.0,0.0,-0.024757771252122897,28,0.0006928910495697782,<30,1.0
11_5,11,15,0.6598397247198875,1.0,0.0,0.0,0.0,0.0,0.0,0.203276730117243,30,0.006598397247198875,30-34,1.0
11_7,11,0,0.0,0.0,0.0,0.0,0.0,0.0,0.0,0.0,0,0.0,<30,0.0
11_7,11,1,0.0,0.0,0.0,0.0,0.0,0.0,0.0,0.0,2,0.0,<30,0.0
11_7,11,2,0.0,0.0,0.0,0.0,0.0,0.0,0.0,0.0,4,0.0,<30,0.0
11_7,11,3,0.0,0.0,0.0,0.0,0.0,0.0,0.0,0.0,6,0.0,<30,0.0
11_7,11,4,0.0,0.0,0.0,0.0,0.0,0.0,0.0,0.0,8,0.0,<30,0.0
11_7,11,5,0.0,0.0,0.0,0.0,0.0,0.0,0.0,0.0,10,0.0,<30,0.0
11_7,11,6,0.010303123678735855,0.0,0.0,0.0,0.0,0.0,0.0,0.0034343745595786183,12,0.00010303123678735854,<30,0.0
11_7,11,7,0.43696068411925926,0.0,0.0,0.0,0.0,0.0,0.0,0.14546498696279977,14,0.004369606841192593,<30,0.0
11_7,11,8,0.770428325612303,0.0,0.0,0.0,0.0,0.0,0.0,0.23263797492396648,16,0.00770428325612303,<30,0.0
11_7,11,9,0.5784105802687897,0.0,0.0,0.0,0.0,0.0,0.0,-0.07624772875692876,18,0.0057841058026878965,<30,0.0
11_7,11,10,0.20421831831606235,0.0,0.0,0.0,0.0,0.0,0.0,-0.16128024339333782,20,0.0020421831831606233,<30,0.0
11_7,11,11,0.527222200115312,0.0,0.0,0.0,0.0,0.0,0.0,0.05907311792067192,22,0.005272222001153119,<30,0.0
11_7,11,12,0.4392045646776354,0.0,0.0,0.0,0.0,0.0,0.0,0.06305707434908213,24,0.0043920456467763545,<30,0.0
11_7,11,13,0.7795874699981415,0.0,0.0,0.0,0.0,0.0,0.0,0.04387067983013937,26,0.007795874699981415,<30,0.0
11_7,11,14,5.418142030918926,0.0,0.0,0.0,0.0,0.0,0.0,1.7040266642564221,28,0.05418142030918926,<30,1.0
11_7,11,15,6.634951540485493,1.0,0.0,0.0,0.0,0.0,0.0,1.7956713994696603,30,0.06634951540485493,30-34,1.0
11_9,11,0,0.0,0.0,0.0,0.0,0.0,0.0,0.0,0.0,0,0.0,<30,0.0
11_9,11,1,0.0,0.0,0.0,0.0,0.0,0.0,0.0,0.0,2,0.0,<30,0.0
11_9,11,2,0.0,0.0,0.0,0.0,0.0,0.0,0.0,0.0,4,0.0,<30,0.0
11_9,11,3,0.0,0.0,0.0,0.0,0.0,0.0,0.0,0.0,6,0.0,<30,0.0
11_9,11,4,0.0,0.0,0.0,0.0,0.0,0.0,0.0,0.0,8,0.0,<30,0.0
11_9,11,5,0.0,0.0,0.0,0.0,0.0,0.0,0.0,0.0,10,0.0,<30,0.0
11_9,11,6,0.0,0.0,0.0,0.0,0.0,0.0,0.0,0.0,12,0.0,<30,0.0
11_9,11,7,0.030063669886794556,0.0,0.0,0.0,0.0,0.0,0.0,0.010021223295598186,14,0.00030063669886794557,<30,0.0
11_9,11,8,0.058930673280515856,0.0,0.0,0.0,0.0,0.0,0.0,0.019058903595850763,16,0.0005893067328051585,<30,0.0
11_9,11,9,0.06212347110860233,0.0,0.0,0.0,0.0,0.0,0.0,0.0016148192882805613,18,0.0006212347110860233,<30,0.0
11_9,11,10,0.01981930980626354,0.0,0.0,0.0,0.0,0.0,0.0,-0.0167929850957121,20,0.0001981930980626354,<30,0.0
11_9,11,11,0.14185960438412998,0.0,0.0,0.0,0.0,0.0,0.0,0.0362453631514364,22,0.0014185960438412998,<30,0.0
11_9,11,12,0.6587332370444399,0.0,0.0,0.0,0.0,0.0,0.0,0.20889695027246538,24,0.006587332370444399,<30,0.0
11_9,11,13,7.351738865449928,0.0,0.0,0.0,0.0,0.0,0.0,2.310642824049415,26,0.07351738865449928,<30,0.0
11_9,11,14,20.153077213513193,0.0,0.0,0.0,0.0,0.0,0.0,6.144491040596693,28,0.20153077213513193,<30,1.0
11_9,11,15,25.10043145978367,0.0,0.0,0.0,0.0,0.0,0.0,3.302667579386712,30,0.25100431459783673,30-34,1.0
11_9,11,16,11.130089989848535,0.0,0.0,0.0,0.0,0.0,0.0,-4.269112111362913,32,0.11130089989848535,30-34,1.0
11_9,11,17,3.074381119048981,0.0,0.0,0.0,0.0,0.0,0.0,-5.448028386510713,34,0.03074381119048981,30-34,1.0
11_9,11,18,0.8551856277596698,0.0,0.0,0.0,0.0,0.0,0.0,-1.6570015562628129,36,0.008551856277596697,35-40,1.0
11_9,11,19,0.22669071188834403,0.0,0.0,0.0,0.0,0.0,0.0,-0.4702430831146899,38,0.0022669071188834403,35-40,1.0
11_9,11,20,0.06845605075734643,0.0,0.0,0.0,0.0,0.0,0.0,-0.12382691113038896,40,0.0006845605075734642,35-40,1.0
11_9,11,21,0.04589812780807244,1.0,0.0,0.0,0.0,0.0,0.0,-0.03633059721085142,42,0.00045898127808072437,41-46,1.0
12_1,12,0,0.157511245077623,0.0,0.0,0.0,0.0,0.0,0.0,0.157511245077623,0,0.0015751124507762302,<30,0.0
12_1,12,1,5.025601566143347,0.0,0.1991999083849132,0.6780446213222611,1.0,1.0,0.0,1.7138819934908194,2,0.05025601566143347,<30,0.0
12_1,12,2,18.605312939136365,0.0,8.90588473827113,5.347344322418335,1.0,1.0,1.0,6.07190428846684,4,0.18605312939136365,<30,0.0
12_1,12,3,8.095567178633939,0.0,0.0,0.0,0.0,0.0,0.0,-2.5940736835647176,6,0.08095567178633939,<30,0.0
12_1,12,4,3.4076743583777964,0.0,0.0,0.0,0.0,0.0,0.0,-2.8959624777638426,8,0.03407674358377796,<30,0.0
12_1,12,5,0.9015120492175482,0.0,0.0,0.0,0.0,0.0,0.0,-1.622346096953594,10,0.009015120492175482,<30,0.0
12_1,12,6,0.2939878504874297,0.0,0.0,0.0,0.0,0.0,0.0,-0.4872761750357395,12,0.002939878504874297,<30,0.0
12_1,12,7,0.1679612332084781,0.0,0.0,0.0,0.0,0.0,0.0,-0.09894498631326654,14,0.0016796123320847811,<30,0.0
12_1,12,8,1.0027084022776234,0.0,0.0,0.0,0.0,0.0,0.0,0.2526727679108968,16,0.010027084022776234,<30,0.0
12_1,12,9,5.084416447635133,0.0,0.0,0.0,0.0,0.0,0.0,1.6497450334550545,18,0.050844164476351324,<30,0.0
12_1,12,10,4.467285432420139,0.0,0.0,0.0,0.0,0.0,0.0,0.3354508480051206,20,0.04467285432420139,<30,0.0
12_1,12,11,1.8103645970416253,0.0,0.0,0.0,0.0,0.0,0.0,-1.1027742589474159,22,0.018103645970416252,<30,0.0
12_1,12,12,2.5840076049533103,0.0,0.0,0.0,0.0,0.0,0.0,-0.12907327247091913,24,0.025840076049533103,<30,0.0
12_1,12,13,8.836538508450246,0.0,0.0,0.0,0.0,0.0,0.0,2.3759105821305604,26,0.08836538508450247,<30,0.0
12_1,12,14,10.46184846815656,0.0,0.0,0.0,0.0,0.0,0.0,1.7419753026268838,28,0.10461848468156561,<30,1.0
12_1,12,15,35.688205130880306,0.0,0.6545795869889375,4.909439780876575,1.0,1.0,0.0,8.645641444278732,30,0.35688205130880307,30-34,1.0
12_1,12,16,61.23800405321035,0.0,13.5772850323726,17.06485056249616,1.0,1.0,1.0,13.922559086914317,32,0.6123800405321035,30-34,1.0
12_1,12,17,76.47245254325367,0.0,21.78035847997141,21.70451668623152,1.0,1.0,1.0,8.914604003749886,34,0.7647245254325367,30-34,1.0
12_1,12,18,59.0919562649346,0.0,4.654792653646062,5.759461015801811,1.0,1.0,1.0,-4.0039209513261325,36,0.590919562649346,35-40,1.0
12_1,12,19,38.36620726832058,0.0,0.0,0.0,0.0,0.0,0.0,-11.867769303772285,38,0.3836620726832058,35-40,1.0
12_1,12,20,35.744898435580694,0.0,0.0,0.0,0.0,0.0,0.0,-2.121708427305581,40,0.35744898435580696,35-40,1.0
12_1,12,21,28.64635277377809,0.0,0.0,0.0,0.0,0.0,0.0,-3.815268964548575,42,0.2864635277377809,41-46,1.0
12_1,12,22,19.71728563058968,0.0,0.0,0.0,0.0,0.0,0.0,-3.4376303023938903,44,0.1971728563058968,41-46,1.0
12_1,12,23,13.14457486489724,0.0,0.0,0.0,0.0,0.0,0.0,-4.549063292263263,46,0.1314457486489724,41-46,1.0
12_1,12,24,38.81441165516544,0.0,0.0,0.0,0.0,0.0,0.0,8.796640040788589,48,0.38814411655165443,47-52,1.0
12_1,12,25,23.731253942843132,0.0,0.0,0.0,0.0,0.0,0.0,-1.266433893073796,50,0.23731253942843133,47-52,1.0
12_1,12,26,16.88482392754654,0.0,0.0,0.0,0.0,0.0,0.0,-5.7118122494056935,52,0.1688482392754654,47-52,1.0
12_1,12,27,56.29718232884013,0.0,0.0,0.0,0.0,0.0,0.0,13.385489096662543,54,0.5629718232884013,53-58,1.0
12_1,12,28,64.19543494325967,0.0,0.0,0.0,0.0,0.0,0.0,10.814822112703853,56,0.6419543494325967,53-58,1.0
12_1,12,29,46.52405366404291,0.0,0.0,0.0,0.0,0.0,0.0,-7.668999381661775,58,0.4652405366404291,53-58,1.0
12_1,12,30,27.691309674503383,0.0,0.0,0.0,0.0,0.0,0.0,-9.153321957731432,60,0.27691309674503384,59+,1.0
12_1,12,31,48.5603047661603,0.0,0.0,0.0,0.0,0.0,0.0,4.75017573363401,62,0.485603047661603,59+,1.0
12_1,12,32,68.35697126283732,0.0,0.0,0.0,0.0,0.0,0.0,10.490254653402165,64,0.6835697126283732,59+,1.0
12_1,12,33,90.53165940221035,0.0,0.0,0.0,0.0,0.0,0.0,11.2957775348086,66,0.9053165940221035,59+,1.0
12_1,12,34,98.0470763760986,0.0,0.0,0.0,0.0,0.0,0.0,5.847390051769433,68,0.980470763760986,59+,1.0
12_1,12,35,98.28725866848862,0.0,0.0,0.0,0.0,0.0,0.0,0.5896526167981264,70,0.9828725866848862,59+,1.0
12_1,12,36,99.74037449351036,1.0,0.0,0.0,0.0,0.0,0.0,0.6076510222011725,72,0.9974037449351036,59+,1.0
12_11,12,0,0.0,0.0,0.0,0.0,0.0,0.0,0.0,0.0,0,0.0,<30,0.0
12_11,12,1,0.0011468574371605587,0.0,0.0,0.0,0.0,0.0,0.0,0.0003822858123868529,2,1.1468574371605586e-05,<30,0.0
12_11,12,2,0.0067753144506993756,0.0,0.0,0.0,0.0,0.0,0.0,0.002258438150233125,4,6.775314450699376e-05,<30,0.0
12_11,12,3,1.122513526492672,0.0,0.0,0.0,0.0,0.0,0.0,0.3723296065542437,6,0.01122513526492672,<30,0.0
12_11,12,4,1.7599883506606648,0.0,0.0,0.0,0.0,0.0,0.0,0.5792848267963844,8,0.01759988350660665,<30,0.0
12_11,12,5,0.4679192031691207,0.0,0.0,0.0,0.0,0.0,0.0,-0.5975482339522573,10,0.004679192031691207,<30,0.0
12_11,12,6,0.12793205202913735,0.0,0.0,0.0,0.0,0.0,0.0,-0.2611500361488457,12,0.0012793205202913736,<30,0.0
12_11,12,7,0.3123153445751579,0.0,0.0,0.0,0.0,0.0,0.0,0.024025871781347175,14,0.0031231534457515794,<30,0.0
12_11,12,8,2.991420206721844,0.0,0.0,0.0,0.0,0.0,0.0,0.9528277766305814,16,0.02991420206721844,<30,0.0
12_11,12,9,13.284331286656691,0.0,0.0,0.4911480084937825,0.0,1.0,0.0,4.266817569895846,18,0.13284331286656692,<30,0.0
12_11,12,10,6.224837427314121,0.0,0.0,0.0,0.0,0.0,0.0,-1.2838491802702752,20,0.062248374273141206,<30,0.0
12_11,12,11,2.2017713167248596,0.0,0.0,0.0,0.0,0.0,0.0,-2.499825472437489,22,0.022017713167248595,<30,0.0
12_11,12,12,0.7079429788234901,0.0,0.0,0.0,0.0,0.0,0.0,-1.061110174984305,24,0.007079429788234901,<30,0.0
12_11,12,13,0.21757657718852133,0.0,0.0,0.0,0.0,0.0,0.0,-0.3392826676419983,26,0.0021757657718852134,<30,0.0
12_11,12,14,0.8143657921970777,0.0,0.0,0.0,0.0,0.0,0.0,0.14639391261675705,28,0.008143657921970778,<30,1.0
12_11,12,15,23.121598339336238,0.0,0.0,2.761102313946452,0.0,1.0,0.0,7.591201730169227,30,0.23121598339336238,30-34,1.0
12_11,12,16,67.05398425470743,0.0,19.393265233869684,20.37511236057274,1.0,1.0,0.0,20.783368813590776,32,0.6705398425470743,30-34,1.0
12_11,12,17,92.13363264117868,0.0,37.441538577896424,29.277387165610726,1.0,1.0,1.0,14.493880611024384,34,0.9213363264117868,30-34,1.0
12_11,12,18,97.84736957563356,1.0,35.11366469290514,25.83037284279451,1.0,1.0,1.0,5.285455667482441,36,0.9784736957563357,35-40,1.0
12_13,12,0,0.0,0.0,0.0,0.0,0.0,0.0,0.0,0.0,0,0.0,<30,0.0
12_13,12,1,0.0,0.0,0.0,0.0,0.0,0.0,0.0,0.0,2,0.0,<30,0.0
12_13,12,2,0.0037798582638770696,0.0,0.0,0.0,0.0,0.0,0.0,0.0012599527546256898,4,3.77985826387707e-05,<30,0.0
12_13,12,3,0.24354593848108108,0.0,0.0,0.0,0.0,0.0,0.0,0.08105067041098772,6,0.002435459384810811,<30,0.0
12_13,12,4,0.23561607918423708,0.0,0.0,0.0,0.0,0.0,0.0,0.060933961642527026,8,0.0023561607918423707,<30,0.0
12_13,12,5,0.7268602383791345,0.0,0.0,0.0,0.0,0.0,0.0,0.12577905566189512,10,0.007268602383791345,<30,0.0
12_13,12,6,1.1382734824424907,0.0,0.0,0.0,0.0,0.0,0.0,0.31549685103095965,12,0.011382734824424907,<30,0.0
12_13,12,7,5.805746233307308,0.0,0.0,0.0,0.0,0.0,0.0,1.5081381798930868,14,0.05805746233307308,<30,0.0
12_13,12,8,28.48181204590759,0.0,10.594642537115204,11.075061055510329,1.0,1.0,0.0,9.024541325866174,16,0.2848181204590759,<30,0.0
12_13,12,9,53.37092038011866,0.0,33.5669509015304,24.317684592527193,1.0,1.0,1.0,12.681416018846068,18,0.5337092038011866,<30,0.0
12_13,12,10,25.196770759161573,0.0,4.880387391810578,0.13884491685204559,1.0,1.0,1.0,-7.093333156785515,20,0.25196770759161574,<30,0.0
12_13,12,11,11.500356058854434,0.0,0.0,0.0,0.0,0.0,0.0,-9.67543651584634,22,0.11500356058854434,<30,0.0
12_13,12,12,8.241890561049821,0.0,0.0,0.0,0.0,0.0,0.0,-2.726631939216765,24,0.08241890561049821,<30,0.0
12_13,12,13,14.544011102640425,0.0,0.0,0.0,0.0,0.0,0.0,2.2742130406774956,26,0.14544011102640425,<30,0.0
12_13,12,14,17.60209560263386,0.0,0.0,0.0,0.0,0.0,0.0,1.4374617720867424,28,0.1760209560263386,<30,1.0
12_13,12,15,15.731977741779378,0.0,0.0,0.0,0.0,0.0,0.0,0.7358056627672731,30,0.1573197774177938,30-34,1.0
12_13,12,16,15.433697361941984,0.0,0.0,0.0,0.0,0.0,0.0,-1.4167477951375451,32,0.15433697361941984,30-34,1.0
12_13,12,17,17.71073695207271,0.0,0.0,0.0,0.0,0.0,0.0,1.415591107453459,34,0.17710736952072711,30-34,1.0
12_13,12,18,17.953119988703094,0.0,0.0,0.0,0.0,0.0,0.0,0.4304243782117002,36,0.17953119988703092,35-40,1.0
12_13,12,19,31.924782126524917,0.0,0.0,0.011238677731121527,0.0,1.0,0.0,4.105202071122684,38,0.3192478212652492,35-40,1.0
12_13,12,20,76.61623270503318,0.0,0.0,14.625585093539364,0.0,1.0,0.0,19.96636927722488,40,0.7661623270503318,35-40,1.0
12_13,12,21,85.19577031846195,0.0,0.0,9.227061771443857,0.0,1.0,0.0,8.638415050143305,42,0.8519577031846195,41-46,1.0
12_13,12,22,79.00310401083662,0.0,0.0,0.0,0.0,0.0,0.0,-1.5639636409697224,44,0.7900310401083662,41-46,1.0
12_13,12,23,93.86921996437127,0.0,0.0,5.29516699635991,0.0,1.0,0.0,4.841048261061692,46,0.9386921996437126,41-46,1.0
12_13,12,24,97.96663122089689,0.0,0.0,11.29420365188448,0.0,1.0,0.0,3.32326605731622,48,0.9796663122089688,47-52,1.0
12_13,12,25,98.14680454913244,0.0,0.0,13.039511241643204,0.0,1.0,0.0,0.6595492299060268,50,0.9814680454913244,47-52,1.0
12_13,12,26,97.87806526403791,0.0,0.0,4.229072274117215,0.0,1.0,0.0,-0.12775388289704875,52,0.9787806526403792,47-52,1.0
12_13,12,27,96.17761990013551,0.0,0.0,0.0,0.0,0.0,0.0,-0.8539694690958205,54,0.9617761990013551,53-58,1.0
12_13,12,28,99.66608918777455,0.0,0.0,0.0,0.0,0.0,0.0,1.3887871925660087,56,0.9966608918777454,53-58,1.0
12_13,12,29,99.87012581184175,0.0,0.0,0.0,0.0,0.0,0.0,0.37608634676121966,58,0.9987012581184175,53-58,1.0
12_13,12,30,99.79754274517964,0.0,0.0,0.0,0.0,0.0,0.0,-0.02943198590198411,60,0.9979754274517965,59+,1.0
12_13,12,31,99.94599665514951,1.0,0.0,0.0,0.0,0.0,0.0,0.039893226727684805,62,0.9994599665514952,59+,1.0
12_15,12,0,0.0,0.0,0.0,0.0,0.0,0.0,0.0,0.0,0,0.0,<30,0.0
12_15,12,1,0.0,0.0,0.0,0.0,0.0,0.0,0.0,0.0,2,0.0,<30,0.0
12_15,12,2,0.0,0.0,0.0,0.0,0.0,0.0,0.0,0.0,4,0.0,<30,0.0
12_15,12,3,0.5016542435191275,0.0,0.0,0.0,0.0,0.0,0.0,0.1672180811730425,6,0.005016542435191274,<30,0.0
12_15,12,4,16.83909125053432,0.0,4.759294804699303,5.466924217163741,1.0,1.0,0.0,5.612507581775359,8,0.16839091250534322,<30,0.0
12_15,12,5,10.142743172008531,0.0,0.0,0.0,0.0,0.0,0.0,1.1233757604989738,10,0.10142743172008531,<30,0.0
12_15,12,6,18.615344336337067,0.0,4.462099712358261,4.064979793886268,1.0,1.0,0.0,0.5613423164984432,12,0.18615344336337067,<30,0.0
12_15,12,7,16.407310159984206,0.0,2.0153048754294254,1.729892135351129,1.0,1.0,0.0,2.012886584085385,14,0.16407310159984206,<30,0.0
12_15,12,8,13.237757218994743,0.0,0.0,0.9578718617704771,0.0,1.0,0.0,-2.9097079990289605,16,0.13237757218994742,<30,0.0
12_15,12,9,38.168807760346866,0.0,18.3648382817586,19.4539785635667,1.0,1.0,0.0,9.026601247261322,18,0.3816880776034687,<30,0.0
12_15,12,10,44.612888680017726,0.0,22.541285930935157,20.95892436598203,1.0,1.0,1.0,5.9472199675857365,20,0.44612888680017726,<30,0.0
12_15,12,11,52.07931203048416,0.0,27.306817400670973,24.075157769095753,1.0,1.0,1.0,4.340100794851303,22,0.5207931203048416,<30,0.0
12_15,12,12,47.74777948979629,0.0,19.75870905947825,17.924154410652495,1.0,1.0,1.0,-2.1317016783032217,24,0.4774777948979629,<30,0.0
12_15,12,13,77.57686015149761,0.0,45.77310469136258,44.39214183558348,1.0,1.0,1.0,11.28975509936702,26,0.7757686015149762,<30,0.0
12_15,12,14,74.1458498217809,0.0,37.846874792978866,39.76110962639891,1.0,1.0,1.0,3.4625199756461007,28,0.741458498217809,<30,1.0
12_15,12,15,73.81824798614569,0.0,32.261093540288726,38.26276943942737,1.0,1.0,1.0,-2.805672467189526,30,0.7381824798614569,30-34,1.0
12_15,12,16,89.35415459961663,0.0,41.69343557877888,49.40470226005763,1.0,1.0,1.0,7.833531170337224,32,0.8935415459961663,30-34,1.0
12_15,12,17,83.21000522566689,0.0,28.517911162384628,42.4947460312283,1.0,1.0,1.0,-0.8265852206065414,34,0.8321000522566689,30-34,1.0
12_15,12,18,52.34812324427102,0.0,0.0,9.271539947668952,0.0,1.0,0.0,-12.245466412524557,36,0.5234812324427103,35-40,1.0
12_15,12,19,28.123001219452313,0.0,0.0,0.0,0.0,0.0,0.0,-13.516219755806159,38,0.28123001219452315,35-40,1.0
12_15,12,20,28.254386305011742,0.0,0.0,0.0,0.0,0.0,0.0,-3.4674619068611756,40,0.2825438630501174,35-40,1.0
12_15,12,21,23.125627094748154,0.0,0.0,0.0,0.0,0.0,0.0,-1.2315517400640914,42,0.23125627094748155,41-46,1.0
12_15,12,22,42.96594113764229,0.0,0.0,0.0,0.0,0.0,0.0,5.905496302326744,44,0.4296594113764229,41-46,1.0
12_15,12,23,81.47549336931445,0.0,0.0,1.9411955177670706,0.0,1.0,0.0,18.67320518382802,46,0.8147549336931444,41-46,1.0
12_15,12,24,87.71589352370106,0.0,0.0,0.0,0.0,0.0,0.0,6.095893373996835,48,0.8771589352370106,47-52,1.0
12_15,12,25,67.42376900759511,0.0,0.0,0.0,0.0,0.0,0.0,-5.457466656764427,50,0.6742376900759511,47-52,1.0
12_15,12,26,27.63580399852331,0.0,0.0,0.0,0.0,0.0,0.0,-18.80319834959119,52,0.2763580399852331,47-52,1.0
12_15,12,27,7.532516690274401,0.0,0.0,0.0,0.0,0.0,0.0,-12.926997058888816,54,0.07532516690274402,53-58,1.0
12_15,12,28,4.0318669552666595,0.0,0.0,0.0,0.0,0.0,0.0,-3.5298054492363558,56,0.040318669552666594,53-58,1.0
12_15,12,29,8.505259991434972,0.0,0.0,0.0,0.0,0.0,0.0,1.459292447145737,58,0.08505259991434971,53-58,1.0
12_15,12,30,9.953080969336511,0.0,0.0,0.0,0.0,0.0,0.0,1.208061046162095,60,0.09953080969336511,59+,1.0
12_15,12,31,10.972123913480393,1.0,0.0,0.0,0.0,0.0,0.0,0.5584174753691643,62,0.10972123913480393,59+,1.0
12_3,12,0,0.009133509718318443,0.0,0.0,0.0,0.0,0.0,0.0,0.009133509718318443,0,9.133509718318442e-05,<30,0.0
12_3,12,1,0.2843471354131464,0.0,0.0,0.0,0.0,0.0,0.0,0.10819418357562338,2,0.002843471354131464,<30,0.0
12_3,12,2,0.7392756451648731,0.0,0.0,0.0,0.0,0.0,0.0,0.21655710160636904,4,0.007392756451648731,<30,0.0
12_3,12,3,1.5061502411199617,0.0,0.0,0.0,0.0,0.0,0.0,0.3666331055578113,6,0.015061502411199617,<30,0.0
12_3,12,4,0.7383321670737437,0.0,0.0,0.0,0.0,0.0,0.0,-0.25506453835714465,8,0.007383321670737437,<30,0.0
12_3,12,5,0.3548561624036304,0.0,0.0,0.0,0.0,0.0,0.0,-0.16987913726606507,10,0.003548561624036304,<30,0.0
12_3,12,6,0.6015997237264399,0.0,0.0,0.0,0.0,0.0,0.0,-0.015086281024236654,12,0.006015997237264399,<30,0.0
12_3,12,7,1.7227280801496472,0.0,0.0,0.0,0.0,0.0,0.0,0.4653506023894286,14,0.01722728080149647,<30,0.0
12_3,12,8,11.166084742546232,0.0,0.0,0.9667255621480013,0.0,1.0,0.0,3.428360165057411,16,0.11166084742546233,<30,0.0
12_3,12,9,41.84216217669121,0.0,22.038192698102947,19.337588227096642,1.0,1.0,0.0,12.369637384242505,18,0.4184216217669121,<30,0.0
12_3,12,10,60.53158186454409,0.0,38.45997911546152,26.899505167642893,1.0,1.0,1.0,12.404236023730252,20,0.6053158186454408,<30,0.0
12_3,12,11,73.27006246923997,0.0,48.49756783942678,32.89153686694317,1.0,1.0,1.0,5.840990550274506,22,0.7327006246923997,<30,0.0
12_3,12,12,72.78226975939985,0.0,44.79319932908181,31.033085216865683,1.0,1.0,1.0,2.037785475831503,24,0.7278226975939985,<30,0.0
12_3,12,13,82.25337731978466,0.0,50.44962185964964,43.62320998533822,1.0,1.0,1.0,3.1333621577581665,26,0.8225337731978466,<30,0.0
12_3,12,14,75.44084332150399,0.0,39.14186829270197,45.27218245338997,1.0,1.0,1.0,-1.4745988733604467,28,0.7544084332150399,<30,1.0
12_3,12,15,85.5974532490317,0.0,44.040298803174736,57.07491715571331,1.0,1.0,1.0,3.229761114743283,30,0.855974532490317,30-34,1.0
12_3,12,16,96.14683711491938,0.0,48.486118094081625,63.96405540346653,1.0,1.0,1.0,5.092157877479261,32,0.9614683711491938,30-34,1.0
12_3,12,17,95.73822596559947,0.0,41.046131902317214,59.07503383640789,1.0,1.0,1.0,1.3271876152360516,34,0.9573822596559947,30-34,1.0
12_3,12,18,86.02359126422928,0.0,23.28988638150087,46.01321136004289,1.0,1.0,1.0,-3.5302171710204155,36,0.8602359126422928,35-40,1.0
12_3,12,19,77.32402055988882,0.0,5.45604377117472,32.26900283972248,1.0,1.0,1.0,-5.47784208289373,38,0.7732402055988882,35-40,1.0
12_3,12,20,89.13976692641867,0.0,6.962431835641432,40.043158093654014,1.0,1.0,1.0,4.415049639601628,40,0.8913976692641867,35-40,1.0
12_3,12,21,84.41410342073684,0.0,0.0,29.72932722671865,0.0,1.0,0.0,-0.59210629945418,42,0.8441410342073684,41-46,1.0
12_3,12,22,65.97882363632009,0.0,0.0,3.725583162114546,0.0,1.0,0.0,-7.281479488052938,44,0.6597882363632008,41-46,1.0
12_3,12,23,70.82864471332978,0.0,0.0,2.442096885421492,0.0,1.0,0.0,-1.3532439219005663,46,0.7082864471332978,41-46,1.0
12_3,12,24,75.65391318126822,0.0,0.0,2.0213087538191843,0.0,1.0,0.0,2.4534653850097903,48,0.7565391318126822,47-52,1.0
12_3,12,25,86.56943245159736,0.0,0.0,2.263119971776156,0.0,1.0,0.0,6.01241375133875,50,0.8656943245159736,47-52,1.0
12_3,12,26,84.32682139630363,0.0,0.0,0.0,0.0,0.0,0.0,-0.5146443145833383,52,0.8432682139630363,47-52,1.0
12_3,12,27,80.51167669330857,0.0,0.0,0.0,0.0,0.0,0.0,-1.3486871220537657,54,0.8051167669330858,53-58,1.0
12_3,12,28,69.54882897176834,0.0,0.0,0.0,0.0,0.0,0.0,-4.317742492176782,56,0.6954882897176834,53-58,1.0
12_3,12,29,46.52656590343674,0.0,0.0,0.0,0.0,0.0,0.0,-10.806008234041649,58,0.4652656590343674,53-58,1.0
12_3,12,30,44.80482104942652,1.0,0.0,0.0,0.0,0.0,0.0,-5.555698798663902,60,0.44804821049426524,59+,1.0
12_5,12,0,0.6458724903713895,0.0,0.0,0.0,0.0,0.0,0.0,0.6458724903713895,0,0.006458724903713895,<30,0.0
12_5,12,1,0.6230915656690894,0.0,0.0,0.0,0.0,0.0,0.0,0.27627781447776867,2,0.0062309156566908944,<30,0.0
12_5,12,2,0.16442228540322457,0.0,0.0,0.0,0.0,0.0,0.0,-0.29764465349886615,4,0.0016442228540322456,<30,0.0
12_5,12,3,0.043341243874737354,0.0,0.0,0.0,0.0,0.0,0.0,-0.09230321283771,6,0.00043341243874737355,<30,0.0
12_5,12,4,0.011424627847756573,0.0,0.0,0.0,0.0,0.0,0.0,-0.024330862742907237,8,0.00011424627847756573,<30,0.0
12_5,12,5,0.0030114992047058763,0.0,0.0,0.0,0.0,0.0,0.0,-0.006413545786916928,10,3.0114992047058762e-05,<30,0.0
12_5,12,6,0.0016247577168823938,0.0,0.0,0.0,0.0,0.0,0.0,-0.0014136139329107725,12,1.624757716882394e-05,<30,0.0
12_5,12,7,0.06871968038647641,0.0,0.0,0.0,0.0,0.0,0.0,0.022391175046942456,14,0.0006871968038647641,<30,0.0
12_5,12,8,0.8550778434731463,0.0,0.0,0.0,0.0,0.0,0.0,0.2767975407339001,16,0.008550778434731463,<30,0.0
12_5,12,9,3.463288943612591,0.0,0.0,0.0,0.0,0.0,0.0,1.0888034265080537,18,0.03463288943612591,<30,0.0
12_5,12,10,1.7791153234758224,0.0,0.0,0.0,0.0,0.0,0.0,-0.1943887108469913,20,0.017791153234758224,<30,0.0
12_5,12,11,0.49436444181032807,0.0,0.0,0.0,0.0,0.0,0.0,-0.8198195864538621,22,0.004943644418103281,<30,0.0
12_5,12,12,0.48327844546289,0.0,0.0,0.0,0.0,0.0,0.0,-0.15766706075004822,24,0.0048327844546289,<30,0.0
12_5,12,13,4.295983019623108,0.0,0.0,0.0,0.0,0.0,0.0,1.3468766714946163,26,0.042959830196231084,<30,0.0
12_5,12,14,3.886330135600929,0.0,0.0,0.0,0.0,0.0,0.0,0.4642053475827181,28,0.038863301356009294,<30,1.0
12_5,12,15,11.960139637502639,0.0,0.0,0.0,0.0,0.0,0.0,2.7134674554158904,30,0.11960139637502638,30-34,1.0
12_5,12,16,30.353099828751013,0.0,0.0,0.1722245386848016,0.0,1.0,0.0,7.770164191910524,32,0.3035309982875101,30-34,1.0
12_5,12,17,56.38640876483332,0.0,4.13635133265759,10.776730458011315,1.0,1.0,0.0,12.352910298986085,34,0.5638640876483332,30-34,1.0
12_5,12,18,74.61563700161277,0.0,11.88193211888435,16.52552720474386,1.0,1.0,1.0,10.814765500187107,36,0.7461563700161277,35-40,1.0
12_5,12,19,71.80283677520106,0.0,2.334262305059319,8.331496287363006,1.0,1.0,0.0,0.3510973332400316,38,0.7180283677520106,35-40,1.0
12_5,12,20,95.95364650578779,0.0,13.776311415010554,27.884722088918302,1.0,1.0,1.0,9.114578370402493,40,0.9595364650578779,35-40,1.0
12_5,12,21,95.96041293759188,0.0,2.847749481388057,27.371912687349514,1.0,1.0,1.0,3.184657471709992,42,0.9596041293759189,41-46,1.0
12_5,12,22,89.42974504129472,0.0,0.0,21.879871661541195,0.0,1.0,0.0,-2.5970619152198773,44,0.8942974504129473,41-46,1.0
12_5,12,23,76.21979001340054,1.0,0.0,6.596237474621063,0.0,1.0,0.0,-6.43889258099352,46,0.7621979001340055,41-46,1.0
12_7,12,0,0.0033060091065169493,0.0,0.0,0.0,0.0,0.0,0.0,0.0033060091065169493,0,3.3060091065169496e-05,<30,0.0
12_7,12,1,0.14608555009070057,0.0,0.0,0.0,0.0,0.0,0.0,0.04910981031371996,2,0.0014608555009070056,<30,0.0
12_7,12,2,0.63110565936829,0.0,0.0,0.0,0.0,0.0,0.0,0.20843729618695148,4,0.0063110565936829,<30,0.0
12_7,12,3,1.8169471689529084,0.0,0.0,0.0,0.0,0.0,0.0,0.4279261517328955,6,0.018169471689529083,<30,0.0
12_7,12,4,8.272639525583859,0.0,0.0,0.3904023285953411,0.0,1.0,0.0,2.6007299674672577,8,0.0827263952558386,<30,0.0
12_7,12,5,2.7501734455501876,0.0,0.0,0.0,0.0,0.0,0.0,-1.1955092057712244,10,0.027501734455501876,<30,0.0
12_7,12,6,0.9060660828915372,0.0,0.0,0.0,0.0,0.0,0.0,-1.47836642632035,12,0.009060660828915372,<30,0.0
12_7,12,7,2.4011452315697026,0.0,0.0,0.0,0.0,0.0,0.0,0.3225780248577538,14,0.024011452315697027,<30,0.0
12_7,12,8,17.150271088092627,0.0,0.14470759088648322,2.9383124662817055,1.0,1.0,0.0,5.472494444074908,16,0.17150271088092628,<30,0.0
12_7,12,9,11.28607332457226,0.0,0.0,0.0,0.0,0.0,0.0,0.11489413502836032,18,0.1128607332457226,<30,0.0
12_7,12,10,10.54080699064427,0.0,0.0,0.0,0.0,0.0,0.0,-1.1544040573962944,20,0.1054080699064427,<30,0.0
12_7,12,11,28.05919740901993,0.0,5.450112026928894,7.486113917153705,1.0,1.0,0.0,5.714020334089134,22,0.2805919740901993,<30,0.0
12_7,12,12,38.582056796099806,0.0,10.592986365781764,12.597243399618293,1.0,1.0,1.0,7.846177491258276,24,0.38582056796099806,<30,0.0
12_7,12,13,59.243145029463236,0.0,27.439389569328213,27.068296322369203,1.0,1.0,1.0,6.866750678425145,26,0.5924314502946324,<30,0.0
12_7,12,14,74.79656044006907,0.0,38.497585411267046,33.08213625936989,1.0,1.0,1.0,10.861947134124957,28,0.7479656044006907,<30,1.0
12_7,12,15,87.52082021736166,0.0,45.9636657715047,40.74269426838185,1.0,1.0,1.0,5.0879560334476945,30,0.8752082021736166,30-34,1.0
12_7,12,16,90.7341071148009,1.0,44.71139185975673,43.46063817440373,1.0,1.0,1.0,5.101057474632341,32,0.9073410711480091,30-34,1.0
12_9,12,0,0.0,0.0,0.0,0.0,0.0,0.0,0.0,0.0,0,0.0,<30,0.0
12_9,12,1,0.003597387746000033,0.0,0.0,0.0,0.0,0.0,0.0,0.0011991292486666777,2,3.597387746000033e-05,<30,0.0
12_9,12,2,0.024398520192986644,0.0,0.0,0.0,0.0,0.0,0.0,0.008132840064328881,4,0.00024398520192986644,<30,0.0
12_9,12,3,0.00855740742379639,0.0,0.0,0.0,0.0,0.0,0.0,-0.002878287709116084,6,8.55740742379639e-05,<30,0.0
12_9,12,4,0.002526545872893624,0.0,0.0,0.0,0.0,0.0,0.0,-0.004607954632562358,8,2.5265458728936238e-05,<30,0.0
12_9,12,5,0.0006659902614128623,0.0,0.0,0.0,0.0,0.0,0.0,-0.0013380253520461054,10,6.659902614128623e-06,<30,0.0
12_9,12,6,0.0001755531269213757,0.0,0.0,0.0,0.0,0.0,0.0,-0.00037387292541445213,12,1.755531269213757e-06,<30,0.0
12_9,12,7,4.6275301843741706e-05,0.0,0.0,0.0,0.0,0.0,0.0,-9.855183315820445e-05,14,4.6275301843741705e-07,<30,0.0
12_9,12,8,0.04200064833351626,0.0,0.0,0.0,0.0,0.0,0.0,0.013970172117618376,16,0.0004200064833351626,<30,0.0
12_9,12,9,0.3929681475470018,0.0,0.0,0.0,0.0,0.0,0.0,0.13098146300494895,18,0.003929681475470018,<30,0.0
12_9,12,10,0.21894722161609312,0.0,0.0,0.0,0.0,0.0,0.0,-0.005950254247071164,20,0.002189472216160931,<30,0.0
12_9,12,11,0.5514316128773377,0.0,0.0,0.0,0.0,0.0,0.0,0.07296639667873359,22,0.0055143161287733765,<30,0.0
12_9,12,12,3.18390822976681,0.0,0.0,0.0,0.0,0.0,0.0,1.0139500156441952,24,0.0318390822976681,<30,0.0
12_9,12,13,7.2017655257159525,0.0,0.0,0.0,0.0,0.0,0.0,1.7097426575018126,26,0.07201765525715953,<30,0.0
12_9,12,14,27.575340828735506,0.0,0.0,0.5495690176932548,0.0,1.0,0.0,8.100152531118923,28,0.27575340828735506,<30,1.0
12_9,12,15,36.981217946381406,0.0,1.1956893896679404,4.2525086308929545,1.0,1.0,0.0,6.06728097021656,30,0.36981217946381406,30-34,1.0
12_9,12,16,55.204463741663176,0.0,7.54374472082543,11.481510311856681,1.0,1.0,1.0,8.859173274626762,32,0.5520446374166318,30-34,1.0
12_9,12,17,47.23311644950043,0.0,0.0,2.5269853348902984,0.0,1.0,0.0,-1.398555833609613,34,0.4723311644950043,30-34,1.0
12_9,12,18,27.669492304013072,1.0,0.0,0.0,0.0,0.0,0.0,-8.415584938822487,36,0.2766949230401307,35-40,1.0
13_1,13,0,1.4800472925443968,0.0,0.0,0.0,0.0,0.0,0.0,1.4800472925443968,0,0.014800472925443968,<30,0.0
13_1,13,1,2.5341856412261983,0.0,0.0,0.0,0.0,0.0,0.0,1.0774039998989555,2,0.025341856412261984,<30,0.0
13_1,13,2,6.341868454909638,0.0,0.0,0.1767706636211024,0.0,1.0,0.0,1.1552561484746349,4,0.06341868454909638,<30,0.0
13_1,13,3,5.273603850266143,0.0,0.0,0.0,0.0,0.0,0.0,0.5296076243963441,6,0.05273603850266143,<30,0.0
13_1,13,4,10.006536486779819,0.0,0.018793040712830944,1.5130060121376498,1.0,1.0,0.0,1.0386512160487233,8,0.10006536486779818,<30,0.0
13_1,13,5,9.401155271730232,0.0,0.0,0.02378365731451293,0.0,1.0,0.0,1.1480608674577228,10,0.09401155271730233,<30,0.0
13_1,13,6,24.755488629779027,0.0,9.979120396634755,10.966111109567912,1.0,1.0,0.0,4.683398742203739,12,0.24755488629779027,<30,0.0
13_1,13,7,17.494666226588514,0.0,1.2558886964314926,2.54160858046213,1.0,1.0,1.0,0.09684431735542898,14,0.17494666226588515,<30,0.0
13_1,13,8,10.722165790966148,1.0,0.0,0.0,0.0,0.0,0.0,-4.742627039672526,16,0.10722165790966148,<30,0.0
13_11,13,0,0.0007950142525859396,0.0,0.0,0.0,0.0,0.0,0.0,0.0007950142525859396,0,7.950142525859396e-06,<30,0.0
13_11,13,1,0.055123385563826025,0.0,0.0,0.0,0.0,0.0,0.0,0.023259759885192424,2,0.0005512338556382603,<30,0.0
13_11,13,2,0.02005597916428363,0.0,0.0,0.0,0.0,0.0,0.0,-0.0033502744239349326,4,0.0002005597916428363,<30,0.0
13_11,13,3,0.010289826381232565,0.0,0.0,0.0,0.0,0.0,0.0,-0.009591295654575303,6,0.00010289826381232565,<30,0.0
13_11,13,4,0.1268758423897225,0.0,0.0,0.0,0.0,0.0,0.0,0.038859586449272766,8,0.0012687584238972249,<30,0.0
13_11,13,5,0.4344882290151124,0.0,0.0,0.0,0.0,0.0,0.0,0.11951577727704184,10,0.004344882290151124,<30,0.0
13_11,13,6,0.37835637148020496,0.0,0.0,0.0,0.0,0.0,0.0,0.07863876842558348,12,0.0037835637148020494,<30,0.0
13_11,13,7,0.3746185030467812,0.0,0.0,0.0,0.0,0.0,0.0,-0.07238814819140402,14,0.003746185030467812,<30,0.0
13_11,13,8,0.5861996556068594,0.0,0.0,0.0,0.0,0.0,0.0,0.09143522519180985,16,0.0058619965560685935,<30,0.0
13_11,13,9,2.137639229954103,0.0,0.0,0.0,0.0,0.0,0.0,0.5799624386259261,18,0.02137639229954103,<30,0.0
13_11,13,10,4.415863768405544,0.0,0.0,0.0,0.0,0.0,0.0,0.9808701795465744,20,0.044158637684055445,<30,0.0
13_11,13,11,13.775094127397239,0.0,0.0,0.0,0.0,0.0,0.0,3.888236152374783,22,0.1377509412739724,<30,0.0
13_11,13,12,12.923577215531648,0.0,0.0,0.0,0.0,0.0,0.0,0.8469180344641345,24,0.12923577215531648,<30,0.0
13_11,13,13,37.96105587483298,0.0,8.634533860565533,11.112336729020914,1.0,1.0,0.0,8.544047991576816,26,0.3796105587483298,<30,0.0
13_11,13,14,62.86637430275709,0.0,26.56739927395506,22.944568207638277,1.0,1.0,1.0,14.20494712693353,28,0.6286637430275709,<30,1.0
13_11,13,15,27.465897515032054,0.0,0.0,0.0,0.0,0.0,0.0,-10.729199586690166,30,0.27465897515032056,30-34,1.0
13_11,13,16,9.65303154626235,0.0,0.0,0.0,0.0,0.0,0.0,-12.01244549555808,32,0.0965303154626235,30-34,1.0
13_11,13,17,5.639798297735215,1.0,0.0,0.0,0.0,0.0,0.0,-4.81490476381893,34,0.05639798297735215,30-34,1.0
13_13,13,0,1.5750521540578757,0.0,0.0,0.0,0.0,0.0,0.0,1.5750521540578757,0,0.015750521540578755,<30,0.0
13_13,13,1,3.0895551860440102,0.0,0.0,0.0,0.0,0.0,0.0,1.348456638863553,2,0.0308955518604401,<30,0.0
13_13,13,2,0.9428941197047692,0.0,0.0,0.0,0.0,0.0,0.0,-0.8479291651488016,4,0.009428941197047692,<30,0.0
13_13,13,3,0.6315628364064634,0.0,0.0,0.0,0.0,0.0,0.0,-0.3893344707833333,6,0.006315628364064634,<30,0.0
13_13,13,4,1.717999052454597,0.0,0.0,0.0,0.0,0.0,0.0,0.4104963816986924,8,0.01717999052454597,<30,0.0
13_13,13,5,9.85499627477968,0.0,0.0,1.4435710057872173,0.0,1.0,0.0,2.8414684694847256,10,0.0985499627477968,<30,0.0
13_13,13,6,7.988726344973541,0.0,0.0,0.0,0.0,0.0,0.0,1.2849480025043696,12,0.07988726344973542,<30,0.0
13_13,13,7,9.6540023117886,0.0,0.0,0.0,0.0,0.0,0.0,-0.5883676441559119,14,0.09654002311788601,<30,0.0
13_13,13,8,6.569511666559604,0.0,0.0,0.0,0.0,0.0,0.0,-0.5107809061357464,16,0.06569511666559605,<30,0.0
13_13,13,9,5.370915942223475,0.0,0.0,0.0,0.0,0.0,0.0,-0.8482323256053759,18,0.053709159422234753,<30,0.0
13_13,13,10,1.9755769348467007,0.0,0.0,0.0,0.0,0.0,0.0,-1.5819851211716673,20,0.019755769348467008,<30,0.0
13_13,13,11,7.814819379090059,0.0,0.0,0.0,0.0,0.0,0.0,1.578883907837859,22,0.07814819379090059,<30,0.0
13_13,13,12,8.463893702288836,0.0,0.0,0.0,0.0,0.0,0.0,1.7755368216595742,24,0.08463893702288836,<30,0.0
13_13,13,13,25.445146663052824,0.0,4.314841831708062,7.1525901935905765,1.0,1.0,0.0,4.91980770103006,26,0.25445146663052826,<30,0.0
13_13,13,14,72.32955047385255,1.0,37.24588663188118,33.71896501970001,1.0,1.0,0.0,21.87451973748925,28,0.7232955047385254,<30,1.0
13_15,13,0,0.5353589462230964,0.0,0.0,0.0,0.0,0.0,0.0,0.5353589462230964,0,0.005353589462230964,<30,0.0
13_15,13,1,0.595533577379901,0.0,0.0,0.0,0.0,0.0,0.0,0.2638546845150134,2,0.00595533577379901,<30,0.0
13_15,13,2,0.31714379971113527,0.0,0.0,0.0,0.0,0.0,0.0,-0.20342536628074662,4,0.0031714379971113527,<30,0.0
13_15,13,3,0.46618930119710444,0.0,0.0,0.0,0.0,0.0,0.0,0.02684169643302927,6,0.004661893011971044,<30,0.0
13_15,13,4,6.873875940452092,0.0,0.0,0.0,0.0,0.0,0.0,2.223212317084763,8,0.06873875940452093,<30,0.0
13_15,13,5,2.7413769870955704,0.0,0.0,0.0,0.0,0.0,0.0,-0.5568991670666856,10,0.027413769870955704,<30,0.0
13_15,13,6,36.756362863033566,0.0,21.97999462988929,18.58325863955276,1.0,1.0,0.0,10.8099837753224,12,0.36756362863033565,<30,0.0
13_15,13,7,38.094330627178934,0.0,21.85555309702191,13.046866357971554,1.0,1.0,1.0,7.459680446883485,14,0.38094330627178935,<30,0.0
13_15,13,8,24.2667920068632,0.0,6.379622498070816,1.233276066362567,1.0,1.0,1.0,-6.730982726273391,16,0.242667920068632,<30,0.0
13_15,13,9,32.1711717555183,0.0,12.367202276930035,7.462052589848577,1.0,1.0,1.0,1.8852299727749702,18,0.321711717555183,<30,0.0
13_15,13,10,18.447214035087693,0.0,0.0,0.0,0.0,0.0,0.0,-4.360398905369786,20,0.18447214035087695,<30,0.0
13_15,13,11,18.344344519828017,0.0,0.0,0.0,0.0,0.0,0.0,-1.8359593991140515,22,0.18344344519828015,<30,0.0
13_15,13,12,32.936076882760425,0.0,7.717868230319121,10.740109292788336,1.0,1.0,0.0,4.843153665176802,24,0.32936076882760423,<30,0.0
13_15,13,13,70.19806801056333,0.0,38.39431255042832,37.112826421070835,1.0,1.0,1.0,16.845263987476315,26,0.7019806801056333,<30,0.0
13_15,13,14,29.969738428666812,0.0,2.2562533113238494,1.4674412526060117,1.0,1.0,1.0,-8.98478465394292,28,0.29969738428666814,<30,1.0
13_15,13,15,19.387201006928485,1.0,0.0,0.0,0.0,0.0,0.0,-17.15353368052299,30,0.19387201006928487,30-34,1.0
13_17,13,0,0.0,0.0,0.0,0.0,0.0,0.0,0.0,0.0,0,0.0,<30,0.0
13_17,13,1,0.002872072197787785,0.0,0.0,0.0,0.0,0.0,0.0,0.000957357399262595,2,2.8720721977877852e-05,<30,0.0
13_17,13,2,0.03502408305071057,0.0,0.0,0.0,0.0,0.0,0.0,0.011674694350236858,4,0.0003502408305071057,<30,0.0
13_17,13,3,0.018964869204770276,0.0,0.0,0.0,0.0,0.0,0.0,-0.0011752960431496821,6,0.00018964869204770275,<30,0.0
13_17,13,4,0.364642227271254,0.0,0.0,0.0,0.0,0.0,0.0,0.11377581144742505,8,0.00364642227271254,<30,0.0
13_17,13,5,0.23655742204240085,0.0,0.0,0.0,0.0,0.0,0.0,0.03007550182253041,10,0.0023655742204240085,<30,0.0
13_17,13,6,1.373718229010461,0.0,0.0,0.0,0.0,0.0,0.0,0.3293593868558332,12,0.013737182290104611,<30,0.0
13_17,13,7,12.93533131225768,0.0,1.402115400610219,2.846588076441112,1.0,1.0,0.0,4.26140797649639,14,0.1293533131225768,<30,0.0
13_17,13,8,43.72170694378416,0.0,25.83453743499178,20.381458030189975,1.0,1.0,1.0,13.065826016341006,16,0.4372170694378416,<30,0.0
13_17,13,9,36.585315961677864,0.0,16.781346483089592,8.5574188614747,1.0,1.0,1.0,1.9147092782458295,18,0.36585315961677867,<30,0.0
13_17,13,10,25.249581704662667,0.0,3.1779789555801,0.0,1.0,0.0,1.0,-5.8744108837230655,20,0.25249581704662666,<30,0.0
13_17,13,11,19.359077258343728,0.0,0.0,0.0,0.0,0.0,0.0,-3.038640852428192,22,0.19359077258343727,<30,0.0
13_17,13,12,7.263065902579828,0.0,0.0,0.0,0.0,0.0,0.0,-5.924677334324906,24,0.07263065902579828,<30,0.0
13_17,13,13,39.43516200153479,0.0,7.631406541399768,10.482906232348157,1.0,1.0,0.0,9.393625339762316,26,0.3943516200153479,<30,0.0
13_17,13,14,25.33881908260744,0.0,0.0,0.0,0.0,0.0,0.0,1.6269351297273031,28,0.2533881908260744,<30,1.0
13_17,13,15,15.653599529063776,0.0,0.0,0.0,0.0,0.0,0.0,-7.122112320421341,30,0.15653599529063775,30-34,1.0
13_17,13,16,8.079360164063095,0.0,0.0,0.0,0.0,0.0,0.0,-4.054607295825084,32,0.08079360164063094,30-34,1.0
13_17,13,17,16.783858757261484,1.0,0.0,0.0,0.0,0.0,0.0,1.515414675764438,34,0.16783858757261483,30-34,1.0
13_19,13,0,0.444742669497866,0.0,0.0,0.0,0.0,0.0,0.0,0.444742669497866,0,0.00444742669497866,<30,0.0
13_19,13,1,1.397848498299523,0.0,0.0,0.0,0.0,0.0,0.0,0.6050337143149599,2,0.01397848498299523,<30,0.0
13_19,13,2,0.4377776474807198,0.0,0.0,0.0,0.0,0.0,0.0,-0.2804901037692866,4,0.004377776474807198,<30,0.0
13_19,13,3,0.11539693500695353,0.0,0.0,0.0,0.0,0.0,0.0,-0.24573688089268603,6,0.0011539693500695353,<30,0.0
13_19,13,4,0.43398305223874784,0.0,0.0,0.0,0.0,0.0,0.0,0.06974017123077692,8,0.004339830522387478,<30,0.0
13_19,13,5,0.9479268605507355,0.0,0.0,0.0,0.0,0.0,0.0,0.2941336670039596,10,0.009479268605507355,<30,0.0
13_19,13,6,0.3808113978825063,0.0,0.0,0.0,0.0,0.0,0.0,-0.2158480103013709,12,0.003808113978825063,<30,0.0
13_19,13,7,0.2241548873124261,0.0,0.0,0.0,0.0,0.0,0.0,-0.09312987754492255,14,0.002241548873124261,<30,0.0
13_19,13,8,1.8871990033947457,0.0,0.0,0.0,0.0,0.0,0.0,0.5125394746661059,16,0.018871990033947458,<30,0.0
13_19,13,9,6.980015422220379,0.0,0.0,0.0,0.0,0.0,0.0,2.1891329715708,18,0.0698001542222038,<30,0.0
13_19,13,10,14.005833716679724,0.0,0.0,0.9660550759308748,0.0,1.0,0.0,3.064372291482991,20,0.14005833716679725,<30,0.0
13_19,13,11,22.11134549770479,0.0,0.0,2.083335350523125,0.0,1.0,0.0,4.600214457114008,22,0.2211134549770479,<30,0.0
13_19,13,12,11.514238603841894,0.0,0.0,0.0,0.0,0.0,0.0,-3.2972979157571505,24,0.11514238603841895,<30,0.0
13_19,13,13,7.305667778991193,0.0,0.0,0.0,0.0,0.0,0.0,-3.3200089518470177,26,0.07305667778991193,<30,0.0
13_19,13,14,7.113668108350867,0.0,0.0,0.0,0.0,0.0,0.0,-0.24253500850974802,28,0.07113668108350867,<30,1.0
13_19,13,15,14.468143806582766,1.0,0.0,0.0,0.0,0.0,0.0,2.2665933270036542,30,0.14468143806582767,30-34,1.0
13_21,13,0,0.010412379749994302,0.0,0.0,0.0,0.0,0.0,0.0,0.010412379749994302,0,0.00010412379749994302,<30,0.0
13_21,13,1,0.023503879250235053,0.0,0.0,0.0,0.0,0.0,0.0,0.010295864144229453,2,0.00023503879250235052,<30,0.0
13_21,13,2,0.006788348448804783,0.0,0.0,0.0,0.0,0.0,0.0,-0.00613048588869871,4,6.788348448804783e-05,<30,0.0
13_21,13,3,0.0056465205511786205,0.0,0.0,0.0,0.0,0.0,0.0,-0.002525125601699713,6,5.646520551178621e-05,<30,0.0
13_21,13,4,0.004644933614350643,0.0,0.0,0.0,0.0,0.0,0.0,0.0003865597702586407,8,4.644933614350643e-05,<30,0.0
13_21,13,5,0.5624222587408461,0.0,0.0,0.0,0.0,0.0,0.0,0.1849629730157367,10,0.00562422258740846,<30,0.0
13_21,13,6,0.41228719163121863,0.0,0.0,0.0,0.0,0.0,0.0,0.09727705780958557,12,0.004122871916312186,<30,0.0
13_21,13,7,9.736645138633062,0.0,0.0,1.3235562529919829,0.0,1.0,0.0,3.009386628753993,14,0.09736645138633061,<30,0.0
13_21,13,8,11.835603066061262,0.0,0.0,0.32385236461551337,0.0,1.0,0.0,3.1704277797089553,16,0.11835603066061262,<30,0.0
13_21,13,9,4.667225315317136,0.0,0.0,0.0,0.0,0.0,0.0,-3.4382901321068315,18,0.04667225315317136,<30,0.0
13_21,13,10,3.9004737763340414,0.0,0.0,0.0,0.0,0.0,0.0,-1.0686212024579347,20,0.039004737763340416,<30,0.0
13_21,13,11,2.733173860540282,0.0,0.0,0.0,0.0,0.0,0.0,-0.35224950607462535,22,0.02733173860540282,<30,0.0
13_21,13,12,8.310394746000627,0.0,0.0,0.0,0.0,0.0,0.0,1.5752617657180796,24,0.08310394746000627,<30,0.0
13_21,13,13,28.437117272969385,0.0,1.3673870271569015,4.619869821088448,1.0,1.0,0.0,8.197856090623945,26,0.28437117272969387,<30,0.0
13_21,13,14,43.93192158901032,0.0,7.632946560208296,10.336216544397416,1.0,1.0,1.0,9.193826690545055,28,0.4393192158901032,<30,1.0
13_21,13,15,28.43162218558157,0.0,0.0,0.0,0.0,0.0,0.0,-3.9548500702909273,30,0.28431622185581573,30-34,1.0
13_21,13,16,13.229158631742404,0.0,0.0,0.0,0.0,0.0,0.0,-8.336598224234454,32,0.13229158631742405,30-34,1.0
13_21,13,17,10.964042346964819,1.0,0.0,0.0,0.0,0.0,0.0,-4.088732567764487,34,0.10964042346964818,30-34,1.0
13_23,13,0,0.0,0.0,0.0,0.0,0.0,0.0,0.0,0.0,0,0.0,<30,0.0
13_23,13,1,0.05856917617925875,0.0,0.0,0.0,0.0,0.0,0.0,0.019707784319952737,2,0.0005856917617925875,<30,0.0
13_23,13,2,0.17731391003230346,0.0,0.0,0.0,0.0,0.0,0.0,0.058735185490368186,4,0.0017731391003230346,<30,0.0
13_23,13,3,0.06568000456324102,0.0,0.0,0.0,0.0,0.0,0.0,-0.033566375435031985,6,0.0006568000456324102,<30,0.0
13_23,13,4,0.044231375110203995,0.0,0.0,0.0,0.0,0.0,0.0,-0.01979203852659792,8,0.00044231375110203994,<30,0.0
13_23,13,5,0.16087841115831963,0.0,0.0,0.0,0.0,0.0,0.0,0.033751031515462875,10,0.0016087841115831963,<30,0.0
13_23,13,6,0.30568988776117734,0.0,0.0,0.0,0.0,0.0,0.0,0.08549159611569085,12,0.0030568988776117734,<30,0.0
13_23,13,7,4.135810582614125,0.0,0.0,0.0,0.0,0.0,0.0,1.2954971991061777,14,0.04135810582614125,<30,0.0
13_23,13,8,4.722843921695662,0.0,0.0,0.0,0.0,0.0,0.0,1.0108659832558606,16,0.04722843921695662,<30,0.0
13_23,13,9,3.4054273614643917,0.0,0.0,0.0,0.0,0.0,0.0,-0.5702850523556278,18,0.034054273614643915,<30,0.0
13_23,13,10,2.724452301189195,0.0,0.0,0.0,0.0,0.0,0.0,-0.4176102511982798,20,0.02724452301189195,<30,0.0
13_23,13,11,1.1922899712071295,0.0,0.0,0.0,0.0,0.0,0.0,-0.6828452407343522,22,0.011922899712071295,<30,0.0
13_23,13,12,3.0619874415519055,0.0,0.0,0.0,0.0,0.0,0.0,0.3854450932214505,24,0.030619874415519055,<30,0.0
13_23,13,13,7.9236299059158695,0.0,0.0,0.0,0.0,0.0,0.0,2.337345047581617,26,0.07923629905915869,<30,0.0
13_23,13,14,3.0969565463141597,0.0,0.0,0.0,0.0,0.0,0.0,-1.3451034212147923,28,0.0309695654631416,<30,1.0
13_23,13,15,5.839062599974168,0.0,0.0,0.0,0.0,0.0,0.0,0.19491028928673343,30,0.05839062599974168,30-34,1.0
13_23,13,16,6.9123978380743285,0.0,0.0,0.0,0.0,0.0,0.0,1.1060938400570097,32,0.06912397838074329,30-34,1.0
13_23,13,17,6.280690629482541,0.0,0.0,0.0,0.0,0.0,0.0,-0.29860400078820604,34,0.06280690629482541,30-34,1.0
13_23,13,18,37.12473320888945,0.0,0.0,0.0,0.0,0.0,0.0,10.58913800599728,36,0.37124733208889454,35-40,1.0
13_23,13,19,42.354960122758456,1.0,0.0,0.0,0.0,0.0,0.0,11.370162279976755,38,0.42354960122758456,35-40,1.0
13_3,13,0,0.20353005640979338,0.0,0.0,0.0,0.0,0.0,0.0,0.20353005640979338,0,0.0020353005640979336,<30,0.0
13_3,13,1,0.9230999144004928,0.0,0.0,0.0,0.0,0.0,0.0,0.37723550646082826,2,0.009230999144004928,<30,0.0
13_3,13,2,0.596925861093262,0.0,0.0,0.0,0.0,0.0,0.0,-0.007939135093505092,4,0.0059692586109326195,<30,0.0
13_3,13,3,1.5640758247982012,0.0,0.0,0.0,0.0,0.0,0.0,0.25327168864093424,6,0.01564075824798201,<30,0.0
13_3,13,4,1.506097476155626,0.0,0.0,0.0,0.0,0.0,0.0,0.10977718243309081,8,0.01506097476155626,<30,0.0
13_3,13,5,25.358108470646982,0.0,11.940592162430745,10.99375333239925,1.0,1.0,0.0,8.085788738856003,10,0.25358108470646984,<30,0.0
13_3,13,6,12.413786321603105,0.0,0.8942037720125029,0.0,1.0,0.0,1.0,0.055452949177664745,12,0.12413786321603106,<30,0.0
13_3,13,7,18.063335376048073,0.0,5.82540087529598,4.763282266799667,1.0,1.0,0.0,-1.4155178168691034,14,0.18063335376048073,<30,0.0
13_3,13,8,82.5508403662688,0.0,64.66367085747642,49.15116751661932,1.0,1.0,1.0,24.77299748364449,16,0.825508403662688,<30,0.0
13_3,13,9,53.922823784107976,0.0,34.118854305519704,15.467353459621513,1.0,1.0,1.0,1.0100263775482121,18,0.5392282378410798,<30,0.0
13_3,13,10,14.612566757668864,0.0,0.0,0.0,0.0,0.0,0.0,-22.198626380547694,20,0.14612566757668863,<30,0.0
13_3,13,11,22.835443886593985,0.0,0.2167044337041535,0.0,1.0,0.0,0.0,-1.7259651725421201,22,0.22835443886593987,<30,0.0
13_3,13,12,43.37454649151974,1.0,16.260519978607334,3.0061255437054584,1.0,1.0,0.0,11.052192943866435,24,0.4337454649151974,<30,0.0
13_5,13,0,0.0923152846547877,0.0,0.0,0.0,0.0,0.0,0.0,0.0923152846547877,0,0.0009231528465478769,<30,0.0
13_5,13,1,2.822941585113161,0.0,0.0,0.0,0.0,0.0,0.0,1.0941043937859423,2,0.02822941585113161,<30,0.0
13_5,13,2,3.0938064467169237,0.0,0.0,0.0,0.0,0.0,0.0,0.6942493231909349,4,0.03093806446716924,<30,0.0
13_5,13,3,1.2997740448021617,0.0,0.0,0.0,0.0,0.0,0.0,-0.7776630857009378,6,0.012997740448021617,<30,0.0
13_5,13,4,1.3786115798008791,1.0,0.0,0.0,0.0,0.0,0.0,-0.45062383169022596,8,0.01378611579800879,<30,0.0
13_7,13,0,1.9197583992920548,0.0,0.0,0.0,0.0,0.0,0.0,1.9197583992920548,0,0.01919758399292055,<30,0.0
13_7,13,1,4.562326883432483,0.0,0.0,0.0,0.0,0.0,0.0,1.8995662362180095,2,0.04562326883432483,<30,0.0
13_7,13,2,21.57347087982849,0.0,11.874042678963256,9.720814093266291,1.0,1.0,0.0,5.793656276697782,4,0.2157347087982849,<30,0.0
13_7,13,3,24.509664660509983,0.0,13.82888132404728,8.292035943777146,1.0,1.0,1.0,5.299055806072656,6,0.24509664660509983,<30,0.0
13_7,13,4,74.3661571443589,0.0,62.28636069852388,45.679389729716426,1.0,1.0,1.0,15.652384789394015,8,0.7436615714435889,<30,0.0
13_7,13,5,94.17076673156251,0.0,80.75325042334629,53.635503113095375,1.0,1.0,1.0,16.921011496662654,10,0.941707667315625,<30,0.0
13_7,13,6,66.0648449311953,0.0,51.288476698051014,25.970341901900493,1.0,1.0,1.0,-8.391286511039056,12,0.660648449311953,<30,0.0
13_7,13,7,81.96920893473207,1.0,66.11541787764648,45.256456031869995,1.0,1.0,1.0,-3.5047343050182413,14,0.8196920893473206,<30,0.0
13_9,13,0,0.002598970580403308,0.0,0.0,0.0,0.0,0.0,0.0,0.002598970580403308,0,2.598970580403308e-05,<30,0.0
13_9,13,1,0.4836416790436092,0.0,0.0,0.0,0.0,0.0,0.0,0.1907995431748955,2,0.004836416790436092,<30,0.0
13_9,13,2,0.2694809749281526,0.0,0.0,0.0,0.0,0.0,0.0,0.02978936779519823,4,0.002694809749281526,<30,0.0
13_9,13,3,0.07650674166422139,0.0,0.0,0.0,0.0,0.0,0.0,-0.13587888333054005,6,0.0007650674166422139,<30,0.0
13_9,13,4,0.25406352296220847,0.0,0.0,0.0,0.0,0.0,0.0,0.03854609309697245,8,0.0025406352296220847,<30,0.0
13_9,13,5,5.060769107066705,0.0,0.0,0.0,0.0,0.0,0.0,1.6652483166323924,10,0.05060769107066705,<30,0.0
13_9,13,6,6.816661158554178,0.0,0.0,0.0,0.0,0.0,0.0,1.540651089960755,12,0.06816661158554177,<30,0.0
13_9,13,7,11.543468745806589,0.0,0.0,1.122265388259649,0.0,1.0,0.0,1.8169689322806195,14,0.11543468745806588,<30,0.0
13_9,13,8,24.377466231338865,0.0,6.490296722546482,7.572894719406312,1.0,1.0,0.0,5.502630862157183,16,0.24377466231338865,<30,0.0
13_9,13,9,13.14638540668049,0.0,0.0,0.0,0.0,0.0,0.0,-2.4572034879106335,18,0.1314638540668049,<30,0.0
13_9,13,10,5.872088206567821,0.0,0.0,0.0,0.0,0.0,0.0,-4.461245698317728,20,0.058720882065678215,<30,0.0
13_9,13,11,5.853267317666377,0.0,0.0,0.0,0.0,0.0,0.0,-0.9246001224143868,22,0.058532673176663774,<30,0.0
13_9,13,12,6.2255011261459785,0.0,0.0,0.0,0.0,0.0,0.0,0.40918328949460836,24,0.06225501126145978,<30,0.0
13_9,13,13,9.532001778420078,0.0,0.0,0.0,0.0,0.0,0.0,1.1241579452422894,26,0.09532001778420078,<30,0.0
13_9,13,14,17.366579260318417,0.0,0.0,0.5423377541102639,0.0,1.0,0.0,2.812871784948707,28,0.17366579260318418,<30,1.0
13_9,13,15,28.935366012474027,0.0,0.0,1.04643096515343,0.0,1.0,0.0,6.814365284819706,30,0.2893536601247403,30-34,1.0
13_9,13,16,21.839559784811385,0.0,0.0,0.0,0.0,0.0,0.0,-2.1686715265709022,32,0.21839559784811385,30-34,1.0
13_9,13,17,17.143677716347,0.0,0.0,0.0,0.0,0.0,0.0,-2.5773101619458614,34,0.17143677716347,30-34,1.0
13_9,13,18,21.98110762232099,0.0,0.0,0.0,0.0,0.0,0.0,0.6303049739812596,36,0.21981107622320992,35-40,1.0
13_9,13,19,14.373252687094901,1.0,0.0,0.0,0.0,0.0,0.0,-0.19862057567632382,38,0.143732526870949,35-40,1.0
14_1,14,0,3.272337207579351,0.0,0.0,0.0,0.0,0.0,0.0,3.272337207579351,0,0.03272337207579351,<30,0.0
14_1,14,1,11.176115642126916,0.0,2.1723201591802885,2.5712832624695947,1.0,1.0,0.0,4.664797168227798,2,0.11176115642126916,<30,0.0
14_1,14,2,23.429465519604655,0.0,13.73003731873942,11.254984581244692,1.0,1.0,1.0,4.84019219563745,4,0.23429465519604656,<30,0.0
14_1,14,3,33.518791886104225,0.0,22.838008549641522,16.689651127058887,1.0,1.0,1.0,6.469720408935871,6,0.33518791886104227,<30,0.0
14_1,14,4,48.83538606285727,0.0,36.75558961702225,27.592359694498533,1.0,1.0,1.0,6.019467651004826,8,0.48835386062857267,<30,0.0
14_1,14,5,73.73712718241217,0.0,60.31961087419594,45.307265424219366,1.0,1.0,1.0,11.450928418728088,10,0.7373712718241217,<30,0.0
14_1,14,6,57.32014447665645,0.0,42.543776243512184,28.786486027402535,1.0,1.0,1.0,-1.8174675433425735,12,0.5732014447665645,<30,0.0
14_1,14,7,45.43061634190001,0.0,29.191838811742993,21.346824346146107,1.0,1.0,1.0,-8.241966472850244,14,0.45430616341900015,<30,0.0
14_1,14,8,52.58460846705124,0.0,34.69743895825886,31.237739999922184,1.0,1.0,1.0,1.6259685037705698,16,0.5258460846705124,<30,0.0
14_1,14,9,54.68362740960763,0.0,34.879657931019366,34.938756965978605,1.0,1.0,1.0,1.9334623775728814,18,0.5468362740960763,<30,0.0
14_1,14,10,69.79745746365455,0.0,47.725854714571994,48.710816641822575,1.0,1.0,1.0,5.860374005329812,20,0.6979745746365456,<30,0.0
14_1,14,11,77.89406841332,0.0,53.121573783506804,54.30196017100308,1.0,1.0,1.0,5.313610940818512,22,0.7789406841332,<30,0.0
14_1,14,12,72.36603606693187,0.0,44.376965636613825,46.2498862992021,1.0,1.0,1.0,-0.998754616610493,24,0.7236603606693187,<30,0.0
14_1,14,13,57.41285572904746,0.0,25.609100268912435,31.34735409218561,1.0,1.0,1.0,-6.743223618510276,26,0.5741285572904746,<30,0.0
14_1,14,14,40.0515645760282,0.0,5.669252737708618,9.497995154875916,1.0,1.0,1.0,-8.046939099246538,28,0.400515645760282,<30,1.0
14_1,14,15,37.40900489625723,0.0,0.0,0.9754511640884154,0.0,1.0,0.0,-4.3983624966095975,30,0.3740900489625723,30-34,1.0
14_1,14,16,43.558620450374974,0.0,0.0,3.230199129679878,0.0,1.0,0.0,3.1991986027947865,32,0.43558620450374974,30-34,1.0
14_1,14,17,58.405331946191225,0.0,3.7132378829089703,18.51914125189282,1.0,1.0,0.0,5.932291170989064,34,0.5840533194619123,30-34,1.0
14_1,14,18,40.94940313762964,0.0,0.0,2.619880560165331,0.0,1.0,0.0,-3.8500630224073085,36,0.40949403137629636,35-40,1.0
14_1,14,19,65.7922683245366,0.0,2.379836021787952,18.757729900383058,1.0,1.0,0.0,4.695359417511654,38,0.657922683245366,35-40,1.0
14_1,14,20,71.06761528845861,0.0,0.0,15.237104280781445,0.0,1.0,0.0,8.804963809719554,40,0.7106761528845861,35-40,1.0
14_1,14,21,64.39389048903205,0.0,0.0,4.081944170480057,0.0,1.0,0.0,-4.747725401130447,42,0.6439389048903205,41-46,1.0
14_1,14,22,48.21404908316454,0.0,0.0,0.0,0.0,0.0,0.0,-5.760788949144791,44,0.4821404908316454,41-46,1.0
14_1,14,23,42.18688274162734,0.0,0.0,0.0,0.0,0.0,0.0,-4.6310616594158365,46,0.4218688274162734,41-46,1.0
14_1,14,24,46.676915849112454,1.0,0.0,0.0,0.0,0.0,0.0,0.2328892972282759,48,0.46676915849112455,47-52,1.0
14_11,14,0,0.35835484108778465,0.0,0.0,0.0,0.0,0.0,0.0,0.35835484108778465,0,0.0035835484108778463,<30,0.0
14_11,14,1,5.657238656166855,0.0,0.0,0.45127699445073777,0.0,1.0,0.0,2.1308457980824524,2,0.05657238656166855,<30,0.0
14_11,14,2,18.75158235681891,0.0,9.052154155953676,7.213506701356874,1.0,1.0,0.0,5.640876679856707,4,0.1875158235681891,<30,0.0
14_11,14,3,45.407911130768284,0.0,34.727127794305574,24.66447124307608,1.0,1.0,1.0,11.366132507901412,6,0.45407911130768286,<30,0.0
14_11,14,4,76.66803521910057,0.0,64.58823877326556,44.45575563557964,1.0,1.0,1.0,15.466703669525698,8,0.7666803521910057,<30,0.0
14_11,14,5,88.23444475005059,0.0,74.81692844183436,48.76050996397535,1.0,1.0,1.0,8.7904433359245,10,0.8823444475005059,<30,0.0
14_11,14,6,78.64495590866582,0.0,63.86858767552154,40.43289470573205,1.0,1.0,1.0,-2.388880341482145,12,0.7864495590866583,<30,0.0
14_11,14,7,59.07903935741203,0.0,42.84026182725501,28.30433768603851,1.0,1.0,1.0,-8.930948289792099,14,0.5907903935741203,<30,0.0
14_11,14,8,42.45066747503762,0.0,24.563497966245233,16.52559217296708,1.0,1.0,1.0,-8.82990819935691,16,0.4245066747503762,<30,0.0
14_11,14,9,51.847266897211725,0.0,32.04329741862345,25.036649569758172,1.0,1.0,1.0,1.4231068745346132,18,0.5184726689721173,<30,0.0
14_11,14,10,33.13805856256207,0.0,11.066455813479504,4.044139955654236,1.0,1.0,1.0,-5.287920271198258,20,0.3313805856256207,<30,0.0
14_11,14,11,33.8858512322072,0.0,9.113356602394004,6.658782623695817,1.0,1.0,1.0,-3.0824424804214856,22,0.33885851232207204,<30,0.0
14_11,14,12,34.685138763667915,0.0,6.6960683333498725,11.213181409188682,1.0,1.0,1.0,1.3327407395905173,24,0.34685138763667916,<30,0.0
14_11,14,13,31.314646266217437,0.0,0.10997077055962734,7.458828389673963,1.0,1.0,0.0,-1.5762883961836196,26,0.3131464626621744,<30,0.0
14_11,14,14,43.01880550144921,0.0,6.719830472647185,17.73566839991204,1.0,1.0,1.0,3.920550070779291,28,0.4301880550144921,<30,1.0
14_11,14,15,67.22343565832726,0.0,25.666281212470295,35.18058728995895,1.0,1.0,1.0,10.191952373882721,30,0.6722343565832726,30-34,1.0
14_11,14,16,85.01164352402739,0.0,37.35092450318965,41.49877840355423,1.0,1.0,1.0,10.974139255873066,32,0.8501164352402739,30-34,1.0
14_11,14,17,84.67072870882322,0.0,29.978634645540964,34.122713553736844,1.0,1.0,1.0,1.5774185100650349,34,0.8467072870882322,30-34,1.0
14_11,14,18,68.27323457520049,0.0,5.5395296924720725,16.530979556304757,1.0,1.0,1.0,-6.394403518081378,36,0.6827323457520049,35-40,1.0
14_11,14,19,69.04461465782722,0.0,1.3256893283079165,18.899651203702806,1.0,1.0,1.0,-1.701167658647338,38,0.6904461465782723,35-40,1.0
14_11,14,20,47.34136017399527,0.0,0.0,0.0,0.0,0.0,0.0,-7.717438643865778,40,0.47341360173995267,35-40,1.0
14_11,14,21,49.376026826350405,0.0,0.0,0.0,0.0,0.0,0.0,-2.5419244142181414,42,0.49376026826350405,41-46,1.0
14_11,14,22,23.60643970025503,0.0,0.0,0.0,0.0,0.0,0.0,-9.676629188734635,44,0.2360643970025503,41-46,1.0
14_11,14,23,26.89996265950606,1.0,0.0,0.0,0.0,0.0,0.0,-4.418340210067932,46,0.2689996265950606,41-46,1.0
14_13,14,0,0.004519229578459974,0.0,0.0,0.0,0.0,0.0,0.0,0.004519229578459974,0,4.519229578459974e-05,<30,0.0
14_13,14,1,0.5201020233852721,0.0,0.0,0.0,0.0,0.0,0.0,0.1828598072983115,2,0.005201020233852721,<30,0.0
14_13,14,2,29.693413310180144,0.0,19.99398510931491,13.979135742382056,1.0,1.0,0.0,9.877313094527453,4,0.29693413310180145,<30,0.0
14_13,14,3,49.31429165067664,0.0,38.63350831421393,22.044568109526473,1.0,1.0,1.0,14.054993866374616,6,0.4931429165067664,<30,0.0
14_13,14,4,50.388251229689175,0.0,38.30845478385416,21.082879939479078,1.0,1.0,1.0,0.38811432837404897,8,0.5038825122968917,<30,0.0
14_13,14,5,37.980313394448594,0.0,24.562797086232354,9.441383338940186,1.0,1.0,1.0,-3.5330520605765883,10,0.37980313394448595,<30,0.0
14_13,14,6,27.49892533250643,0.0,12.722557099362156,2.864363473679303,1.0,1.0,1.0,-6.108710056724298,12,0.2749892533250643,<30,0.0
14_13,14,7,18.704647341526723,0.0,3.1021552007853366,0.8353709254345176,1.0,1.0,1.0,-4.289333697661876,14,0.18704647341526723,<30,0.0
14_13,14,8,8.333238637776384,0.0,0.0,0.0,0.0,0.0,0.0,-5.227920808642945,16,0.08333238637776384,<30,0.0
14_13,14,9,26.542547272617657,0.0,9.374418955563144,7.818077149160608,1.0,1.0,0.0,4.691696304665509,18,0.26542547272617656,<30,0.0
14_13,14,10,65.34700173994884,0.0,43.27539899086628,37.13648612619233,1.0,1.0,1.0,18.266358835053488,20,0.6534700173994884,<30,0.0
14_13,14,11,75.70111806808168,0.0,50.92862343826849,38.01824141335656,1.0,1.0,1.0,8.950650763610405,22,0.7570111806808169,<30,0.0
14_13,14,12,70.87804823916375,0.0,42.888977808845695,29.00094818972525,1.0,1.0,1.0,-1.48273297959147,24,0.7087804823916375,<30,0.0
14_13,14,13,88.82243087983818,0.0,57.01867541970315,45.004717597757605,1.0,1.0,1.0,6.511465033282147,26,0.8882243087983818,<30,0.0
14_13,14,14,96.42132750132501,0.0,60.12235247252299,58.39272733464709,1.0,1.0,1.0,5.134501792069001,28,0.96421327501325,<30,1.0
14_13,14,15,97.50563377779332,0.0,55.948479331936355,64.1674678389256,1.0,1.0,1.0,1.3741937791503673,30,0.9750563377779332,30-34,1.0
14_13,14,16,74.91694444169379,0.0,27.25622542085604,39.4400528751124,1.0,1.0,1.0,-7.844077547662016,32,0.7491694444169379,30-34,1.0
14_13,14,17,64.32518290947424,1.0,11.513348392543719,24.81589662841686,1.0,1.0,1.0,-10.490311530184238,34,0.6432518290947423,30-34,1.0
14_15,14,0,0.0,0.0,0.0,0.0,0.0,0.0,0.0,0.0,0,0.0,<30,0.0
14_15,14,1,0.0008073429493622682,0.0,0.0,0.0,0.0,0.0,0.0,0.0002691143164540894,2,8.073429493622683e-06,<30,0.0
14_15,14,2,0.04843883545246245,0.0,0.0,0.0,0.0,0.0,0.0,0.016146278484154147,4,0.0004843883545246245,<30,0.0
14_15,14,3,0.03408697761271156,0.0,0.0,0.0,0.0,0.0,0.0,0.005770987155322748,6,0.0003408697761271156,<30,0.0
14_15,14,4,0.10229813264692647,0.0,0.0,0.0,0.0,0.0,0.0,0.016055107627871115,8,0.0010229813264692647,<30,0.0
14_15,14,5,0.10989427329090809,0.0,0.0,0.0,0.0,0.0,0.0,0.021587545845916146,10,0.001098942732909081,<30,0.0
14_15,14,6,0.8978665230080832,0.0,0.0,0.0,0.0,0.0,0.0,0.25381595098831217,12,0.008978665230080833,<30,0.0
14_15,14,7,1.91742699570226,0.0,0.0,0.0,0.0,0.0,0.0,0.5327402025605634,14,0.0191742699570226,<30,0.0
14_15,14,8,2.1017979410275913,0.0,0.0,0.0,0.0,0.0,0.0,0.2424340528006803,16,0.021017979410275913,<30,0.0
14_15,14,9,8.910750241672998,0.0,0.0,0.5242130738201993,0.0,1.0,0.0,2.143008880561328,18,0.08910750241672999,<30,0.0
14_15,14,10,39.16444779198412,0.0,17.09284504290155,16.304095222820997,1.0,1.0,0.0,12.363486576035228,20,0.39164447791984114,<30,0.0
14_15,14,11,75.04236065440051,0.0,50.26986602458731,37.161879510706754,1.0,1.0,1.0,17.56362430346925,22,0.7504236065440051,<30,0.0
14_15,14,12,87.81621978706644,0.0,59.8271493567484,39.814939889427386,1.0,1.0,1.0,9.537038976537621,24,0.8781621978706644,<30,0.0
14_15,14,13,92.20710707546937,0.0,60.403351615334344,40.4803262428338,1.0,1.0,1.0,2.962284947139897,26,0.9220710707546936,<30,0.0
14_15,14,14,95.38469288348381,0.0,59.08571785468178,47.211991448190034,1.0,1.0,1.0,1.671494874516867,28,0.9538469288348381,<30,1.0
14_15,14,15,89.98710679939585,1.0,49.84630666615875,49.076115716617565,1.0,1.0,1.0,-1.0740180739577785,30,0.8998710679939584,30-34,1.0
14_17,14,0,13.258992868995655,0.0,9.04810973576762,9.04810973576762,1.0,1.0,0.0,13.258992868995655,0,0.13258992868995656,<30,0.0
14_17,14,1,73.99368347825654,0.0,64.98988799530991,40.80299447040319,1.0,1.0,1.0,29.85844900384231,2,0.7399368347825654,<30,0.0
14_17,14,2,91.48509272589466,0.0,81.78566452502943,51.71250157548446,1.0,1.0,1.0,15.687590930119413,4,0.9148509272589466,<30,0.0
14_17,14,3,86.82914509410568,0.0,76.14836175764299,48.131863575820276,1.0,1.0,1.0,-0.619333315243459,6,0.8682914509410569,<30,0.0
14_17,14,4,56.05503013474063,0.0,43.97523368890562,19.83646335716788,1.0,1.0,1.0,-11.517445434873641,8,0.5605503013474064,<30,0.0
14_17,14,5,46.363690523953785,0.0,32.94617421573755,13.912251502251962,1.0,1.0,1.0,-9.634068085690746,10,0.4636369052395379,<30,0.0
14_17,14,6,73.30780183561465,0.0,58.53143360247038,47.86272732388262,1.0,1.0,1.0,10.625777800754145,12,0.7330780183561465,<30,0.0
14_17,14,7,71.6605517486638,0.0,55.42177421850678,46.67190098576095,1.0,1.0,1.0,2.806907338898912,14,0.716605517486638,<30,0.0
14_17,14,8,60.22992744764911,0.0,42.34275793885673,37.46197334189711,1.0,1.0,1.0,-4.837238070809546,16,0.6022992744764911,<30,0.0
14_17,14,9,55.44225592862426,0.0,35.638286450036,34.206258579337515,1.0,1.0,1.0,-3.269133428712472,18,0.5544225592862426,<30,0.0
14_17,14,10,34.041248227895,0.0,11.969645478812431,9.976065558172587,1.0,1.0,1.0,-8.246145162024654,20,0.34041248227895,<30,0.0
14_17,14,11,27.433429225048528,0.0,2.660934595235334,0.0,1.0,0.0,1.0,-6.1820995581891545,22,0.2743342922504853,<30,0.0
14_17,14,12,36.76372610159885,0.0,8.77465567128081,6.998852226476835,1.0,1.0,1.0,3.275046166933117,24,0.3676372610159885,<30,0.0
14_17,14,13,53.04565936047405,0.0,21.241903900339025,24.498914355565443,1.0,1.0,1.0,7.025077388869187,26,0.5304565936047405,<30,0.0
14_17,14,14,73.0834457557313,0.0,36.78447072692928,39.59172982465883,1.0,1.0,1.0,9.979285212582862,28,0.730834457557313,<30,1.0
14_17,14,15,80.41548747831577,1.0,40.274687345078675,40.88758140838402,1.0,1.0,1.0,7.170565199863394,30,0.8041548747831577,30-34,1.0
14_19,14,0,1.2780214709060036,0.0,0.0,0.0,0.0,0.0,0.0,1.2780214709060036,0,0.012780214709060036,<30,0.0
14_19,14,1,8.881818513732362,0.0,1.8262703829237514,1.9226626911075408,1.0,1.0,0.0,3.3708120548621867,2,0.08881818513732362,<30,0.0
14_19,14,2,36.952505136211954,0.0,27.25307693534672,18.61365330349343,1.0,1.0,1.0,11.071082787865851,4,0.36952505136211955,<30,0.0
14_19,14,3,53.86282045116508,0.0,43.182037114702375,28.133720775147733,1.0,1.0,1.0,10.548095721990233,6,0.5386282045116508,<30,0.0
14_19,14,4,48.972628335308826,0.0,36.892831889473804,21.295955904440653,1.0,1.0,1.0,0.68062535369094,8,0.48972628335308827,<30,0.0
14_19,14,5,57.2487175698733,0.0,43.831201261657064,29.742511712832368,1.0,1.0,1.0,1.0006493210737484,10,0.572487175698733,<30,0.0
14_19,14,6,77.81345833395795,0.0,63.03709010081368,50.61516929971798,1.0,1.0,1.0,10.648130072955176,12,0.7781345833395795,<30,0.0
14_19,14,7,45.408922290991626,0.0,29.17014476083461,23.781163876156647,1.0,1.0,1.0,-10.127366875864741,14,0.45408922290991627,<30,0.0
14_19,14,8,20.25484886274189,0.0,2.3676793539495087,0.0,1.0,0.0,1.0,-14.292624062452024,16,0.20254848862741892,<30,0.0
14_19,14,9,46.49120230102757,0.0,26.6872328224393,17.44309013939104,1.0,1.0,1.0,5.7133003160794,18,0.4649120230102757,<30,0.0
14_19,14,10,49.16114404878134,0.0,27.089541299698766,18.84281698724582,1.0,1.0,1.0,6.874228457105428,20,0.49161144048781336,<30,0.0
14_19,14,11,23.414871545225363,0.0,2.476928551178176,0.0,1.0,0.0,1.0,-10.375081190428435,22,0.23414871545225363,<30,0.0
14_19,14,12,9.104190175271418,0.0,0.0,0.0,0.0,0.0,0.0,-9.119721316462718,24,0.09104190175271418,<30,0.0
14_19,14,13,22.769971094406444,0.0,0.0,0.0,0.0,0.0,0.0,2.9175673058291234,26,0.22769971094406444,<30,0.0
14_19,14,14,34.71226620721566,0.0,0.0,0.9656428241536545,0.0,1.0,0.0,7.179117316248661,28,0.34712266207215664,<30,1.0
14_19,14,15,70.18127144959159,0.0,28.62411700373462,30.631444933141086,1.0,1.0,0.0,13.357875222920182,30,0.7018127144959159,30-34,1.0
14_19,14,16,92.82424744468473,0.0,45.163528423846984,39.58129499263202,1.0,1.0,1.0,15.35055623364648,32,0.9282424744468473,30-34,1.0
14_19,14,17,97.52293525506794,0.0,42.83084119178568,36.22926301260687,1.0,1.0,1.0,3.4927665574608726,34,0.9752293525506793,30-34,1.0
14_19,14,18,97.1328632986351,0.0,34.39915841590669,35.86104171742706,1.0,1.0,1.0,0.3936938668623734,36,0.971328632986351,35-40,1.0
14_19,14,19,86.21148951678747,0.0,14.343512728073357,28.449010289467214,1.0,1.0,1.0,-3.9459499779501073,38,0.8621148951678747,35-40,1.0
14_19,14,20,75.83656651222859,0.0,0.0,24.259811369148707,0.0,1.0,0.0,-5.811686454536746,40,0.7583656651222859,35-40,1.0
14_19,14,21,81.37540506755616,0.0,0.0,25.597918765748965,0.0,1.0,0.0,0.7974936707957714,42,0.8137540506755616,41-46,1.0
14_19,14,22,73.47798033948328,0.0,0.0,10.748471362775312,0.0,1.0,0.0,-1.453185191919675,44,0.7347798033948328,41-46,1.0
14_19,14,23,84.30266487770211,0.0,0.0,16.027985698020657,0.0,1.0,0.0,1.5286784748297724,46,0.8430266487770212,41-46,1.0
14_19,14,24,74.37366269217435,0.0,0.0,6.577520980791277,0.0,1.0,0.0,-0.30898982492584537,48,0.7437366269217435,47-52,1.0
14_19,14,25,52.73974439382691,0.0,0.0,0.0,0.0,0.0,0.0,-11.29875240514675,50,0.5273974439382692,47-52,1.0
14_19,14,26,49.75390478156842,0.0,0.0,0.0,0.0,0.0,0.0,-2.3789534084305424,52,0.49753904781568425,47-52,1.0
14_19,14,27,76.59875889192236,1.0,0.0,0.0,0.0,0.0,0.0,7.045862886121308,54,0.7659875889192236,53-58,1.0
14_21,14,0,0.0,0.0,0.0,0.0,0.0,0.0,0.0,0.0,0,0.0,<30,0.0
14_21,14,1,0.0,0.0,0.0,0.0,0.0,0.0,0.0,0.0,2,0.0,<30,0.0
14_21,14,2,0.0,0.0,0.0,0.0,0.0,0.0,0.0,0.0,4,0.0,<30,0.0
14_21,14,3,0.0,0.0,0.0,0.0,0.0,0.0,0.0,0.0,6,0.0,<30,0.0
14_21,14,4,0.0,0.0,0.0,0.0,0.0,0.0,0.0,0.0,8,0.0,<30,0.0
14_21,14,5,0.0,0.0,0.0,0.0,0.0,0.0,0.0,0.0,10,0.0,<30,0.0
14_21,14,6,0.007111230076092987,0.0,0.0,0.0,0.0,0.0,0.0,0.0023704100253643286,12,7.111230076092987e-05,<30,0.0
14_21,14,7,0.8283073196691669,0.0,0.0,0.0,0.0,0.0,0.0,0.276046645313416,14,0.00828307319669167,<30,0.0
14_21,14,8,3.779148307477726,0.0,0.0,0.0,0.0,0.0,0.0,1.1959717924394797,16,0.03779148307477726,<30,0.0
14_21,14,9,44.079195860485996,0.0,24.275226381897724,21.183115807486683,1.0,1.0,0.0,14.167597577344377,18,0.44079195860486,<30,0.0
14_21,14,10,75.88034248972129,0.0,53.808739740638714,36.87200346746222,1.0,1.0,1.0,19.413573355309055,20,0.7588034248972129,<30,0.0
14_21,14,11,82.11752514092744,0.0,57.345030511114246,35.25550648186916,1.0,1.0,1.0,5.246947972247855,22,0.8211752514092744,<30,0.0
14_21,14,12,91.06782353632993,0.0,63.07875310601188,41.10160023331622,1.0,1.0,1.0,4.342401747003114,24,0.9106782353632993,<30,0.0
14_21,14,13,92.72078198674815,0.0,60.91702652661313,46.672550218765096,1.0,1.0,1.0,1.4867565852539428,26,0.9272078198674815,<30,0.0
14_21,14,14,94.52316340162389,0.0,58.224188372821864,61.362303974412654,1.0,1.0,1.0,0.9493640068616098,28,0.9452316340162389,<30,1.0
14_21,14,15,94.48346187975811,0.0,52.926307433901144,66.59544725472996,1.0,1.0,1.0,0.2680037201629233,30,0.9448346187975811,30-34,1.0
14_21,14,16,92.44406931665378,1.0,46.421354061609605,64.3031438074141,1.0,1.0,1.0,-0.8944032651989365,32,0.9244406931665378,30-34,1.0
14_23,14,0,21.00398499346405,0.0,16.793101860236014,16.793101860236014,1.0,1.0,0.0,21.00398499346405,0,0.2100398499346405,<30,0.0
14_23,14,1,69.79646408869093,0.0,60.792668605744296,37.126644168775215,1.0,1.0,1.0,29.099360846476905,2,0.6979646408869092,<30,0.0
14_23,14,2,81.73511479276884,0.0,72.03568659190361,48.21421694221944,1.0,1.0,1.0,8.575964299275073,4,0.8173511479276884,<30,0.0
14_23,14,3,88.27513075102272,0.0,77.59434741456,54.16469900246314,1.0,1.0,1.0,4.89422188681159,6,0.8827513075102271,<30,0.0
14_23,14,4,87.10525821047962,0.0,75.0254617646446,53.93569188640397,1.0,1.0,1.0,-0.17238898042803186,8,0.8710525821047962,<30,0.0
14_23,14,5,90.64793477760355,0.0,77.2304184693873,63.868781860175275,1.0,1.0,1.0,1.5459708318465197,10,0.9064793477760356,<30,0.0
14_23,14,6,81.34369237807027,0.0,66.56732414492599,66.51845007994837,1.0,1.0,1.0,-2.979331965117358,12,0.8134369237807028,<30,0.0
14_23,14,7,44.70323595740631,0.0,28.46445842724929,21.91663367906401,1.0,1.0,1.0,-15.333038005404138,14,0.44703235957406307,<30,0.0
14_23,14,8,47.67692137245314,0.0,29.789751863660758,18.967029177210023,1.0,1.0,1.0,-3.8357596957917783,16,0.47676921372453135,<30,0.0
14_23,14,9,74.8553236378266,0.0,55.05135415923833,45.60056936091408,1.0,1.0,1.0,10.588462196950346,18,0.748553236378266,<30,0.0
14_23,14,10,81.40024168686924,1.0,59.945840895305196,52.01700911904315,1.0,1.0,1.0,9.93512912978638,20,0.8140024168686923,<30,0.0
14_3,14,0,9.069325127242301e-05,0.0,0.0,0.0,0.0,0.0,0.0,9.069325127242301e-05,0,9.069325127242302e-07,<30,0.0
14_3,14,1,0.42635764700094547,0.0,0.0,0.0,0.0,0.0,0.0,0.15283216568964297,2,0.004263576470009455,<30,0.0
14_3,14,2,8.23542335812287,0.0,0.930907313053221,1.2849219577224194,1.0,1.0,0.0,2.7236849882452105,4,0.0823542335812287,<30,0.0
14_3,14,3,12.135001388850057,0.0,1.4542180523873531,1.4649660648787641,1.0,1.0,1.0,3.133394019706296,6,0.12135001388850057,<30,0.0
14_3,14,4,14.1332688954138,0.0,2.0534724495787824,2.2955137657768923,1.0,1.0,1.0,0.6691928751664697,8,0.141332688954138,<30,0.0
14_3,14,5,21.94695818126859,0.0,8.529441873052354,8.156815246199466,1.0,1.0,1.0,3.1538550244020547,10,0.21946958181268592,<30,0.0
14_3,14,6,30.65746086160517,0.0,15.881092628460898,14.388743455823302,1.0,1.0,1.0,4.544903297693326,12,0.3065746086160517,<30,0.0
14_3,14,7,26.859724987304823,0.0,10.620947457147803,11.055135140901964,1.0,1.0,1.0,-0.2743776379405188,14,0.2685972498730482,<30,0.0
14_3,14,8,46.53156036787482,0.0,28.64439085908244,27.46297963208491,1.0,1.0,1.0,5.944528556341229,16,0.4653156036787482,<30,0.0
14_3,14,9,54.47139748463927,0.0,34.667428006051,31.09552720620218,1.0,1.0,1.0,6.856255960980079,18,0.5447139748463927,<30,0.0
14_3,14,10,45.939386153669616,0.0,23.86778340458705,23.078036870831912,1.0,1.0,1.0,-2.962801719912627,20,0.45939386153669615,<30,0.0
14_3,14,11,47.95115954749387,0.0,23.178664917680685,25.266370311211652,1.0,1.0,1.0,-0.10607186709375571,22,0.4795115954749387,<30,0.0
14_3,14,12,68.71839872923834,0.0,40.72932829892031,43.36634960107591,1.0,1.0,1.0,7.448703975548114,24,0.6871839872923835,<30,0.0
14_3,14,13,76.4641554238413,0.0,44.66039996370628,48.844882773340984,1.0,1.0,1.0,6.400559993827717,26,0.7646415542384131,<30,0.0
14_3,14,14,75.00177002496804,0.0,38.70279499616601,43.65978709787131,1.0,1.0,1.0,0.03080954201584757,28,0.7500177002496804,<30,1.0
14_3,14,15,76.79960308543284,0.0,35.24244863957586,42.86324405674844,1.0,1.0,1.0,0.28074269290337617,30,0.7679960308543283,30-34,1.0
14_3,14,16,89.8072885355528,1.0,43.784573280508624,54.14669438376289,1.0,1.0,1.0,5.164439938205703,32,0.898072885355528,30-34,1.0
14_5,14,0,0.048041944015051144,0.0,0.0,0.0,0.0,0.0,0.0,0.048041944015051144,0,0.00048041944015051147,<30,0.0
14_5,14,1,0.07189807087729533,0.0,0.0,0.0,0.0,0.0,0.0,0.030196236413294456,2,0.0007189807087729532,<30,0.0
14_5,14,2,0.14582704248766906,0.0,0.0,0.0,0.0,0.0,0.0,0.020134607249147278,4,0.0014582704248766907,<30,0.0
14_5,14,3,0.4644205352062394,0.0,0.0,0.0,0.0,0.0,0.0,0.12032767651633261,6,0.004644205352062394,<30,0.0
14_5,14,4,0.5095168506009129,0.0,0.0,0.0,0.0,0.0,0.0,0.07619927780360808,8,0.005095168506009129,<30,0.0
14_5,14,5,1.376874845953554,0.0,0.0,0.0,0.0,0.0,0.0,0.30404357352851863,10,0.01376874845953554,<30,0.0
14_5,14,6,1.65829800862104,0.0,0.0,0.0,0.0,0.0,0.0,0.24637235129114254,12,0.0165829800862104,<30,0.0
14_5,14,7,4.437660473795098,0.0,0.0,0.0,0.0,0.0,0.0,0.9773967964300001,14,0.044376604737950985,<30,0.0
14_5,14,8,19.796325165071664,0.0,4.452503988281467,5.414787309119289,1.0,1.0,0.0,5.78874217628598,16,0.19796325165071665,<30,0.0
14_5,14,9,56.52586184338918,0.0,36.721892364800915,28.899915930694483,1.0,1.0,1.0,15.807751282481654,18,0.5652586184338918,<30,0.0
14_5,14,10,55.08452117321901,0.0,33.012918424136444,19.572716097467897,1.0,1.0,1.0,5.695663838161519,20,0.5508452117321901,<30,0.0
14_5,14,11,48.134240053871366,0.0,23.36174542405817,12.184487168614726,1.0,1.0,1.0,-5.06208625659027,22,0.4813424005387137,<30,0.0
14_5,14,12,71.97796755106206,0.0,43.98889712074402,35.82112244907458,1.0,1.0,1.0,8.673262540450121,24,0.7197796755106206,<30,0.0
14_5,14,13,88.85086295413477,0.0,57.04710749399975,53.38787839871947,1.0,1.0,1.0,9.961783597089566,26,0.8885086295413477,<30,0.0
14_5,14,14,88.31947075195738,0.0,52.020495723155356,53.139623768095944,1.0,1.0,1.0,2.076196532977818,28,0.8831947075195739,<30,1.0
14_5,14,15,89.03232874780039,0.0,47.475174301943426,50.39408215452734,1.0,1.0,1.0,-0.6447131933046014,30,0.8903232874780039,30-34,1.0
14_5,14,16,93.60204445760718,0.0,45.941325436769425,54.840258033047185,1.0,1.0,1.0,2.3287199643977887,32,0.9360204445760718,30-34,1.0
14_5,14,17,58.55655464687214,0.0,7.769989070576685,19.55266207434962,1.0,1.0,1.0,-11.620970996538398,34,0.5855655464687214,30-34,1.0
14_5,14,18,66.31019636479297,0.0,6.5295464436436035,19.108871734042488,1.0,1.0,0.0,-4.558522212319658,36,0.6631019636479297,35-40,1.0
14_5,14,19,84.25539053098663,0.0,12.387413742272528,32.98052068803365,1.0,1.0,1.0,10.844168520172829,38,0.8425539053098663,35-40,1.0
14_5,14,20,70.69751875727079,0.0,0.0,14.611149067201257,0.0,1.0,0.0,-3.8339773765246554,40,0.7069751875727078,35-40,1.0
14_5,14,21,64.07349756330723,0.0,0.0,3.3917173925476334,0.0,1.0,0.0,-4.665640429834355,42,0.6407349756330722,41-46,1.0
14_5,14,22,74.91739843993588,1.0,0.0,12.165506124569276,0.0,1.0,0.0,2.5384666394737017,44,0.7491739843993588,41-46,1.0
14_7,14,0,0.00013773640543134687,0.0,0.0,0.0,0.0,0.0,0.0,0.00013773640543134687,0,1.3773640543134687e-06,<30,0.0
14_7,14,1,0.1984583158003389,0.0,0.0,0.0,0.0,0.0,0.0,0.07044444213187025,2,0.001984583158003389,<30,0.0
14_7,14,2,1.968679933568024,0.0,0.0,0.0,0.0,0.0,0.0,0.647597391990683,4,0.019686799335680242,<30,0.0
14_7,14,3,19.138526482444956,0.0,8.457743145982253,7.436187716270901,1.0,1.0,0.0,6.154976861777393,6,0.19138526482444956,<30,0.0
14_7,14,4,51.696003100785525,0.0,39.61620665495051,27.61317068126282,1.0,1.0,1.0,14.880630264108689,8,0.5169600310078553,<30,0.0
14_7,14,5,51.51091279419245,0.0,38.093396485976214,22.346768596698794,1.0,1.0,1.0,4.527055009698519,10,0.5151091279419245,<30,0.0
14_7,14,6,50.72563941949692,0.0,35.94927118635265,20.837268181843775,1.0,1.0,1.0,-0.8409191450627442,12,0.5072563941949693,<30,0.0
14_7,14,7,80.02921356151457,0.0,63.790436031357544,48.70656906636146,1.0,1.0,1.0,10.347026533077127,14,0.8002921356151457,<30,0.0
14_7,14,8,63.48102793584893,0.0,45.593858427056546,37.41087110940838,1.0,1.0,1.0,-0.7585704119774683,16,0.6348102793584893,<30,0.0
14_7,14,9,56.60086525864121,0.0,36.79689578005295,35.43800632341653,1.0,1.0,1.0,-6.83148225678216,18,0.5660086525864121,<30,0.0
14_7,14,10,67.89488374680148,0.0,45.82328099771891,45.76562184903051,1.0,1.0,1.0,4.135652229697007,20,0.6789488374680148,<30,0.0
14_7,14,11,74.58794402400345,0.0,49.81544939419025,51.12489294542793,1.0,1.0,1.0,4.847934820200754,22,0.7458794402400345,<30,0.0
14_7,14,12,41.60512695643597,0.0,13.616056526117921,14.821025487708333,1.0,1.0,1.0,-12.042515604325212,24,0.41605126956435967,<30,0.0
14_7,14,13,62.21880642086046,0.0,30.415050960725438,34.2956103078549,1.0,1.0,1.0,2.1329723880812907,26,0.6221880642086046,<30,0.0
14_7,14,14,64.55620877244854,0.0,28.257233743646516,34.51132668639363,1.0,1.0,1.0,5.324756406344366,28,0.6455620877244854,<30,1.0
14_7,14,15,41.06320573712743,0.0,4.268937591368157,8.075499981176542,1.0,1.0,1.0,-8.324908633077193,30,0.41063205737127434,30-34,1.0
14_7,14,16,27.279654389366833,0.0,0.0,0.0,0.0,0.0,0.0,-9.59856371498379,32,0.2727965438936683,30-34,1.0
14_7,14,17,17.768482779900943,1.0,0.0,0.0,0.0,0.0,0.0,-5.226417792793505,34,0.17768482779900943,30-34,1.0
14_9,14,0,5.368720890946325,0.0,1.1578377577182897,1.1578377577182897,1.0,1.0,0.0,5.368720890946325,0,0.053687208909463255,<30,0.0
14_9,14,1,24.286595336473255,0.0,15.282799853526623,10.534411121874534,1.0,1.0,1.0,9.980044824138051,2,0.24286595336473255,<30,0.0
14_9,14,2,26.170124587896645,0.0,16.47069638703141,11.55040995080438,1.0,1.0,1.0,3.1647751416895074,4,0.2617012458789664,<30,0.0
14_9,14,3,54.22884563169428,0.0,43.548062295231574,32.666106514556844,1.0,1.0,1.0,9.973738334577941,6,0.5422884563169428,<30,0.0
14_9,14,4,64.02905971047562,0.0,51.949263264640614,37.668897842769965,1.0,1.0,1.0,7.954962850942561,8,0.6402905971047562,<30,0.0
14_9,14,5,93.10622337575944,0.0,79.68870706754322,59.52584560021803,1.0,1.0,1.0,12.421315177917801,10,0.9310622337575944,<30,0.0
14_9,14,6,98.86926715623964,0.0,84.09289892309536,63.3408932853815,1.0,1.0,1.0,5.536921410977993,12,0.9886926715623965,<30,0.0
14_9,14,7,97.5827891936296,0.0,81.34401166347257,64.10816461204983,1.0,1.0,1.0,0.13522069638698042,14,0.9758278919362959,<30,0.0
14_9,14,8,88.82434216611297,0.0,70.93717265732059,62.87869011713778,1.0,1.0,1.0,-3.36973777317895,16,0.8882434216611297,<30,0.0
14_9,14,9,91.90660126651423,0.0,72.10263178792596,72.16128300299295,1.0,1.0,1.0,-0.5769794247155413,18,0.9190660126651423,<30,0.0
14_9,14,10,87.14003874783646,0.0,65.0684359987539,71.70910186631586,1.0,1.0,1.0,-0.5790949818748221,20,0.8714003874783646,<30,0.0
14_9,14,11,81.6077228697264,0.0,56.83522823991321,63.195801111517866,1.0,1.0,1.0,-3.401924318115268,22,0.8160772286972641,<30,0.0
14_9,14,12,82.99479609001664,0.0,55.00572565969859,63.54998055926527,1.0,1.0,1.0,0.2478508378022255,24,0.8299479609001663,<30,0.0
14_9,14,13,81.41478558197308,0.0,49.611030121838056,61.03255974997687,1.0,1.0,1.0,-0.3603011894709501,26,0.8141478558197308,<30,0.0
14_9,14,14,83.41637381948047,0.0,47.117398790678436,60.99866241665045,1.0,1.0,1.0,0.4647228949124743,28,0.8341637381948047,<30,1.0
14_9,14,15,51.24526349574619,0.0,11.884224966206133,20.406526381342886,1.0,1.0,1.0,-10.776221692481206,30,0.5124526349574619,30-34,1.0
14_9,14,16,25.94242117562529,0.0,0.0,0.0,0.0,0.0,0.0,-15.642666828328341,32,0.2594242117562529,30-34,1.0
14_9,14,17,26.30397069143083,0.0,0.0,0.0,0.0,0.0,0.0,-1.7815056390310342,34,0.2630397069143083,30-34,1.0
14_9,14,18,12.843542264768914,0.0,0.0,0.0,0.0,0.0,0.0,-5.5656386050241355,36,0.12843542264768915,35-40,1.0
14_9,14,19,17.76886503096861,0.0,0.0,0.0,0.0,0.0,0.0,0.5824439175964627,38,0.17768865030968609,35-40,1.0
14_9,14,20,8.104260869450528,0.0,0.0,0.0,0.0,0.0,0.0,-3.5142148933560966,40,0.08104260869450527,35-40,1.0
14_9,14,21,10.426763844113061,0.0,0.0,0.0,0.0,0.0,0.0,0.23623921894604652,42,0.10426763844113061,41-46,1.0
14_9,14,22,15.433185848878365,0.0,0.0,0.0,0.0,0.0,0.0,1.6299429309648072,44,0.15433185848878364,41-46,1.0
14_9,14,23,25.104857793138553,0.0,0.0,0.0,0.0,0.0,0.0,4.950113120464386,46,0.2510485779313855,41-46,1.0
14_9,14,24,18.539293603250307,1.0,0.0,0.0,0.0,0.0,0.0,-0.3137967969762651,48,0.18539293603250306,47-52,1.0
15_0,15,0,14.338509745036268,0.0,10.127626611808232,10.127626611808232,1.0,1.0,0.0,14.338509745036268,0,0.14338509745036268,<30,0.0
15_0,15,1,55.62218235182433,0.0,46.6183868688777,29.54590966915029,1.0,1.0,1.0,22.802684826753683,2,0.5562218235182432,<30,0.0
15_0,15,2,53.319742032668216,0.0,43.62031383180298,26.551218650644522,1.0,1.0,1.0,4.469829343586164,4,0.5331974203266822,<30,0.0
15_0,15,3,26.743556849398804,0.0,16.062773512936097,3.797514913487131,1.0,1.0,1.0,-11.042613282793564,6,0.26743556849398803,<30,0.0
15_0,15,4,9.88666808818141,0.0,0.27490337306453316,0.0,1.0,0.0,1.0,-9.967327798887112,8,0.0988666808818141,<30,0.0
15_0,15,5,4.625385310846191,0.0,0.0,0.0,0.0,0.0,0.0,-3.991330370663064,10,0.04625385310846191,<30,0.0
15_0,15,6,3.8348653823821732,0.0,0.0,0.0,0.0,0.0,0.0,-0.8554307361900698,12,0.03834865382382173,<30,0.0
15_0,15,7,5.659995818827414,0.0,0.0,0.0,0.0,0.0,0.0,0.5811456305535001,14,0.056599958188274145,<30,0.0
15_0,15,8,2.480710628865145,0.0,0.0,0.0,0.0,0.0,0.0,-0.7675060015653183,16,0.02480710628865145,<30,0.0
15_0,15,9,2.3704118174560453,0.0,0.0,0.0,0.0,0.0,0.0,-0.6339860313031083,18,0.023704118174560453,<30,0.0
15_0,15,10,7.306591980630374,0.0,0.0,0.0,0.0,0.0,0.0,1.7891241048630588,20,0.07306591980630374,<30,0.0
15_0,15,11,34.767415986035644,0.0,9.994921356222447,12.918712670334608,1.0,1.0,0.0,10.231228610460565,22,0.34767415986035644,<30,0.0
15_0,15,12,33.04246001768965,0.0,6.348402063952349,5.544699898715333,1.0,1.0,1.0,5.347145600968875,24,0.3304246001768965,<30,0.0
15_0,15,13,29.747089523355847,0.0,0.41532445054678035,0.8746323600440196,1.0,1.0,0.0,-4.185798361104473,26,0.29747089523355846,<30,0.0
15_0,15,14,44.60376402202975,0.0,8.30478899322772,10.957489565676841,1.0,1.0,1.0,6.184756392073348,28,0.4460376402202975,<30,1.0
15_0,15,15,52.39495220315494,0.0,10.837797757297977,17.35157504204184,1.0,1.0,1.0,5.2198328979272794,30,0.5239495220315494,30-34,1.0
15_0,15,16,54.97542402935579,0.0,7.314705008518047,20.10807036546783,1.0,1.0,1.0,1.1748782847441164,32,0.5497542402935579,30-34,1.0
15_0,15,17,61.98527593391202,0.0,7.293181870629766,22.20872948889713,1.0,1.0,1.0,3.022083579860682,34,0.6198527593391202,30-34,1.0
15_0,15,18,52.63921471412099,0.0,1.2175577964492277,10.268475644262324,1.0,1.0,1.0,-1.2914448947287884,36,0.5263921471412099,35-40,1.0
15_0,15,19,32.24501866958429,0.0,0.0,0.0,0.0,0.0,0.0,-10.814356342409274,38,0.3224501866958429,35-40,1.0
15_0,15,20,37.96575652686823,0.0,0.0,0.0,0.0,0.0,0.0,0.2545050631768102,40,0.37965756526868233,35-40,1.0
15_0,15,21,53.7792113524109,0.0,0.0,0.0,0.0,0.0,0.0,7.003475995509726,42,0.5377921135241089,41-46,1.0
15_0,15,22,50.7726805469314,0.0,0.0,0.0,0.0,0.0,0.0,1.6451164710688388,44,0.5077268054693139,41-46,1.0
15_0,15,23,27.1538975749406,0.0,0.0,0.0,0.0,0.0,0.0,-10.473769310933251,46,0.271538975749406,41-46,1.0
15_0,15,24,45.33529210465,0.0,0.0,0.0,0.0,0.0,0.0,3.2093363078207804,48,0.4533529210465,47-52,1.0
15_0,15,25,58.87945013301625,0.0,0.0,0.0,0.0,0.0,0.0,8.735167375663943,50,0.5887945013301625,47-52,1.0
15_0,15,26,57.45635113741298,0.0,0.0,0.0,0.0,0.0,0.0,1.2985649112270856,52,0.5745635113741298,47-52,1.0
15_0,15,27,51.0341937297365,0.0,0.0,0.0,0.0,0.0,0.0,-3.149636861003832,54,0.510341937297365,53-58,1.0
15_0,15,28,45.951015799880835,0.0,0.0,0.0,0.0,0.0,0.0,-3.0874662412904854,56,0.45951015799880834,53-58,1.0
15_0,15,29,73.8920761197248,1.0,0.0,0.0,0.0,0.0,0.0,8.813192501990242,58,0.738920761197248,53-58,1.0
15_10,15,0,0.016628569082495655,0.0,0.0,0.0,0.0,0.0,0.0,0.016628569082495655,0,0.00016628569082495655,<30,0.0
15_10,15,1,0.06006777943335088,0.0,0.0,0.0,0.0,0.0,0.0,0.022631150180759826,2,0.0006006777943335088,<30,0.0
15_10,15,2,1.5049320496122993,0.0,0.0,0.0,0.0,0.0,0.0,0.4908840461039821,4,0.015049320496122993,<30,0.0
15_10,15,3,13.552491649421235,0.0,2.871708312958531,3.184861276156127,1.0,1.0,0.0,4.404520903055236,6,0.13552491649421236,<30,0.0
15_10,15,4,13.524303207410094,0.0,1.4445067615750773,1.3619742092995804,1.0,1.0,1.0,1.970221078427,8,0.13524303207410093,<30,0.0
15_10,15,5,12.126441047758997,0.0,0.10398173404091082,0.19625915301942953,1.0,1.0,1.0,-0.4076883822629309,10,0.12126441047758997,<30,0.0
15_10,15,6,12.448035165112522,0.0,0.0,0.3901002613304341,0.0,1.0,0.0,-0.5073896887495618,12,0.12448035165112521,<30,0.0
15_10,15,7,5.7196737653849565,0.0,0.0,0.0,0.0,0.0,0.0,-2.232580587284893,14,0.05719673765384956,<30,0.0
15_10,15,8,6.3245701804938825,0.0,0.0,0.0,0.0,0.0,0.0,-0.8595397491420406,16,0.06324570180493883,<30,0.0
15_10,15,9,7.023261563382945,0.0,0.0,0.0,0.0,0.0,0.0,0.6163996393824649,18,0.07023261563382946,<30,0.0
15_10,15,10,9.75624544505009,0.0,0.0,0.0,0.0,0.0,0.0,0.9732208253207909,20,0.09756245445050091,<30,0.0
15_10,15,11,20.423420277737826,0.0,0.0,2.9875058623994697,0.0,1.0,0.0,4.296101675891915,22,0.20423420277737825,<30,0.0
15_10,15,12,17.8364568497229,0.0,0.0,0.0862464018396274,0.0,1.0,0.0,0.1449151562547571,24,0.178364568497229,<30,0.0
15_10,15,13,13.241334435382075,0.0,0.0,0.0,0.0,0.0,0.0,-1.002539310085393,26,0.13241334435382077,<30,0.0
15_10,15,14,9.315968832565149,0.0,0.0,0.0,0.0,0.0,0.0,-3.1479858052535175,28,0.0931596883256515,<30,1.0
15_10,15,15,44.24408185010039,0.0,5.8069734159924025,12.879255199446547,1.0,1.0,0.0,11.856933320516383,30,0.4424408185010039,30-34,1.0
15_10,15,16,53.668876566155745,0.0,6.325324085623215,12.062529153293934,1.0,1.0,0.0,10.366496215449379,32,0.5366887656615574,30-34,1.0
15_10,15,17,38.05964068242186,0.0,0.0,0.0,0.0,0.0,0.0,-6.19025627531809,34,0.3805964068242186,30-34,1.0
15_10,15,18,40.12489438397992,0.0,0.0,0.0,0.0,0.0,0.0,-1.500942672278196,36,0.4012489438397992,35-40,1.0
15_10,15,19,54.53623005893261,0.0,0.0,3.297385113341388,0.0,1.0,0.0,6.667060619107202,38,0.5453623005893261,35-40,1.0
15_10,15,20,46.109173722141264,0.0,0.0,0.0,0.0,0.0,0.0,-1.9678756528423296,40,0.46109173722141267,35-40,1.0
15_10,15,21,57.60479012720929,0.0,0.0,2.1756450080124594,0.0,1.0,0.0,3.464528148878975,42,0.5760479012720929,41-46,1.0
15_10,15,22,40.36160038341289,0.0,0.0,0.0,0.0,0.0,0.0,-4.422308991274513,44,0.40361600383412893,41-46,1.0
15_10,15,23,15.262540903109741,0.0,0.0,0.0,0.0,0.0,0.0,-12.577508948468274,46,0.15262540903109742,41-46,1.0
15_10,15,24,5.817493540581195,0.0,0.0,0.0,0.0,0.0,0.0,-6.6047487745412266,48,0.05817493540581195,47-52,1.0
15_10,15,25,12.67509878488543,0.0,0.0,0.0,0.0,0.0,0.0,1.1061857141583256,50,0.1267509878488543,47-52,1.0
15_10,15,26,51.50368365359695,0.0,0.0,0.0,0.0,0.0,0.0,15.706585734690503,52,0.5150368365359695,47-52,1.0
15_10,15,27,92.46279734113764,0.0,0.0,0.0,0.0,0.0,0.0,20.44594174081896,54,0.9246279734113765,53-58,1.0
15_10,15,28,99.17101126138702,1.0,0.0,0.0,0.0,0.0,0.0,12.470477787767047,56,0.9917101126138702,53-58,1.0
15_12,15,0,0.0,0.0,0.0,0.0,0.0,0.0,0.0,0.0,0,0.0,<30,0.0
15_12,15,1,0.0030465643789517895,0.0,0.0,0.0,0.0,0.0,0.0,0.0010835961996199877,2,3.0465643789517895e-05,<30,0.0
15_12,15,2,1.5895670126225625,0.0,0.0,0.0,0.0,0.0,0.0,0.5297195213942487,4,0.015895670126225624,<30,0.0
15_12,15,3,3.899721579926443,0.0,0.0,0.0,0.0,0.0,0.0,1.2366703948908837,6,0.03899721579926443,<30,0.0
15_12,15,4,1.7546905007171754,0.0,0.0,0.0,0.0,0.0,0.0,-0.5713698073832272,8,0.017546905007171754,<30,0.0
15_12,15,5,4.593463676740335,0.0,0.0,0.0,0.0,0.0,0.0,0.5590616246818405,10,0.04593463676740335,<30,0.0
15_12,15,6,6.6221007366502915,0.0,0.0,0.0,0.0,0.0,0.0,1.4628241869515497,12,0.06622100736650291,<30,0.0
15_12,15,7,16.249282536156727,0.0,0.8395037674021424,3.9374574257498107,1.0,1.0,0.0,3.521332898355744,14,0.16249282536156728,<30,0.0
15_12,15,8,13.493122957062159,0.0,0.0,0.9677908403668098,0.0,1.0,0.0,0.8089152350088178,16,0.1349312295706216,<30,0.0
15_12,15,9,15.619929600832812,0.0,0.0,2.1050427356040533,0.0,1.0,0.0,-0.5407527075532705,18,0.15619929600832813,<30,0.0
15_12,15,10,25.4212661586699,0.0,3.3496634095873326,7.611957172745079,1.0,1.0,0.0,4.84468861518014,20,0.25421266158669903,<30,0.0
15_12,15,11,19.73559040989169,0.0,0.0,1.338386553647405,0.0,1.0,0.0,-1.165602230080113,22,0.1973559040989169,<30,0.0
15_12,15,12,41.03727751900817,0.0,13.048207088690132,18.363535376203444,1.0,1.0,0.0,6.238528181140768,24,0.4103727751900817,<30,0.0
15_12,15,13,37.56673555542905,0.0,5.7629800952940275,10.423141081544852,1.0,1.0,1.0,3.103255259611553,26,0.3756673555542905,<30,0.0
15_12,15,14,24.282114690341075,0.0,0.0,0.1556353488425053,0.0,1.0,0.0,-6.167128069545544,28,0.24282114690341075,<30,1.0
15_12,15,15,13.541185618541865,0.0,0.0,0.0,0.0,0.0,0.0,-5.919281119774656,30,0.13541185618541865,30-34,1.0
15_12,15,16,7.90434698035984,0.0,0.0,0.0,0.0,0.0,0.0,-3.461806229199124,32,0.0790434698035984,30-34,1.0
15_12,15,17,14.233486574245354,0.0,0.0,0.0,0.0,0.0,0.0,1.6153302864893824,34,0.14233486574245355,30-34,1.0
15_12,15,18,31.761865085115648,0.0,0.0,0.0,0.0,0.0,0.0,7.864607101625763,36,0.3176186508511565,35-40,1.0
15_12,15,19,21.05673117920156,0.0,0.0,0.0,0.0,0.0,0.0,-2.020910551160938,38,0.2105673117920156,35-40,1.0
15_12,15,20,14.217374234047004,0.0,0.0,0.0,0.0,0.0,0.0,-4.227675208791602,40,0.14217374234047003,35-40,1.0
15_12,15,21,21.08778565117281,0.0,0.0,0.0,0.0,0.0,0.0,1.790124239595049,42,0.21087785651172808,41-46,1.0
15_12,15,22,25.419007515558665,0.0,0.0,0.0,0.0,0.0,0.0,2.902273320803205,44,0.25419007515558667,41-46,1.0
15_12,15,23,9.53033333697627,0.0,0.0,0.0,0.0,0.0,0.0,-5.699546844899537,46,0.0953033333697627,41-46,1.0
15_12,15,24,9.530047112495993,0.0,0.0,0.0,0.0,0.0,0.0,-2.300787278234437,48,0.09530047112495993,47-52,1.0
15_12,15,25,12.306083358393595,0.0,0.0,0.0,0.0,0.0,0.0,1.4751519281769072,50,0.12306083358393595,47-52,1.0
15_12,15,26,12.927232675371195,0.0,0.0,0.0,0.0,0.0,0.0,0.30004885326753017,52,0.12927232675371195,47-52,1.0
15_12,15,27,19.77342320269981,0.0,0.0,0.0,0.0,0.0,0.0,3.167666367754941,54,0.1977342320269981,53-58,1.0
15_12,15,28,37.01491531177996,0.0,0.0,0.0,0.0,0.0,0.0,6.211760420570142,56,0.3701491531177996,53-58,1.0
15_12,15,29,53.545027787935055,0.0,0.0,0.0,0.0,0.0,0.0,10.503784971555659,58,0.5354502778793505,53-58,1.0
15_12,15,30,55.98944552895694,0.0,0.0,0.0,0.0,0.0,0.0,1.195712354958663,60,0.5598944552895694,59+,1.0
15_12,15,31,80.73461530104622,1.0,0.0,0.0,0.0,0.0,0.0,9.72261297928672,62,0.8073461530104622,59+,1.0
15_14,15,0,0.10105170992680738,0.0,0.0,0.0,0.0,0.0,0.0,0.10105170992680738,0,0.0010105170992680739,<30,0.0
15_14,15,1,4.953825056170807,0.0,0.0,0.2814428377013103,0.0,1.0,0.0,1.8107444800081725,2,0.04953825056170807,<30,0.0
15_14,15,2,25.933081992738842,0.0,16.233653791873607,11.51662650386998,1.0,1.0,0.0,8.291737838368205,4,0.25933081992738843,<30,0.0
15_14,15,3,44.32963041545522,0.0,33.64884707899252,22.69188408579229,1.0,1.0,1.0,10.098856036692954,6,0.4432963041545522,<30,0.0
15_14,15,4,64.655668241678,0.0,52.57587179584299,34.68073691069638,1.0,1.0,1.0,10.21778462816692,8,0.64655668241678,<30,0.0
15_14,15,5,43.57116342769136,0.0,30.153647119475124,13.875419677269655,1.0,1.0,1.0,-5.67431553996446,10,0.4357116342769136,<30,0.0
15_14,15,6,76.36830917633016,0.0,61.59194094318588,47.41403237537534,1.0,1.0,1.0,8.090913633573836,12,0.7636830917633016,<30,0.0
15_14,15,7,66.78969173781529,0.0,50.55091420765827,41.59788209377368,1.0,1.0,1.0,3.2546263672111557,14,0.6678969173781529,<30,0.0
15_14,15,8,47.488445146293394,0.0,29.60127563750101,25.219377857485526,1.0,1.0,1.0,-10.183089227903599,16,0.47488445146293395,<30,0.0
15_14,15,9,80.86071683047061,0.0,61.056747351882336,56.809344969778195,1.0,1.0,1.0,9.547542013739298,18,0.808607168304706,<30,0.0
15_14,15,10,63.67717086559014,0.0,41.60556811650757,37.95974678564855,1.0,1.0,1.0,0.11646313200945357,20,0.6367717086559014,<30,0.0
15_14,15,11,47.067525259891525,0.0,22.29503063007833,20.594171647528547,1.0,1.0,1.0,-10.551315678077366,22,0.47067525259891524,<30,0.0
15_14,15,12,29.073715210366398,0.0,4.319325553238041,3.488913133927113,1.0,1.0,1.0,-7.61524010082619,24,0.29073715210366396,<30,0.0
15_14,15,13,15.56404444454088,0.0,0.0,0.0,0.0,0.0,0.0,-8.358448409951732,26,0.1556404444454088,<30,0.0
15_14,15,14,14.711658041732957,0.0,0.0,0.0,0.0,0.0,0.0,-1.4885468768458714,28,0.14711658041732956,<30,1.0
15_14,15,15,22.648116656024527,0.0,0.0,0.0,0.0,0.0,0.0,2.5410371966392535,30,0.22648116656024528,30-34,1.0
15_14,15,16,35.22655969730698,0.0,0.0,2.0766803757591283,0.0,1.0,0.0,6.093309432707118,32,0.3522655969730698,30-34,1.0
15_14,15,17,51.45603538092796,0.0,0.0,11.260861785117239,0.0,1.0,0.0,7.707209322585467,34,0.5145603538092796,30-34,1.0
15_14,15,18,59.590459908301554,0.0,0.0,11.1704071288822,0.0,1.0,0.0,4.978784364066426,36,0.5959045990830155,35-40,1.0
15_14,15,19,56.796936364672256,0.0,0.0,4.819501080728429,0.0,1.0,0.0,0.7256541793782436,38,0.5679693636467226,35-40,1.0
15_14,15,20,38.64869590999835,0.0,0.0,0.0,0.0,0.0,0.0,-8.132228551159335,40,0.38648695909998354,35-40,1.0
15_14,15,21,50.83656630953972,0.0,0.0,0.0,0.0,0.0,0.0,2.0011556302116653,42,0.5083656630953972,41-46,1.0
15_14,15,22,51.820569757590825,0.0,0.0,0.0,0.0,0.0,0.0,2.5423078461412856,44,0.5182056975759083,41-46,1.0
15_14,15,23,52.21204757205757,0.0,0.0,0.0,0.0,0.0,0.0,0.7210093539793629,46,0.5221204757205757,41-46,1.0
15_14,15,24,30.121696419869423,0.0,0.0,0.0,0.0,0.0,0.0,-8.504693442524102,48,0.3012169641986942,47-52,1.0
15_14,15,25,26.956538288486684,0.0,0.0,0.0,0.0,0.0,0.0,-5.002054372198545,50,0.2695653828848668,47-52,1.0
15_14,15,26,18.6243308260367,0.0,0.0,0.0,0.0,0.0,0.0,-1.8511971279996535,52,0.186243308260367,47-52,1.0
15_14,15,27,10.891665077219603,0.0,0.0,0.0,0.0,0.0,0.0,-5.397298064659703,54,0.10891665077219603,53-58,1.0
15_14,15,28,22.646696620046946,0.0,0.0,0.0,0.0,0.0,0.0,3.801533165463368,56,0.22646696620046947,53-58,1.0
15_14,15,29,33.64152263293062,0.0,0.0,0.0,0.0,0.0,0.0,6.313659132760764,58,0.33641522632930615,53-58,1.0
15_14,15,30,13.529247954024392,0.0,0.0,0.0,0.0,0.0,0.0,-6.403366542722499,60,0.13529247954024393,59+,1.0
15_14,15,31,6.81937971214596,0.0,0.0,0.0,0.0,0.0,0.0,-5.731998104792124,62,0.06819379712145959,59+,1.0
15_14,15,32,11.783035458760146,0.0,0.0,0.0,0.0,0.0,0.0,1.3813118694823414,64,0.11783035458760147,59+,1.0
15_14,15,33,35.16139575498466,1.0,0.0,0.0,0.0,0.0,0.0,9.143698172999366,66,0.3516139575498466,59+,1.0
15_16,15,0,0.0,0.0,0.0,0.0,0.0,0.0,0.0,0.0,0,0.0,<30,0.0
15_16,15,1,0.0,0.0,0.0,0.0,0.0,0.0,0.0,0.0,2,0.0,<30,0.0
15_16,15,2,0.0,0.0,0.0,0.0,0.0,0.0,0.0,0.0,4,0.0,<30,0.0
15_16,15,3,0.0018865643698154188,0.0,0.0,0.0,0.0,0.0,0.0,0.0006288547899384729,6,1.886564369815419e-05,<30,0.0
15_16,15,4,0.8210964777191329,0.0,0.0,0.0,0.0,0.0,0.0,0.2736988259063776,8,0.008210964777191328,<30,0.0
15_16,15,5,0.3492621329974605,0.0,0.0,0.0,0.0,0.0,0.0,-0.008928408670109744,10,0.003492621329974605,<30,0.0
15_16,15,6,0.12482037397636453,0.0,0.0,0.0,0.0,0.0,0.0,-0.18389678293022205,12,0.0012482037397636453,<30,0.0
15_16,15,7,0.8928175318600426,0.0,0.0,0.0,0.0,0.0,0.0,0.23269127618823782,14,0.008928175318600427,<30,0.0
15_16,15,8,1.4353097762082636,0.0,0.0,0.0,0.0,0.0,0.0,0.34034956712852243,16,0.014353097762082635,<30,0.0
15_16,15,9,14.093179547096934,0.0,0.0,0.3868611815181353,0.0,1.0,0.0,4.400345377787393,18,0.14093179547096935,<30,0.0
15_16,15,10,22.88078148947835,0.0,2.846117326684716,3.9405451605128086,1.0,1.0,0.0,5.2561590270470555,20,0.2288078148947835,<30,0.0
15_16,15,11,32.2165946955163,0.0,7.444100065703108,7.493422034120352,1.0,1.0,1.0,5.1579903879199955,22,0.322165946955163,<30,0.0
15_16,15,12,25.517323306196232,0.0,0.33078279618148976,1.5417901611672278,1.0,1.0,0.0,-2.0959079396859814,24,0.2551732330619623,<30,0.0
15_16,15,13,39.19845131701899,0.0,7.394695856883969,11.332064577936267,1.0,1.0,1.0,4.6139669102062335,26,0.39198451317018995,<30,0.0
15_16,15,14,43.50337090626297,0.0,7.204395877460943,15.548103451099411,1.0,1.0,1.0,2.866549835046502,28,0.4350337090626297,<30,1.0
15_16,15,15,59.40760644901488,0.0,17.85045200315791,26.77754330137684,1.0,1.0,1.0,7.074160236092869,30,0.5940760644901488,30-34,1.0
15_16,15,16,49.07147249741989,0.0,3.2639799980031583,12.90781585580648,1.0,1.0,1.0,-1.4047288779464493,32,0.4907147249741989,30-34,1.0
15_16,15,17,44.009802589785366,1.0,0.0,6.000934795810942,0.0,1.0,0.0,-5.661907382885675,34,0.4400980258978537,30-34,1.0
15_18,15,0,1.090385201776995,0.0,0.0,0.0,0.0,0.0,0.0,1.090385201776995,0,0.01090385201776995,<30,0.0
15_18,15,1,7.176245536116215,0.0,0.0,0.5317817865747627,0.0,1.0,0.0,2.8768702993670123,2,0.07176245536116216,<30,0.0
15_18,15,2,8.95591337781691,0.0,0.0,0.6913768991465155,0.0,1.0,0.0,1.6522658173567568,4,0.08955913377816911,<30,0.0
15_18,15,3,6.963198804731524,0.0,0.0,0.0,0.0,0.0,0.0,-0.6634548253252139,6,0.06963198804731524,<30,0.0
15_18,15,4,6.026228067681879,0.0,0.0,0.0,0.0,0.0,0.0,-0.5961658208484082,8,0.0602622806768188,<30,0.0
15_18,15,5,2.217456757840983,0.0,0.0,0.0,0.0,0.0,0.0,-1.5502783283265344,10,0.022174567578409833,<30,0.0
15_18,15,6,2.4788812975881465,0.0,0.0,0.0,0.0,0.0,0.0,-0.512273685721248,12,0.024788812975881466,<30,0.0
15_18,15,7,4.656052184549935,0.0,0.0,0.0,0.0,0.0,0.0,0.9631947908821741,14,0.04656052184549935,<30,0.0
15_18,15,8,3.7219301095057213,0.0,0.0,0.0,0.0,0.0,0.0,0.10055305111150507,16,0.037219301095057215,<30,0.0
15_18,15,9,3.4198723317699855,0.0,0.0,0.0,0.0,0.0,0.0,-0.4729526230239596,18,0.03419872331769985,<30,0.0
15_18,15,10,3.39551239029961,0.0,0.0,0.0,0.0,0.0,0.0,0.10312818401840337,20,0.0339551239029961,<30,0.0
15_18,15,11,3.9714275568642146,0.0,0.0,0.0,0.0,0.0,0.0,0.08098402904475528,22,0.03971427556864215,<30,0.0
15_18,15,12,1.8064515931853053,0.0,0.0,0.0,0.0,0.0,0.0,-0.6192698792883305,24,0.018064515931853053,<30,0.0
15_18,15,13,4.797602087101637,0.0,0.0,0.0,0.0,0.0,0.0,0.5892974118316867,26,0.04797602087101637,<30,0.0
15_18,15,14,8.165226836831042,0.0,0.0,0.0,0.0,0.0,0.0,2.0452275204263044,28,0.08165226836831042,<30,1.0
15_18,15,15,24.501765749579683,0.0,0.0,0.0,0.0,0.0,0.0,5.720811690223117,30,0.24501765749579682,30-34,1.0
15_18,15,16,37.62231493417758,0.0,0.0,2.0719509277320753,0.0,1.0,0.0,7.748218633634799,32,0.3762231493417758,30-34,1.0
15_18,15,17,37.43724609239155,0.0,0.0,0.26570059918930866,0.0,1.0,0.0,2.2936559800286838,34,0.37437246092391546,30-34,1.0
15_18,15,18,24.15757254153506,0.0,0.0,0.0,0.0,0.0,0.0,-6.253579394973354,36,0.2415757254153506,35-40,1.0
15_18,15,19,35.68071237463681,0.0,0.0,0.33579800896021794,0.0,1.0,0.0,2.314452042574498,38,0.35680712374636814,35-40,1.0
15_18,15,20,89.44545682050558,0.0,7.2681217297283425,27.534095555982717,1.0,1.0,0.0,22.389602480768094,40,0.8944545682050559,35-40,1.0
15_18,15,21,98.8324681611964,1.0,8.14360900516985,25.429530810009084,1.0,1.0,1.0,16.39653929335292,42,0.9883246816119641,41-46,1.0
15_2,15,0,2.8309813544607967,0.0,0.0,0.0,0.0,0.0,0.0,2.8309813544607967,0,0.028309813544607966,<30,0.0
15_2,15,1,12.951894418639117,0.0,3.9480989356924896,3.9763907161046577,1.0,1.0,0.0,5.162590742602369,2,0.12951894418639118,<30,0.0
15_2,15,2,34.62061538664554,0.0,24.921187185780305,17.91768254452783,1.0,1.0,1.0,8.905959471282923,4,0.34620615386645537,<30,0.0
15_2,15,3,34.67516606840528,0.0,23.99438273194258,15.07547507965835,1.0,1.0,1.0,3.905561020016274,6,0.34675166068405283,<30,0.0
15_2,15,4,35.90355761061292,0.0,23.823761164777906,15.900620532956609,1.0,1.0,1.0,-0.5452934131094432,8,0.35903557610612924,<30,0.0
15_2,15,5,36.62137444111278,0.0,23.20385813289654,17.39262471804736,1.0,1.0,1.0,0.6216582815991399,10,0.36621374441112775,<30,0.0
15_2,15,6,28.114059282869455,0.0,13.33769104972518,13.258807935522022,1.0,1.0,1.0,-2.810531535366841,12,0.2811405928286945,<30,0.0
15_2,15,7,24.912643162852163,0.0,8.673865632695144,11.740235644183873,1.0,1.0,1.0,-2.7029307285369435,14,0.24912643162852163,<30,0.0
15_2,15,8,26.705365558501235,0.0,8.818196049708854,12.79488623873679,1.0,1.0,1.0,1.0533742282732828,16,0.2670536555850124,<30,0.0
15_2,15,9,17.208629700913495,0.0,0.0,0.7646719628861582,0.0,1.0,0.0,-4.162415021503844,18,0.17208629700913494,<30,0.0
15_2,15,10,17.208837790158174,0.0,0.0,0.0,0.0,0.0,0.0,-0.9731842687021217,20,0.17208837790158174,<30,0.0
15_2,15,11,19.230808561707676,0.0,0.0,1.8103724405068178,0.0,1.0,0.0,0.654173661560216,22,0.19230808561707677,<30,0.0
15_2,15,12,18.98575670309723,0.0,0.0,1.0836056220077648,0.0,1.0,0.0,0.4284056282409636,24,0.1898575670309723,<30,0.0
15_2,15,13,49.64197798146155,0.0,17.83822252132653,23.85458608899166,1.0,1.0,0.0,9.85436050126582,26,0.4964197798146155,<30,0.0
15_2,15,14,74.76045086669792,0.0,38.4614758378959,34.272145431028584,1.0,1.0,1.0,16.4363348838959,28,0.7476045086669793,<30,1.0
15_2,15,15,59.88971353362696,0.0,18.332559087769997,14.406246149079667,1.0,1.0,1.0,-3.875702328034927,30,0.5988971353362696,30-34,1.0
15_2,15,16,33.22497498223116,0.0,0.0,0.0,0.0,0.0,0.0,-12.385251522964086,32,0.3322497498223116,30-34,1.0
15_2,15,17,31.284477196658564,0.0,0.0,0.0,0.0,0.0,0.0,-3.952298239696121,34,0.31284477196658567,30-34,1.0
15_2,15,18,21.08707608956225,0.0,0.0,0.0,0.0,0.0,0.0,-3.7513361662466163,36,0.21087076089562248,35-40,1.0
15_2,15,19,15.109581047226484,0.0,0.0,0.0,0.0,0.0,0.0,-3.7951203765625614,38,0.15109581047226484,35-40,1.0
15_2,15,20,10.200729625189837,0.0,0.0,0.0,0.0,0.0,0.0,-2.6786463320923732,40,0.10200729625189836,35-40,1.0
15_2,15,21,23.335468587208464,1.0,0.0,0.0,0.0,0.0,0.0,3.6028232771588193,42,0.23335468587208463,41-46,1.0
15_20,15,0,8.531017026967842,0.0,4.320133893739806,4.320133893739806,1.0,1.0,0.0,8.531017026967842,0,0.08531017026967841,<30,0.0
15_20,15,1,18.007346315143504,0.0,9.003550832196876,5.873415385643561,1.0,1.0,1.0,7.590912314557434,2,0.18007346315143505,<30,0.0
15_20,15,2,30.85191841419331,0.0,21.152490213328072,16.399908928914,1.0,1.0,1.0,4.263373376722625,4,0.3085191841419331,<30,0.0
15_20,15,3,30.06898289329643,0.0,19.388199556833726,14.112895660133958,1.0,1.0,1.0,2.636413460192224,6,0.3006898289329643,<30,0.0
15_20,15,4,15.192601298815084,0.0,3.9367787293083865,2.0029583450798416,1.0,1.0,1.0,-6.058710059602133,8,0.15192601298815084,<30,0.0
15_20,15,5,4.490756172073844,0.0,0.0,0.0,0.0,0.0,0.0,-6.395266395948054,10,0.04490756172073844,<30,0.0
15_20,15,6,1.4652122282254962,0.0,0.0,0.0,0.0,0.0,0.0,-2.230993233818259,12,0.014652122282254963,<30,0.0
15_20,15,7,2.0672394805336847,0.0,0.0,0.0,0.0,0.0,0.0,-0.20617046246164242,14,0.020672394805336846,<30,0.0
15_20,15,8,2.1485893582225875,0.0,0.0,0.0,0.0,0.0,0.0,0.4132603542774158,16,0.021485893582225874,<30,0.0
15_20,15,9,10.181063852658014,0.0,0.0,0.22475848215849847,0.0,1.0,0.0,2.387935063897933,18,0.10181063852658014,<30,0.0
15_20,15,10,20.513222658111182,0.0,0.027953244319832038,3.029626044529211,1.0,1.0,0.0,5.632567406674135,20,0.20513222658111183,<30,0.0
15_20,15,11,35.32303118577364,0.0,10.550536555960443,11.038136811459484,1.0,1.0,1.0,6.2765983038266455,22,0.35323031185773635,<30,0.0
15_20,15,12,24.774233366761855,0.0,0.0,0.0,0.0,0.0,0.0,-1.4264015261617509,24,0.24774233366761855,<30,0.0
15_20,15,13,47.502214175067124,0.0,15.6984587149321,17.558161689170053,1.0,1.0,0.0,5.8083029536172255,26,0.47502214175067126,<30,0.0
15_20,15,14,54.32311121200253,0.0,18.024136183200508,21.26718484785937,1.0,1.0,1.0,7.094332371557197,28,0.5432311121200253,<30,1.0
15_20,15,15,33.86017299613821,0.0,0.0,2.1801788186553104,0.0,1.0,0.0,-7.071188615875242,30,0.3386017299613821,30-34,1.0
15_20,15,16,44.17348715578511,0.0,0.39597564163459253,9.264268528696658,1.0,1.0,0.0,-0.1957993748121729,32,0.4417348715578511,30-34,1.0
15_20,15,17,67.25071927758964,0.0,12.558625214307384,26.41356877275744,1.0,1.0,1.0,10.9909773680567,34,0.6725071927758964,30-34,1.0
15_20,15,18,71.52774565744342,1.0,10.93716242900939,27.72480734625931,1.0,1.0,1.0,7.145690529180972,36,0.7152774565744342,35-40,1.0
15_22,15,0,10.015189290697352,0.0,5.804306157469316,5.804306157469316,1.0,1.0,0.0,10.015189290697352,0,0.10015189290697352,<30,0.0
15_22,15,1,32.22009966978341,0.0,23.216304186836776,15.242337414479632,1.0,1.0,1.0,13.300946892130746,2,0.3222009966978341,<30,0.0
15_22,15,2,37.248948782103014,0.0,27.54952058123778,19.243700879126614,1.0,1.0,1.0,3.9560924927293337,4,0.37248948782103014,<30,0.0
15_22,15,3,33.19587585094172,0.0,22.51509251447901,15.583726037025277,1.0,1.0,1.0,-0.7173856681096773,6,0.3319587585094172,<30,0.0
15_22,15,4,20.85486248351838,0.0,8.775066037683363,3.6930312929163964,1.0,1.0,1.0,-5.325830758477775,8,0.20854862483518383,<30,0.0
15_22,15,5,32.62410940781178,0.0,19.20659309959554,17.615696880379275,1.0,1.0,1.0,2.3386518559579734,10,0.3262410940781178,<30,0.0
15_22,15,6,20.973276382419773,0.0,6.1969081492755,7.434086995794941,1.0,1.0,1.0,-1.7346242649788293,12,0.20973276382419773,<30,0.0
15_22,15,7,17.723377603927993,0.0,1.4846000737709755,2.380429002118687,1.0,1.0,1.0,-3.729315835014766,14,0.17723377603927992,<30,0.0
15_22,15,8,17.28099289495247,0.0,0.5969666973194663,2.202374771415016,1.0,1.0,0.0,-0.26373871134325694,16,0.17280992894952468,<30,0.0
15_22,15,9,46.313392138518154,0.0,26.50942265992989,27.15825327055004,1.0,1.0,1.0,10.089333317016235,18,0.46313392138518156,<30,0.0
15_22,15,10,52.921353481585996,0.0,30.849750732503423,26.746351498502392,1.0,1.0,1.0,8.234073239821702,20,0.52921353481586,<30,0.0
15_22,15,11,30.772369393182988,0.0,5.999874763369794,2.86878100402129,1.0,1.0,1.0,-8.931239062641769,22,0.30772369393182986,<30,0.0
15_22,15,12,34.47774475342705,0.0,6.4886743231090005,5.93222807473046,1.0,1.0,1.0,-1.754328553838839,24,0.3447774475342705,<30,0.0
15_22,15,13,37.90851545616467,0.0,6.104759996029651,9.808627987169675,1.0,1.0,1.0,2.6038841849599117,26,0.3790851545616467,<30,0.0
15_22,15,14,35.10892250662969,0.0,0.5863975339556333,7.290732541052636,1.0,1.0,1.0,-0.9555937910445635,28,0.3510892250662969,<30,1.0
15_22,15,15,43.64908967138095,0.0,2.0919352255239865,15.775920886840145,1.0,1.0,0.0,2.321519475827172,30,0.4364908967138095,30-34,1.0
15_22,15,16,63.8920107180314,1.0,17.869295462987225,31.31916018781743,1.0,1.0,1.0,9.976874871551553,32,0.638920107180314,30-34,1.0
15_4,15,0,1.2828927052658794,0.0,0.0,0.0,0.0,0.0,0.0,1.2828927052658794,0,0.012828927052658794,<30,0.0
15_4,15,1,12.333263043514815,0.0,4.592504546385377,3.5713675431630927,1.0,1.0,0.0,4.635495292509809,2,0.12333263043514815,<30,0.0
15_4,15,2,52.68123384876811,0.0,42.981805647902874,27.85572091229182,1.0,1.0,1.0,16.083965158491,4,0.526812338487681,<30,0.0
15_4,15,3,60.947067352244936,0.0,50.26628401578223,30.761151700886792,1.0,1.0,1.0,9.213351721842393,6,0.6094706735224493,<30,0.0
15_4,15,4,71.15244993885536,0.0,59.07265349302034,37.29656091451521,1.0,1.0,1.0,5.085505017755816,8,0.7115244993885536,<30,0.0
15_4,15,5,61.83415766957023,0.0,48.416641361353996,29.23033268355701,1.0,1.0,1.0,-2.877065809700904,10,0.6183415766957023,<30,0.0
15_4,15,6,46.32310048595339,0.0,31.546732252809118,21.7168843141593,1.0,1.0,1.0,-6.3975847968734465,12,0.4632310048595339,<30,0.0
15_4,15,7,34.448801153294454,0.0,18.21002362313743,14.50780881826135,1.0,1.0,1.0,-7.381298850192423,14,0.34448801153294456,<30,0.0
15_4,15,8,23.26155830008641,0.0,5.374388791294027,0.41515677493724823,1.0,1.0,1.0,-5.201164514406814,16,0.2326155830008641,<30,0.0
15_4,15,9,23.24344667292696,0.0,3.4394771943386946,0.0,1.0,0.0,1.0,-1.7233515171469698,18,0.2324344667292696,<30,0.0
15_4,15,10,18.267535844323284,0.0,0.0,0.0,0.0,0.0,0.0,-1.543764314666905,20,0.18267535844323285,<30,0.0
15_4,15,11,24.475885909817826,0.0,0.6114201338386813,3.512775919227943,1.0,1.0,0.0,1.5053505789052206,22,0.24475885909817827,<30,0.0
15_4,15,12,19.969138423184525,0.0,0.0,1.276282694324971,0.0,1.0,0.0,-0.6975723332198673,24,0.19969138423184524,<30,0.0
15_4,15,13,30.375963913728036,0.0,2.767838995137577,10.364618141392441,1.0,1.0,0.0,2.645344412692408,26,0.3037596391372804,<30,0.0
15_4,15,14,55.610970998982935,0.0,19.311995970180913,25.17529472914229,1.0,1.0,1.0,11.682274969727255,28,0.5561097099898293,<30,1.0
15_4,15,15,51.84013346599415,0.0,10.282979020137184,15.488185704235995,1.0,1.0,1.0,1.8217305041484728,30,0.5184013346599415,30-34,1.0
15_4,15,16,51.27082381396481,0.0,3.6101047931270607,12.19599942814962,1.0,1.0,1.0,-1.5042825344304398,32,0.512708238139648,30-34,1.0
15_4,15,17,87.89504963074236,0.0,33.2029555674601,40.6001220075276,1.0,1.0,1.0,12.973779703573292,34,0.8789504963074236,30-34,1.0
15_4,15,18,98.66758060087287,1.0,38.07699737243884,45.789884992504554,1.0,1.0,1.0,15.038021328602554,36,0.9866758060087286,35-40,1.0
15_6,15,0,1.107140932670078,0.0,0.0,0.0,0.0,0.0,0.0,1.107140932670078,0,0.01107140932670078,<30,0.0
15_6,15,1,4.690984290225076,0.0,0.0,0.0,0.0,0.0,0.0,1.868846152726443,2,0.04690984290225076,<30,0.0
15_6,15,2,10.331720452418955,0.0,1.4651070276982292,2.1952906025182877,1.0,1.0,0.0,2.4644903946134566,4,0.10331720452418955,<30,0.0
15_6,15,3,40.46891527677518,0.0,29.78813194031247,21.890610766276236,1.0,1.0,1.0,11.224734186647115,6,0.4046891527677518,<30,0.0
15_6,15,4,35.77795690219215,0.0,23.698160456357137,12.562258846858068,1.0,1.0,1.0,4.26170411285408,8,0.35777956902192154,<30,0.0
15_6,15,5,17.951103254276934,0.0,4.533586946060694,0.0,1.0,0.0,1.0,-9.059841102868617,10,0.17951103254276934,<30,0.0
15_6,15,6,39.71950186510399,0.0,24.943133631959718,17.992460286251706,1.0,1.0,1.0,5.231308093954951,12,0.39719501865103995,<30,0.0
15_6,15,7,54.632988207047134,0.0,38.39421067689011,32.03921833982472,1.0,1.0,1.0,10.33883078273036,14,0.5463298820704714,<30,0.0
15_6,15,8,57.206505087857536,0.0,39.319335579065154,34.28448985938527,1.0,1.0,1.0,2.2823710661725016,16,0.5720650508785754,<30,0.0
15_6,15,9,73.38790790865062,0.0,53.58393843006235,45.31299455768986,1.0,1.0,1.0,5.733639921186024,18,0.7338790790865062,<30,0.0
15_6,15,10,54.02687823867724,0.0,31.955275489594673,25.69653520307629,1.0,1.0,1.0,-4.320333614119881,20,0.5402687823867725,<30,0.0
15_6,15,11,27.45038156739104,0.0,4.933477618983073,4.398880939761286,1.0,1.0,1.0,-13.026457703933305,22,0.2745038156739104,<30,0.0
15_6,15,12,16.19476162731455,0.0,0.0,0.0,0.0,0.0,0.0,-8.165378495634787,24,0.1619476162731455,<30,0.0
15_6,15,13,11.63387532642194,0.0,0.0,0.0,0.0,0.0,0.0,-2.0870001504837976,26,0.1163387532642194,<30,0.0
15_6,15,14,26.085805346974553,0.0,0.8307752143215197,0.0,1.0,0.0,0.0,3.331406575885237,28,0.26085805346974555,<30,1.0
15_6,15,15,53.156892916812396,0.0,11.59973847095543,14.289955653777287,1.0,1.0,1.0,14.106087938348367,30,0.5315689291681239,30-34,1.0
15_6,15,16,18.143518126799467,0.0,0.0,0.0,0.0,0.0,0.0,-10.924986670811911,32,0.18143518126799468,30-34,1.0
15_6,15,17,18.720938427616726,1.0,0.0,0.0,0.0,0.0,0.0,-8.310575923937796,34,0.18720938427616726,30-34,1.0
15_8,15,0,6.659700244848303,0.0,2.4488171116202677,2.4488171116202677,1.0,1.0,0.0,6.659700244848303,0,0.06659700244848303,<30,0.0
15_8,15,1,28.424843701190653,0.0,19.42104821824402,12.821687918031465,1.0,1.0,1.0,11.787330696043636,2,0.28424843701190655,<30,0.0
15_8,15,2,29.136545185672034,0.0,19.4371169848068,13.163358821648357,1.0,1.0,1.0,2.867516055647738,4,0.29136545185672036,<30,0.0
15_8,15,3,34.93123523033161,0.0,24.250451893868906,18.402977027983056,1.0,1.0,1.0,2.1354380039596297,6,0.3493123523033161,<30,0.0
15_8,15,4,32.312296262687084,0.0,20.23249981685207,15.242829226352335,1.0,1.0,1.0,0.26576736160104397,8,0.32312296262687085,<30,0.0
15_8,15,5,13.03538778719213,0.0,0.938089986715422,0.0,1.0,0.0,1.0,-8.11297367043757,10,0.1303538778719213,<30,0.0
15_8,15,6,17.623139194465637,0.0,3.8526125722965583,3.270834757899138,1.0,1.0,0.0,-1.124501488000907,12,0.17623139194465637,<30,0.0
15_8,15,7,53.826226114187804,0.0,37.58744858403078,33.10118024826389,1.0,1.0,1.0,14.02104568396225,14,0.538262261141878,<30,0.0
15_8,15,8,31.620817675085828,0.0,13.733648166293445,8.719672042861397,1.0,1.0,1.0,-1.599601498597362,16,0.31620817675085827,<30,0.0
15_8,15,9,10.889007128538099,0.0,0.0,0.0,0.0,0.0,0.0,-12.734816050139976,18,0.10889007128538099,<30,0.0
15_8,15,10,16.32083973925594,0.0,0.0,0.0,0.0,0.0,0.0,-0.43850300317387503,20,0.1632083973925594,<30,0.0
15_8,15,11,25.87832947344136,0.0,2.3853998567621932,1.1856556913505987,1.0,1.0,0.0,4.9580714649816535,22,0.25878329473441364,<30,0.0
15_8,15,12,33.576402522470296,0.0,6.383006205500035,5.395841611092209,1.0,1.0,0.0,4.306362351859063,24,0.33576402522470294,<30,0.0
15_8,15,13,20.27981593077828,0.0,0.0,0.0,0.0,0.0,0.0,-4.933253529910557,26,0.2027981593077828,<30,0.0
15_8,15,14,35.962426409572316,0.0,2.0310423641543807,8.266490421169983,1.0,1.0,0.0,4.4434228871494765,28,0.3596242640957232,<30,1.0
15_8,15,15,41.50768739002654,0.0,2.678520072976461,10.80198014605888,1.0,1.0,0.0,5.016468403085496,30,0.4150768739002654,30-34,1.0
15_8,15,16,34.63960607729557,0.0,0.0,2.9174184736110504,0.0,1.0,0.0,-2.9658331780900538,32,0.3463960607729557,30-34,1.0
15_8,15,17,57.22642681116199,0.0,2.5343327478797377,18.061345678891303,1.0,1.0,0.0,7.777280208056764,34,0.5722642681116199,30-34,1.0
15_8,15,18,59.096137068707165,0.0,0.0,14.458214089127257,0.0,1.0,0.0,3.8378712780266824,36,0.5909613706870717,35-40,1.0
15_8,15,19,61.04798767715734,0.0,0.0,13.376321613696994,0.0,1.0,0.0,1.210405896715417,38,0.6104798767715733,35-40,1.0
15_8,15,20,45.521253279673886,0.0,0.0,0.0,0.0,0.0,0.0,-5.600018317678188,40,0.45521253279673884,35-40,1.0
15_8,15,21,36.75086383413884,0.0,0.0,0.0,0.0,0.0,0.0,-5.879782031455591,42,0.3675086383413884,41-46,1.0
15_8,15,22,24.55049919994589,0.0,0.0,0.0,0.0,0.0,0.0,-5.48302165482397,44,0.24550499199945888,41-46,1.0
15_8,15,23,28.590688535904622,0.0,0.0,0.0,0.0,0.0,0.0,0.003190000309677643,46,0.28590688535904624,41-46,1.0
15_8,15,24,29.829254419178287,0.0,0.0,0.0,0.0,0.0,0.0,0.8547354714657113,48,0.29829254419178286,47-52,1.0
15_8,15,25,43.25664552389077,0.0,0.0,0.0,0.0,0.0,0.0,4.9707934921842725,50,0.4325664552389077,47-52,1.0
15_8,15,26,47.651657374061806,0.0,0.0,0.0,0.0,0.0,0.0,4.726689956056983,52,0.47651657374061807,47-52,1.0
15_8,15,27,29.153122855001662,0.0,0.0,0.0,0.0,0.0,0.0,-7.47091830017445,54,0.2915312285500166,53-58,1.0
15_8,15,28,41.5311845389635,0.0,0.0,0.0,0.0,0.0,0.0,1.5085332090121804,56,0.415311845389635,53-58,1.0
15_8,15,29,47.01775834119936,0.0,0.0,0.0,0.0,0.0,0.0,5.685831048712426,58,0.4701775834119936,53-58,1.0
15_8,15,30,23.983744273580648,0.0,0.0,0.0,0.0,0.0,0.0,-8.757845403869254,60,0.23983744273580648,59+,1.0
15_8,15,31,12.995806596574754,0.0,0.0,0.0,0.0,0.0,0.0,-7.897424536111909,62,0.12995806596574755,59+,1.0
15_8,15,32,28.4697016853924,0.0,0.0,0.0,0.0,0.0,0.0,4.486734306560424,64,0.284697016853924,59+,1.0
15_8,15,33,33.579746307031684,1.0,0.0,0.0,0.0,0.0,0.0,6.628025094813071,66,0.3357974630703168,59+,1.0
1_1,1,0,11.720567598780715,0.0,7.509684465552679,7.509684465552679,1.0,1.0,0.0,11.720567598780715,0,0.11720567598780715,<30,0.0
1_1,1,1,26.028720780561475,0.0,17.024925297614846,9.796075427367859,1.0,1.0,1.0,11.221999168953674,2,0.26028720780561476,<30,0.0
1_1,1,2,13.786249436740638,0.0,4.086821235875402,0.11045216215910791,1.0,1.0,1.0,-4.402957204879724,4,0.13786249436740639,<30,0.0
1_1,1,3,18.678658106540848,0.0,7.997874770078145,4.541362284990266,1.0,1.0,1.0,0.12976448871127766,6,0.18678658106540846,<30,0.0
1_1,1,4,31.226529968128155,0.0,19.146733522293136,15.965488802529713,1.0,1.0,1.0,5.9089863211910405,8,0.3122652996812815,<30,0.0
1_1,1,5,24.36304965790591,0.0,10.945533349689672,9.910086624156044,1.0,1.0,1.0,-0.8774969091848313,10,0.2436304965790591,<30,0.0
1_1,1,6,9.527026777917165,0.0,0.0,0.0,0.0,0.0,0.0,-6.698755272030386,12,0.09527026777917165,<30,0.0
1_1,1,7,3.8641851345605387,0.0,0.0,0.0,0.0,0.0,0.0,-4.2079182469229375,14,0.03864185134560539,<30,0.0
1_1,1,8,3.1359938414916897,0.0,0.0,0.0,0.0,0.0,0.0,-0.7961092409327785,16,0.031359938414916896,<30,0.0
1_1,1,9,21.199628022738352,0.0,6.581338318007116,5.981684804986141,1.0,1.0,0.0,5.92018931009153,18,0.2119962802273835,<30,0.0
1_1,1,10,76.80072619092384,0.0,54.72912344184127,42.77122694296601,1.0,1.0,1.0,23.622415455026392,20,0.7680072619092384,<30,0.0
1_1,1,11,84.4806368639862,0.0,59.70814223417301,37.46063746129231,1.0,1.0,1.0,11.300247697250624,22,0.844806368639862,<30,0.0
1_1,1,12,40.40072428684132,0.0,12.411653856523273,1.5200028034555189,1.0,1.0,1.0,-15.900425714897759,24,0.40400724286841316,<30,0.0
1_1,1,13,15.369549460171633,0.0,0.0,0.0,0.0,0.0,0.0,-16.5830982943898,26,0.15369549460171633,<30,0.0
1_1,1,14,11.749586957497481,0.0,0.0,0.0,0.0,0.0,0.0,-4.001289034609466,28,0.1174958695749748,<30,1.0
1_1,1,15,33.906357115778825,0.0,0.0,0.0,0.0,0.0,0.0,7.519699680521475,30,0.33906357115778823,30-34,1.0
1_1,1,16,39.79724260537283,1.0,0.0,0.0,0.0,0.0,0.0,8.837287289526065,32,0.3979724260537283,30-34,1.0
1_11,1,0,0.0,0.0,0.0,0.0,0.0,0.0,0.0,0.0,0,0.0,<30,0.0
1_11,1,1,0.0012978408886589366,0.0,0.0,0.0,0.0,0.0,0.0,0.00043261362955297885,2,1.2978408886589365e-05,<30,0.0
1_11,1,2,0.05691649472248515,0.0,0.0,0.0,0.0,0.0,0.0,0.01897216490749505,4,0.0005691649472248515,<30,0.0
1_11,1,3,0.01951781390865965,0.0,0.0,0.0,0.0,0.0,0.0,-0.0045258436633835285,6,0.0001951781390865965,<30,0.0
1_11,1,4,1.0116388473356468,0.0,0.0,0.0,0.0,0.0,0.0,0.3245411122595933,8,0.010116388473356467,<30,0.0
1_11,1,5,5.748209850671944,0.0,0.0,0.0,0.0,0.0,0.0,1.8727805993327493,10,0.05748209850671944,<30,0.0
1_11,1,6,8.981054106001869,0.0,0.0,0.0,0.0,0.0,0.0,1.951300682740343,12,0.08981054106001869,<30,0.0
1_11,1,7,13.851733524800718,0.0,0.0,1.2083226707845727,0.0,1.0,0.0,1.979745762874622,14,0.1385173352480072,<30,0.0
1_11,1,8,37.903861716823975,0.0,20.016692208031593,17.906977467261413,1.0,1.0,0.0,9.12906662536665,16,0.3790386171682398,<30,0.0
1_11,1,9,37.19825089485083,0.0,17.394281416262558,13.079694657719081,1.0,1.0,1.0,4.2134383385920655,18,0.3719825089485083,<30,0.0
1_11,1,10,49.176505236783996,0.0,27.10490248770143,22.476342670409988,1.0,1.0,1.0,3.32176620159048,20,0.49176505236783996,<30,0.0
1_11,1,11,70.13355241808523,0.0,45.361057788272035,38.54741886385979,1.0,1.0,1.0,9.624696682552617,22,0.7013355241808523,<30,0.0
1_11,1,12,68.57322271992739,0.0,40.58415228960934,35.42341652481545,1.0,1.0,1.0,2.9499053321585613,24,0.6857322271992738,<30,0.0
1_11,1,13,41.75728454713006,0.0,9.953529086995042,11.310408309745101,1.0,1.0,1.0,-11.04154474152963,26,0.41757284547130064,<30,0.0
1_11,1,14,29.63161307264142,0.0,0.0,0.0,0.0,0.0,0.0,-8.646512515818234,28,0.2963161307264142,<30,1.0
1_11,1,15,35.33705069705546,0.0,0.0,0.0,0.0,0.0,0.0,0.920395752238548,30,0.3533705069705546,30-34,1.0
1_11,1,16,41.21420207538507,0.0,0.0,2.543965384414822,0.0,1.0,0.0,3.012286109553399,32,0.41214202075385065,30-34,1.0
1_11,1,17,48.941965334321395,0.0,0.0,9.330827797979467,0.0,1.0,0.0,4.436793682810957,34,0.48941965334321397,30-34,1.0
1_11,1,18,34.139971875390984,0.0,0.0,0.4054512816453304,0.0,1.0,0.0,-4.979634188642601,36,0.34139971875390984,35-40,1.0
1_11,1,19,13.207545269264802,0.0,0.0,0.0,0.0,0.0,0.0,-9.782327643239409,38,0.13207545269264803,35-40,1.0
1_11,1,20,17.796118944906166,0.0,0.0,0.0,0.0,0.0,0.0,-1.6420505395727658,40,0.17796118944906167,35-40,1.0
1_11,1,21,36.54291408068203,0.0,0.0,0.0,0.0,0.0,0.0,8.366023814922418,42,0.3654291408068203,41-46,1.0
1_11,1,22,31.899089328629298,0.0,0.0,0.0,0.0,0.0,0.0,1.0629311709691542,44,0.318990893286293,41-46,1.0
1_11,1,23,45.17397711106911,0.0,0.0,0.0,0.0,0.0,0.0,3.0481301894343567,46,0.4517397711106911,41-46,1.0
1_11,1,24,65.27722797787317,0.0,0.0,0.0,0.0,0.0,0.0,10.172835079638492,48,0.6527722797787316,47-52,1.0
1_11,1,25,71.20762488551493,0.0,0.0,0.0,0.0,0.0,0.0,4.800605161184769,50,0.7120762488551493,47-52,1.0
1_11,1,26,80.66348517776484,0.0,0.0,0.0,0.0,0.0,0.0,3.7580415457929774,52,0.8066348517776484,47-52,1.0
1_11,1,27,89.14405068318736,0.0,0.0,0.0,0.0,0.0,0.0,5.1753577190045,54,0.8914405068318736,53-58,1.0
1_11,1,28,88.10740579745868,0.0,0.0,0.0,0.0,0.0,0.0,0.18752550468599338,56,0.8810740579745868,53-58,1.0
1_11,1,29,90.46048103657216,0.0,0.0,0.0,0.0,0.0,0.0,0.4115829991996283,58,0.9046048103657216,53-58,1.0
1_11,1,30,86.4811526225948,0.0,0.0,0.0,0.0,0.0,0.0,-0.45943663954067426,60,0.864811526225948,59+,1.0
1_11,1,31,43.743387760396146,0.0,0.0,0.0,0.0,0.0,0.0,-16.040491115125622,62,0.43743387760396146,59+,1.0
1_11,1,32,11.877979396926237,0.0,0.0,0.0,0.0,0.0,0.0,-19.156034369005837,64,0.11877979396926237,59+,1.0
1_11,1,33,7.330189543807547,1.0,0.0,0.0,0.0,0.0,0.0,-7.611145052716857,66,0.07330189543807547,59+,1.0
1_13,1,0,0.0,0.0,0.0,0.0,0.0,0.0,0.0,0.0,0,0.0,<30,0.0
1_13,1,1,0.009932754210254347,0.0,0.0,0.0,0.0,0.0,0.0,0.0033109180700847825,2,9.932754210254347e-05,<30,0.0
1_13,1,2,3.5370603751165666,0.0,0.0,0.0,0.0,0.0,0.0,1.1790201250388557,4,0.035370603751165665,<30,0.0
1_13,1,3,27.714639063503057,0.0,17.033855727040354,12.832396182622938,1.0,1.0,0.0,9.044775019450805,6,0.27714639063503055,<30,0.0
1_13,1,4,35.59016579725349,0.0,23.510369351418476,14.141299468077245,1.0,1.0,1.0,7.581864311142018,8,0.3559016579725349,<30,0.0
1_13,1,5,28.140065904434124,0.0,14.722549596217887,6.251544330727123,1.0,1.0,1.0,-3.1556531817980673,10,0.28140065904434125,<30,0.0
1_13,1,6,37.84398336935446,0.0,23.067615136210193,15.57919228214663,1.0,1.0,1.0,3.3410336950680612,12,0.3784398336935446,<30,0.0
1_13,1,7,26.342129261534723,0.0,10.103351731377703,7.3739810775857855,1.0,1.0,1.0,-3.2123041537233745,14,0.26342129261534725,<30,0.0
1_13,1,8,20.054177717208713,0.0,2.5124743797780624,4.311590969010803,1.0,1.0,1.0,-4.274666406674941,16,0.20054177717208713,<30,0.0
1_13,1,9,7.172975870545946,0.0,0.0,0.0,0.0,0.0,0.0,-5.17671795751842,18,0.07172975870545946,<30,0.0
1_13,1,10,1.8907759112490805,0.0,0.0,0.0,0.0,0.0,0.0,-3.889274938278934,20,0.018907759112490805,<30,0.0
1_13,1,11,0.4984031190234145,0.0,0.0,0.0,0.0,0.0,0.0,-1.0614418291075296,22,0.004984031190234145,<30,0.0
1_13,1,12,0.13137763580252437,0.0,0.0,0.0,0.0,0.0,0.0,-0.279793028429068,24,0.0013137763580252438,<30,0.0
1_13,1,13,0.03463076880995576,0.0,0.0,0.0,0.0,0.0,0.0,-0.0737526415586347,26,0.0003463076880995576,<30,0.0
1_13,1,14,0.009128571549051738,0.0,0.0,0.0,0.0,0.0,0.0,-0.019440985243331176,28,9.128571549051738e-05,<30,1.0
1_13,1,15,0.09577467560231406,0.0,0.0,0.0,0.0,0.0,0.0,0.025998215350007597,30,0.0009577467560231407,30-34,1.0
1_13,1,16,0.3038045937031131,0.0,0.0,0.0,0.0,0.0,0.0,0.09626045121454724,32,0.0030380459370311307,30-34,1.0
1_13,1,17,1.6951091563773109,0.0,0.0,0.0,0.0,0.0,0.0,0.4810953700499203,34,0.01695109156377311,30-34,1.0
1_13,1,18,2.170569928912217,0.0,0.0,0.0,0.0,0.0,0.0,0.5173954387711917,36,0.02170569928912217,35-40,1.0
1_13,1,19,2.2328847009929995,0.0,0.0,0.0,0.0,0.0,0.0,-0.06556439896130199,38,0.022328847009929997,35-40,1.0
1_13,1,20,4.9814457706375,0.0,0.0,0.0,0.0,0.0,0.0,1.0858581017578668,40,0.04981445770637501,35-40,1.0
1_13,1,21,14.228181106078715,0.0,0.0,0.0,0.0,0.0,0.0,3.4415658598178682,42,0.14228181106078716,41-46,1.0
1_13,1,22,47.28809053537074,1.0,0.0,0.0,0.0,0.0,0.0,14.069014946967476,44,0.4728809053537074,41-46,1.0
1_15,1,0,0.0,0.0,0.0,0.0,0.0,0.0,0.0,0.0,0,0.0,<30,0.0
1_15,1,1,0.00377767946448543,0.0,0.0,0.0,0.0,0.0,0.0,0.0015501420027400504,2,3.77767946448543e-05,<30,0.0
1_15,1,2,0.001658666548596727,0.0,0.0,0.0,0.0,0.0,0.0,-2.8942179624238723e-05,4,1.658666548596727e-05,<30,0.0
1_15,1,3,1.8158009446949057,0.0,0.0,0.0,0.0,0.0,0.0,0.6042417996809549,6,0.018158009446949057,<30,0.0
1_15,1,4,11.17318828544275,0.0,0.0,1.3708027839898014,0.0,1.0,0.0,3.6985102987728595,8,0.1117318828544275,<30,0.0
1_15,1,5,14.225363989788843,0.0,0.9424767721735039,2.089474854967138,1.0,1.0,0.0,2.421842698830066,10,0.14225363989788842,<30,0.0
1_15,1,6,16.175952601839832,0.0,1.3995843686955602,2.2456127311966325,1.0,1.0,1.0,1.2721053922862453,12,0.16175952601839833,<30,0.0
1_15,1,7,17.979660158446883,0.0,2.804833536491426,3.650652671644437,1.0,1.0,0.0,0.6382267437950473,14,0.17979660158446883,<30,0.0
1_15,1,8,45.63677617135356,0.0,27.749606662561174,25.106085372402553,1.0,1.0,1.0,10.281673352146022,16,0.4563677617135356,<30,0.0
1_15,1,9,68.23881317388256,0.0,48.434843695294305,39.253983891058,1.0,1.0,1.0,12.076904780782437,18,0.6823881317388256,<30,0.0
1_15,1,10,72.35399104362689,0.0,50.28238829454432,36.854673432641576,1.0,1.0,1.0,5.555310887562625,20,0.7235399104362689,<30,0.0
1_15,1,11,38.00409393340166,0.0,13.23159930358847,5.589896999971437,1.0,1.0,1.0,-12.77759691417679,22,0.3800409393340166,<30,0.0
1_15,1,12,13.33418193390785,0.0,0.0,0.0,0.0,0.0,0.0,-14.39203284686495,24,0.1333418193390785,<30,0.0
1_15,1,13,3.6189468141720944,0.0,0.0,0.0,0.0,0.0,0.0,-6.6253599359035436,26,0.03618946814172094,<30,0.0
1_15,1,14,1.1610702384447082,0.0,0.0,0.0,0.0,0.0,0.0,-1.9587982422435695,28,0.011610702384447082,<30,1.0
1_15,1,15,0.9875992842047654,0.0,0.0,0.0,0.0,0.0,0.0,-0.29126762410691676,30,0.009875992842047654,30-34,1.0
1_15,1,16,0.2879178609753936,0.0,0.0,0.0,0.0,0.0,0.0,-0.2855191955613072,32,0.002879178609753936,30-34,1.0
1_15,1,17,0.07698739916234197,0.0,0.0,0.0,0.0,0.0,0.0,-0.16125091270211436,34,0.0007698739916234197,30-34,1.0
1_15,1,18,0.14044177841595007,1.0,0.0,0.0,0.0,0.0,0.0,-0.01830227429766415,36,0.0014044177841595006,35-40,1.0
1_3,1,0,0.09343870160354012,0.0,0.0,0.0,0.0,0.0,0.0,0.09343870160354012,0,0.0009343870160354012,<30,0.0
1_3,1,1,0.2575806674610669,0.0,0.0,0.0,0.0,0.0,0.0,0.10541334080637245,2,0.002575806674610669,<30,0.0
1_3,1,2,0.14666669229671944,0.0,0.0,0.0,0.0,0.0,0.0,-0.021363573074307196,4,0.0014666669229671944,<30,0.0
1_3,1,3,0.03896505896165914,0.0,0.0,0.0,0.0,0.0,0.0,-0.06593880999898406,6,0.0003896505896165914,<30,0.0
1_3,1,4,0.18144309906997858,0.0,0.0,0.0,0.0,0.0,0.0,0.0351831757728842,8,0.0018144309906997858,<30,0.0
1_3,1,5,0.18352725500370004,0.0,0.0,0.0,0.0,0.0,0.0,0.048938773643412196,10,0.0018352725500370003,<30,0.0
1_3,1,6,0.09820704838996068,0.0,0.0,0.0,0.0,0.0,0.0,-0.05911407429074628,12,0.0009820704838996068,<30,0.0
1_3,1,7,0.6922197900787264,0.0,0.0,0.0,0.0,0.0,0.0,0.19738939908358286,14,0.006922197900787264,<30,0.0
1_3,1,8,3.9433919578123855,0.0,0.0,0.0,0.0,0.0,0.0,1.2337708849959288,16,0.03943391957812385,<30,0.0
1_3,1,9,6.1516579605104535,0.0,0.0,0.0,0.0,0.0,0.0,1.3620045278478765,18,0.06151657960510454,<30,0.0
1_3,1,10,12.173964823319746,0.0,0.0,0.0,0.0,0.0,0.0,2.498825188425207,20,0.12173964823319747,<30,0.0
1_3,1,11,5.432557992816326,0.0,0.0,0.0,0.0,0.0,0.0,-1.6767658606832097,22,0.05432557992816326,<30,0.0
1_3,1,12,3.5035632871894307,0.0,0.0,0.0,0.0,0.0,0.0,-1.8651755505041843,24,0.035035632871894304,<30,0.0
1_3,1,13,5.009919450712488,0.0,0.0,0.0,0.0,0.0,0.0,0.5653194525762171,26,0.050099194507124876,<30,0.0
1_3,1,14,17.332623501690144,0.0,0.0,0.0,0.0,0.0,0.0,4.28082415944672,28,0.17332623501690145,<30,1.0
1_3,1,15,23.854571726042337,0.0,0.0,0.0,0.0,0.0,0.0,5.292902242766024,30,0.23854571726042337,30-34,1.0
1_3,1,16,32.47926642102716,0.0,0.0,0.3548407888109111,0.0,1.0,0.0,2.780668475473854,32,0.32479266421027164,30-34,1.0
1_3,1,17,55.47882346204076,0.0,3.844440201823261,11.563232021690663,1.0,1.0,0.0,10.0150804039707,34,0.5547882346204076,30-34,1.0
1_3,1,18,71.81709432156563,0.0,9.083389438837223,17.875080924264104,1.0,1.0,1.0,9.909681837596123,36,0.7181709432156563,35-40,1.0
1_3,1,19,72.35382814081271,0.0,1.874121231210566,14.313451662999089,1.0,1.0,1.0,1.0502936693651772,38,0.723538281408127,35-40,1.0
1_3,1,20,44.574172631603,0.0,0.0,0.0,0.0,0.0,0.0,-8.921802048214197,40,0.44574172631603,35-40,1.0
1_3,1,21,24.84511479367498,0.0,0.0,0.0,0.0,0.0,0.0,-12.563989362029446,42,0.2484511479367498,41-46,1.0
1_3,1,22,26.024559136686005,0.0,0.0,0.0,0.0,0.0,0.0,-1.4579905218152505,44,0.26024559136686004,41-46,1.0
1_3,1,23,30.65206007430673,0.0,0.0,0.0,0.0,0.0,0.0,1.7595606654998583,46,0.3065206007430673,41-46,1.0
1_3,1,24,31.53208694517464,0.0,0.0,0.0,0.0,0.0,0.0,1.1340284074197389,48,0.3153208694517464,47-52,1.0
1_3,1,25,45.78860665324224,0.0,0.0,0.0,0.0,0.0,0.0,5.098688126117553,50,0.4578860665324224,47-52,1.0
1_3,1,26,57.815978722238704,0.0,0.0,0.0,0.0,0.0,0.0,6.733534582645035,52,0.578159787222387,47-52,1.0
1_3,1,27,89.5746320537278,0.0,0.0,0.0,0.0,0.0,0.0,13.349382392309025,54,0.895746320537278,53-58,1.0
1_3,1,28,95.89844447982053,0.0,0.0,0.0,0.0,0.0,0.0,6.718753712052944,56,0.9589844447982052,53-58,1.0
1_3,1,29,94.64762751616693,0.0,0.0,0.0,0.0,0.0,0.0,-0.010249481455346654,58,0.9464762751616693,53-58,1.0
1_3,1,30,90.34796006818826,1.0,0.0,0.0,0.0,0.0,0.0,-1.8644894690867393,60,0.9034796006818826,59+,1.0
1_5,1,0,0.0,0.0,0.0,0.0,0.0,0.0,0.0,0.0,0,0.0,<30,0.0
1_5,1,1,0.2684461896005029,0.0,0.0,0.0,0.0,0.0,0.0,0.08950889631549062,2,0.0026844618960050293,<30,0.0
1_5,1,2,7.331005040874163,0.0,0.4736336676826278,0.9999283412184354,1.0,1.0,0.0,2.4436146807274084,4,0.07331005040874163,<30,0.0
1_5,1,3,49.136636032186544,0.0,38.455852695723834,26.878930564671798,1.0,1.0,1.0,15.647585376763299,6,0.4913663603218654,<30,0.0
1_5,1,4,45.52578589459552,0.0,33.44598944876051,15.774867161283124,1.0,1.0,1.0,7.291065245922672,8,0.4552578589459552,<30,0.0
1_5,1,5,16.57802043787805,0.0,3.373329324720645,0.0,1.0,0.0,1.0,-14.210097513776775,10,0.1657802043787805,<30,0.0
1_5,1,6,8.154188574243726,0.0,0.0,0.0,0.0,0.0,0.0,-6.32274137723426,12,0.08154188574243726,<30,0.0
1_5,1,7,6.078591040308572,0.0,0.0,0.0,0.0,0.0,0.0,-1.7240500793301539,14,0.060785910403085716,<30,0.0
1_5,1,8,13.084394701112288,0.0,0.0,0.0,0.0,0.0,0.0,2.2143046966038265,16,0.13084394701112287,<30,0.0
1_5,1,9,35.13712873896668,0.0,15.333159260378414,11.976592796313751,1.0,1.0,0.0,9.112028779617606,18,0.35137128738966683,<30,0.0
1_5,1,10,31.29631345957843,0.0,9.224710710495858,8.851576658269218,1.0,1.0,1.0,2.068640726751305,20,0.3129631345957843,<30,0.0
1_5,1,11,31.22400900046167,0.0,6.451514370648477,6.530040353743713,1.0,1.0,1.0,-1.0230980057583963,22,0.3122400900046167,<30,0.0
1_5,1,12,18.233536334918654,0.0,0.0,0.0,0.0,0.0,0.0,-4.6267754549785565,24,0.18233536334918654,<30,0.0
1_5,1,13,22.226465796724042,0.0,0.0,0.9727568223020455,0.0,1.0,0.0,-0.8857125480839521,26,0.22226465796724043,<30,0.0
1_5,1,14,35.98871334934984,0.0,1.3333200085105688,10.668952030123517,1.0,1.0,0.0,6.201275672868231,28,0.3598871334934984,<30,1.0
1_5,1,15,68.56836648641907,0.0,27.0112120405621,32.45179590872591,1.0,1.0,1.0,13.2774209376229,30,0.6856836648641906,30-34,1.0
1_5,1,16,56.41787192123318,0.0,8.757152900395432,13.260997527008037,1.0,1.0,1.0,1.2588019243832185,32,0.5641787192123318,30-34,1.0
1_5,1,17,38.16270789055184,0.0,0.0,0.0,0.0,0.0,0.0,-9.379265814211454,34,0.38162707890551845,30-34,1.0
1_5,1,18,26.908977353134244,0.0,0.0,0.0,0.0,0.0,0.0,-6.930177028313251,36,0.26908977353134245,35-40,1.0
1_5,1,19,28.18338718058454,0.0,0.0,0.0,0.0,0.0,0.0,-0.9336855239324151,38,0.2818338718058454,35-40,1.0
1_5,1,20,52.71465529738106,0.0,0.0,0.0,0.0,0.0,0.0,9.577465660549509,40,0.5271465529738105,35-40,1.0
1_5,1,21,40.51180391672048,0.0,0.0,0.0,0.0,0.0,0.0,-0.26308732054029216,42,0.4051180391672048,41-46,1.0
1_5,1,22,23.18199620454,0.0,0.0,0.0,0.0,0.0,0.0,-9.489726139278748,44,0.23181996204539998,41-46,1.0
1_5,1,23,19.461778255340366,0.0,0.0,0.0,0.0,0.0,0.0,-3.519864830418354,46,0.19461778255340367,41-46,1.0
1_5,1,24,16.02115958546038,0.0,0.0,0.0,0.0,0.0,0.0,-1.170894882740053,48,0.16021159585460382,47-52,1.0
1_5,1,25,22.003669102367347,1.0,0.0,0.0,0.0,0.0,0.0,0.610310931602406,50,0.22003669102367346,47-52,1.0
1_7,1,0,0.0,0.0,0.0,0.0,0.0,0.0,0.0,0.0,0,0.0,<30,0.0
1_7,1,1,0.0,0.0,0.0,0.0,0.0,0.0,0.0,0.0,2,0.0,<30,0.0
1_7,1,2,0.0,0.0,0.0,0.0,0.0,0.0,0.0,0.0,4,0.0,<30,0.0
1_7,1,3,0.0,0.0,0.0,0.0,0.0,0.0,0.0,0.0,6,0.0,<30,0.0
1_7,1,4,0.000264850689227855,0.0,0.0,0.0,0.0,0.0,0.0,8.828356307595166e-05,8,2.64850689227855e-06,<30,0.0
1_7,1,5,0.00040442902850327937,0.0,0.0,0.0,0.0,0.0,0.0,0.0001348096761677598,10,4.0442902850327935e-06,<30,0.0
1_7,1,6,0.00010660633448438844,0.0,0.0,0.0,0.0,0.0,0.0,-0.0001418244703469268,12,1.0660633448438844e-06,<30,0.0
1_7,1,7,2.8101124675092787e-05,0.0,0.0,0.0,0.0,0.0,0.0,-5.984655399740375e-05,14,2.8101124675092787e-07,<30,0.0
1_7,1,8,7.40737604218771e-06,0.0,0.0,0.0,0.0,0.0,0.0,-1.577538035980398e-05,16,7.40737604218771e-08,<30,0.0
1_7,1,9,1.9525631256676853e-06,0.0,0.0,0.0,0.0,0.0,0.0,-4.158345115531386e-06,18,1.9525631256676854e-08,<30,0.0
1_7,1,10,0.001900564803839846,0.0,0.0,0.0,0.0,0.0,0.0,0.0006322539100575582,20,1.900564803839846e-05,<30,0.0
1_7,1,11,1.8154832784516861,0.0,0.0,0.0,0.0,0.0,0.0,0.6051607586574504,22,0.01815483278451686,<30,0.0
1_7,1,12,15.12966123031888,0.0,0.0,0.0,0.0,0.0,0.0,4.979116055359465,24,0.1512966123031888,<30,0.0
1_7,1,13,38.41417408338086,0.0,6.610418623245833,9.73076880467611,1.0,1.0,0.0,10.587235715350188,26,0.3841417408338086,<30,0.0
1_7,1,14,40.67885022190122,0.0,4.3798751930991955,4.69519968946889,1.0,1.0,1.0,4.813599009630851,28,0.4067885022190122,<30,1.0
1_7,1,15,29.885478055765837,0.0,0.0,0.0,0.0,0.0,0.0,-4.6776007002575275,30,0.29885478055765835,30-34,1.0
1_7,1,16,15.096988299830478,0.0,0.0,0.0,0.0,0.0,0.0,-6.993037703909787,32,0.15096988299830477,30-34,1.0
1_7,1,17,9.786850177192115,0.0,0.0,0.0,0.0,0.0,0.0,-3.8028267958315904,34,0.09786850177192115,30-34,1.0
1_7,1,18,2.9207642104632487,0.0,0.0,0.0,0.0,0.0,0.0,-3.306833575346169,36,0.02920764210463249,35-40,1.0
1_7,1,19,1.1224371600746963,0.0,0.0,0.0,0.0,0.0,0.0,-1.4914697431970907,38,0.011224371600746963,35-40,1.0
1_7,1,20,4.505823999924428,0.0,0.0,0.0,0.0,0.0,0.0,0.9600779858719262,40,0.04505823999924428,35-40,1.0
1_7,1,21,5.9198554902995415,0.0,0.0,0.0,0.0,0.0,0.0,1.4295365275416976,42,0.059198554902995415,41-46,1.0
1_7,1,22,2.9983740174697533,0.0,0.0,0.0,0.0,0.0,0.0,-1.2973123698434899,44,0.029983740174697533,41-46,1.0
1_7,1,23,2.538026562062582,0.0,0.0,0.0,0.0,0.0,0.0,-0.5344223462618267,46,0.02538026562062582,41-46,1.0
1_7,1,24,3.9795503022731977,0.0,0.0,0.0,0.0,0.0,0.0,0.5583363088402219,48,0.03979550302273198,47-52,1.0
1_7,1,25,1.313940592424123,0.0,0.0,0.0,0.0,0.0,0.0,-0.8372714914406214,50,0.01313940592424123,47-52,1.0
1_7,1,26,13.130208669370514,0.0,0.0,0.0,0.0,0.0,0.0,3.5337871517347397,52,0.13130208669370513,47-52,1.0
1_7,1,27,63.731531834111,0.0,0.0,0.0,0.0,0.0,0.0,20.660482704681733,54,0.63731531834111,53-58,1.0
1_7,1,28,56.97340163775057,0.0,0.0,0.0,0.0,0.0,0.0,5.585241782231908,56,0.5697340163775056,53-58,1.0
1_7,1,29,24.389714231679456,0.0,0.0,0.0,0.0,0.0,0.0,-14.757805474409668,58,0.24389714231679455,53-58,1.0
1_7,1,30,13.724728169769303,0.0,0.0,0.0,0.0,0.0,0.0,-8.160562118370052,60,0.13724728169769304,59+,1.0
1_7,1,31,7.108109820809675,0.0,0.0,0.0,0.0,0.0,0.0,-3.4688914401374733,62,0.07108109820809676,59+,1.0
1_7,1,32,4.817525022896238,0.0,0.0,0.0,0.0,0.0,0.0,-1.8403145953085875,64,0.04817525022896238,59+,1.0
1_7,1,33,3.78458034218933,0.0,0.0,0.0,0.0,0.0,0.0,-0.4616464828586042,66,0.037845803421893295,59+,1.0
1_7,1,34,5.340820917017741,1.0,0.0,0.0,0.0,0.0,0.0,0.13690139021112202,68,0.053408209170177405,59+,1.0
1_9,1,0,0.8189365253962393,0.0,0.0,0.0,0.0,0.0,0.0,0.8189365253962393,0,0.008189365253962393,<30,0.0
1_9,1,1,2.829791481566735,0.0,0.0,0.0,0.0,0.0,0.0,1.2238824203197878,2,0.02829791481566735,<30,0.0
1_9,1,2,0.8954865805203001,0.0,0.0,0.0,0.0,0.0,0.0,-0.5357205012203985,4,0.008954865805203,<30,0.0
1_9,1,3,0.47118306454816794,0.0,0.0,0.0,0.0,0.0,0.0,-0.42152798130081826,6,0.00471183064548168,<30,0.0
1_9,1,4,8.813305834967236,0.0,0.5623283288136509,1.8249907404745205,1.0,1.0,0.0,2.7787623431215436,8,0.08813305834967236,<30,0.0
1_9,1,5,14.625953458462206,0.0,2.332232413336854,2.863344386048543,1.0,1.0,0.0,4.094674796323904,10,0.14625953458462207,<30,0.0
1_9,1,6,5.1470771959546795,0.0,0.0,0.0,0.0,0.0,0.0,-3.499549999083073,12,0.051470771959546795,<30,0.0
1_9,1,7,1.656093495850375,0.0,0.0,0.0,0.0,0.0,0.0,-2.4312795480388747,14,0.01656093495850375,<30,0.0
1_9,1,8,0.4401453035145887,0.0,0.0,0.0,0.0,0.0,0.0,-0.8660676182230522,16,0.004401453035145887,<30,0.0
1_9,1,9,0.4377134846341648,0.0,0.0,0.0,0.0,0.0,0.0,-0.1398575020105135,18,0.004377134846341648,<30,0.0
1_9,1,10,1.6819781722630527,0.0,0.0,0.0,0.0,0.0,0.0,0.4827339495041161,20,0.016819781722630527,<30,0.0
1_9,1,11,1.3660484092952458,0.0,0.0,0.0,0.0,0.0,0.0,-0.003598464661037433,22,0.013660484092952459,<30,0.0
1_9,1,12,4.544798531189858,0.0,0.0,0.0,0.0,0.0,0.0,1.1794687830143156,24,0.04544798531189859,<30,0.0
1_9,1,13,2.8656470693093072,0.0,0.0,0.0,0.0,0.0,0.0,-0.04777004533610127,26,0.028656470693093072,<30,0.0
1_9,1,14,4.128099103035177,0.0,0.0,0.0,0.0,0.0,0.0,-0.04505182408246526,28,0.041280991030351766,<30,1.0
1_9,1,15,2.842956310485364,0.0,0.0,0.0,0.0,0.0,0.0,-0.19398255428809552,30,0.02842956310485364,30-34,1.0
1_9,1,16,0.8313136799954826,0.0,0.0,0.0,0.0,0.0,0.0,-0.9337445611011234,32,0.008313136799954825,30-34,1.0
1_9,1,17,0.28958560619868834,1.0,0.0,0.0,0.0,0.0,0.0,-0.6167262278154167,34,0.0028958560619868835,30-34,1.0
2_1,2,0,0.24376845101213984,0.0,0.0,0.0,0.0,0.0,0.0,0.24376845101213984,0,0.0024376845101213985,<30,0.0
2_1,2,1,0.888509232271921,0.0,0.0,0.0,0.0,0.0,0.0,0.3459087880969937,2,0.00888509232271921,<30,0.0
2_1,2,2,3.681934489748399,0.0,0.0,0.0,0.0,0.0,0.0,1.046577258232713,4,0.036819344897483994,<30,0.0
2_1,2,3,2.4180167406999145,0.0,0.0,0.0,0.0,0.0,0.0,-0.049606768902832915,6,0.024180167406999145,<30,0.0
2_1,2,4,1.6423353812645582,0.0,0.0,0.0,0.0,0.0,0.0,-0.41887241505507156,8,0.01642335381264558,<30,0.0
2_1,2,5,1.2504263262801891,0.0,0.0,0.0,0.0,0.0,0.0,-0.30540439507156625,10,0.012504263262801891,<30,0.0
2_1,2,6,8.196941305768371,0.0,0.0,0.0,0.0,0.0,0.0,2.338970537821747,12,0.08196941305768371,<30,0.0
2_1,2,7,4.613716972475449,0.0,0.0,0.0,0.0,0.0,0.0,0.12787603429745276,14,0.046137169724754484,<30,0.0
2_1,2,8,5.3412232118508385,0.0,0.0,0.0,0.0,0.0,0.0,-0.7320198220827819,16,0.05341223211850839,<30,0.0
2_1,2,9,6.416285429737951,0.0,0.0,0.0,0.0,0.0,0.0,0.7313494444274473,18,0.06416285429737952,<30,0.0
2_1,2,10,7.5656543261932585,0.0,0.0,0.0,0.0,0.0,0.0,0.5014614221518144,20,0.07565654326193258,<30,0.0
2_1,2,11,21.771033590016096,0.0,1.4136240740540291,4.453067886528842,1.0,1.0,0.0,5.195665166350759,22,0.21771033590016095,<30,0.0
2_1,2,12,59.01587551663483,0.0,31.026805086316784,27.7218425742367,1.0,1.0,1.0,15.581129907562424,24,0.5901587551663483,<30,0.0
2_1,2,13,85.28370149803737,0.0,53.47994603790236,40.32680137407785,1.0,1.0,1.0,15.163813734927235,26,0.8528370149803738,<30,0.0
2_1,2,14,94.43743730411491,0.0,58.13846227531288,41.01864339695961,1.0,1.0,1.0,6.9829687299198255,28,0.9443743730411491,<30,1.0
2_1,2,15,96.24225959562668,0.0,54.68510514976971,41.27522695552273,1.0,1.0,1.0,1.3789417275959959,30,0.9624225959562668,30-34,1.0
2_1,2,16,96.75034836804525,0.0,49.0896293472075,47.44036351036062,1.0,1.0,1.0,0.43579536822270387,32,0.9675034836804525,30-34,1.0
2_1,2,17,90.7939744836597,0.0,36.10188042037744,51.43337890327207,1.0,1.0,1.0,-2.03148220413024,34,0.907939744836597,30-34,1.0
2_1,2,18,78.7230464999605,0.0,15.989341617232078,40.80903347299852,1.0,1.0,1.0,-5.336141409832322,36,0.787230464999605,35-40,1.0
2_1,2,19,64.17785166972439,0.0,0.0,15.919178276337238,0.0,1.0,0.0,-7.337079701914325,38,0.641778516697244,35-40,1.0
2_1,2,20,84.29189249703944,1.0,4.845222258595314,31.950946630860216,1.0,1.0,0.0,3.5797949275980776,40,0.8429189249703944,35-40,1.0
2_11,2,0,0.00404745298818011,0.0,0.0,0.0,0.0,0.0,0.0,0.00404745298818011,0,4.0474529881801095e-05,<30,0.0
2_11,2,1,0.12962262389736995,0.0,0.0,0.0,0.0,0.0,0.0,0.04517318319362366,2,0.0012962262389736995,<30,0.0
2_11,2,2,0.568296197475424,0.0,0.0,0.0,0.0,0.0,0.0,0.18415163104008062,4,0.00568296197475424,<30,0.0
2_11,2,3,7.556010544927137,0.0,0.7490144422354605,1.5101980590543818,1.0,1.0,0.0,2.3882053831577332,6,0.07556010544927137,<30,0.0
2_11,2,4,33.66755092234607,0.0,21.58775447651105,16.717396101343056,1.0,1.0,1.0,10.696047706198732,8,0.3366755092234607,<30,0.0
2_11,2,5,54.53423638169645,0.0,41.11672007348022,27.97299357518162,1.0,1.0,1.0,11.739284208721894,10,0.5453423638169645,<30,0.0
2_11,2,6,50.24717837897216,0.0,35.47081014582788,20.39568784602674,1.0,1.0,1.0,0.8333074493562715,12,0.5024717837897216,<30,0.0
2_11,2,7,56.28983288738689,0.0,40.05105535722988,26.366194868368012,1.0,1.0,1.0,1.4939448382441423,14,0.5628983288738689,<30,0.0
2_11,2,8,44.878237681374124,0.0,26.99106817258174,20.452438138399614,1.0,1.0,1.0,-3.2584497747482075,16,0.4487823768137412,<30,0.0
2_11,2,9,45.31698221276614,0.0,25.513012734177877,28.187270727463567,1.0,1.0,1.0,-1.9598991025580306,18,0.45316982212766144,<30,0.0
2_11,2,10,81.32770335564729,1.0,59.87330256408325,60.31219117646634,1.0,1.0,1.0,12.99825786364426,20,0.8132770335564729,<30,0.0
2_13,2,0,0.03209672991983189,0.0,0.0,0.0,0.0,0.0,0.0,0.03209672991983189,0,0.00032096729919831886,<30,0.0
2_13,2,1,1.629463983048753,0.0,0.0,0.0,0.0,0.0,0.0,0.5989790371990509,2,0.01629463983048753,<30,0.0
2_13,2,2,6.08299434396786,0.0,0.0,0.11046276536930622,0.0,1.0,0.0,1.9053171189837426,4,0.060829943439678597,<30,0.0
2_13,2,3,11.657015286837165,0.0,0.9762319503744621,1.8701552892819615,1.0,1.0,0.0,2.744525280091249,6,0.11657015286837165,<30,0.0
2_13,2,4,7.681010895065741,0.0,0.0,0.0,0.0,0.0,0.0,-0.7989277274624847,8,0.07681010895065742,<30,0.0
2_13,2,5,3.4434775604078363,0.0,0.0,0.0,0.0,0.0,0.0,-2.1429256700384585,10,0.034434775604078365,<30,0.0
2_13,2,6,1.8650264029937285,0.0,0.0,0.0,0.0,0.0,0.0,-1.212438628743375,12,0.018650264029937285,<30,0.0
2_13,2,7,1.513601904967421,0.0,0.0,0.0,0.0,0.0,0.0,-0.2530955109480609,14,0.01513601904967421,<30,0.0
2_13,2,8,3.3884335400347694,0.0,0.0,0.0,0.0,0.0,0.0,0.5762891962015007,16,0.033884335400347694,<30,0.0
2_13,2,9,5.77455946452123,0.0,0.0,0.0,0.0,0.0,0.0,1.3127304069074892,18,0.057745594645212305,<30,0.0
2_13,2,10,18.08571558868417,0.0,2.2268163036167046,4.344729792770616,1.0,1.0,0.0,4.276543262933248,20,0.1808571558868417,<30,0.0
2_13,2,11,48.27118978920279,0.0,23.498695159389598,20.12090577916019,1.0,1.0,1.0,13.652264849792305,22,0.48271189789202795,<30,0.0
2_13,2,12,32.60702117246868,0.0,4.617950742150635,1.8263382323615183,1.0,1.0,1.0,-1.6466619907809583,24,0.32607021172468675,<30,0.0
2_13,2,13,58.88693230022905,0.0,27.083176840094026,23.141236214316123,1.0,1.0,1.0,5.646173161726882,26,0.5888693230022904,<30,0.0
2_13,2,14,77.00230243690051,0.0,40.70332740809848,34.79731834853435,1.0,1.0,1.0,12.913988161511885,28,0.770023024369005,<30,1.0
2_13,2,15,62.20451161669709,0.0,20.64735717084012,21.933239921039675,1.0,1.0,1.0,-4.392122770536357,30,0.6220451161669709,30-34,1.0
2_13,2,16,77.92006463910653,0.0,30.25934561826879,37.13030427222483,1.0,1.0,1.0,3.217434401453338,32,0.7792006463910652,30-34,1.0
2_13,2,17,79.80782154122011,0.0,25.115727477937845,35.27373651330137,1.0,1.0,1.0,3.95923598186423,34,0.798078215412201,30-34,1.0
2_13,2,18,80.8773147261501,0.0,18.14360984342168,40.189298042440385,1.0,1.0,1.0,-0.6448450725418957,36,0.8087731472615011,35-40,1.0
2_13,2,19,89.28335601668434,0.0,17.415379227970227,44.206435825754156,1.0,1.0,1.0,4.350586978980973,38,0.8928335601668433,35-40,1.0
2_13,2,20,90.6699360810765,0.0,8.492600990299259,40.14516719277319,1.0,1.0,1.0,0.9928920398646806,40,0.906699360810765,35-40,1.0
2_13,2,21,92.27650533521054,0.0,1.3632756371260228,38.95083177231642,1.0,1.0,1.0,1.0836210676154465,42,0.9227650533521055,41-46,1.0
2_13,2,22,89.90706105095957,0.0,0.0,30.743081861055778,0.0,1.0,0.0,-0.9358177175213029,44,0.8990706105095957,41-46,1.0
2_13,2,23,94.1037806755198,1.0,0.0,30.748894315035074,0.0,1.0,0.0,0.9887268117924416,46,0.941037806755198,41-46,1.0
2_15,2,0,0.07359139440507728,0.0,0.0,0.0,0.0,0.0,0.0,0.07359139440507728,0,0.0007359139440507728,<30,0.0
2_15,2,1,0.10405015050325639,0.0,0.0,0.0,0.0,0.0,0.0,0.0437489499282248,2,0.0010405015050325638,<30,0.0
2_15,2,2,0.42537819702330915,0.0,0.0,0.0,0.0,0.0,0.0,0.09913113468513193,4,0.004253781970233092,<30,0.0
2_15,2,3,5.068219498711047,0.0,0.0,0.0,0.0,0.0,0.0,1.6209242520181704,6,0.05068219498711047,<30,0.0
2_15,2,4,6.266141081499416,0.0,0.0,0.0,0.0,0.0,0.0,1.6116602601761836,8,0.06266141081499416,<30,0.0
2_15,2,5,2.127898976585005,0.0,0.0,0.0,0.0,0.0,0.0,-1.911264719924809,10,0.021278989765850048,<30,0.0
2_15,2,6,2.8804529939619563,0.0,0.0,0.0,0.0,0.0,0.0,-0.25365230805194394,12,0.02880452993961956,<30,0.0
2_15,2,7,3.193539063666982,0.0,0.0,0.0,0.0,0.0,0.0,0.48871462646815295,14,0.031935390636669815,<30,0.0
2_15,2,8,5.59569634328326,0.0,0.0,0.0,0.0,0.0,0.0,0.5792477764016184,16,0.0559569634328326,<30,0.0
2_15,2,9,32.9332944922286,0.0,13.515747442830598,14.30400378809334,1.0,1.0,0.0,10.042319411751942,18,0.329332944922286,<30,0.0
2_15,2,10,78.42561308631147,0.0,56.3540103372289,41.18542257694775,1.0,1.0,1.0,21.698019219093457,20,0.7842561308631147,<30,0.0
2_15,2,11,69.38380316754298,0.0,44.61130853772978,24.903771820056786,1.0,1.0,1.0,2.5152228763477664,22,0.6938380316754298,<30,0.0
2_15,2,12,47.87525102297246,0.0,19.886180592654426,3.961759101410248,1.0,1.0,1.0,-9.922906496413908,24,0.47875251022972465,<30,0.0
2_15,2,13,45.13112323053598,0.0,13.327367770400953,5.1977080105004205,1.0,1.0,1.0,-4.087274687226552,26,0.45131123230535974,<30,0.0
2_15,2,14,52.919552447064234,0.0,16.620577418262208,19.137051120044543,1.0,1.0,1.0,2.7328483347023194,28,0.5291955244706423,<30,1.0
2_15,2,15,71.40002588873276,0.0,29.842871442875783,37.17275299658073,1.0,1.0,1.0,8.30320220388963,30,0.7140002588873275,30-34,1.0
2_15,2,16,78.06565591490269,0.0,30.404936894064946,41.17510761305983,1.0,1.0,1.0,4.611187747200171,32,0.7806565591490269,30-34,1.0
2_15,2,17,82.32134197622676,0.0,27.629247912944507,39.60136490739649,1.0,1.0,1.0,2.609059828975532,34,0.8232134197622676,30-34,1.0
2_15,2,18,76.86269706435228,0.0,14.128992181623858,31.3769546662878,1.0,1.0,1.0,-1.4567894020973284,36,0.7686269706435227,35-40,1.0
2_15,2,19,81.53462486457352,0.0,9.666648075859406,36.46801361440036,1.0,1.0,1.0,0.28253287142654904,38,0.8153462486457351,35-40,1.0
2_15,2,20,92.0753498364165,0.0,9.898014745639273,44.83254272329019,1.0,1.0,1.0,5.219890401120146,40,0.9207534983641651,35-40,1.0
2_15,2,21,97.9730696011047,0.0,4.22886450264896,43.255137960712034,1.0,1.0,1.0,3.647558116967344,42,0.979730696011047,41-46,1.0
2_15,2,22,96.9436316772959,0.0,0.0,35.00158260050483,0.0,1.0,0.0,0.15420432829162917,44,0.9694363167729589,41-46,1.0
2_15,2,23,96.13815289159781,1.0,0.0,28.893726022502747,0.0,1.0,0.0,-0.6109604994780872,46,0.9613815289159782,41-46,1.0
2_17,2,0,0.2106131350307642,0.0,0.0,0.0,0.0,0.0,0.0,0.2106131350307642,0,0.002106131350307642,<30,0.0
2_17,2,1,1.0759800238986785,0.0,0.0,0.0,0.0,0.0,0.0,0.4311759307130421,2,0.010759800238986785,<30,0.0
2_17,2,2,2.2245776162397966,0.0,0.0,0.0,0.0,0.0,0.0,0.5262896482427122,4,0.022245776162397965,<30,0.0
2_17,2,3,4.177530668552501,0.0,0.0,0.0,0.0,0.0,0.0,0.8886659043747223,6,0.04177530668552501,<30,0.0
2_17,2,4,3.7995903031041234,0.0,0.0,0.0,0.0,0.0,0.0,0.2126959330904761,8,0.03799590303104124,<30,0.0
2_17,2,5,2.3073777928470696,0.0,0.0,0.0,0.0,0.0,0.0,-0.738826704986837,10,0.023073777928470696,<30,0.0
2_17,2,6,1.030744192333384,0.0,0.0,0.0,0.0,0.0,0.0,-0.66023681758221,12,0.01030744192333384,<30,0.0
2_17,2,7,0.4097764555695075,0.0,0.0,0.0,0.0,0.0,0.0,-0.3720655805924163,14,0.004097764555695074,<30,0.0
2_17,2,8,1.9939152644983102,0.0,0.0,0.0,0.0,0.0,0.0,0.4256221051943367,16,0.019939152644983103,<30,0.0
2_17,2,9,5.841923258742187,0.0,0.0,0.0,0.0,0.0,0.0,1.7664591107264198,18,0.05841923258742187,<30,0.0
2_17,2,10,8.975930391791007,0.0,0.0,0.0,0.0,0.0,0.0,1.6545918672066935,20,0.08975930391791007,<30,0.0
2_17,2,11,5.6685573360276775,0.0,0.0,0.0,0.0,0.0,0.0,-0.7212346245441761,22,0.05668557336027678,<30,0.0
2_17,2,12,2.3864276448397703,0.0,0.0,0.0,0.0,0.0,0.0,-1.8749377043230147,24,0.023864276448397705,<30,0.0
2_17,2,13,6.56283313990846,0.0,0.0,0.0,0.0,0.0,0.0,0.9687482725868788,26,0.0656283313990846,<30,0.0
2_17,2,14,18.94245392456478,0.0,0.0,0.0,0.0,0.0,0.0,5.5427548941196205,28,0.1894245392456478,<30,1.0
2_17,2,15,8.748930615234258,0.0,0.0,0.0,0.0,0.0,0.0,-2.318955767618431,30,0.08748930615234257,30-34,1.0
2_17,2,16,16.60179928285303,0.0,0.0,0.0,0.0,0.0,0.0,0.9929478517267156,32,0.1660179928285303,30-34,1.0
2_17,2,17,55.52785944411538,0.0,2.360427784360251,11.98275450592202,1.0,1.0,0.0,15.689534000957451,34,0.5552785944411538,30-34,1.0
2_17,2,18,79.18031708557359,0.0,16.44661220284518,22.422628363602175,1.0,1.0,1.0,14.198057116694857,36,0.7918031708557359,35-40,1.0
2_17,2,19,95.20379799217022,0.0,23.335821203456113,26.10897063992985,1.0,1.0,1.0,9.697784576317957,38,0.9520379799217022,35-40,1.0
2_17,2,20,92.61517609051869,0.0,10.437840999741447,16.97458418481228,1.0,1.0,1.0,0.5513323899916382,40,0.9261517609051869,35-40,1.0
2_17,2,21,67.36541562744107,0.0,0.0,2.811078487650086,0.0,1.0,0.0,-9.26490326764644,42,0.6736541562744107,41-46,1.0
2_17,2,22,40.759936067597145,0.0,0.0,0.0,0.0,0.0,0.0,-14.862966558013145,44,0.40759936067597147,41-46,1.0
2_17,2,23,86.59353304164777,0.0,0.0,5.594855999421128,0.0,1.0,0.0,14.014506658008205,46,0.8659353304164777,41-46,1.0
2_17,2,24,96.50975478704873,0.0,0.0,6.959783190575735,0.0,1.0,0.0,10.873608627011096,48,0.9650975478704873,47-52,1.0
2_17,2,25,98.44654014604622,0.0,0.0,0.9892362322221402,0.0,1.0,0.0,1.3877658030324937,50,0.9844654014604621,47-52,1.0
2_17,2,26,99.5089465245602,0.0,0.0,0.0,0.0,0.0,0.0,0.6427490152924804,52,0.995089465245602,47-52,1.0
2_17,2,27,98.96131066934142,1.0,0.0,0.0,0.0,0.0,0.0,0.028698968331473413,54,0.9896131066934142,53-58,1.0
2_19,2,0,0.7479881196270752,0.0,0.0,0.0,0.0,0.0,0.0,0.7479881196270752,0,0.007479881196270752,<30,0.0
2_19,2,1,4.388818483846303,0.0,0.0,0.0,0.0,0.0,0.0,1.7599301213733827,2,0.04388818483846303,<30,0.0
2_19,2,2,11.718569031307236,0.0,2.8638943219302773,3.07978846808954,1.0,1.0,0.0,3.062879050377491,4,0.11718569031307237,<30,0.0
2_19,2,3,22.319257456803047,0.0,11.638474120340344,8.644652489212014,1.0,1.0,1.0,5.263161562110311,6,0.22319257456803046,<30,0.0
2_19,2,4,9.56504183901848,0.0,0.26371363209496756,0.0,1.0,0.0,1.0,-3.4948569678860477,8,0.0956504183901848,<30,0.0
2_19,2,5,4.7136686866808475,0.0,0.0,0.0,0.0,0.0,0.0,-3.8287149663498297,10,0.047136686866808476,<30,0.0
2_19,2,6,15.591821519776342,0.0,0.815453286632069,1.7825662261554331,1.0,1.0,0.0,3.441760037053365,12,0.15591821519776342,<30,0.0
2_19,2,7,11.751558838627696,0.0,0.0,0.0,0.0,0.0,0.0,0.4649289155633073,14,0.11751558838627696,<30,0.0
2_19,2,8,6.832978219373027,0.0,0.0,0.0,0.0,0.0,0.0,-2.6618104820888346,16,0.06832978219373027,<30,0.0
2_19,2,9,6.893632049322706,0.0,0.0,0.0,0.0,0.0,0.0,-0.5840129883959546,18,0.06893632049322707,<30,0.0
2_19,2,10,5.873908797097838,0.0,0.0,0.0,0.0,0.0,0.0,-0.28724837113766527,20,0.058739087970978376,<30,0.0
2_19,2,11,2.1105056340041832,0.0,0.0,0.0,0.0,0.0,0.0,-1.563691478984555,22,0.021105056340041832,<30,0.0
2_19,2,12,0.624548681452227,0.0,0.0,0.0,0.0,0.0,0.0,-1.062955140583647,24,0.00624548681452227,<30,0.0
2_19,2,13,2.9007521949278874,0.0,0.0,0.0,0.0,0.0,0.0,0.5759552927259343,26,0.029007521949278872,<30,0.0
2_19,2,14,25.867997876109758,0.0,0.0,0.13581918259106374,0.0,1.0,0.0,8.504975758926186,28,0.2586799787610976,<30,1.0
2_19,2,15,29.35278268399109,0.0,0.0,0.4492406156274562,0.0,1.0,0.0,4.76233282872435,30,0.2935278268399109,30-34,1.0
2_19,2,16,38.318004796702155,0.0,0.0,1.1123301359798639,0.0,1.0,0.0,4.358326389963802,32,0.38318004796702154,30-34,1.0
2_19,2,17,23.474964881890983,0.0,0.0,0.0,0.0,0.0,0.0,-4.812026538131437,34,0.23474964881890983,30-34,1.0
2_19,2,18,14.901960123305841,1.0,0.0,0.0,0.0,0.0,0.0,-7.085246910393205,36,0.1490196012330584,35-40,1.0
2_21,2,0,0.0,0.0,0.0,0.0,0.0,0.0,0.0,0.0,0,0.0,<30,0.0
2_21,2,1,0.027267680469864043,0.0,0.0,0.0,0.0,0.0,0.0,0.009089226823288015,2,0.0002726768046986404,<30,0.0
2_21,2,2,0.31304922585497996,0.0,0.0,0.0,0.0,0.0,0.0,0.10434974195165998,4,0.0031304922585497995,<30,0.0
2_21,2,3,0.7379505285469834,0.0,0.0,0.0,0.0,0.0,0.0,0.18358242773441866,6,0.007379505285469834,<30,0.0
2_21,2,4,1.3944751357386167,0.0,0.0,0.0,0.0,0.0,0.0,0.3572330850357136,8,0.013944751357386168,<30,0.0
2_21,2,5,0.5662844387435022,0.0,0.0,0.0,0.0,0.0,0.0,-0.28260184897471496,10,0.005662844387435022,<30,0.0
2_21,2,6,3.4894836899432646,0.0,0.0,0.0,0.0,0.0,0.0,0.8663932798766505,12,0.034894836899432645,<30,0.0
2_21,2,7,7.079951296730947,0.0,0.0,0.0,0.0,0.0,0.0,2.0744311674272824,14,0.07079951296730946,<30,0.0
2_21,2,8,4.443861870031354,0.0,0.0,0.0,0.0,0.0,0.0,-0.765324838964524,16,0.044438618700313536,<30,0.0
2_21,2,9,2.914065637259,0.0,0.0,0.0,0.0,0.0,0.0,-0.9291889602768271,18,0.02914065637259,<30,0.0
2_21,2,10,5.166395799079542,0.0,0.0,0.0,0.0,0.0,0.0,0.5286474147444253,20,0.051663957990795414,<30,0.0
2_21,2,11,3.8267039210873417,0.0,0.0,0.0,0.0,0.0,0.0,0.19830970088438704,22,0.03826703921087342,<30,0.0
2_21,2,12,2.1833427396475393,0.0,0.0,0.0,0.0,0.0,0.0,-1.1677802483293718,24,0.021833427396475393,<30,0.0
2_21,2,13,4.046764329415041,0.0,0.0,0.0,0.0,0.0,0.0,0.5090727415914962,26,0.0404676432941504,<30,0.0
2_21,2,14,5.42440261646372,0.0,0.0,0.0,0.0,0.0,0.0,1.0506384874088983,28,0.0542440261646372,<30,1.0
2_21,2,15,5.818483551604713,0.0,0.0,0.0,0.0,0.0,0.0,-0.03901106151787209,30,0.058184835516047126,30-34,1.0
2_21,2,16,12.443111794006104,0.0,0.0,0.0,0.0,0.0,0.0,2.7831359130846747,32,0.12443111794006104,30-34,1.0
2_21,2,17,36.653111622018756,0.0,0.0,4.264375086268501,0.0,1.0,0.0,8.971031721697571,34,0.3665311162201876,30-34,1.0
2_21,2,18,83.09245561496834,0.0,20.358750732239926,25.02176840443687,1.0,1.0,0.0,21.717821368882547,36,0.8309245561496834,35-40,1.0
2_21,2,19,94.00237434828317,0.0,22.13439755956906,21.981696370054053,1.0,1.0,1.0,9.902629700249836,38,0.9400237434828317,35-40,1.0
2_21,2,20,97.0125375700566,0.0,14.835202479279353,18.170385268813916,1.0,1.0,1.0,2.1427217101992633,40,0.9701253757005659,35-40,1.0
2_21,2,21,97.87007503877186,0.0,4.125869940316122,18.39586159311545,1.0,1.0,1.0,0.6047691028615911,42,0.9787007503877185,41-46,1.0
2_21,2,22,99.26226351290481,1.0,0.0,23.858202601432595,0.0,1.0,0.0,0.6942381987020573,44,0.9926226351290481,41-46,1.0
2_23,2,0,0.07626886279013205,0.0,0.0,0.0,0.0,0.0,0.0,0.07626886279013205,0,0.0007626886279013205,<30,0.0
2_23,2,1,0.25213683029175393,0.0,0.0,0.0,0.0,0.0,0.0,0.094071943661523,2,0.0025213683029175395,<30,0.0
2_23,2,2,2.1953262478732434,0.0,0.0,0.0,0.0,0.0,0.0,0.686299794565827,4,0.021953262478732433,<30,0.0
2_23,2,3,2.7854477423215336,0.0,0.0,0.0,0.0,0.0,0.0,0.5371358577238989,6,0.027854477423215337,<30,0.0
2_23,2,4,2.682205191521846,0.0,0.0,0.0,0.0,0.0,0.0,0.008744535523888583,8,0.02682205191521846,<30,0.0
2_23,2,5,2.4536022337531174,0.0,0.0,0.0,0.0,0.0,0.0,-0.09183594789263805,10,0.024536022337531174,<30,0.0
2_23,2,6,5.028451371758057,0.0,0.0,0.0,0.0,0.0,0.0,0.8831127454635272,12,0.05028451371758057,<30,0.0
2_23,2,7,4.643535282702061,0.0,0.0,0.0,0.0,0.0,0.0,0.3476767728895749,14,0.04643535282702061,<30,0.0
2_23,2,8,10.465209663810594,0.0,0.0,0.16490400022698193,0.0,1.0,0.0,1.7856584725236084,16,0.10465209663810594,<30,0.0
2_23,2,9,11.141356769555351,0.0,0.0,0.0,0.0,0.0,0.0,1.4999198569098962,18,0.11141356769555351,<30,0.0
2_23,2,10,27.988639453103687,0.0,5.917036704021118,9.525659805763638,1.0,1.0,0.0,5.391286747988014,20,0.27988639453103686,<30,0.0
2_23,2,11,18.591750167926662,0.0,0.0,0.5114031416862446,0.0,1.0,0.0,0.17430514166833144,22,0.18591750167926663,<30,0.0
2_23,2,12,8.011459229903725,0.0,0.0,0.0,0.0,0.0,0.0,-6.0936686706611365,24,0.08011459229903725,<30,0.0
2_23,2,13,2.404782537217148,0.0,0.0,0.0,0.0,0.0,0.0,-3.4905959818415444,26,0.02404782537217148,<30,0.0
2_23,2,14,2.0065939875263252,0.0,0.0,0.0,0.0,0.0,0.0,-0.7749070351952608,28,0.020065939875263252,<30,1.0
2_23,2,15,5.3312153013222865,0.0,0.0,0.0,0.0,0.0,0.0,1.2461037432111919,30,0.05331215301322287,30-34,1.0
2_23,2,16,17.720683651733978,0.0,0.0,0.0,0.0,0.0,0.0,4.72445605179613,32,0.1772068365173398,30-34,1.0
2_23,2,17,33.25924812754441,0.0,0.0,0.0,0.0,0.0,0.0,7.752626905684963,34,0.3325924812754441,30-34,1.0
2_23,2,18,77.0789441166172,1.0,14.345239233888776,21.494932271355587,1.0,1.0,0.0,17.75864907599914,36,0.770789441166172,35-40,1.0
2_3,2,0,0.5627536112953913,0.0,0.0,0.0,0.0,0.0,0.0,0.5627536112953913,0,0.0056275361129539125,<30,0.0
2_3,2,1,1.7123943496691547,0.0,0.0,0.0,0.0,0.0,0.0,0.7145874046341278,2,0.017123943496691548,<30,0.0
2_3,2,2,4.915354256507283,0.0,0.0,0.08258859734207258,0.0,1.0,0.0,1.163288305581811,4,0.04915354256507283,<30,0.0
2_3,2,3,13.737931566970957,0.0,3.057148230508254,3.655213704157572,1.0,1.0,0.0,3.88729783671187,6,0.13737931566970957,<30,0.0
2_3,2,4,17.432525954962884,0.0,5.352729509127867,4.976938813523448,1.0,1.0,1.0,2.4963333752304724,8,0.17432525954962885,<30,0.0
2_3,2,5,18.178038442169857,0.0,4.76052213395362,4.4146037070223585,1.0,1.0,1.0,0.7802939627397452,10,0.18178038442169858,<30,0.0
2_3,2,6,11.185832428392395,0.0,0.0,0.0,0.0,0.0,0.0,-2.4987190065285487,12,0.11185832428392395,<30,0.0
2_3,2,7,5.7270026097325815,0.0,0.0,0.0,0.0,0.0,0.0,-3.0632198727452318,14,0.057270026097325816,<30,0.0
2_3,2,8,3.0382697570038353,0.0,0.0,0.0,0.0,0.0,0.0,-1.755475557764473,16,0.030382697570038354,<30,0.0
2_3,2,9,2.2897230469489225,0.0,0.0,0.0,0.0,0.0,0.0,-0.5249871716456747,18,0.022897230469489226,<30,0.0
2_3,2,10,10.779387423509313,0.0,0.0,0.0,0.0,0.0,0.0,2.7175318717347485,20,0.10779387423509312,<30,0.0
2_3,2,11,15.849015454306532,0.0,0.0,0.0,0.0,0.0,0.0,3.574104788164435,22,0.1584901545430653,<30,0.0
2_3,2,12,27.25147067107347,0.0,2.1460586775929205,5.205703155820757,1.0,1.0,0.0,4.270518963882088,24,0.2725147067107347,<30,0.0
2_3,2,13,66.79609000904418,0.0,34.99233454890915,31.193024720294805,1.0,1.0,1.0,15.986051804483555,26,0.6679609000904417,<30,0.0
2_3,2,14,88.64757650064473,0.0,52.348601471842706,40.218745792460965,1.0,1.0,1.0,14.424324357491287,28,0.8864757650064473,<30,1.0
2_3,2,15,93.81385979705092,0.0,52.256705351193965,39.564768642710334,1.0,1.0,1.0,4.211810475410576,30,0.9381385979705092,30-34,1.0
2_3,2,16,97.20361707642135,1.0,51.18090182137718,41.24518463290339,1.0,1.0,1.0,2.0887053173713923,32,0.9720361707642136,30-34,1.0
2_5,2,0,0.20095366274609083,0.0,0.0,0.0,0.0,0.0,0.0,0.20095366274609083,0,0.0020095366274609085,<30,0.0
2_5,2,1,0.751387613290692,0.0,0.0,0.0,0.0,0.0,0.0,0.3051021790253462,2,0.007513876132906921,<30,0.0
2_5,2,2,2.0816457349438773,0.0,0.0,0.0,0.0,0.0,0.0,0.5176180748756978,4,0.020816457349438773,<30,0.0
2_5,2,3,1.5542514610485367,0.0,0.0,0.0,0.0,0.0,0.0,0.0941244885989614,6,0.015542514610485367,<30,0.0
2_5,2,4,2.1193050238019233,0.0,0.0,0.0,0.0,0.0,0.0,0.048363833178134745,8,0.021193050238019234,<30,0.0
2_5,2,5,1.0682846363976648,0.0,0.0,0.0,0.0,0.0,0.0,-0.2894760949632096,10,0.010682846363976648,<30,0.0
2_5,2,6,0.5884933819105695,0.0,0.0,0.0,0.0,0.0,0.0,-0.3500596891187839,12,0.005884933819105696,<30,0.0
2_5,2,7,1.3034895441172571,0.0,0.0,0.0,0.0,0.0,0.0,0.16958891331453724,14,0.013034895441172572,<30,0.0
2_5,2,8,6.857283640088735,0.0,0.0,0.0,0.0,0.0,0.0,2.149091955484219,16,0.06857283640088735,<30,0.0
2_5,2,9,8.763725758317783,0.0,0.0,0.0,0.0,0.0,0.0,1.5236661148084287,18,0.08763725758317782,<30,0.0
2_5,2,10,4.306386943498213,0.0,0.0,0.0,0.0,0.0,0.0,-1.3976873459090347,20,0.043063869434982124,<30,0.0
2_5,2,11,36.42146545932877,0.0,11.90628093281695,14.005164581324363,1.0,1.0,0.0,10.039958425306235,22,0.3642146545932877,<30,0.0
2_5,2,12,64.7569223441592,0.0,36.76785191384114,29.54054918211477,1.0,1.0,1.0,16.983151058668437,24,0.647569223441592,<30,0.0
2_5,2,13,92.88093241865889,0.0,61.07717695852386,44.467316031264176,1.0,1.0,1.0,13.895556526558792,26,0.9288093241865889,<30,0.0
2_5,2,14,85.78989583894621,0.0,49.49092081014418,31.701985338567376,1.0,1.0,1.0,0.7557949761958866,28,0.8578989583894621,<30,1.0
2_5,2,15,47.914727443510344,0.0,8.168466534643049,1.8905190286883702,1.0,1.0,1.0,-15.363652164386838,30,0.47914727443510347,30-34,1.0
2_5,2,16,42.90554834685122,1.0,0.0,0.0,0.0,0.0,0.0,-11.94197125129015,32,0.4290554834685122,30-34,1.0
2_7,2,0,0.0013908813434785248,0.0,0.0,0.0,0.0,0.0,0.0,0.0013908813434785248,0,1.3908813434785248e-05,<30,0.0
2_7,2,1,0.27049882279117704,0.0,0.0,0.0,0.0,0.0,0.0,0.09318312760274441,2,0.0027049882279117704,<30,0.0
2_7,2,2,0.954630147984742,0.0,0.0,0.0,0.0,0.0,0.0,0.311712715535717,4,0.00954630147984742,<30,0.0
2_7,2,3,0.5444936786376566,0.0,0.0,0.0,0.0,0.0,0.0,-0.10603781160857172,6,0.005444936786376566,<30,0.0
2_7,2,4,1.4175318615843433,0.0,0.0,0.0,0.0,0.0,0.0,0.2899563655895055,8,0.014175318615843433,<30,0.0
2_7,2,5,1.8897076973277063,0.0,0.0,0.0,0.0,0.0,0.0,0.28658736653992245,10,0.018897076973277062,<30,0.0
2_7,2,6,3.9990742855907753,0.0,0.0,0.0,0.0,0.0,0.0,0.8440614464391313,12,0.03999074285590775,<30,0.0
2_7,2,7,12.73802074222146,0.0,0.0,0.9694375753922104,0.0,1.0,0.0,3.4102141904262213,14,0.1273802074222146,<30,0.0
2_7,2,8,24.99982796526274,0.0,7.112658456470358,8.397353085563322,1.0,1.0,0.0,5.427703528614879,16,0.2499982796526274,<30,0.0
2_7,2,9,28.697093026273368,0.0,8.893123547685102,8.304922305896236,1.0,1.0,1.0,3.7664790044708365,18,0.2869709302627337,<30,0.0
2_7,2,10,41.0789213469729,0.0,19.00731859789033,16.909554222547715,1.0,1.0,1.0,4.52555358669456,20,0.41078921346972896,<30,0.0
2_7,2,11,49.6447796749857,0.0,24.872285045172504,22.58281839130961,1.0,1.0,1.0,4.88961934861177,22,0.496447796749857,<30,0.0
2_7,2,12,31.230267132903045,0.0,4.8364190433528975,5.332822451389859,1.0,1.0,1.0,-5.116538109804816,24,0.31230267132903045,<30,0.0
2_7,2,13,37.10118801935311,0.0,5.297432559218089,12.36376599038665,1.0,1.0,0.0,-1.9739339154050222,26,0.3710118801935311,<30,0.0
2_7,2,14,63.823001046003846,0.0,27.52402601720182,34.524495302656234,1.0,1.0,1.0,11.321551908592733,28,0.6382300104600385,<30,1.0
2_7,2,15,94.8635912216795,0.0,53.30643677582253,52.91070457238311,1.0,1.0,1.0,16.60449070978929,30,0.948635912216795,30-34,1.0
2_7,2,16,97.38890638460997,0.0,49.72818736377222,46.496315278237624,1.0,1.0,1.0,4.067351105767673,32,0.9738890638460996,30-34,1.0
2_7,2,17,97.86576638503662,0.0,43.17367232175437,41.49472232848842,1.0,1.0,1.0,0.23974408052534102,34,0.9786576638503662,30-34,1.0
2_7,2,18,94.73542743695953,0.0,32.0017225542311,40.75727567301874,1.0,1.0,1.0,-1.0031272461674638,36,0.9473542743695953,35-40,1.0
2_7,2,19,92.33173928419643,1.0,22.89035258510384,43.32802091673083,1.0,1.0,1.0,-1.8178382992746929,38,0.9233173928419643,35-40,1.0
2_8,2,0,0.005726762680569573,0.0,0.0,0.0,0.0,0.0,0.0,0.005726762680569573,0,5.7267626805695725e-05,<30,0.0
2_8,2,1,0.3432281842647411,0.0,0.0,0.0,0.0,0.0,0.0,0.13461044780096662,2,0.003432281842647411,<30,0.0
2_8,2,2,0.5325672323881085,0.0,0.0,0.0,0.0,0.0,0.0,0.1352113838104072,4,0.005325672323881085,<30,0.0
2_8,2,3,4.275710386713663,0.0,0.0,0.0,0.0,0.0,0.0,1.2879496519148999,6,0.04275710386713663,<30,0.0
2_8,2,4,42.45270419489223,1.0,30.372907749057212,23.55587632035645,1.0,1.0,0.0,13.665379361655214,8,0.42452704194892227,<30,0.0
2_9,2,0,0.22835751706810026,0.0,0.0,0.0,0.0,0.0,0.0,0.22835751706810026,0,0.0022835751706810027,<30,0.0
2_9,2,1,1.417397880031623,0.0,0.0,0.0,0.0,0.0,0.0,0.5711833490746727,2,0.014173978800316228,<30,0.0
2_9,2,2,9.027141817268534,0.0,2.331229909513686,2.315874862567296,1.0,1.0,0.0,2.735493321938548,4,0.09027141817268534,<30,0.0
2_9,2,3,42.57484502073594,0.0,31.894061684273236,22.70102258984173,1.0,1.0,1.0,13.32853874317924,6,0.4257484502073594,<30,0.0
2_9,2,4,77.55187550419032,0.0,65.47207905835529,43.37645596962514,1.0,1.0,1.0,18.229861521361535,8,0.7755187550419032,<30,0.0
2_9,2,5,63.350460606693034,0.0,49.9329442984768,25.514892151551635,1.0,1.0,1.0,-0.3651904912787458,10,0.6335046060669304,<30,0.0
2_9,2,6,49.03867223893447,0.0,34.262304005790185,14.020763846719337,1.0,1.0,1.0,-8.558162176917234,12,0.49038672238934466,<30,0.0
2_9,2,7,36.90726256106123,0.0,20.66848503090421,8.006662754609726,1.0,1.0,1.0,-5.846917856861737,14,0.3690726256106123,<30,0.0
2_9,2,8,17.031500735138685,0.0,2.4128568521588267,0.0,1.0,0.0,1.0,-8.877718566205068,16,0.17031500735138685,<30,0.0
2_9,2,9,8.680950876426689,0.0,0.0,0.0,0.0,0.0,0.0,-6.3355220747181065,18,0.0868095087642669,<30,0.0
2_9,2,10,33.94747665154307,0.0,11.875873902460505,8.10461283509563,1.0,1.0,0.0,8.257910031481945,20,0.3394747665154307,<30,0.0
2_9,2,11,61.75826768061411,0.0,36.985773050800915,30.936954889911693,1.0,1.0,1.0,14.87574290776651,22,0.6175826768061411,<30,0.0
2_9,2,12,34.09089742597945,0.0,7.539169609560588,4.985227647124482,1.0,1.0,1.0,-6.800018581360188,24,0.3409089742597945,<30,0.0
2_9,2,13,22.536000402606923,0.0,0.0,0.0,0.0,0.0,0.0,-9.349030256563411,26,0.22536000402606923,<30,0.0
2_9,2,14,40.152334927668385,0.0,3.8533598988663584,4.811099997233601,1.0,1.0,0.0,6.10047207019818,28,0.40152334927668387,<30,1.0
2_9,2,15,46.22216234112827,0.0,4.665007895271302,11.53002724717658,1.0,1.0,1.0,4.292834550849797,30,0.4622216234112827,30-34,1.0
2_9,2,16,67.62740601574487,0.0,19.96668699490712,28.172530179704136,1.0,1.0,1.0,8.817005840321139,32,0.6762740601574486,30-34,1.0
2_9,2,17,92.5609035540117,0.0,37.86880949072945,42.19455964203323,1.0,1.0,1.0,12.265536575463177,34,0.925609035540117,30-34,1.0
2_9,2,18,98.8782227315196,1.0,38.28763950308557,41.32587913607722,1.0,1.0,1.0,8.027835231136692,36,0.988782227315196,35-40,1.0
3_10,3,0,0.00012402512951601927,0.0,0.0,0.0,0.0,0.0,0.0,0.00012402512951601927,0,1.2402512951601926e-06,<30,0.0
3_10,3,1,0.027114796524695367,0.0,0.0,0.0,0.0,0.0,0.0,0.009476857728658868,2,0.00027114796524695367,<30,0.0
3_10,3,2,0.649525693829511,0.0,0.0,0.0,0.0,0.0,0.0,0.21559003845914415,4,0.00649525693829511,<30,0.0
3_10,3,3,1.8588086804945245,0.0,0.0,0.0,0.0,0.0,0.0,0.5594884246169006,6,0.018588086804945246,<30,0.0
3_10,3,4,8.88143133913902,0.0,0.0,1.2384755213533571,0.0,1.0,0.0,2.5539374749377495,8,0.0888143133913902,<30,0.0
3_10,3,5,47.457655877853625,0.0,34.04013956963739,26.7063224138689,1.0,1.0,0.0,14.524157636792737,10,0.4745765587785363,<30,0.0
3_10,3,6,74.4789327625201,0.0,59.70256452937583,39.980600123269944,1.0,1.0,1.0,17.04048709834344,12,0.744789327625201,<30,0.0
3_10,3,7,85.00516927160835,0.0,68.76639174145133,43.13344665398549,1.0,1.0,1.0,6.42437124507926,14,0.8500516927160835,<30,0.0
3_10,3,8,84.30849251241162,0.0,66.42132300361924,41.84241396732163,1.0,1.0,1.0,1.066507822225989,16,0.8430849251241161,<30,0.0
3_10,3,9,84.26418296166608,0.0,64.46021348307781,48.211908022218395,1.0,1.0,1.0,-0.24123588436009413,18,0.8426418296166608,<30,0.0
3_10,3,10,80.04101430134695,0.0,57.969411552264376,57.86550430105821,1.0,1.0,1.0,-1.4730652966583027,20,0.8004101430134695,<30,0.0
3_10,3,11,77.2303828055334,0.0,52.4578881757202,60.91240659336805,1.0,1.0,1.0,-1.9043478358308001,22,0.7723038280553339,<30,0.0
3_10,3,12,90.82390349492253,0.0,62.83483306460449,72.60528881310633,1.0,1.0,1.0,4.601039652236381,24,0.9082390349492253,<30,0.0
3_10,3,13,96.63521702809959,0.0,64.83146156796457,74.02705300291412,1.0,1.0,1.0,4.4821295485164425,26,0.9663521702809958,<30,0.0
3_10,3,14,93.36446846943126,0.0,57.06549344062923,67.40458059487278,1.0,1.0,1.0,-0.6174682197846053,28,0.9336446846943126,<30,1.0
3_10,3,15,81.95673178103229,1.0,41.815931647795196,53.88156027866323,1.0,1.0,1.0,-4.9194530502863545,30,0.8195673178103229,30-34,1.0
3_12,3,0,0.0,0.0,0.0,0.0,0.0,0.0,0.0,0.0,0,0.0,<30,0.0
3_12,3,1,0.004783420157758214,0.0,0.0,0.0,0.0,0.0,0.0,0.0015978601345261005,2,4.783420157758214e-05,<30,0.0
3_12,3,2,0.5689602017379463,0.0,0.0,0.0,0.0,0.0,0.0,0.18964662708210203,4,0.005689602017379463,<30,0.0
3_12,3,3,7.961258180857473,0.0,0.0,0.12643404194397156,0.0,1.0,0.0,2.6390002225985825,6,0.07961258180857472,<30,0.0
3_12,3,4,8.98774271814695,0.0,0.0,0.0,0.0,0.0,0.0,1.6941511229586634,8,0.0898774271814695,<30,0.0
3_12,3,5,31.808041785745317,0.0,18.390525477529074,15.908401071910067,1.0,1.0,0.0,7.724945592947428,10,0.31808041785745317,<30,0.0
3_12,3,6,59.12165959041086,0.0,44.34529135726658,31.807093780379383,1.0,1.0,1.0,14.53354703612004,12,0.5912165959041086,<30,0.0
3_12,3,7,73.3240276471443,0.0,57.08525011698728,39.269141636684026,1.0,1.0,1.0,7.637857702789743,14,0.7332402764714431,<30,0.0
3_12,3,8,80.91506043223015,0.0,63.02789092343778,43.366860847899034,1.0,1.0,1.0,5.838163759999209,16,0.8091506043223015,<30,0.0
3_12,3,9,85.30272790092587,0.0,65.4987584223376,49.061036813878815,1.0,1.0,1.0,1.5263465596380072,18,0.8530272790092588,<30,0.0
3_12,3,10,87.9279619165641,0.0,65.85635916748153,59.6797639767178,1.0,1.0,1.0,1.9393664905947503,20,0.879279619165641,<30,0.0
3_12,3,11,77.77864278324218,0.0,53.00614815342898,55.914240769560635,1.0,1.0,1.0,-3.088895653201668,22,0.7777864278324218,<30,0.0
3_12,3,12,57.07375028271652,0.0,29.084679852398473,33.632109111733385,1.0,1.0,1.0,-9.330998970098946,24,0.5707375028271652,<30,0.0
3_12,3,13,36.62449444241543,0.0,4.820738982280412,2.8154806339740333,1.0,1.0,1.0,-11.004142003174316,26,0.36624494442415434,<30,0.0
3_12,3,14,40.17954732964075,0.0,3.880572300838722,1.2745194635531263,1.0,1.0,1.0,-0.920017867017247,28,0.40179547329640747,<30,1.0
3_12,3,15,35.814674165879964,0.0,0.35491076716506953,0.0,1.0,0.0,1.0,-0.3152276645179425,30,0.3581467416587996,30-34,1.0
3_12,3,16,16.78590438397232,0.0,0.0,0.0,0.0,0.0,0.0,-8.340248191414771,32,0.1678590438397232,30-34,1.0
3_12,3,17,42.211053882024785,0.0,3.080233104242609,10.360471869104032,1.0,1.0,0.0,5.574942235429505,34,0.42211053882024785,30-34,1.0
3_12,3,18,83.39871325961596,0.0,20.66500837688755,30.651263788045497,1.0,1.0,1.0,21.95500958210613,36,0.8339871325961596,35-40,1.0
3_12,3,19,83.35216302741972,0.0,11.484186238705618,20.808756606489002,1.0,1.0,1.0,3.3779838973631278,38,0.8335216302741972,35-40,1.0
3_12,3,20,96.8060171444374,0.0,14.628682053660164,24.66000283513644,1.0,1.0,1.0,4.952632329208763,40,0.9680601714443741,35-40,1.0
3_12,3,21,99.64253981156571,1.0,8.95368065553916,22.233991194607142,1.0,1.0,1.0,4.580210134552677,42,0.9964253981156571,41-46,1.0
3_15,3,0,0.0,0.0,0.0,0.0,0.0,0.0,0.0,0.0,0,0.0,<30,0.0
3_15,3,1,0.0,0.0,0.0,0.0,0.0,0.0,0.0,0.0,2,0.0,<30,0.0
3_15,3,2,0.0034001331904586645,0.0,0.0,0.0,0.0,0.0,0.0,0.001133377730152888,4,3.400133190458665e-05,<30,0.0
3_15,3,3,0.07399405006796736,0.0,0.0,0.0,0.0,0.0,0.0,0.024664683355989116,6,0.0007399405006796736,<30,0.0
3_15,3,4,1.0324814702106584,0.0,0.0,0.0,0.0,0.0,0.0,0.3320061133945105,8,0.010324814702106585,<30,0.0
3_15,3,5,19.078847858933074,0.0,5.661331550716836,6.7410418881962,1.0,1.0,0.0,6.329785667212813,10,0.19078847858933073,<30,0.0
3_15,3,6,39.34817741949115,0.0,24.571809186346883,18.868895621544148,1.0,1.0,1.0,10.46775890470278,12,0.3934817741949115,<30,0.0
3_15,3,7,53.78826448141267,0.0,37.54948695125565,25.415525330712036,1.0,1.0,1.0,8.725896811435927,14,0.5378826448141267,<30,0.0
3_15,3,8,74.38917398639023,0.0,56.50200447759785,39.776706244748745,1.0,1.0,1.0,8.155192662479152,16,0.7438917398639023,<30,0.0
3_15,3,9,73.41931987221238,0.0,53.61535039362413,37.19618482272281,1.0,1.0,1.0,3.8682919781099976,18,0.7341931987221239,<30,0.0
3_15,3,10,47.30488691525356,0.0,25.233284166170993,17.058172656515488,1.0,1.0,1.0,-10.695054460546471,20,0.47304886915253563,<30,0.0
3_15,3,11,21.382474356605904,0.0,0.00700902434734374,0.0,1.0,0.0,1.0,-13.820971358865346,22,0.21382474356605904,<30,0.0
3_15,3,12,39.561986163164995,0.0,11.572915732846953,6.720302323798425,1.0,1.0,0.0,2.917666976791124,24,0.39561986163164997,<30,0.0
3_15,3,13,50.348597625213515,0.0,18.544842165078492,14.036911162408678,1.0,1.0,1.0,8.571364599668733,26,0.5034859762521351,<30,0.0
3_15,3,14,52.343507832753275,0.0,16.04453280395125,17.746311550471106,1.0,1.0,1.0,1.5417994410970182,28,0.5234350783275328,<30,1.0
3_15,3,15,25.211036453241146,0.0,0.0,0.0,0.0,0.0,0.0,-10.367435711452519,30,0.2521103645324115,30-34,1.0
3_15,3,16,21.89796218162537,0.0,0.0,0.0,0.0,0.0,0.0,-5.323207393209666,32,0.21897962181625372,30-34,1.0
3_15,3,17,18.92423252524175,0.0,0.0,0.0,0.0,0.0,0.0,-0.5513567154082182,34,0.1892423252524175,30-34,1.0
3_15,3,18,32.132808792740576,0.0,0.0,0.0,0.0,0.0,0.0,3.5688227095059157,36,0.32132808792740575,35-40,1.0
3_15,3,19,50.31663555169767,0.0,0.0,3.459611812328397,0.0,1.0,0.0,9.27712515096486,38,0.5031663555169767,35-40,1.0
3_15,3,20,80.10342108170092,0.0,1.2147279824269006,18.76707862990887,1.0,1.0,0.0,13.15903921713937,40,0.8010342108170092,35-40,1.0
3_15,3,21,91.8425779982328,0.0,0.6444105566605316,17.234791092386665,1.0,1.0,0.0,8.987912663298836,42,0.918425779982328,41-46,1.0
3_15,3,22,94.83258567417852,0.0,0.0,12.628981366267773,0.0,1.0,0.0,1.7250058618408795,44,0.9483258567417852,41-46,1.0
3_15,3,23,85.19555759818192,0.0,0.0,2.4804291021483778,0.0,1.0,0.0,-2.7305610440506927,46,0.8519555759818193,41-46,1.0
3_15,3,24,86.52468080265724,0.0,0.0,5.0964463694587465,0.0,1.0,0.0,-1.3800489425010034,48,0.8652468080265724,47-52,1.0
3_15,3,25,91.66169738274259,0.0,0.0,10.227376620389379,0.0,1.0,0.0,2.3992108551824907,50,0.9166169738274259,47-52,1.0
3_15,3,26,96.57587239754501,0.0,0.0,6.62541208693316,0.0,1.0,0.0,2.299895745687323,52,0.9657587239754502,47-52,1.0
3_15,3,27,97.75124640880102,0.0,0.0,0.09544423573922245,0.0,1.0,0.0,1.4571491497530218,54,0.9775124640880102,53-58,1.0
3_15,3,28,94.43603320134321,0.0,0.0,0.0,0.0,0.0,0.0,-1.2653116773270459,56,0.9443603320134321,53-58,1.0
3_15,3,29,95.72334420026152,0.0,0.0,0.0,0.0,0.0,0.0,-0.16618999468985626,58,0.9572334420026152,53-58,1.0
3_15,3,30,90.42595686826829,0.0,0.0,0.0,0.0,0.0,0.0,-1.3048764497625691,60,0.9042595686826829,59+,1.0
3_15,3,31,86.27743675251045,1.0,0.0,0.0,0.0,0.0,0.0,-3.3663008133926646,62,0.8627743675251045,59+,1.0
3_17,3,0,0.21211146602913006,0.0,0.0,0.0,0.0,0.0,0.0,0.21211146602913006,0,0.0021211146602913007,<30,0.0
3_17,3,1,2.8484340615271506,0.0,0.0,0.0,0.0,0.0,0.0,1.063791094789074,2,0.028484340615271508,<30,0.0
3_17,3,2,9.195548889939525,0.0,0.13145112899509304,0.9997448747746605,1.0,1.0,0.0,2.765852992743418,4,0.09195548889939525,<30,0.0
3_17,3,3,14.21815113496168,0.0,3.537367798498976,3.7792935661636964,1.0,1.0,1.0,2.6410914734579,6,0.1421815113496168,<30,0.0
3_17,3,4,23.551975014785327,0.0,11.47217856895031,9.919307822526479,1.0,1.0,1.0,4.143957165802734,8,0.23551975014785329,<30,0.0
3_17,3,5,41.229062245732266,0.0,27.81154593751603,22.226849569768966,1.0,1.0,1.0,7.649728386818323,10,0.4122906224573227,<30,0.0
3_17,3,6,72.58476051405043,0.0,57.80839228090616,43.84224721277006,1.0,1.0,1.0,13.984560353122028,12,0.7258476051405043,<30,0.0
3_17,3,7,64.3860949424252,0.0,48.14731741226818,32.093914442501074,1.0,1.0,1.0,2.1450473358550752,14,0.643860949424252,<30,0.0
3_17,3,8,52.20480498390796,0.0,34.31763547511558,22.391593873056458,1.0,1.0,1.0,-7.1344073181572805,16,0.5220480498390796,<30,0.0
3_17,3,9,38.27502400084328,0.0,18.471054522255017,12.075907659637826,1.0,1.0,1.0,-6.2561437150703405,18,0.38275024000843283,<30,0.0
3_17,3,10,20.781862140648837,0.0,2.0436560487981907,0.0,1.0,0.0,1.0,-8.159924460461792,20,0.20781862140648838,<30,0.0
3_17,3,11,9.03334001285689,0.0,0.0,0.0,0.0,0.0,0.0,-7.118495486986985,22,0.0903334001285689,<30,0.0
3_17,3,12,8.749464506003601,0.0,0.0,0.0,0.0,0.0,0.0,-1.4807822516110771,24,0.08749464506003601,<30,0.0
3_17,3,13,5.920388528858476,0.0,0.0,0.0,0.0,0.0,0.0,-0.6467647318450329,26,0.05920388528858476,<30,0.0
3_17,3,14,4.254034545366092,0.0,0.0,0.0,0.0,0.0,0.0,-1.342857345137855,28,0.042540345453660915,<30,1.0
3_17,3,15,4.090766346395279,0.0,0.0,0.0,0.0,0.0,0.0,-0.13128963139612773,30,0.04090766346395279,30-34,1.0
3_17,3,16,11.254265504172718,0.0,0.0,0.0,0.0,0.0,0.0,2.375185287780109,32,0.11254265504172718,30-34,1.0
3_17,3,17,47.288590012686214,1.0,0.0,8.318667160396728,0.0,1.0,0.0,14.35582721214684,34,0.47288590012686216,30-34,1.0
3_19,3,0,0.0,0.0,0.0,0.0,0.0,0.0,0.0,0.0,0,0.0,<30,0.0
3_19,3,1,0.0,0.0,0.0,0.0,0.0,0.0,0.0,0.0,2,0.0,<30,0.0
3_19,3,2,0.0,0.0,0.0,0.0,0.0,0.0,0.0,0.0,4,0.0,<30,0.0
3_19,3,3,0.04008962112652907,0.0,0.0,0.0,0.0,0.0,0.0,0.013363207042176358,6,0.0004008962112652907,<30,0.0
3_19,3,4,0.6012130079856821,0.0,0.0,0.0,0.0,0.0,0.0,0.20038061980319788,8,0.006012130079856821,<30,0.0
3_19,3,5,10.303513831276936,0.0,1.4470683521713887,2.588052397158868,1.0,1.0,0.0,3.359141987429233,10,0.10303513831276936,<30,0.0
3_19,3,6,52.631864689888445,0.0,37.85549645674417,29.21662476793045,1.0,1.0,1.0,16.74521254895289,12,0.5263186468988844,<30,0.0
3_19,3,7,79.2019528465737,0.0,62.96317531641668,41.3603277847405,1.0,1.0,1.0,17.022518841068468,14,0.7920195284657371,<30,0.0
3_19,3,8,63.80896117438097,0.0,45.921791665588586,21.984023343028507,1.0,1.0,1.0,-2.725187743885037,16,0.6380896117438097,<30,0.0
3_19,3,9,30.787638866041476,0.0,10.983669387453208,0.0,1.0,0.0,1.0,-15.44337969899199,18,0.3078763886604148,<30,0.0
3_19,3,10,24.50499947278994,0.0,2.4333967237073697,0.0,1.0,0.0,1.0,-6.551137789168454,20,0.2450499947278994,<30,0.0
3_19,3,11,19.239830752779213,0.0,0.0,0.0,0.0,0.0,0.0,-2.1487275455311767,22,0.19239830752779213,<30,0.0
3_19,3,12,22.16323835924103,0.0,0.0,0.0,0.0,0.0,0.0,-0.03511393964057771,24,0.2216323835924103,<30,0.0
3_19,3,13,14.08137925095401,0.0,0.0,0.0,0.0,0.0,0.0,-2.149275769748765,26,0.1408137925095401,<30,0.0
3_19,3,14,7.421545570081307,0.0,0.0,0.0,0.0,0.0,0.0,-3.9005027547941316,28,0.07421545570081306,<30,1.0
3_19,3,15,22.094706681827166,0.0,0.0,0.08025818964365783,0.0,1.0,0.0,4.182357851837978,30,0.22094706681827167,30-34,1.0
3_19,3,16,32.096335360558186,0.0,0.0,1.7100092166670926,0.0,1.0,0.0,6.879902201615664,32,0.32096335360558187,30-34,1.0
3_19,3,17,20.483527250513,0.0,0.0,0.0,0.0,0.0,0.0,-3.7263660359495017,34,0.20483527250513,30-34,1.0
3_19,3,18,27.037819953502876,0.0,0.0,0.0,0.0,0.0,0.0,0.3149434369711255,36,0.27037819953502873,35-40,1.0
3_19,3,19,29.096929098814474,0.0,0.0,0.0,0.0,0.0,0.0,2.782233375461342,38,0.2909692909881447,35-40,1.0
3_19,3,20,36.74399037442489,0.0,0.0,0.0,0.0,0.0,0.0,2.2393971414904748,40,0.3674399037442489,35-40,1.0
3_19,3,21,62.0523407680277,0.0,0.0,2.5698430902227756,0.0,1.0,0.0,10.743100792839211,42,0.620523407680277,41-46,1.0
3_19,3,22,72.905748228098,0.0,0.0,0.8504085191163071,0.0,1.0,0.0,7.60106915075829,44,0.7290574822809801,41-46,1.0
3_19,3,23,88.49732516947495,0.0,0.0,5.98178216779371,0.0,1.0,0.0,6.530117170535263,46,0.8849732516947495,41-46,1.0
3_19,3,24,97.32959303199665,0.0,0.0,5.040402940446604,0.0,1.0,0.0,5.96399804201757,48,0.9732959303199665,47-52,1.0
3_19,3,25,94.88681861989076,0.0,0.0,0.10004970786652478,0.0,1.0,0.0,0.04745658813485909,50,0.9488681861989076,47-52,1.0
3_19,3,26,91.57548661150949,0.0,0.0,0.0,0.0,0.0,0.0,-1.8649499714569493,52,0.9157548661150949,47-52,1.0
3_19,3,27,86.96310633924537,0.0,0.0,0.0,0.0,0.0,0.0,-1.8886067490103997,54,0.8696310633924537,53-58,1.0
3_19,3,28,87.51161341597629,0.0,0.0,0.0,0.0,0.0,0.0,-0.8031385646739082,56,0.8751161341597629,53-58,1.0
3_19,3,29,89.71940062835446,0.0,0.0,0.0,0.0,0.0,0.0,1.2713899888409963,58,0.8971940062835446,53-58,1.0
3_19,3,30,95.14418494369264,0.0,0.0,0.0,0.0,0.0,0.0,2.259841199523509,60,0.9514418494369263,59+,1.0
3_19,3,31,99.1022555843672,1.0,0.0,0.0,0.0,0.0,0.0,2.6234666609747754,62,0.991022555843672,59+,1.0
3_2,3,0,0.02529085713493073,0.0,0.0,0.0,0.0,0.0,0.0,0.02529085713493073,0,0.0002529085713493073,<30,0.0
3_2,3,1,0.25276652601517746,0.0,0.0,0.0,0.0,0.0,0.0,0.10090958760672238,2,0.002527665260151775,<30,0.0
3_2,3,2,0.41660988519874353,0.0,0.0,0.0,0.0,0.0,0.0,0.09713151815127781,4,0.0041660988519874355,<30,0.0
3_2,3,3,1.5062064640232427,0.0,0.0,0.0,0.0,0.0,0.0,0.4028899189453139,6,0.015062064640232426,<30,0.0
3_2,3,4,1.9089914850542398,0.0,0.0,0.0,0.0,0.0,0.0,0.33635664921452224,8,0.019089914850542396,<30,0.0
3_2,3,5,7.743045271481315,0.0,0.0,0.17335176998676083,0.0,1.0,0.0,2.0419102862188536,10,0.07743045271481315,<30,0.0
3_2,3,6,25.516896777023554,0.0,10.740528543879282,10.574462198640617,1.0,1.0,0.0,7.189212501433083,12,0.25516896777023557,<30,0.0
3_2,3,7,30.740827949088892,0.0,14.502050418931873,10.946975579186393,1.0,1.0,1.0,5.096629515970189,14,0.30740827949088895,<30,0.0
3_2,3,8,49.07483571378707,0.0,31.187666204994684,24.27251315373171,1.0,1.0,1.0,6.38646018686029,16,0.4907483571378707,<30,0.0
3_2,3,9,72.13172293136921,0.0,52.32775345278094,39.80612655698589,1.0,1.0,1.0,11.843753818709942,18,0.7213172293136921,<30,0.0
3_2,3,10,80.45535044467312,0.0,58.38374769559054,45.231198169699425,1.0,1.0,1.0,5.554988785684193,20,0.8045535044467311,<30,0.0
3_2,3,11,92.92460920561035,0.0,68.15211457579716,56.52349461281166,1.0,1.0,1.0,6.038528472928213,22,0.9292460920561035,<30,0.0
3_2,3,12,96.12449828126536,0.0,68.13542785094731,59.66099419643274,1.0,1.0,1.0,2.730573123281914,24,0.9612449828126536,<30,0.0
3_2,3,13,96.63762522408871,0.0,64.83386976395369,65.35862118212832,1.0,1.0,1.0,0.40444481856554637,26,0.9663762522408871,<30,0.0
3_2,3,14,98.60183879267544,0.0,62.30286376387341,70.87316136035209,1.0,1.0,1.0,0.8751073154155691,28,0.9860183879267543,<30,1.0
3_2,3,15,99.07488656042614,0.0,57.517732114569164,72.52708788410612,1.0,1.0,1.0,0.387142210472355,30,0.9907488656042613,30-34,1.0
3_2,3,16,99.60194377628493,1.0,53.57922852124075,73.8129232208702,1.0,1.0,1.0,0.2949424665764629,32,0.9960194377628493,30-34,1.0
3_21,3,0,5.67809177093398,0.0,1.4672086377059443,1.4672086377059443,1.0,1.0,0.0,5.67809177093398,0,0.0567809177093398,<30,0.0
3_21,3,1,45.37649754799472,0.0,36.37270206504809,23.465811950172537,1.0,1.0,1.0,17.907338386733183,2,0.45376497547994715,<30,0.0
3_21,3,2,53.72743030834054,0.0,44.0280021074753,25.484319651859654,1.0,1.0,1.0,10.452767770998964,4,0.5372743030834054,<30,0.0
3_21,3,3,38.31346482487497,0.0,27.632681488412267,12.527010975286514,1.0,1.0,1.0,-7.030096214235033,6,0.3831346482487497,<30,0.0
3_21,3,4,64.79327752506947,0.0,52.71348107923445,38.193819209615725,1.0,1.0,1.0,8.135265516602924,8,0.6479327752506947,<30,0.0
3_21,3,5,88.25616556500921,0.0,74.83864925679298,58.35172495382765,1.0,1.0,1.0,13.063041839589953,10,0.8825616556500921,<30,0.0
3_21,3,6,92.58009032593048,0.0,77.8037220927862,64.74406374835444,1.0,1.0,1.0,4.417812162979975,12,0.9258009032593049,<30,0.0
3_21,3,7,88.72549941944955,0.0,72.48672188929253,59.28392083386996,1.0,1.0,1.0,-1.1079624979548512,14,0.8872549941944955,<30,0.0
3_21,3,8,77.03947066236046,0.0,59.152301153568075,50.27300193996966,1.0,1.0,1.0,-4.750639459790284,16,0.7703947066236045,<30,0.0
3_21,3,9,50.77662675090123,0.0,30.972657272312965,27.022391582238455,1.0,1.0,1.0,-11.222117532797878,18,0.5077662675090123,<30,0.0
3_21,3,10,51.75597007141863,0.0,29.684367322336065,22.209925762883863,1.0,1.0,1.0,-4.464372957339102,20,0.5175597007141863,<30,0.0
3_21,3,11,63.34826320425785,0.0,38.57576857444465,33.554195094153584,1.0,1.0,1.0,6.761302828437794,22,0.6334826320425785,<30,0.0
3_21,3,12,54.33566542829179,0.0,26.346594997973746,25.792303261275283,1.0,1.0,1.0,-3.1237917539114903,24,0.5433566542829179,<30,0.0
3_21,3,13,29.467940411950682,0.0,1.8118444100059907,2.8314753707591365,1.0,1.0,1.0,-9.882018589936038,26,0.2946794041195068,<30,0.0
3_21,3,14,18.037871136402664,0.0,0.0,0.0,0.0,0.0,0.0,-8.164212018123564,28,0.18037871136402664,<30,1.0
3_21,3,15,12.362510785511615,0.0,0.0,0.0,0.0,0.0,0.0,-3.336879984216046,30,0.12362510785511616,30-34,1.0
3_21,3,16,10.43057888491921,0.0,0.0,0.0,0.0,0.0,0.0,-1.3396968921559824,32,0.1043057888491921,30-34,1.0
3_21,3,17,20.987780020278898,0.0,0.0,0.0,0.0,0.0,0.0,3.4265159889702117,34,0.20987780020278898,30-34,1.0
3_21,3,18,24.475888251096013,0.0,0.0,0.0,0.0,0.0,0.0,3.2254876539318555,36,0.24475888251096012,35-40,1.0
3_21,3,19,27.834787297798336,0.0,0.0,0.0,0.0,0.0,0.0,1.2168255192005728,38,0.27834787297798336,35-40,1.0
3_21,3,20,25.85713935786861,0.0,0.0,0.0,0.0,0.0,0.0,0.12505496533637184,40,0.25857139357868614,35-40,1.0
3_21,3,21,26.13880226248788,0.0,0.0,0.0,0.0,0.0,0.0,-0.5372858469610927,42,0.2613880226248788,41-46,1.0
3_21,3,22,21.852169076848487,0.0,0.0,0.0,0.0,0.0,0.0,-1.2964893156935187,44,0.21852169076848488,41-46,1.0
3_21,3,23,36.307945329557235,0.0,0.0,0.0,0.0,0.0,0.0,4.154945016464811,46,0.36307945329557234,41-46,1.0
3_21,3,24,60.041116861169684,0.0,0.0,0.0,0.0,0.0,0.0,11.207036789459547,48,0.6004111686116969,47-52,1.0
3_21,3,25,83.77177446367781,0.0,0.0,0.0,0.0,0.0,0.0,12.374920573726666,50,0.8377177446367782,47-52,1.0
3_21,3,26,83.86532874715527,0.0,0.0,0.0,0.0,0.0,0.0,2.696194103610047,52,0.8386532874715528,47-52,1.0
3_21,3,27,91.93640195848738,0.0,0.0,0.0,0.0,0.0,0.0,2.6647179404734587,54,0.9193640195848738,53-58,1.0
3_21,3,28,95.10199034112497,0.0,0.0,0.0,0.0,0.0,0.0,2.6076405995894683,56,0.9510199034112498,53-58,1.0
3_21,3,29,97.13823385221376,0.0,0.0,0.0,0.0,0.0,0.0,1.0853890989158923,58,0.9713823385221376,53-58,1.0
3_21,3,30,99.25281051425998,0.0,0.0,0.0,0.0,0.0,0.0,1.0326950347551054,60,0.9925281051425998,59+,1.0
3_21,3,31,99.8118577380847,1.0,0.0,0.0,0.0,0.0,0.0,0.43099191438529516,62,0.998118577380847,59+,1.0
3_4,3,0,0.0,0.0,0.0,0.0,0.0,0.0,0.0,0.0,0,0.0,<30,0.0
3_4,3,1,0.027127829537218182,0.0,0.0,0.0,0.0,0.0,0.0,0.009141915991328842,2,0.0002712782953721818,<30,0.0
3_4,3,2,3.7105619791907216,0.0,0.0,0.0,0.0,0.0,0.0,1.236655380772395,4,0.03710561979190721,<30,0.0
3_4,3,3,12.740610740493402,0.0,2.059827404030699,2.5783705060961397,1.0,1.0,0.0,4.078395276338703,6,0.12740610740493402,<30,0.0
3_4,3,4,45.90401071437701,0.0,33.82421426854199,25.340774651299977,1.0,1.0,1.0,12.275545466527424,8,0.4590401071437701,<30,0.0
3_4,3,5,56.13951261438429,0.0,42.72199630616805,27.615221310571634,1.0,1.0,1.0,10.351971395380875,10,0.5613951261438429,<30,0.0
3_4,3,6,73.66387595324254,0.0,58.88750772009826,39.65180820475733,1.0,1.0,1.0,6.521029898937092,12,0.7366387595324254,<30,0.0
3_4,3,7,92.94546034706035,0.0,76.70668281690332,55.21368004934932,1.0,1.0,1.0,9.706287756303238,14,0.9294546034706035,<30,0.0
3_4,3,8,98.8505057480323,0.0,80.96333623923992,62.397516613239546,1.0,1.0,1.0,4.680029099828228,16,0.988505057480323,<30,0.0
3_4,3,9,99.38949071310023,0.0,79.58552123451196,69.6982268558615,1.0,1.0,1.0,0.8523012784294508,18,0.9938949071310023,<30,0.0
3_4,3,10,98.20081626695912,0.0,76.12921351787656,71.98391068153121,1.0,1.0,1.0,-0.4583594649226773,20,0.9820081626695912,<30,0.0
3_4,3,11,83.87505865341446,0.0,59.10256402360126,62.59622518775599,1.0,1.0,1.0,-5.034514142965437,22,0.8387505865341446,<30,0.0
3_4,3,12,57.880262290766,0.0,29.891191860447954,29.277543719233606,1.0,1.0,1.0,-12.324628412664467,24,0.5788026229076599,<30,0.0
3_4,3,13,74.81523395481074,0.0,43.01147849467572,42.61480058882427,1.0,1.0,1.0,3.114094077163763,26,0.7481523395481073,<30,0.0
3_4,3,14,84.10649902669181,0.0,47.807523997889774,50.88942646341518,1.0,1.0,1.0,5.781063555355827,28,0.8410649902669181,<30,1.0
3_4,3,15,81.1591310481106,0.0,39.60197660225362,47.493143164160344,1.0,1.0,1.0,0.5648648255691122,30,0.811591310481106,30-34,1.0
3_4,3,16,76.0935311936109,0.0,28.432812172773154,42.3581063079539,1.0,1.0,1.0,-2.6973350246715384,32,0.760935311936109,30-34,1.0
3_4,3,17,89.23047844598324,0.0,34.53838438270099,52.72671146485244,1.0,1.0,1.0,3.90790911456736,34,0.8923047844598324,30-34,1.0
3_4,3,18,95.92879814645464,1.0,35.33821491802061,58.33456057590437,1.0,1.0,1.0,6.334546299883532,36,0.9592879814645464,35-40,1.0
3_6,3,0,0.0,0.0,0.0,0.0,0.0,0.0,0.0,0.0,0,0.0,<30,0.0
3_6,3,1,0.011655543311587812,0.0,0.0,0.0,0.0,0.0,0.0,0.0038869876358873794,2,0.00011655543311587812,<30,0.0
3_6,3,2,0.09744500868378855,0.0,0.0,0.0,0.0,0.0,0.0,0.0324780564972133,4,0.0009744500868378855,<30,0.0
3_6,3,3,0.4730222701345497,0.0,0.0,0.0,0.0,0.0,0.0,0.14160664028786746,6,0.004730222701345497,<30,0.0
3_6,3,4,6.787984764898896,0.0,0.0,0.4723324511159417,0.0,1.0,0.0,2.2110752289308144,8,0.06787984764898897,<30,0.0
3_6,3,5,28.195728305261326,0.0,14.778211997045087,12.973677210856547,1.0,1.0,0.0,8.688096531582858,10,0.28195728305261325,<30,0.0
3_6,3,6,54.12952476617789,0.0,39.35315653303361,28.193524041945935,1.0,1.0,1.0,12.906154883794642,12,0.5412952476617788,<30,0.0
3_6,3,7,63.57914533673216,0.0,47.340367806575145,31.00966749182716,1.0,1.0,1.0,6.779778618842836,14,0.6357914533673216,<30,0.0
3_6,3,8,77.21189686814806,0.0,59.32472735935568,41.04720937770081,1.0,1.0,1.0,6.125809165081321,16,0.7721189686814806,<30,0.0
3_6,3,9,92.26941538970823,0.0,72.46544591111996,55.58928392259435,1.0,1.0,1.0,7.561743255775525,18,0.9226941538970823,<30,0.0
3_6,3,10,81.6025067457418,0.0,59.530903996659234,50.67269442849675,1.0,1.0,1.0,-1.6055128532436906,20,0.8160250674574181,<30,0.0
3_6,3,11,57.89660322105688,0.0,33.12410859124368,31.660089724729673,1.0,1.0,1.0,-11.217928304697917,22,0.5789660322105687,<30,0.0
3_6,3,12,48.71975566788343,0.0,20.73068523756539,19.660391355054035,1.0,1.0,1.0,-6.1223428392589,24,0.48719755667883435,<30,0.0
3_6,3,13,43.37252416689522,0.0,11.568768706760201,8.644285234559224,1.0,1.0,1.0,-3.6879827550747537,26,0.43372524166895216,<30,0.0
3_6,3,14,37.23577449476996,0.0,3.1677598610325894,1.9436147665776708,1.0,1.0,1.0,-1.882966162224399,28,0.37235774494769963,<30,1.0
3_6,3,15,21.110414463351976,0.0,0.0,0.0,0.0,0.0,0.0,-7.3883622553627255,30,0.21110414463351976,30-34,1.0
3_6,3,16,21.22695160617181,0.0,0.0,0.0,0.0,0.0,0.0,-2.5116115648716932,32,0.2122695160617181,30-34,1.0
3_6,3,17,23.1272358889618,1.0,0.0,0.0,0.0,0.0,0.0,1.7925380461094182,34,0.231272358889618,30-34,1.0
3_8,3,0,0.36919535858931246,0.0,0.0,0.0,0.0,0.0,0.0,0.36919535858931246,0,0.003691953585893125,<30,0.0
3_8,3,1,3.4381586944081555,0.0,0.0,0.0,0.0,0.0,0.0,1.3060022429863205,2,0.034381586944081555,<30,0.0
3_8,3,2,8.810786694646008,0.0,0.06913950718381923,0.8550238455744852,1.0,1.0,0.0,2.4939650889850284,4,0.08810786694646008,<30,0.0
3_8,3,3,22.904855686196203,0.0,12.2240723497335,10.028755891246497,1.0,1.0,1.0,5.53884084521031,6,0.22904855686196204,<30,0.0
3_8,3,4,26.91081091258411,0.0,14.831014466749096,10.470199445839366,1.0,1.0,1.0,4.149996718207529,8,0.2691081091258411,<30,0.0
3_8,3,5,29.776571502771404,0.0,16.35905519455516,11.980745535346314,1.0,1.0,1.0,0.8547156023083431,10,0.29776571502771404,<30,0.0
3_8,3,6,36.59676952396981,0.0,21.820401290825536,18.459188197709057,1.0,1.0,1.0,3.1232761726619094,12,0.36596769523969813,<30,0.0
3_8,3,7,36.333781617679705,0.0,20.095004087522685,19.372805794763572,1.0,1.0,1.0,1.0881075382097976,14,0.36333781617679706,<30,0.0
3_8,3,8,29.604212335104798,0.0,11.717042826312415,15.852605521448499,1.0,1.0,1.0,-3.052961050173271,16,0.29604212335104796,<30,0.0
3_8,3,9,30.303282430228037,0.0,10.499312951639773,16.508793820030284,1.0,1.0,1.0,-0.3146428406602807,18,0.3030328243022804,<30,0.0
3_8,3,10,28.466987743657484,0.0,6.395384994574913,13.851023550004484,1.0,1.0,1.0,-0.6410338369539961,20,0.28466987743657485,<30,0.0
3_8,3,11,15.995739754845761,0.0,0.0,1.2052415471345217,0.0,1.0,0.0,-4.647858854053035,22,0.1599573975484576,<30,0.0
3_8,3,12,6.954322995476623,0.0,0.0,0.0,0.0,0.0,0.0,-5.480069791479515,24,0.06954322995476624,<30,0.0
3_8,3,13,4.951365943674304,0.0,0.0,0.0,0.0,0.0,0.0,-1.7573901648668175,26,0.04951365943674304,<30,0.0
3_8,3,14,3.631030174359764,0.0,0.0,0.0,0.0,0.0,0.0,-0.6099759390952034,28,0.03631030174359764,<30,1.0
3_8,3,15,3.508231870697916,0.0,0.0,0.0,0.0,0.0,0.0,-0.3098115797266086,30,0.03508231870697916,30-34,1.0
3_8,3,16,7.487493940967386,0.0,0.0,0.0,0.0,0.0,0.0,1.4598339022178788,32,0.07487493940967387,30-34,1.0
3_8,3,17,7.23042542397358,0.0,0.0,0.0,0.0,0.0,0.0,0.46397335663787437,34,0.0723042542397358,30-34,1.0
3_8,3,18,17.01296272925233,0.0,0.0,0.0,0.0,0.0,0.0,3.363440746346311,36,0.1701296272925233,35-40,1.0
3_8,3,19,18.779674847127247,0.0,0.0,0.0,0.0,0.0,0.0,2.643734260260773,38,0.18779674847127248,35-40,1.0
3_8,3,20,38.22474244443773,0.0,0.0,0.0,0.0,0.0,0.0,6.309114592767517,40,0.3822474244443773,35-40,1.0
3_8,3,21,67.13309996180115,0.0,0.0,0.338750582407922,0.0,1.0,0.0,14.360529819960018,42,0.6713309996180115,41-46,1.0
3_8,3,22,76.31324736508948,0.0,0.0,0.0,0.0,0.0,0.0,6.8465464672521765,44,0.7631324736508948,41-46,1.0
3_8,3,23,76.48087991019239,0.0,0.0,0.0,0.0,0.0,0.0,1.1106567697542076,46,0.7648087991019239,41-46,1.0
3_8,3,24,81.02412376806828,0.0,0.0,0.0,0.0,0.0,0.0,1.7472476758409599,48,0.8102412376806828,47-52,1.0
3_8,3,25,91.35320166172131,0.0,0.0,1.8456091225467333,0.0,1.0,0.0,4.009485920574487,50,0.9135320166172132,47-52,1.0
3_8,3,26,94.52850939979622,1.0,0.0,2.0595998611471344,0.0,1.0,0.0,4.37395869870852,52,0.9452850939979622,47-52,1.0
4_1,4,0,0.06861577310174491,0.0,0.0,0.0,0.0,0.0,0.0,0.06861577310174491,0,0.0006861577310174491,<30,0.0
4_1,4,1,0.18512690626602793,0.0,0.0,0.0,0.0,0.0,0.0,0.07942133211405787,2,0.0018512690626602793,<30,0.0
4_1,4,2,0.08336718303331714,0.0,0.0,0.0,0.0,0.0,0.0,-0.030507590073573038,4,0.0008336718303331714,<30,0.0
4_1,4,3,0.41240048310445077,0.0,0.0,0.0,0.0,0.0,0.0,0.09499403295023182,6,0.004124004831044508,<30,0.0
4_1,4,4,1.3759252126045058,0.0,0.0,0.0,0.0,0.0,0.0,0.4162353960325408,8,0.013759252126045058,<30,0.0
4_1,4,5,1.1668975480141475,0.0,0.0,0.0,0.0,0.0,0.0,0.07367146634497992,10,0.011668975480141475,<30,0.0
4_1,4,6,0.5537556867298311,0.0,0.0,0.0,0.0,0.0,0.0,-0.2934759224855967,12,0.005537556867298311,<30,0.0
4_1,4,7,0.6837580590323205,0.0,0.0,0.0,0.0,0.0,0.0,-0.02620456896806981,14,0.006837580590323205,<30,0.0
4_1,4,8,0.2651194246731797,0.0,0.0,0.0,0.0,0.0,0.0,-0.13458725789931866,16,0.0026511942467317973,<30,0.0
4_1,4,9,0.2173601931286508,0.0,0.0,0.0,0.0,0.0,0.0,-0.08044023598216894,18,0.002173601931286508,<30,0.0
4_1,4,10,0.4500883600263909,0.0,0.0,0.0,0.0,0.0,0.0,0.09583565661232471,20,0.004500883600263909,<30,0.0
4_1,4,11,0.7695462639665678,0.0,0.0,0.0,0.0,0.0,0.0,0.1263367058172556,22,0.007695462639665678,<30,0.0
4_1,4,12,18.435903838260504,0.0,0.0,2.88488058146517,0.0,1.0,0.0,6.023891440530371,24,0.18435903838260503,<30,0.0
4_1,4,13,70.54209763231893,0.0,38.738342172183906,31.692101866628203,1.0,1.0,0.0,21.91559076181027,26,0.7054209763231892,<30,0.0
4_1,4,14,78.81630265370664,1.0,43.73263881173527,29.287450761943013,1.0,1.0,1.0,16.768324417157817,28,0.7881630265370664,<30,1.0
4_11,4,0,0.24366198048168047,0.0,0.0,0.0,0.0,0.0,0.0,0.24366198048168047,0,0.002436619804816805,<30,0.0
4_11,4,1,0.8617116688444556,0.0,0.0,0.0,0.0,0.0,0.0,0.3533937017296652,2,0.008617116688444556,<30,0.0
4_11,4,2,1.6264943225213386,0.0,0.0,0.0,0.0,0.0,0.0,0.3286311564501927,4,0.016264943225213387,<30,0.0
4_11,4,3,3.844086230925104,0.0,0.0,0.0,0.0,0.0,0.0,0.8978224863925104,6,0.03844086230925104,<30,0.0
4_11,4,4,5.8501427871338505,0.0,0.0,0.0,0.0,0.0,0.0,1.1910487155057023,8,0.0585014278713385,<30,0.0
4_11,4,5,3.3930736283675773,0.0,0.0,0.0,0.0,0.0,0.0,-0.7740641162085891,10,0.03393073628367577,<30,0.0
4_11,4,6,2.3111594743591675,0.0,0.0,0.0,0.0,0.0,0.0,-0.7493061586321632,12,0.023111594743591674,<30,0.0
4_11,4,7,1.6310665144076983,0.0,0.0,0.0,0.0,0.0,0.0,-0.36919085520823114,14,0.016310665144076985,<30,0.0
4_11,4,8,2.6176579527710673,0.0,0.0,0.0,0.0,0.0,0.0,0.23295000429153614,16,0.026176579527710672,<30,0.0
4_11,4,9,14.216614052096064,0.0,0.0,2.1341151084819234,0.0,1.0,0.0,4.18861815083208,18,0.14216614052096063,<30,0.0
4_11,4,10,23.86928547161986,0.0,1.7976827225372922,4.608871915574488,1.0,1.0,0.0,5.870894649386107,20,0.2386928547161986,<30,0.0
4_11,4,11,17.511898886206026,0.0,0.0,0.0,0.0,0.0,0.0,-1.5388255573150293,22,0.17511898886206026,<30,0.0
4_11,4,12,6.64685435376131,0.0,0.0,0.0,0.0,0.0,0.0,-4.996837640475917,24,0.0664685435376131,<30,0.0
4_11,4,13,1.8651334113629892,0.0,0.0,0.0,0.0,0.0,0.0,-3.2461976806431068,26,0.018651334113629892,<30,0.0
4_11,4,14,1.8156387567001673,0.0,0.0,0.0,0.0,0.0,0.0,-0.5853052665978892,28,0.018156387567001674,<30,1.0
4_11,4,15,13.6714724015068,0.0,0.0,0.0,0.0,0.0,0.0,4.1899684341258165,30,0.136714724015068,30-34,1.0
4_11,4,16,24.610885534142696,0.0,0.0,0.0,0.0,0.0,0.0,6.375433867574953,32,0.24610885534142696,30-34,1.0
4_11,4,17,72.70378117548876,0.0,18.011687112206495,22.973083438501053,1.0,1.0,0.0,17.665405838363206,34,0.7270378117548876,30-34,1.0
4_11,4,18,90.45376195753667,0.0,27.720057074808253,25.093469405168214,1.0,1.0,1.0,14.732472404070819,36,0.9045376195753667,35-40,1.0
4_11,4,19,88.81088438182441,0.0,16.9429075931103,16.463517799471468,1.0,1.0,1.0,1.1616548767251182,38,0.8881088438182441,35-40,1.0
4_11,4,20,57.174975746094574,1.0,0.0,0.0,0.0,0.0,0.0,-11.621680880243858,40,0.5717497574609457,35-40,1.0
4_13,4,0,0.3267887151806632,0.0,0.0,0.0,0.0,0.0,0.0,0.3267887151806632,0,0.003267887151806632,<30,0.0
4_13,4,1,1.3620063029941056,0.0,0.0,0.0,0.0,0.0,0.0,0.5639099510395612,2,0.013620063029941057,<30,0.0
4_13,4,2,1.7837348464850602,0.0,0.0,0.0,0.0,0.0,0.0,0.2658330103517471,4,0.017837348464850602,<30,0.0
4_13,4,3,4.620652544029763,0.0,0.0,0.0,0.0,0.0,0.0,1.07656548661161,6,0.04620652544029763,<30,0.0
4_13,4,4,6.0631206009157355,0.0,0.0,0.0,0.0,0.0,0.0,1.0625222554334,8,0.060631206009157355,<30,0.0
4_13,4,5,3.329023948609576,0.0,0.0,0.0,0.0,0.0,0.0,-0.9864543598021809,10,0.03329023948609576,<30,0.0
4_13,4,6,2.5775164300492923,0.0,0.0,0.0,0.0,0.0,0.0,-0.6293846519212228,12,0.025775164300492922,<30,0.0
4_13,4,7,2.8894592568858126,0.0,0.0,0.0,0.0,0.0,0.0,0.03288202007217778,14,0.028894592568858127,<30,0.0
4_13,4,8,6.1850138105016725,0.0,0.0,0.0,0.0,0.0,0.0,1.2075555545499335,16,0.06185013810501672,<30,0.0
4_13,4,9,7.81265496209468,0.0,0.0,0.0,0.0,0.0,0.0,1.2741805116269735,18,0.0781265496209468,<30,0.0
4_13,4,10,7.87320377985129,0.0,0.0,0.0,0.0,0.0,0.0,0.07345424061918078,20,0.0787320377985129,<30,0.0
4_13,4,11,6.1988786768005415,0.0,0.0,0.0,0.0,0.0,0.0,-0.6749158023569861,22,0.06198878676800541,<30,0.0
4_13,4,12,3.581959963596308,0.0,0.0,0.0,0.0,0.0,0.0,-1.0721149049822465,24,0.03581959963596308,<30,0.0
4_13,4,13,4.074497682831398,0.0,0.0,0.0,0.0,0.0,0.0,-0.35161449308716614,26,0.040744976828313975,<30,0.0
4_13,4,14,3.9571432820648123,0.0,0.0,0.0,0.0,0.0,0.0,0.27567036455668303,28,0.03957143282064812,<30,1.0
4_13,4,15,4.035148651392171,0.0,0.0,0.0,0.0,0.0,0.0,-0.16157515644184572,30,0.04035148651392171,30-34,1.0
4_13,4,16,6.529011908013654,0.0,0.0,0.0,0.0,0.0,0.0,0.8950231761489974,32,0.06529011908013654,30-34,1.0
4_13,4,17,27.068359840805904,0.0,0.0,0.0,0.0,0.0,0.0,7.645083043879986,34,0.27068359840805906,30-34,1.0
4_13,4,18,62.887683494953365,0.0,2.2485113055008057,11.570333765981932,1.0,1.0,0.0,16.209694514408973,36,0.6288768349495336,35-40,1.0
4_13,4,19,65.29200989256475,0.0,0.9502699366143119,4.875304381014807,1.0,1.0,0.0,6.620975006466048,38,0.6529200989256475,35-40,1.0
4_13,4,20,34.231427345563546,0.0,0.0,0.0,0.0,0.0,0.0,-12.042153504869757,40,0.3423142734556355,35-40,1.0
4_13,4,21,20.26702232741117,0.0,0.0,0.0,0.0,0.0,0.0,-9.924320286375442,42,0.2026702232741117,41-46,1.0
4_13,4,22,58.579927891332694,0.0,0.0,0.0,0.0,0.0,0.0,11.995517088876378,44,0.585799278913327,41-46,1.0
4_13,4,23,68.79839118973355,0.0,0.0,0.0,0.0,0.0,0.0,10.888387711196305,46,0.6879839118973355,41-46,1.0
4_13,4,24,53.21191130161178,0.0,0.0,0.0,0.0,0.0,0.0,-5.423648192458597,48,0.5321191130161178,47-52,1.0
4_13,4,25,60.907440493853194,0.0,0.0,0.0,0.0,0.0,0.0,-0.6530557274906754,50,0.6090744049385319,47-52,1.0
4_13,4,26,82.83116027908517,0.0,0.0,0.0,0.0,0.0,0.0,11.113949981814699,52,0.8283116027908517,47-52,1.0
4_13,4,27,88.96580986403188,0.0,0.0,0.0,0.0,0.0,0.0,4.776260241644231,54,0.8896580986403189,53-58,1.0
4_13,4,28,87.76809545807976,0.0,0.0,0.0,0.0,0.0,0.0,-0.3661376954796604,56,0.8776809545807975,53-58,1.0
4_13,4,29,80.73943764146857,0.0,0.0,0.0,0.0,0.0,0.0,-1.8645848829496618,58,0.8073943764146857,53-58,1.0
4_13,4,30,77.41526894602329,0.0,0.0,0.0,0.0,0.0,0.0,-3.154381256710977,60,0.7741526894602329,59+,1.0
4_13,4,31,86.52262847287608,1.0,0.0,0.0,0.0,0.0,0.0,3.1067655228625597,62,0.8652262847287608,59+,1.0
4_15,4,0,0.3967199486499724,0.0,0.0,0.0,0.0,0.0,0.0,0.3967199486499724,0,0.0039671994864997236,<30,0.0
4_15,4,1,1.5298847309312116,0.0,0.0,0.0,0.0,0.0,0.0,0.6314258204834966,2,0.015298847309312115,<30,0.0
4_15,4,2,1.4050458294865895,0.0,0.0,0.0,0.0,0.0,0.0,0.09318013993268688,4,0.014050458294865896,<30,0.0
4_15,4,3,2.3164678400850742,0.0,0.0,0.0,0.0,0.0,0.0,0.2565734001447908,6,0.023164678400850743,<30,0.0
4_15,4,4,2.462105106701444,0.0,0.0,0.0,0.0,0.0,0.0,0.33182084602521555,8,0.02462105106701444,<30,0.0
4_15,4,5,1.6239438010282428,0.0,0.0,0.0,0.0,0.0,0.0,-0.4572558763325274,10,0.016239438010282426,<30,0.0
4_15,4,6,1.6929817577633228,0.0,0.0,0.0,0.0,0.0,0.0,-0.020402159243738043,12,0.01692981757763323,<30,0.0
4_15,4,7,1.7733941922764527,0.0,0.0,0.0,0.0,0.0,0.0,0.02503620352232176,14,0.017733941922764528,<30,0.0
4_15,4,8,3.763110825046714,0.0,0.0,0.0,0.0,0.0,0.0,0.6931694440672429,16,0.03763110825046714,<30,0.0
4_15,4,9,11.937870945473758,0.0,0.0,0.0,0.0,0.0,0.0,3.2168320043448153,18,0.11937870945473758,<30,0.0
4_15,4,10,11.14895676667375,0.0,0.0,0.0,0.0,0.0,0.0,1.2171512925547514,20,0.11148956766673751,<30,0.0
4_15,4,11,15.955610671808529,0.0,0.0,0.0,0.0,0.0,0.0,1.1574052460521045,22,0.1595561067180853,<30,0.0
4_15,4,12,9.103115033357543,0.0,0.0,0.0,0.0,0.0,0.0,-1.603398870407816,24,0.09103115033357544,<30,0.0
4_15,4,13,6.178484896169249,0.0,0.0,0.0,0.0,0.0,0.0,-2.212827445962296,26,0.06178484896169249,<30,0.0
4_15,4,14,6.202881924932737,0.0,0.0,0.0,0.0,0.0,0.0,-0.30371151288541265,28,0.06202881924932737,<30,1.0
4_15,4,15,24.81371928093718,0.0,0.0,2.451260798344876,0.0,1.0,0.0,6.386838308271479,30,0.24813719280937177,30-34,1.0
4_15,4,16,58.81802083616762,0.0,11.157301815329873,17.22885453567026,1.0,1.0,0.0,15.990613049855988,32,0.5881802083616762,30-34,1.0
4_15,4,17,61.61197239964732,0.0,6.919878336365066,10.361188951696782,1.0,1.0,1.0,5.379458573724747,34,0.6161197239964732,30-34,1.0
4_15,4,18,89.19471477528515,0.0,26.46100989255673,27.81708936566563,1.0,1.0,1.0,10.115105104739122,36,0.8919471477528514,35-40,1.0
4_15,4,19,95.98965681753637,0.0,24.121680028822254,28.64447430594398,1.0,1.0,1.0,6.844196211611492,38,0.9598965681753637,35-40,1.0
4_15,4,20,76.42271857594469,0.0,1.655732490995966,12.850752009349087,1.0,1.0,1.0,-6.6406145843659585,40,0.7642271857594468,35-40,1.0
4_15,4,21,54.907904387094355,0.0,0.0,0.0,0.0,0.0,0.0,-11.127519151235733,42,0.5490790438709435,41-46,1.0
4_15,4,22,49.455693690023864,0.0,0.0,0.0,0.0,0.0,0.0,-4.934997275814117,44,0.49455693690023866,41-46,1.0
4_15,4,23,65.17917448566911,0.0,0.0,0.0,0.0,0.0,0.0,5.081560585622388,46,0.6517917448566911,41-46,1.0
4_15,4,24,61.753838242205504,0.0,0.0,0.0,0.0,0.0,0.0,2.0241412583396823,48,0.617538382422055,47-52,1.0
4_15,4,25,58.90292398372058,0.0,0.0,0.0,0.0,0.0,0.0,-2.897778036311147,50,0.5890292398372058,47-52,1.0
4_15,4,26,81.97837948938988,0.0,0.0,0.0,0.0,0.0,0.0,8.42153680097706,52,0.8197837948938989,47-52,1.0
4_15,4,27,94.18996912200525,0.0,0.0,0.0,0.0,0.0,0.0,8.437882588407792,54,0.9418996912200526,53-58,1.0
4_15,4,28,84.48455921669765,0.0,0.0,0.0,0.0,0.0,0.0,-2.2551806459181947,56,0.8448455921669765,53-58,1.0
4_15,4,29,74.70589222292587,1.0,0.0,0.0,0.0,0.0,0.0,-6.497030567047209,58,0.7470589222292587,53-58,1.0
4_17,4,0,0.21620058233186282,0.0,0.0,0.0,0.0,0.0,0.0,0.21620058233186282,0,0.0021620058233186284,<30,0.0
4_17,4,1,0.6157040742697943,0.0,0.0,0.0,0.0,0.0,0.0,0.26173468472382133,2,0.006157040742697944,<30,0.0
4_17,4,2,1.1315597608094166,0.0,0.0,0.0,0.0,0.0,0.0,0.19211973955807146,4,0.011315597608094165,<30,0.0
4_17,4,3,2.0604765897142183,0.0,0.0,0.0,0.0,0.0,0.0,0.47157171391887587,6,0.020604765897142184,<30,0.0
4_17,4,4,3.1402773589307023,0.0,0.0,0.0,0.0,0.0,0.0,0.48401289952039295,8,0.03140277358930702,<30,0.0
4_17,4,5,1.7896952125029035,0.0,0.0,0.0,0.0,0.0,0.0,-0.34570364493227157,10,0.017896952125029036,<30,0.0
4_17,4,6,1.7135669451259843,0.0,0.0,0.0,0.0,0.0,0.0,-0.22673852154371296,12,0.01713566945125984,<30,0.0
4_17,4,7,1.995568295027597,0.0,0.0,0.0,0.0,0.0,0.0,0.08050726894996621,14,0.01995568295027597,<30,0.0
4_17,4,8,2.059124019789048,0.0,0.0,0.0,0.0,0.0,0.0,0.11465348066273236,16,0.02059124019789048,<30,0.0
4_17,4,9,2.0675803574156286,0.0,0.0,0.0,0.0,0.0,0.0,-0.026473030361694648,18,0.020675803574156285,<30,0.0
4_17,4,10,6.184369652986106,0.0,0.0,0.0,0.0,0.0,0.0,1.4263812170184504,20,0.06184369652986106,<30,0.0
4_17,4,11,5.888358626930199,0.0,0.0,0.0,0.0,0.0,0.0,0.7190393518284631,22,0.058883586269301985,<30,0.0
4_17,4,12,11.42729055378749,0.0,0.0,0.0,0.0,0.0,0.0,1.54867475021008,24,0.11427290553787489,<30,0.0
4_17,4,13,12.35716709816267,0.0,0.0,0.0,0.0,0.0,0.0,1.8887810622713612,26,0.12357167098162669,<30,0.0
4_17,4,14,6.35302963513916,0.0,0.0,0.0,0.0,0.0,0.0,-2.7867224170025073,28,0.0635302963513916,<30,1.0
4_17,4,15,12.675136245230272,0.0,0.0,0.0,0.0,0.0,0.0,1.3337054983161694,30,0.12675136245230273,30-34,1.0
4_17,4,16,22.175914058004672,0.0,0.0,0.0,0.0,0.0,0.0,5.310601282005704,32,0.22175914058004673,30-34,1.0
4_17,4,17,18.388491318407574,0.0,0.0,0.0,0.0,0.0,0.0,-0.9451411990378655,34,0.18388491318407574,30-34,1.0
4_17,4,18,19.79850763131393,0.0,0.0,0.0,0.0,0.0,0.0,0.2876555335150185,36,0.19798507631313933,35-40,1.0
4_17,4,19,35.679517328531645,0.0,0.0,0.4232433528918911,0.0,1.0,0.0,5.225120451600614,38,0.35679517328531646,35-40,1.0
4_17,4,20,54.18187788423003,0.0,0.0,3.081104406396694,0.0,1.0,0.0,11.220741556084366,40,0.5418187788423003,35-40,1.0
4_17,4,21,39.893605003144295,0.0,0.0,0.0,0.0,0.0,0.0,-5.089050442778692,42,0.39893605003144295,41-46,1.0
4_17,4,22,64.58576632551004,0.0,0.0,0.0,0.0,0.0,0.0,7.370169135410293,44,0.6458576632551004,41-46,1.0
4_17,4,23,43.372732845634715,0.0,0.0,0.0,0.0,0.0,0.0,-2.81598084331689,46,0.43372732845634715,41-46,1.0
4_17,4,24,36.146777483150714,1.0,0.0,0.0,0.0,0.0,0.0,-10.466371730054908,48,0.36146777483150716,47-52,1.0
4_18,4,0,0.31357022428588277,0.0,0.0,0.0,0.0,0.0,0.0,0.31357022428588277,0,0.003135702242858828,<30,0.0
4_18,4,1,1.013912012137881,0.0,0.0,0.0,0.0,0.0,0.0,0.4268546226633675,2,0.010139120121378811,<30,0.0
4_18,4,2,0.9416105164265105,0.0,0.0,0.0,0.0,0.0,0.0,0.031578860145394995,4,0.009416105164265104,<30,0.0
4_18,4,3,3.02643560255693,0.0,0.0,0.0,0.0,0.0,0.0,0.7134157258815648,6,0.0302643560255693,<30,0.0
4_18,4,4,3.9136141816167713,0.0,0.0,0.0,0.0,0.0,0.0,0.8042886250344199,8,0.039136141816167716,<30,0.0
4_18,4,5,2.3294592088439883,0.0,0.0,0.0,0.0,0.0,0.0,-0.6569648526629036,10,0.023294592088439883,<30,0.0
4_18,4,6,2.3117361415251447,0.0,0.0,0.0,0.0,0.0,0.0,-0.19387020918499553,12,0.023117361415251447,<30,0.0
4_18,4,7,2.3936886685534446,0.0,0.0,0.0,0.0,0.0,0.0,0.013519647842054727,14,0.023936886685534446,<30,0.0
4_18,4,8,1.6736780179215278,0.0,0.0,0.0,0.0,0.0,0.0,-0.1377476067299309,16,0.016736780179215278,<30,0.0
4_18,4,9,0.454204581496669,0.0,0.0,0.0,0.0,0.0,0.0,-0.6706616107989193,18,0.004542045814966689,<30,0.0
4_18,4,10,0.5441675820626191,0.0,0.0,0.0,0.0,0.0,0.0,-0.11330146046368919,20,0.00544167582062619,<30,0.0
4_18,4,11,18.163518882515977,0.0,1.3886184038860687,3.822295699996351,1.0,1.0,0.0,5.9754856223108614,22,0.18163518882515978,<30,0.0
4_18,4,12,66.38061346630346,0.0,38.39154303598541,31.390078503926574,1.0,1.0,1.0,20.632892870478567,24,0.6638061346630346,<30,0.0
4_18,4,13,87.94062826281649,0.0,56.13687280268146,37.705141652449015,1.0,1.0,1.0,15.5246384444009,26,0.8794062826281649,<30,0.0
4_18,4,14,72.02586119001063,0.0,35.72688616120861,16.941772855773074,1.0,1.0,1.0,-3.515152646279548,28,0.7202586119001063,<30,1.0
4_18,4,15,48.89663043519623,1.0,8.755830301959136,0.0,1.0,0.0,1.0,-13.385113372490897,30,0.4889663043519623,30-34,1.0
4_20,4,0,0.2845881170763138,0.0,0.0,0.0,0.0,0.0,0.0,0.2845881170763138,0,0.002845881170763138,<30,0.0
4_20,4,1,1.4228718572097967,0.0,0.0,0.0,0.0,0.0,0.0,0.5722059256063048,2,0.014228718572097968,<30,0.0
4_20,4,2,2.1323294767545837,0.0,0.0,0.0,0.0,0.0,0.0,0.42008317348667823,4,0.02132329476754584,<30,0.0
4_20,4,3,1.8505908866483771,0.0,0.0,0.0,0.0,0.0,0.0,-0.006340615694747864,6,0.01850590886648377,<30,0.0
4_20,4,4,2.9463715209744596,0.0,0.0,0.0,0.0,0.0,0.0,0.30081715933723996,8,0.029463715209744598,<30,0.0
4_20,4,5,2.185720601895091,0.0,0.0,0.0,0.0,0.0,0.0,-0.035275183894407286,10,0.02185720601895091,<30,0.0
4_20,4,6,0.8456714186396519,0.0,0.0,0.0,0.0,0.0,0.0,-0.6768318764852757,12,0.008456714186396519,<30,0.0
4_20,4,7,1.901950643578326,0.0,0.0,0.0,0.0,0.0,0.0,0.18122322447885275,14,0.01901950643578326,<30,0.0
4_20,4,8,2.620305776539989,0.0,0.0,0.0,0.0,0.0,0.0,0.5161820841960775,16,0.026203057765399888,<30,0.0
4_20,4,9,5.157601570681561,0.0,0.0,0.0,0.0,0.0,0.0,0.8822679861702992,18,0.05157601570681561,<30,0.0
4_20,4,10,10.460118294015125,0.0,0.0,0.0,0.0,0.0,0.0,2.5088338367348006,20,0.10460118294015125,<30,0.0
4_20,4,11,14.680413542799242,0.0,0.0,0.3125825634610724,0.0,1.0,0.0,1.902305152235062,22,0.14680413542799242,<30,0.0
4_20,4,12,17.926791095065767,0.0,0.0,0.1738787910666204,0.0,1.0,0.0,2.547145516535984,24,0.17926791095065767,<30,0.0
4_20,4,13,10.583624099600039,0.0,0.0,0.0,0.0,0.0,0.0,-2.999455564848905,26,0.10583624099600039,<30,0.0
4_20,4,14,5.436926075843205,0.0,0.0,0.0,0.0,0.0,0.0,-2.7932387314749754,28,0.05436926075843205,<30,1.0
4_20,4,15,4.283268889020213,0.0,0.0,0.0,0.0,0.0,0.0,-1.125412951370893,30,0.04283268889020213,30-34,1.0
4_20,4,16,2.2942136347411743,0.0,0.0,0.0,0.0,0.0,0.0,-0.6879806622000628,32,0.022942136347411744,30-34,1.0
4_20,4,17,0.6945103829681143,0.0,0.0,0.0,0.0,0.0,0.0,-1.0043404675887198,34,0.006945103829681143,30-34,1.0
4_20,4,18,2.357738279551267,0.0,0.0,0.0,0.0,0.0,0.0,0.3756305449460449,36,0.02357738279551267,35-40,1.0
4_20,4,19,5.213657792841735,0.0,0.0,0.0,0.0,0.0,0.0,1.4512397962452015,38,0.052136577928417346,35-40,1.0
4_20,4,20,1.9088920189052339,0.0,0.0,0.0,0.0,0.0,0.0,-0.9329886718251664,40,0.01908892018905234,35-40,1.0
4_20,4,21,10.288646302061025,0.0,0.0,0.0,0.0,0.0,0.0,2.2664438927471178,42,0.10288646302061025,41-46,1.0
4_20,4,22,28.785121130698688,0.0,0.0,0.0,0.0,0.0,0.0,8.79926341288801,44,0.2878512113069869,41-46,1.0
4_20,4,23,33.49101062962299,0.0,0.0,0.0,0.0,0.0,0.0,3.1157032173497443,46,0.3349101062962299,41-46,1.0
4_20,4,24,87.75953770036176,0.0,0.0,0.0,0.0,0.0,0.0,21.414351620201025,48,0.8775953770036176,47-52,1.0
4_20,4,25,92.1835063062107,0.0,0.0,0.0,0.0,0.0,0.0,9.126830165935957,50,0.921835063062107,47-52,1.0
4_20,4,26,98.98272847749112,0.0,0.0,0.0,0.0,0.0,0.0,2.6412801114538595,52,0.9898272847749112,47-52,1.0
4_20,4,27,87.97682180859414,0.0,0.0,0.0,0.0,0.0,0.0,-2.8480496227624954,54,0.8797682180859414,53-58,1.0
4_20,4,28,59.805650837715206,0.0,0.0,0.0,0.0,0.0,0.0,-12.664630474669579,56,0.5980565083771521,53-58,1.0
4_20,4,29,60.37568538442352,0.0,0.0,0.0,0.0,0.0,0.0,-3.803788947459752,58,0.6037568538442352,53-58,1.0
4_20,4,30,76.68147038309982,0.0,0.0,0.0,0.0,0.0,0.0,6.867055990661255,60,0.7668147038309983,59+,1.0
4_20,4,31,79.52592165856618,0.0,0.0,0.0,0.0,0.0,0.0,3.309424597212323,62,0.7952592165856618,59+,1.0
4_20,4,32,67.11790427823492,1.0,0.0,0.0,0.0,0.0,0.0,-3.843886209482752,64,0.6711790427823492,59+,1.0
4_22,4,0,0.511572318448313,0.0,0.0,0.0,0.0,0.0,0.0,0.511572318448313,0,0.005115723184483129,<30,0.0
4_22,4,1,1.4564598560968582,0.0,0.0,0.0,0.0,0.0,0.0,0.6135795008985552,2,0.014564598560968582,<30,0.0
4_22,4,2,2.169615290801173,0.0,0.0,0.0,0.0,0.0,0.0,0.29649522638508186,4,0.02169615290801173,<30,0.0
4_22,4,3,3.6675404503050313,0.0,0.0,0.0,0.0,0.0,0.0,0.7229262677341273,6,0.03667540450305031,<30,0.0
4_22,4,4,2.469333763427172,0.0,0.0,0.0,0.0,0.0,0.0,-0.2534735146836337,8,0.024693337634271718,<30,0.0
4_22,4,5,2.0244023974031427,0.0,0.0,0.0,0.0,0.0,0.0,-0.3799471516467151,10,0.020244023974031425,<30,0.0
4_22,4,6,1.9885193187987136,0.0,0.0,0.0,0.0,0.0,0.0,-0.0431266703455806,12,0.019885193187987135,<30,0.0
4_22,4,7,2.6918225132783444,0.0,0.0,0.0,0.0,0.0,0.0,0.2231058127200229,14,0.026918225132783444,<30,0.0
4_22,4,8,5.573453945271446,0.0,0.0,0.0,0.0,0.0,0.0,1.2073375353834659,16,0.055734539452714456,<30,0.0
4_22,4,9,3.0176583722174906,0.0,0.0,0.0,0.0,0.0,0.0,-0.5006317680553762,18,0.030176583722174907,<30,0.0
4_22,4,10,1.9911852928667504,0.0,0.0,0.0,0.0,0.0,0.0,-0.8976321756749928,20,0.019911852928667505,<30,0.0
4_22,4,11,10.466538987195168,0.0,0.0,0.0,0.0,0.0,0.0,2.8754256095076864,22,0.10466538987195168,<30,0.0
4_22,4,12,48.36103518661736,0.0,20.37196475629932,20.144344636212857,1.0,1.0,0.0,14.799050453455099,24,0.48361035186617357,<30,0.0
4_22,4,13,40.38113019304126,0.0,8.577374732906238,6.220765585819819,1.0,1.0,1.0,4.242707066678158,26,0.4038113019304126,<30,0.0
4_22,4,14,31.167817076628396,0.0,0.0,0.0,0.0,0.0,0.0,-7.063074505828889,28,0.31167817076628396,<30,1.0
4_22,4,15,70.40275882434003,1.0,28.845604378483067,27.675500329358826,1.0,1.0,0.0,13.64543731070312,30,0.7040275882434003,30-34,1.0
4_3,4,0,0.4855116532631243,0.0,0.0,0.0,0.0,0.0,0.0,0.4855116532631243,0,0.0048551165326312425,<30,0.0
4_3,4,1,1.7306819373394005,0.0,0.0,0.0,0.0,0.0,0.0,0.7219111387347993,2,0.017306819373394004,<30,0.0
4_3,4,2,1.734964552691863,0.0,0.0,0.0,0.0,0.0,0.0,0.126449980566248,4,0.01734964552691863,<30,0.0
4_3,4,3,1.647714789386412,0.0,0.0,0.0,0.0,0.0,0.0,-0.018054579868533132,6,0.01647714789386412,<30,0.0
4_3,4,4,1.5529170220903166,0.0,0.0,0.0,0.0,0.0,0.0,-0.06342915675681822,8,0.015529170220903166,<30,0.0
4_3,4,5,1.913718536831658,0.0,0.0,0.0,0.0,0.0,0.0,0.11543822354489686,10,0.01913718536831658,<30,0.0
4_3,4,6,1.5997494335724878,0.0,0.0,0.0,0.0,0.0,0.0,-0.031397500478195305,12,0.01599749433572488,<30,0.0
4_3,4,7,1.717684806072896,0.0,0.0,0.0,0.0,0.0,0.0,-0.0575126455621929,14,0.017176848060728958,<30,0.0
4_3,4,8,3.7731036212490423,0.0,0.0,0.0,0.0,0.0,0.0,0.7876635712035711,16,0.037731036212490424,<30,0.0
4_3,4,9,3.236110420237969,0.0,0.0,0.0,0.0,0.0,0.0,0.14816766959210503,18,0.03236110420237969,<30,0.0
4_3,4,10,5.1472022585634605,0.0,0.0,0.0,0.0,0.0,0.0,0.5283933193315146,20,0.0514720225856346,<30,0.0
4_3,4,11,4.7689430210707044,0.0,0.0,0.0,0.0,0.0,0.0,0.20868118520864282,22,0.04768943021070705,<30,0.0
4_3,4,12,18.823691936403407,0.0,0.0,2.986830135093781,0.0,1.0,0.0,4.568543033124684,24,0.18823691936403406,<30,0.0
4_3,4,13,53.62328331894109,0.0,21.81952785880607,21.327006111291986,1.0,1.0,0.0,15.38948280731255,26,0.536232833189411,<30,0.0
4_3,4,14,62.61193767233068,0.0,26.312962643528657,20.174550053557176,1.0,1.0,1.0,8.516485048080105,28,0.6261193767233069,<30,1.0
4_3,4,15,79.17672918813798,0.0,37.61957474228102,30.048760805180258,1.0,1.0,1.0,5.689947842754637,30,0.7917672918813798,30-34,1.0
4_3,4,16,88.61194701736181,0.0,40.95122799652407,34.908560031294535,1.0,1.0,1.0,7.379456340216855,32,0.8861194701736181,30-34,1.0
4_3,4,17,68.89369633212377,0.0,14.201602268841505,19.918327137100945,1.0,1.0,1.0,-6.603408888868971,34,0.6889369633212377,30-34,1.0
4_3,4,18,52.627566190168686,0.0,0.0,6.999766451189856,0.0,1.0,0.0,-9.895308741841657,36,0.5262756619016868,35-40,1.0
4_3,4,19,69.23412086394515,0.0,1.593743170722668,19.515530455860816,1.0,1.0,0.0,4.568439580287071,38,0.6923412086394515,35-40,1.0
4_3,4,20,62.413171351133656,0.0,0.0,10.413770253237505,0.0,1.0,0.0,1.6212977022940245,40,0.6241317135113366,35-40,1.0
4_3,4,21,28.903265696390854,0.0,0.0,0.0,0.0,0.0,0.0,-15.615677151581274,42,0.28903265696390856,41-46,1.0
4_3,4,22,32.24164045772906,0.0,0.0,0.0,0.0,0.0,0.0,-3.3639240515391213,44,0.3224164045772906,41-46,1.0
4_3,4,23,66.5194423880096,0.0,0.0,0.0,0.0,0.0,0.0,14.318644837828376,46,0.665194423880096,41-46,1.0
4_3,4,24,78.63536941987178,0.0,0.0,0.0,0.0,0.0,0.0,9.502017912794166,48,0.7863536941987178,47-52,1.0
4_3,4,25,68.37514628498305,0.0,0.0,0.0,0.0,0.0,0.0,-3.2291726335807427,50,0.6837514628498305,47-52,1.0
4_3,4,26,90.24575841049976,0.0,0.0,0.0,0.0,0.0,0.0,6.309393987379366,52,0.9024575841049977,47-52,1.0
4_3,4,27,83.02871407153555,0.0,0.0,0.0,0.0,0.0,0.0,1.9376255671034837,54,0.8302871407153555,53-58,1.0
4_3,4,28,69.79328650128278,1.0,0.0,0.0,0.0,0.0,0.0,-8.53704402937331,56,0.6979328650128278,53-58,1.0
4_5,4,0,0.4845249043737865,0.0,0.0,0.0,0.0,0.0,0.0,0.4845249043737865,0,0.004845249043737865,<30,0.0
4_5,4,1,2.3402890607514832,0.0,0.0,0.0,0.0,0.0,0.0,0.9396578010332768,2,0.023402890607514833,<30,0.0
4_5,4,2,2.8835948064997625,0.0,0.0,0.0,0.0,0.0,0.0,0.48056707247642727,4,0.028835948064997625,<30,0.0
4_5,4,3,1.6374253996814974,0.0,0.0,0.0,0.0,0.0,0.0,-0.44090023688748736,6,0.016374253996814973,<30,0.0
4_5,4,4,2.507988310117983,0.0,0.0,0.0,0.0,0.0,0.0,0.10424287219522571,8,0.02507988310117983,<30,0.0
4_5,4,5,1.6312140478935693,0.0,0.0,0.0,0.0,0.0,0.0,-0.09361733882028597,10,0.016312140478935692,<30,0.0
4_5,4,6,1.2442408919352959,0.0,0.0,0.0,0.0,0.0,0.0,-0.3648848687689841,12,0.012442408919352959,<30,0.0
4_5,4,7,1.5833624657346876,0.0,0.0,0.0,0.0,0.0,0.0,0.117035880286196,14,0.015833624657346876,<30,0.0
4_5,4,8,1.9165072492924993,0.0,0.0,0.0,0.0,0.0,0.0,0.18510768942747513,16,0.019165072492924994,<30,0.0
4_5,4,9,1.8434520821648075,0.0,0.0,0.0,0.0,0.0,0.0,0.0035248978648365252,18,0.018434520821648075,<30,0.0
4_5,4,10,2.080354028080301,0.0,0.0,0.0,0.0,0.0,0.0,0.0779029950866567,20,0.02080354028080301,<30,0.0
4_5,4,11,2.430884119186826,0.0,0.0,0.0,0.0,0.0,0.0,0.14671738771405196,22,0.02430884119186826,<30,0.0
4_5,4,12,2.568476567755576,0.0,0.0,0.0,0.0,0.0,0.0,0.140589328316118,24,0.02568476567755576,<30,0.0
4_5,4,13,1.0119372200488757,0.0,0.0,0.0,0.0,0.0,0.0,-0.5908475438001665,26,0.010119372200488757,<30,0.0
4_5,4,14,0.2693366466121944,0.0,0.0,0.0,0.0,0.0,0.0,-0.5017204910880725,28,0.002693366466121944,<30,1.0
4_5,4,15,0.12005670821873105,0.0,0.0,0.0,0.0,0.0,0.0,-0.1348464822971176,30,0.0012005670821873104,30-34,1.0
4_5,4,16,0.4960913147348066,0.0,0.0,0.0,0.0,0.0,0.0,0.11796728402267845,32,0.004960913147348066,30-34,1.0
4_5,4,17,1.6869397167655564,1.0,0.0,0.0,0.0,0.0,0.0,0.516154580539773,34,0.016869397167655564,30-34,1.0
4_7,4,0,0.5088068360184588,0.0,0.0,0.0,0.0,0.0,0.0,0.5088068360184588,0,0.005088068360184588,<30,0.0
4_7,4,1,1.8393337394383238,0.0,0.0,0.0,0.0,0.0,0.0,0.7710126070382934,2,0.018393337394383237,<30,0.0
4_7,4,2,1.3370275516092176,0.0,0.0,0.0,0.0,0.0,0.0,-0.039729149254118294,4,0.013370275516092177,<30,0.0
4_7,4,3,7.044418361342544,0.0,0.0,0.8389191489647736,0.0,1.0,0.0,1.830118516289155,6,0.07044418361342544,<30,0.0
4_7,4,4,8.571787587288561,0.0,0.0,0.5045386511837835,0.0,1.0,0.0,1.979940410682748,8,0.08571787587288561,<30,0.0
4_7,4,5,3.2947652508743817,0.0,0.0,0.0,0.0,0.0,0.0,-2.3577514774537254,10,0.03294765250874382,<30,0.0
4_7,4,6,1.7071041067833859,0.0,0.0,0.0,0.0,0.0,0.0,-1.1841401587431901,12,0.01707104106783386,<30,0.0
4_7,4,7,1.6709717081430808,0.0,0.0,0.0,0.0,0.0,0.0,-0.20847797607300167,14,0.01670971708143081,<30,0.0
4_7,4,8,6.4063605969516395,0.0,0.0,0.0,0.0,0.0,0.0,1.6460547347649268,16,0.0640636059695164,<30,0.0
4_7,4,9,8.95634031061164,0.0,0.0,0.0,0.0,0.0,0.0,2.1036923775535428,18,0.08956340310611641,<30,0.0
4_7,4,10,2.8757477555947446,0.0,0.0,0.0,0.0,0.0,0.0,-2.4923728062408306,20,0.028757477555947444,<30,0.0
4_7,4,11,16.67022891100657,0.0,0.6362261177837532,3.4462400138545757,1.0,1.0,0.0,3.8786769618665757,22,0.1667022891100657,<30,0.0
4_7,4,12,53.94549736990298,0.0,25.956426939584937,23.295619990061255,1.0,1.0,1.0,16.506568604615076,24,0.5394549736990298,<30,0.0
4_7,4,13,31.190720346114666,0.0,4.724269585273474,2.554129652101828,1.0,1.0,1.0,-2.400595640186362,26,0.31190720346114664,<30,0.0
4_7,4,14,11.162105345496506,0.0,0.0,0.0,0.0,0.0,0.0,-12.62999273281201,28,0.11162105345496506,<30,1.0
4_7,4,15,14.039795669533875,0.0,0.0,0.0,0.0,0.0,0.0,-1.2203956166717234,30,0.14039795669533875,30-34,1.0
4_7,4,16,22.290854270107193,0.0,0.0,0.0,0.0,0.0,0.0,4.443249102152306,32,0.22290854270107194,30-34,1.0
4_7,4,17,26.845572028879864,0.0,0.0,0.0,0.0,0.0,0.0,1.6383421517446397,34,0.26845572028879866,30-34,1.0
4_7,4,18,63.686373033222495,0.0,1.2907807202795425,15.023966081476239,1.0,1.0,0.0,14.640751767569865,36,0.636863730332225,35-40,1.0
4_7,4,19,65.90212473723514,0.0,0.258111293836059,7.803676227066973,1.0,1.0,0.0,5.750822550364225,38,0.6590212473723515,35-40,1.0
4_7,4,20,92.323115373505,0.0,10.145780282727763,24.14889064900558,1.0,1.0,1.0,10.57536155684927,40,0.92323115373505,35-40,1.0
4_7,4,21,97.79025173995365,0.0,4.046046641497902,22.116398553240707,1.0,1.0,1.0,5.366526482275832,42,0.9779025173995365,41-46,1.0
4_7,4,22,97.96869947004191,1.0,0.0,20.148808943546996,0.0,1.0,0.0,0.6310079477588127,44,0.9796869947004191,41-46,1.0
4_9,4,0,0.1700037525179582,0.0,0.0,0.0,0.0,0.0,0.0,0.1700037525179582,0,0.001700037525179582,<30,0.0
4_9,4,1,0.5811519728240133,0.0,0.0,0.0,0.0,0.0,0.0,0.24300488864576983,2,0.005811519728240133,<30,0.0
4_9,4,2,0.7863373893472598,0.0,0.0,0.0,0.0,0.0,0.0,0.10686941686756979,4,0.007863373893472598,<30,0.0
4_9,4,3,1.5758391405295369,0.0,0.0,0.0,0.0,0.0,0.0,0.32220797540672896,6,0.01575839140529537,<30,0.0
4_9,4,4,2.9299763648939128,0.0,0.0,0.0,0.0,0.0,0.0,0.6417313048569758,8,0.029299763648939128,<30,0.0
4_9,4,5,2.4423331395806316,0.0,0.0,0.0,0.0,0.0,0.0,-0.02781982480332472,10,0.024423331395806314,<30,0.0
4_9,4,6,2.407509875066305,0.0,0.0,0.0,0.0,0.0,0.0,-0.09374697660711077,12,0.02407509875066305,<30,0.0
4_9,4,7,2.1093272042731144,0.0,0.0,0.0,0.0,0.0,0.0,-0.09914681083348016,14,0.021093272042731145,<30,0.0
4_9,4,8,1.8716172066161696,0.0,0.0,0.0,0.0,0.0,0.0,-0.14541051212598669,16,0.018716172066161697,<30,0.0
4_9,4,9,7.009423794336185,0.0,0.0,0.0,0.0,0.0,0.0,1.7087806637230754,18,0.07009423794336185,<30,0.0
4_9,4,10,15.641880420280529,0.0,0.0,0.3051270737667977,0.0,1.0,0.0,4.207542125899185,20,0.1564188042028053,<30,0.0
4_9,4,11,11.161629520869878,0.0,0.0,0.0,0.0,0.0,0.0,-0.513937371988336,22,0.11161629520869878,<30,0.0
4_9,4,12,12.526337176769164,0.0,0.0,0.0,0.0,0.0,0.0,-0.6133947287842716,24,0.12526337176769164,<30,0.0
4_9,4,13,9.636974854430822,0.0,0.0,0.0,0.0,0.0,0.0,-0.021878114788191183,26,0.09636974854430821,<30,0.0
4_9,4,14,6.055134140140788,0.0,0.0,0.0,0.0,0.0,0.0,-2.4951523624387324,28,0.060551341401407874,<30,1.0
4_9,4,15,15.784349857965966,0.0,0.0,0.0,0.0,0.0,0.0,3.2223366853393616,30,0.15784349857965965,30-34,1.0
4_9,4,16,29.04229737864209,0.0,0.0,1.7045200070356543,0.0,1.0,0.0,6.193998426789724,32,0.2904229737864209,30-34,1.0
4_9,4,17,48.89691333747361,0.0,0.0,6.756287048696585,0.0,1.0,0.0,9.833722988709361,34,0.48896913337473613,30-34,1.0
4_9,4,18,69.88183836191892,0.0,7.148133479190502,16.6058141396103,1.0,1.0,0.0,8.7857405820412,36,0.6988183836191892,35-40,1.0
4_9,4,19,89.97015310674419,0.0,18.102176318030082,25.613454891315264,1.0,1.0,1.0,11.766511240824913,38,0.8997015310674419,35-40,1.0
4_9,4,20,98.03442123437725,0.0,15.857086143600014,27.476040062844987,1.0,1.0,1.0,5.390351786485176,40,0.9803442123437724,35-40,1.0
4_9,4,21,93.54462293771239,1.0,2.8557637816858374,21.780593417052316,1.0,1.0,1.0,-0.3015616705533593,42,0.9354462293771239,41-46,1.0
5_1,5,0,0.001401970520846956,0.0,0.0,0.0,0.0,0.0,0.0,0.001401970520846956,0,1.4019705208469561e-05,<30,0.0
5_1,5,1,0.12861648151897362,0.0,0.0,0.0,0.0,0.0,0.0,0.042993926012278555,2,0.0012861648151897363,<30,0.0
5_1,5,2,7.358607039532821,0.0,0.0,0.29143140521527755,0.0,1.0,0.0,2.45215815865875,4,0.0735860703953282,<30,0.0
5_1,5,3,7.166911817283498,0.0,0.0,0.0,0.0,0.0,0.0,1.396229906302178,6,0.07166911817283497,<30,0.0
5_1,5,4,7.574480143886961,0.0,0.0,0.0,0.0,0.0,0.0,-0.2952828569155527,8,0.07574480143886961,<30,0.0
5_1,5,5,21.8971653438219,0.0,8.47964903560566,8.799421410701212,1.0,1.0,0.0,5.339023525472265,10,0.218971653438219,<30,0.0
5_1,5,6,37.51268204661463,0.0,22.736313813470353,18.896773221806114,1.0,1.0,1.0,7.574112215178898,12,0.37512682046614626,<30,0.0
5_1,5,7,25.16885443425254,0.0,8.930076904095522,5.439131346515863,1.0,1.0,1.0,-1.5444004450205648,14,0.2516885443425254,<30,0.0
5_1,5,8,26.584017398526015,0.0,8.696847889733633,6.807986507592791,1.0,1.0,1.0,-2.3737428562931537,16,0.26584017398526016,<30,0.0
5_1,5,9,20.292605390095726,0.0,1.3789176470317788,1.9305830182690862,1.0,1.0,1.0,-1.5738047439059368,18,0.20292605390095728,<30,0.0
5_1,5,10,14.37603929362695,0.0,0.0,0.0,0.0,0.0,0.0,-3.1351865435826194,20,0.14376039293626952,<30,0.0
5_1,5,11,11.08660963609325,0.0,0.0,0.0,0.0,0.0,0.0,-2.0563244368529925,22,0.1108660963609325,<30,0.0
5_1,5,12,15.646682533996744,0.0,0.0,0.0,0.0,0.0,0.0,1.3594299367940366,24,0.15646682533996745,<30,0.0
5_1,5,13,28.448358003773606,0.0,1.7023337917500712,6.270781134476193,1.0,1.0,0.0,4.993049336843369,26,0.28448358003773605,<30,0.0
5_1,5,14,44.61764954031914,0.0,8.318674511517116,14.850345988084493,1.0,1.0,1.0,8.734498738091277,28,0.44617649540319143,<30,1.0
5_1,5,15,30.730675725405852,0.0,0.0,1.6165655520751514,0.0,1.0,0.0,-3.328591838811223,30,0.30730675725405854,30-34,1.0
5_1,5,16,13.316889617957052,0.0,0.0,0.0,0.0,0.0,0.0,-8.994255429859923,32,0.13316889617957053,30-34,1.0
5_1,5,17,8.996631339930182,0.0,0.0,0.0,0.0,0.0,0.0,-3.724134149515833,34,0.08996631339930182,30-34,1.0
5_1,5,18,9.14973482532287,0.0,0.0,0.0,0.0,0.0,0.0,-0.45625783961655186,36,0.0914973482532287,35-40,1.0
5_1,5,19,9.236456556058915,0.0,0.0,0.0,0.0,0.0,0.0,0.2788120911322771,38,0.09236456556058915,35-40,1.0
5_1,5,20,16.306864256193833,0.0,0.0,0.0,0.0,0.0,0.0,2.288847760731655,40,0.16306864256193834,35-40,1.0
5_1,5,21,15.770734550809053,0.0,0.0,0.0,0.0,0.0,0.0,1.3964505427222205,42,0.1577073455080905,41-46,1.0
5_1,5,22,10.40089762617719,1.0,0.0,0.0,0.0,0.0,0.0,-2.767152201866594,44,0.10400897626177191,41-46,1.0
5_11,5,0,1.7367031877808512,0.0,0.0,0.0,0.0,0.0,0.0,1.7367031877808512,0,0.01736703187780851,<30,0.0
5_11,5,1,6.328511946735419,0.0,0.0,0.06829316784521389,0.0,1.0,0.0,2.6666416058958187,2,0.06328511946735418,<30,0.0
5_11,5,2,3.950188564654744,0.0,0.0,0.0,0.0,0.0,0.0,-0.3764467883433941,4,0.03950188564654744,<30,0.0
5_11,5,3,5.340553504889137,0.0,0.0,0.0,0.0,0.0,0.0,0.1123765434088087,6,0.05340553504889137,<30,0.0
5_11,5,4,7.695323383325336,0.0,0.0,0.7826353190765598,0.0,1.0,0.0,1.0959938304999053,8,0.07695323383325336,<30,0.0
5_11,5,5,40.54028815767964,0.0,27.122771849463405,22.972509795021562,1.0,1.0,0.0,11.675904012423834,10,0.4054028815767964,<30,0.0
5_11,5,6,60.7960714023717,0.0,46.01970316922743,32.51145560272566,1.0,1.0,1.0,13.386801259562608,12,0.607960714023717,<30,0.0
5_11,5,7,52.858539601559876,0.0,36.61976207140286,20.73311251919363,1.0,1.0,1.0,-0.5618325062380385,14,0.5285853960155987,<30,0.0
5_11,5,8,27.874283623126868,0.0,9.987114114334485,1.7723300105450157,1.0,1.0,1.0,-10.826679728707852,16,0.27874283623126866,<30,0.0
5_11,5,9,13.09482562546771,0.0,0.0,0.0,0.0,0.0,0.0,-9.285628242839598,18,0.1309482562546771,<30,0.0
5_11,5,10,4.894616565718087,0.0,0.0,0.0,0.0,0.0,0.0,-4.442979841351711,20,0.048946165657180865,<30,0.0
5_11,5,11,2.409635781194668,0.0,0.0,0.0,0.0,0.0,0.0,-2.0985520247785168,22,0.02409635781194668,<30,0.0
5_11,5,12,4.3536468334933405,0.0,0.0,0.0,0.0,0.0,0.0,0.5913437606363295,24,0.0435364683349334,<30,0.0
5_11,5,13,7.748067504917456,0.0,0.0,0.0,0.0,0.0,0.0,1.3536142258314263,26,0.07748067504917457,<30,0.0
5_11,5,14,11.820544971164749,0.0,0.0,0.0,0.0,0.0,0.0,1.941785476818342,28,0.11820544971164748,<30,1.0
5_11,5,15,12.986109170257107,0.0,0.0,0.0,0.0,0.0,0.0,1.5203010345857246,30,0.12986109170257107,30-34,1.0
5_11,5,16,10.575243869318683,0.0,0.0,0.0,0.0,0.0,0.0,-1.2946482292629917,32,0.10575243869318683,30-34,1.0
5_11,5,17,10.10764755567472,0.0,0.0,0.0,0.0,0.0,0.0,-0.4123675392766861,34,0.1010764755567472,30-34,1.0
5_11,5,18,12.657435160964393,0.0,0.0,0.0,0.0,0.0,0.0,0.8731214495639126,36,0.12657435160964392,35-40,1.0
5_11,5,19,21.315777384681454,0.0,0.0,0.0,0.0,0.0,0.0,3.507677182526159,38,0.21315777384681453,35-40,1.0
5_11,5,20,19.804877014413577,0.0,0.0,0.0,0.0,0.0,0.0,1.1186420163703306,40,0.19804877014413577,35-40,1.0
5_11,5,21,14.724258954369189,0.0,0.0,0.0,0.0,0.0,0.0,-2.7145693387023204,42,0.14724258954369188,41-46,1.0
5_11,5,22,15.799251802675762,0.0,0.0,0.0,0.0,0.0,0.0,-0.2067609283990741,44,0.15799251802675762,41-46,1.0
5_11,5,23,23.006687415153184,0.0,0.0,0.0,0.0,0.0,0.0,2.716581950943901,46,0.23006687415153185,41-46,1.0
5_11,5,24,27.085112130448337,0.0,0.0,0.0,0.0,0.0,0.0,2.8200255556804885,48,0.27085112130448336,47-52,1.0
5_11,5,25,57.9355041555728,0.0,0.0,0.0,0.0,0.0,0.0,10.858014174664667,50,0.579355041555728,47-52,1.0
5_11,5,26,78.70660573315286,0.0,0.0,0.0,0.0,0.0,0.0,13.559745824302272,52,0.7870660573315286,47-52,1.0
5_11,5,27,81.06950750744618,0.0,0.0,0.0,0.0,0.0,0.0,2.834434304052145,54,0.8106950750744617,53-58,1.0
5_11,5,28,76.83349651103542,0.0,0.0,0.0,0.0,0.0,0.0,-1.532487369518087,56,0.7683349651103542,53-58,1.0
5_11,5,29,77.72920770509954,0.0,0.0,0.0,0.0,0.0,0.0,-0.12479139156591638,58,0.7772920770509955,53-58,1.0
5_11,5,30,66.40358165811247,0.0,0.0,0.0,0.0,0.0,0.0,-3.782854102473106,60,0.6640358165811248,59+,1.0
5_11,5,31,66.44142070920476,0.0,0.0,0.0,0.0,0.0,0.0,-2.2572530651057106,62,0.6644142070920477,59+,1.0
5_11,5,32,49.92902620941226,1.0,0.0,0.0,0.0,0.0,0.0,-4.536543891019295,64,0.4992902620941226,59+,1.0
5_14,5,0,0.28627519319881584,0.0,0.0,0.0,0.0,0.0,0.0,0.28627519319881584,0,0.0028627519319881583,<30,0.0
5_14,5,1,0.9327674930067605,0.0,0.0,0.0,0.0,0.0,0.0,0.35673016861107826,2,0.009327674930067606,<30,0.0
5_14,5,2,2.9227097800194874,0.0,0.0,0.0,0.0,0.0,0.0,0.7871961870559077,4,0.029227097800194876,<30,0.0
5_14,5,3,3.971677677230553,0.0,0.0,0.0,0.0,0.0,0.0,0.6295133125981243,6,0.039716776772305534,<30,0.0
5_14,5,4,3.9461383195952666,0.0,0.0,0.0,0.0,0.0,0.0,0.18128212989825912,8,0.039461383195952666,<30,0.0
5_14,5,5,3.6010232001220173,0.0,0.0,0.0,0.0,0.0,0.0,-0.18715120914441202,10,0.03601023200122017,<30,0.0
5_14,5,6,4.48264910874016,0.0,0.0,0.0,0.0,0.0,0.0,0.2750491393435612,12,0.0448264910874016,<30,0.0
5_14,5,7,14.785339893264794,0.0,0.3896652104899818,3.3785282265085703,1.0,1.0,0.0,3.8123296654630456,14,0.14785339893264793,<30,0.0
5_14,5,8,18.298321373549967,0.0,0.41115186475758314,3.618530233409885,1.0,1.0,1.0,3.0953894079350457,16,0.18298321373549967,<30,0.0
5_14,5,9,15.385077517156986,0.0,0.0,0.41719254274740436,0.0,1.0,0.0,-0.8027457313454835,18,0.15385077517156986,<30,0.0
5_14,5,10,8.186858822127116,0.0,0.0,0.0,0.0,0.0,0.0,-3.148517619213364,20,0.08186858822127116,<30,0.0
5_14,5,11,6.300395027414527,0.0,0.0,0.0,0.0,0.0,0.0,-1.8534469504298432,22,0.06300395027414527,<30,0.0
5_14,5,12,15.263120782963306,0.0,0.0,0.0,0.0,0.0,0.0,3.040941163894719,24,0.15263120782963305,<30,0.0
5_14,5,13,25.70081193619964,0.0,0.0,3.3350215926776787,0.0,1.0,0.0,5.433568324586431,26,0.2570081193619964,<30,0.0
5_14,5,14,25.14247035723767,0.0,0.0,0.11671262408572147,0.0,1.0,0.0,1.4513248142973232,28,0.2514247035723767,<30,1.0
5_14,5,15,44.3564360004392,0.0,3.4926772910175075,11.36458806934004,1.0,1.0,0.0,5.77347698380612,30,0.44356436000439203,30-34,1.0
5_14,5,16,42.331301106822764,0.0,0.0,4.5520622858429185,0.0,1.0,0.0,3.5423537448789406,32,0.42331301106822766,30-34,1.0
5_14,5,17,42.59281283623872,0.0,0.0,3.770940260686821,0.0,1.0,0.0,-1.7683120128633383,34,0.4259281283623872,30-34,1.0
5_14,5,18,21.07300310801769,0.0,0.0,0.0,0.0,0.0,0.0,-6.9480876746108535,36,0.2107300310801769,35-40,1.0
5_14,5,19,15.488341891835816,0.0,0.0,0.0,0.0,0.0,0.0,-5.864384451949115,38,0.15488341891835816,35-40,1.0
5_14,5,20,19.064172000452313,0.0,0.0,0.0,0.0,0.0,0.0,1.4977908841482361,40,0.19064172000452312,35-40,1.0
5_14,5,21,12.124827151051415,0.0,0.0,0.0,0.0,0.0,0.0,-2.4076282103168882,42,0.12124827151051415,41-46,1.0
5_14,5,22,7.871480716833943,1.0,0.0,0.0,0.0,0.0,0.0,-3.1855339138896213,44,0.07871480716833944,41-46,1.0
5_16,5,0,2.011432640335335,0.0,0.0,0.0,0.0,0.0,0.0,2.011432640335335,0,0.020114326403353353,<30,0.0
5_16,5,1,7.716048151017722,0.0,0.2836022955808222,1.0343920688752286,1.0,1.0,0.0,3.0450382213953553,2,0.07716048151017722,<30,0.0
5_16,5,2,16.179246229178137,0.0,6.479818028312901,5.699468607177648,1.0,1.0,1.0,3.7765601875020383,4,0.16179246229178137,<30,0.0
5_16,5,3,10.346707885185191,0.0,1.0572174969335961,0.7480542981816072,1.0,1.0,1.0,-0.8773175198397405,6,0.10346707885185191,<30,0.0
5_16,5,4,7.377786011997508,0.0,0.0,0.0,0.0,0.0,0.0,-2.305465619019964,8,0.07377786011997509,<30,0.0
5_16,5,5,12.888418327955508,0.0,0.0,1.9602359083639955,0.0,1.0,0.0,1.9075750615862046,10,0.1288841832795551,<30,0.0
5_16,5,6,12.307985183741526,0.0,0.0,1.847938347588304,0.0,1.0,0.0,0.5784938811347423,12,0.12307985183741525,<30,0.0
5_16,5,7,7.739799030554261,0.0,0.0,0.0,0.0,0.0,0.0,-1.7730139526583564,14,0.0773979903055426,<30,0.0
5_16,5,8,5.69958687733941,0.0,0.0,0.0,0.0,0.0,0.0,-1.6455202727247202,16,0.056995868773394104,<30,0.0
5_16,5,9,17.41830816677961,0.0,0.0,3.792692229233931,0.0,1.0,0.0,4.09493066990656,18,0.1741830816677961,<30,0.0
5_16,5,10,20.619780947981145,0.0,0.0,4.342999095038492,0.0,1.0,0.0,3.159110551960864,20,0.20619780947981145,<30,0.0
5_16,5,11,17.996481963855345,0.0,0.0,1.0083098919237976,0.0,1.0,0.0,-0.7543735102643296,22,0.17996481963855346,<30,0.0
5_16,5,12,9.614812034243352,0.0,0.0,0.0,0.0,0.0,0.0,-3.5296767118954784,24,0.09614812034243352,<30,0.0
5_16,5,13,8.496604104469162,0.0,0.0,0.0,0.0,0.0,0.0,-1.646624659472702,26,0.08496604104469162,<30,0.0
5_16,5,14,9.753807272498513,0.0,0.0,0.0,0.0,0.0,0.0,0.40483092654808284,28,0.09753807272498513,<30,1.0
5_16,5,15,11.049649397702279,0.0,0.0,0.0,0.0,0.0,0.0,0.9031832258034728,30,0.11049649397702278,30-34,1.0
5_16,5,16,8.277130851177752,0.0,0.0,0.0,0.0,0.0,0.0,-1.2024802034466733,32,0.08277130851177752,30-34,1.0
5_16,5,17,14.950935413695607,0.0,0.0,0.0,0.0,0.0,0.0,2.1831363416492913,34,0.14950935413695607,30-34,1.0
5_16,5,18,45.32557163649402,0.0,0.0,2.1158054611809014,0.0,1.0,0.0,11.68279257426433,36,0.45325571636494016,35-40,1.0
5_16,5,19,56.736808525478565,0.0,0.0,1.828657994334531,0.0,1.0,0.0,9.2081658628169,38,0.5673680852547857,35-40,1.0
5_16,5,20,54.72689980735648,0.0,0.0,0.0,0.0,0.0,0.0,0.5368892228385864,40,0.5472689980735648,35-40,1.0
5_16,5,21,32.03191560961809,0.0,0.0,0.0,0.0,0.0,0.0,-8.677775656384716,42,0.3203191560961809,41-46,1.0
5_16,5,22,20.723452354633324,0.0,0.0,0.0,0.0,0.0,0.0,-7.9604578807219895,44,0.20723452354633323,41-46,1.0
5_16,5,23,13.888390541547768,0.0,0.0,0.0,0.0,0.0,0.0,-3.384357554879445,46,0.13888390541547768,41-46,1.0
5_16,5,24,14.097907206790792,0.0,0.0,0.0,0.0,0.0,0.0,-1.1760397188454021,48,0.1409790720679079,47-52,1.0
5_16,5,25,10.024509005473057,0.0,0.0,0.0,0.0,0.0,0.0,-1.0803478759260676,50,0.10024509005473056,47-52,1.0
5_16,5,26,6.2403271158947495,0.0,0.0,0.0,0.0,0.0,0.0,-2.213080891305432,52,0.0624032711589475,47-52,1.0
5_16,5,27,8.55172511746978,0.0,0.0,0.0,0.0,0.0,0.0,0.5119356269243772,54,0.08551725117469781,53-58,1.0
5_16,5,28,5.465737405080345,0.0,0.0,0.0,0.0,0.0,0.0,-0.7878581674403314,56,0.05465737405080345,53-58,1.0
5_16,5,29,30.323789151907924,0.0,0.0,0.0,0.0,0.0,0.0,7.6991609465555655,58,0.30323789151907926,53-58,1.0
5_16,5,30,80.77953816821221,0.0,0.0,0.0,0.0,0.0,0.0,24.282277854968466,60,0.8077953816821222,59+,1.0
5_16,5,31,84.5949563155824,1.0,0.0,0.0,0.0,0.0,0.0,11.737051543831972,62,0.8459495631558239,59+,1.0
5_19,5,0,7.534657695024643,0.0,3.3237745617966077,3.3237745617966077,1.0,1.0,0.0,7.534657695024643,0,0.07534657695024644,<30,0.0
5_19,5,1,24.17963377036826,0.0,15.17583828742163,10.539383515199896,1.0,1.0,1.0,9.922255309004967,2,0.24179633770368258,<30,0.0
5_19,5,2,40.92374727244699,0.0,31.224319071581753,22.913966832693355,1.0,1.0,1.0,7.404941754709688,4,0.40923747272446986,<30,0.0
5_19,5,3,46.98759114271992,0.0,36.30680780625721,25.652070338428576,1.0,1.0,1.0,5.350491532404898,6,0.4698759114271992,<30,0.0
5_19,5,4,35.45265157161609,0.0,23.372855125781072,14.541832374793461,1.0,1.0,1.0,-3.872380206626088,8,0.3545265157161609,<30,0.0
5_19,5,5,30.96588091523558,0.0,17.54836460701934,12.503002989264157,1.0,1.0,1.0,-3.6401096447082653,10,0.3096588091523558,<30,0.0
5_19,5,6,23.323418238005075,0.0,8.547050004860804,7.575644002810708,1.0,1.0,1.0,-3.0775399119828606,12,0.23323418238005075,<30,0.0
5_19,5,7,14.728775475171112,0.0,0.0,0.0,0.0,0.0,0.0,-4.3908862976384935,14,0.14728775475171113,<30,0.0
5_19,5,8,14.390902574896014,0.0,0.0,0.0,0.0,0.0,0.0,-1.2415704798868235,16,0.14390902574896014,<30,0.0
5_19,5,9,32.82569372129612,0.0,13.021724242707856,14.68419261833586,1.0,1.0,0.0,6.44082133402633,18,0.3282569372129612,<30,0.0
5_19,5,10,37.981689908320284,0.0,15.910087159237715,17.636894421356324,1.0,1.0,1.0,5.44691185740827,20,0.3798168990832028,<30,0.0
5_19,5,11,38.575434890925195,0.0,13.802940261112001,15.697540479072508,1.0,1.0,1.0,-0.059007840694536184,22,0.3857543489092519,<30,0.0
5_19,5,12,42.98458419846246,0.0,14.995513768144415,17.432465210558366,1.0,1.0,1.0,2.2428931989522027,24,0.42984584198462455,<30,0.0
5_19,5,13,39.808736435904294,0.0,8.00498097576927,14.578512517642318,1.0,1.0,1.0,-0.5821412568792386,26,0.39808736435904296,<30,0.0
5_19,5,14,44.09331438995371,0.0,7.794339361151685,20.960063248672036,1.0,1.0,1.0,0.06899323020496584,28,0.44093314389953714,<30,1.0
5_19,5,15,59.45129856566171,0.0,17.894144119804743,30.10641354453606,1.0,1.0,1.0,7.941421947690259,30,0.5945129856566171,30-34,1.0
5_19,5,16,69.53132896132752,0.0,21.87060994048977,34.152787256040554,1.0,1.0,1.0,4.1304579186440264,32,0.6953132896132752,30-34,1.0
5_19,5,17,68.89542889653761,0.0,14.203334833255354,27.87330571519247,1.0,1.0,1.0,2.6435684624236706,34,0.6889542889653761,30-34,1.0
5_19,5,18,58.57512151964389,1.0,0.0,15.069265100336963,0.0,1.0,0.0,-5.301265735451568,36,0.5857512151964389,35-40,1.0
5_21,5,0,11.348561932036954,0.0,7.137678798808919,7.137678798808919,1.0,1.0,0.0,11.348561932036954,0,0.11348561932036955,<30,0.0
5_21,5,1,37.487153313518576,0.0,28.483357830571947,17.917319486942976,1.0,1.0,1.0,15.699570143124099,2,0.37487153313518573,<30,0.0
5_21,5,2,32.50689560835758,0.0,22.807467407492346,14.18485483764295,1.0,1.0,1.0,0.645073148204395,4,0.32506895608357583,<30,0.0
5_21,5,3,20.566703634860882,0.0,9.88592029839818,3.9637953284112584,1.0,1.0,1.0,-4.71299531230622,6,0.20566703634860883,<30,0.0
5_21,5,4,10.676989755875686,0.0,0.0,0.0,0.0,0.0,0.0,-6.005123215437512,8,0.10676989755875686,<30,0.0
5_21,5,5,6.403401960316783,0.0,0.0,0.0,0.0,0.0,0.0,-2.415833168993585,10,0.06403401960316783,<30,0.0
5_21,5,6,8.79425278339175,0.0,0.0,0.0,0.0,0.0,0.0,0.10719146347428127,12,0.0879425278339175,<30,0.0
5_21,5,7,11.772966382139463,0.0,0.0,0.0,0.0,0.0,0.0,1.714136289494216,14,0.11772966382139463,<30,0.0
5_21,5,8,10.534495586413087,0.0,0.0,0.0,0.0,0.0,0.0,-0.16427643515882254,16,0.10534495586413087,<30,0.0
5_21,5,9,8.912151721214912,0.0,0.0,0.0,0.0,0.0,0.0,-0.8102902618097632,18,0.08912151721214912,<30,0.0
5_21,5,10,10.296520002415106,0.0,0.0,0.0,0.0,0.0,0.0,0.24006211806038727,20,0.10296520002415105,<30,0.0
5_21,5,11,21.201968022830044,0.0,0.0,4.991484587034224,0.0,1.0,0.0,4.193032082022907,22,0.21201968022830045,<30,0.0
5_21,5,12,20.13584322541035,0.0,0.0,0.9929042224999165,0.0,1.0,0.0,1.377733195962594,24,0.20135843225410352,<30,0.0
5_21,5,13,22.449787339059327,0.0,0.0,1.5501400142904718,0.0,1.0,0.0,0.375863094344964,26,0.22449787339059327,<30,0.0
5_21,5,14,52.50798024532315,0.0,16.20900521652112,21.637936360749567,1.0,1.0,0.0,10.98109013631516,28,0.5250798024532315,<30,1.0
5_21,5,15,59.970330430262855,0.0,18.41317598440589,21.00933652208444,1.0,1.0,1.0,8.16505737298348,30,0.5997033043026285,30-34,1.0
5_21,5,16,62.82497317600347,0.0,15.164254155165722,19.82730837747965,1.0,1.0,1.0,0.6991520882534203,32,0.6282497317600346,30-34,1.0
5_21,5,17,64.3449121466588,0.0,9.652818083376538,18.118660349300235,1.0,1.0,1.0,1.4562993795077332,34,0.643449121466588,30-34,1.0
5_21,5,18,63.33367792401975,0.0,1.1644166741693738,18.09785325081372,1.0,1.0,1.0,-0.3683802557607928,36,0.6333367792401975,35-40,1.0
5_21,5,19,70.93360455925287,0.0,0.4200584486300656,29.688458698908498,1.0,1.0,0.0,2.5128279306200554,38,0.7093360455925287,35-40,1.0
5_21,5,20,83.4142840495903,0.0,1.487364000170821,34.507731164450405,1.0,1.0,0.0,6.058017247500651,40,0.8341428404959029,35-40,1.0
5_21,5,21,80.19907762654486,0.0,0.0,24.51737904330878,0.0,1.0,0.0,0.47367887311803014,42,0.8019907762654487,41-46,1.0
5_21,5,22,67.79996325384863,0.0,0.0,6.219047260528669,0.0,1.0,0.0,-5.199906247403083,44,0.6779996325384863,41-46,1.0
5_21,5,23,64.17645459939006,0.0,0.0,0.0,0.0,0.0,0.0,-3.4673860844274884,46,0.6417645459939005,41-46,1.0
5_21,5,24,58.68436624540608,1.0,0.0,0.0,0.0,0.0,0.0,-1.921431892771641,48,0.5868436624540608,47-52,1.0
5_3,5,0,3.06612368500972,0.0,0.0,0.0,0.0,0.0,0.0,3.06612368500972,0,0.030661236850097202,<30,0.0
5_3,5,1,16.36314404649064,0.0,7.359348563544012,5.936558240019633,1.0,1.0,0.0,6.596103125538757,2,0.16363144046490638,<30,0.0
5_3,5,2,20.523000362148682,0.0,10.823572161283447,8.085944982394144,1.0,1.0,1.0,3.5355153389625658,4,0.20523000362148683,<30,0.0
5_3,5,3,14.322574572086943,0.0,3.8133783238643355,2.676922656749457,1.0,1.0,1.0,-1.7216357232357768,6,0.14322574572086944,<30,0.0
5_3,5,4,11.488005063391373,0.0,0.5806569326726461,0.5478745014038156,1.0,1.0,0.0,-2.6773899100119314,8,0.11488005063391374,<30,0.0
5_3,5,5,26.458223762274258,0.0,13.040707454058019,13.219930906761562,1.0,1.0,1.0,5.469718678920593,10,0.2645822376227426,<30,0.0
5_3,5,6,36.19921865064278,0.0,21.422850417498502,20.160910179843405,1.0,1.0,1.0,6.530556907745385,12,0.3619921865064278,<30,0.0
5_3,5,7,29.702724134075257,0.0,13.463946603918238,12.151335728423911,1.0,1.0,1.0,-2.0078991818384644,14,0.2970272413407526,<30,0.0
5_3,5,8,23.260799156063268,0.0,5.373629647270885,4.928997409830281,1.0,1.0,1.0,-3.2237631483621696,16,0.23260799156063267,<30,0.0
5_3,5,9,27.736558440039644,0.0,7.932588961451378,10.110187101694933,1.0,1.0,1.0,0.5808169822908501,18,0.27736558440039644,<30,0.0
5_3,5,10,27.1534098487534,0.0,5.081807099670833,10.637524841453125,1.0,1.0,1.0,1.6110697984416582,20,0.271534098487534,<30,0.0
5_3,5,11,36.54646182170539,0.0,11.773967191892195,18.095426422297823,1.0,1.0,1.0,1.4292628724524759,22,0.36546461821705395,<30,0.0
5_3,5,12,54.68976152650532,0.0,26.700691096187278,29.29173362873044,1.0,1.0,1.0,9.976994045463627,24,0.5468976152650532,<30,0.0
5_3,5,13,43.96896412446661,0.0,12.165208664331592,15.600976830741738,1.0,1.0,1.0,-2.574620315887855,26,0.4396896412446661,<30,0.0
5_3,5,14,27.17831139057328,0.0,0.0,2.014965476729339,0.0,1.0,0.0,-7.275598969662672,28,0.2717831139057328,<30,1.0
5_3,5,15,15.643112820919772,1.0,0.0,0.0,0.0,0.0,0.0,-8.925654704201367,30,0.15643112820919772,30-34,1.0
5_5,5,0,0.15953119307972813,0.0,0.0,0.0,0.0,0.0,0.0,0.15953119307972813,0,0.0015953119307972813,<30,0.0
5_5,5,1,0.8797419574992085,0.0,0.0,0.0,0.0,0.0,0.0,0.3292626539111149,2,0.008797419574992084,<30,0.0
5_5,5,2,2.30075092387712,0.0,0.0,0.0,0.0,0.0,0.0,0.6417092407763731,4,0.0230075092387712,<30,0.0
5_5,5,3,0.7352363022509643,0.0,0.0,0.0,0.0,0.0,0.0,-0.43313007723952746,6,0.007352363022509642,<30,0.0
5_5,5,4,0.6225114068325522,0.0,0.0,0.0,0.0,0.0,0.0,-0.26434279460324583,8,0.006225114068325523,<30,0.0
5_5,5,5,2.1885026233003546,0.0,0.0,0.0,0.0,0.0,0.0,0.5947691843551138,10,0.021885026233003545,<30,0.0
5_5,5,6,4.830126567900963,0.0,0.0,0.0,0.0,0.0,0.0,1.083426894429143,12,0.04830126567900963,<30,0.0
5_5,5,7,11.059555483031167,0.0,0.0,0.3960607698873595,0.0,1.0,0.0,2.935481598501263,14,0.11059555483031167,<30,0.0
5_5,5,8,5.729391874780182,0.0,0.0,0.0,0.0,0.0,0.0,-1.2853464035982851,16,0.05729391874780182,<30,0.0
5_5,5,9,4.095943497407806,0.0,0.0,0.0,0.0,0.0,0.0,-1.5327053922671205,18,0.04095943497407806,<30,0.0
5_5,5,10,34.779687495746174,0.0,12.708084746663603,14.53743847246543,1.0,1.0,0.0,10.41174181178464,20,0.34779687495746175,<30,0.0
5_5,5,11,47.69973861191457,0.0,22.92724398210138,18.30026906368098,1.0,1.0,1.0,11.146871164269218,22,0.47699738611914566,<30,0.0
5_5,5,12,35.80941138009685,0.0,7.820340949778805,4.923713320622003,1.0,1.0,1.0,-3.9444856644642727,24,0.35809411380096845,<30,0.0
5_5,5,13,14.94361237496593,0.0,0.0,0.0,0.0,0.0,0.0,-9.771682538643113,26,0.1494361237496593,<30,0.0
5_5,5,14,18.275943642965274,0.0,0.0,0.0,0.0,0.0,0.0,-1.653019476069293,28,0.18275943642965273,<30,1.0
5_5,5,15,23.0761018874623,0.0,0.0,0.0,0.0,0.0,0.0,2.389742898744906,30,0.230761018874623,30-34,1.0
5_5,5,16,44.524999075511516,0.0,0.0,7.667540857946385,0.0,1.0,0.0,8.888008246332863,32,0.4452499907551152,30-34,1.0
5_5,5,17,61.67175021060829,0.0,6.979656147326033,17.77571249992859,1.0,1.0,0.0,9.187727674912443,34,0.6167175021060829,30-34,1.0
5_5,5,18,60.52573235038187,0.0,0.005074031075270824,9.436107366882926,1.0,1.0,1.0,1.864552925370905,36,0.6052573235038188,35-40,1.0
5_5,5,19,53.902219625137406,0.0,0.0,1.6377055913165925,0.0,1.0,0.0,-2.56321489937599,38,0.539022196251374,35-40,1.0
5_5,5,20,44.34827814766765,0.0,0.0,0.0,0.0,0.0,0.0,-4.722275170218982,40,0.44348278147667647,35-40,1.0
5_5,5,21,29.053662444893614,0.0,0.0,0.0,0.0,0.0,0.0,-6.696892299075267,42,0.29053662444893613,41-46,1.0
5_5,5,22,16.18157493252271,1.0,0.0,0.0,0.0,0.0,0.0,-8.483756007459517,44,0.1618157493252271,41-46,1.0
5_7,5,0,0.8306361385696385,0.0,0.0,0.0,0.0,0.0,0.0,0.8306361385696385,0,0.008306361385696385,<30,0.0
5_7,5,1,7.6132325165665,0.0,0.24683901685603882,0.8769186062250931,1.0,1.0,0.0,2.999757617290541,2,0.076132325165665,<30,0.0
5_7,5,2,8.655164754775278,0.0,0.0,0.30322640271072654,0.0,1.0,0.0,1.6841493151984637,4,0.08655164754775278,<30,0.0
5_7,5,3,6.115333147491842,0.0,0.0,0.0,0.0,0.0,0.0,-1.0740829441878637,6,0.06115333147491842,<30,0.0
5_7,5,4,2.6354472637495023,0.0,0.0,0.0,0.0,0.0,0.0,-1.7413075563992806,8,0.026354472637495022,<30,0.0
5_7,5,5,2.249513953390382,0.0,0.0,0.0,0.0,0.0,0.0,-0.5129403784976809,10,0.02249513953390382,<30,0.0
5_7,5,6,2.078922804155189,0.0,0.0,0.0,0.0,0.0,0.0,-0.17121300228637476,12,0.02078922804155189,<30,0.0
5_7,5,7,3.088349716448907,0.0,0.0,0.0,0.0,0.0,0.0,0.4583308391319058,14,0.030883497164489068,<30,0.0
5_7,5,8,5.2422904620484925,0.0,0.0,0.0,0.0,0.0,0.0,0.7869093760691941,16,0.05242290462048493,<30,0.0
5_7,5,9,5.494455194200601,0.0,0.0,0.0,0.0,0.0,0.0,0.6523619340833136,18,0.05494455194200601,<30,0.0
5_7,5,10,4.501913119234082,0.0,0.0,0.0,0.0,0.0,0.0,-0.546083741079453,20,0.04501913119234082,<30,0.0
5_7,5,11,2.9172401393539387,0.0,0.0,0.0,0.0,0.0,0.0,-0.71446598267265,22,0.029172401393539386,<30,0.0
5_7,5,12,2.051562641435087,0.0,0.0,0.0,0.0,0.0,0.0,-0.5058676535300194,24,0.020515626414350868,<30,0.0
5_7,5,13,6.652279891677166,0.0,0.0,0.0,0.0,0.0,0.0,1.4682964920809645,26,0.06652279891677165,<30,0.0
5_7,5,14,6.883556456915874,0.0,0.0,0.0,0.0,0.0,0.0,0.9357586930649715,28,0.06883556456915874,<30,1.0
5_7,5,15,7.597802426773369,0.0,0.0,0.0,0.0,0.0,0.0,0.12609820521183682,30,0.07597802426773369,30-34,1.0
5_7,5,16,8.872476270178506,0.0,0.0,0.0,0.0,0.0,0.0,0.64214511861194,32,0.08872476270178506,30-34,1.0
5_7,5,17,11.263186735674944,0.0,0.0,0.0,0.0,0.0,0.0,0.877492906989463,34,0.11263186735674945,30-34,1.0
5_7,5,18,10.609284672471796,0.0,0.0,0.0,0.0,0.0,0.0,0.4686323346503375,36,0.10609284672471796,35-40,1.0
5_7,5,19,9.327406277269336,0.0,0.0,0.0,0.0,0.0,0.0,-1.0272132097089983,38,0.09327406277269336,35-40,1.0
5_7,5,20,8.916865328908814,0.0,0.0,0.0,0.0,0.0,0.0,0.16742770645749164,40,0.08916865328908814,35-40,1.0
5_7,5,21,14.08010075974492,0.0,0.0,0.0,0.0,0.0,0.0,1.0173515234040873,42,0.14080100759744918,41-46,1.0
5_7,5,22,28.010221516646013,1.0,0.0,0.0,0.0,0.0,0.0,7.110668622104562,44,0.2801022151664601,41-46,1.0
5_9,5,0,0.0,0.0,0.0,0.0,0.0,0.0,0.0,0.0,0,0.0,<30,0.0
5_9,5,1,1.6747605916136001,0.0,0.0,0.0,0.0,0.0,0.0,0.5646928158606641,2,0.016747605916136003,<30,0.0
5_9,5,2,20.75798586115664,0.0,11.058557660291404,8.287986604372051,1.0,1.0,0.0,6.906450049739952,4,0.20757985861156641,<30,0.0
5_9,5,3,47.3142163456114,0.0,36.633433009148696,23.954001301684276,1.0,1.0,1.0,13.003210889547692,6,0.473142163456114,<30,0.0
5_9,5,4,43.0148538772321,0.0,30.935057431397084,16.791360706057386,1.0,1.0,1.0,1.952337280875458,8,0.430148538772321,<30,0.0
5_9,5,5,40.64042055480719,0.0,27.222904246590954,14.746983088439961,1.0,1.0,1.0,-2.1171776350891895,10,0.40640420554807194,<30,0.0
5_9,5,6,31.58138100712493,0.0,16.805012773980657,9.008057135229436,1.0,1.0,1.0,-2.5483305550826842,12,0.3158138100712493,<30,0.0
5_9,5,7,17.278623197080996,0.0,1.0398456669239788,0.0,1.0,0.0,1.0,-7.735969508211198,14,0.17278623197080997,<30,0.0
5_9,5,8,36.454278294764414,0.0,18.56710878597203,17.102987426944335,1.0,1.0,1.0,4.938775630175229,16,0.36454278294764414,<30,0.0
5_9,5,9,29.918144161394494,0.0,10.114174682806228,10.813829263522912,1.0,1.0,1.0,2.0065517944498468,18,0.29918144161394494,<30,0.0
5_9,5,10,24.794533698424967,0.0,3.079279234271379,4.768897874201642,1.0,1.0,0.0,-4.6011261731792015,20,0.24794533698424967,<30,0.0
5_9,5,11,36.19603444271652,0.0,11.423539812903323,15.753834925476525,1.0,1.0,1.0,4.5102633729990425,22,0.3619603444271652,<30,0.0
5_9,5,12,41.48296119513789,0.0,13.49389076481985,19.038256122885727,1.0,1.0,1.0,2.8352305373966793,24,0.4148296119513789,<30,0.0
5_9,5,13,51.054736561100256,0.0,19.250981100965234,25.916289703847823,1.0,1.0,1.0,4.973720231544298,26,0.5105473656110026,<30,0.0
5_9,5,14,48.830079655603754,0.0,12.531104626801724,20.131588047661598,1.0,1.0,1.0,0.05774525485060289,28,0.48830079655603753,<30,1.0
5_9,5,15,42.34201225933579,0.0,2.8512715537838424,12.875495707255464,1.0,1.0,1.0,-2.6318815739805865,30,0.4234201225933579,30-34,1.0
5_9,5,16,40.49672314568509,0.0,0.015573088705515659,9.583863568266272,1.0,1.0,0.0,-2.1356985317009785,32,0.4049672314568509,30-34,1.0
5_9,5,17,74.69790678234546,0.0,20.005812719063208,35.64592037425137,1.0,1.0,1.0,13.148592493249385,34,0.7469790678234546,30-34,1.0
5_9,5,18,64.89401761698798,0.0,5.6997398386563916,19.314386223433363,1.0,1.0,1.0,1.3141468763065944,36,0.6489401761698798,35-40,1.0
5_9,5,19,33.96036129251944,0.0,0.0,0.0,0.0,0.0,0.0,-13.481978145550805,38,0.33960361292519436,35-40,1.0
5_9,5,20,25.163643217085124,0.0,0.0,0.0,0.0,0.0,0.0,-7.661385147480384,40,0.25163643217085124,35-40,1.0
5_9,5,21,26.37555101100889,0.0,0.0,0.0,0.0,0.0,0.0,-0.296784962882476,42,0.2637555101100889,41-46,1.0
5_9,5,22,25.846937105006553,0.0,0.0,0.0,0.0,0.0,0.0,0.18475705907981124,44,0.2584693710500655,41-46,1.0
5_9,5,23,26.968169464729,0.0,0.0,0.0,0.0,0.0,0.0,-0.17848817549993673,46,0.26968169464729,41-46,1.0
5_9,5,24,39.515911226835655,0.0,0.0,0.0,0.0,0.0,0.0,5.17222896534725,48,0.39515911226835654,47-52,1.0
5_9,5,25,26.79883579006809,0.0,0.0,0.0,0.0,0.0,0.0,-2.3901413435385397,50,0.2679883579006809,47-52,1.0
5_9,5,26,18.62220041391686,0.0,0.0,0.0,0.0,0.0,0.0,-5.925980711770852,52,0.18622200413916862,47-52,1.0
5_9,5,27,22.625397225673925,0.0,0.0,0.0,0.0,0.0,0.0,0.7567019029000459,54,0.22625397225673927,53-58,1.0
5_9,5,28,26.87256324626025,0.0,0.0,0.0,0.0,0.0,0.0,2.437703190673486,56,0.2687256324626025,53-58,1.0
5_9,5,29,31.351572790663973,0.0,0.0,0.0,0.0,0.0,0.0,2.2747800553253184,58,0.31351572790663973,53-58,1.0
5_9,5,30,34.0048476384775,0.0,0.0,0.0,0.0,0.0,0.0,1.0798549437030125,60,0.340048476384775,59+,1.0
5_9,5,31,52.810328303644106,1.0,0.0,0.0,0.0,0.0,0.0,7.4606180040635595,62,0.528103283036441,59+,1.0
6_10,6,0,6.61094353085972,0.0,2.4000603976316848,2.4000603976316848,1.0,1.0,0.0,6.61094353085972,0,0.0661094353085972,<30,0.0
6_10,6,1,22.914242710641076,0.0,13.91044722769445,9.520669790775031,1.0,1.0,1.0,9.545661699225066,2,0.22914242710641075,<30,0.0
6_10,6,2,19.65644644337388,0.0,9.957018242508642,6.6094628048162924,1.0,1.0,1.0,0.533339379481973,4,0.19656446443373882,<30,0.0
6_10,6,3,32.91801084683217,0.0,22.237227510369465,18.2281953081572,1.0,1.0,1.0,3.7894038667215604,6,0.3291801084683217,<30,0.0
6_10,6,4,59.38594843564299,0.0,47.30615198980797,36.875892827533335,1.0,1.0,1.0,12.368952651301171,8,0.5938594843564299,<30,0.0
6_10,6,5,61.85787893971653,0.0,48.44036263150029,35.61870407335459,1.0,1.0,1.0,4.677250093943782,10,0.6185787893971653,<30,0.0
6_10,6,6,49.13122234465273,0.0,34.35485411150846,24.54712872180462,1.0,1.0,1.0,-4.952362026546272,12,0.49131222344652725,<30,0.0
6_10,6,7,57.54764667561467,0.0,41.30886914545765,34.35716535541095,1.0,1.0,1.0,1.0284011416695145,14,0.5754764667561467,<30,0.0
6_10,6,8,79.08917724836957,0.0,61.2020077395772,58.3151236685318,1.0,1.0,1.0,8.946669629421324,16,0.7908917724836957,<30,0.0
6_10,6,9,89.91768350750148,0.0,70.11371402891321,66.42314365216873,1.0,1.0,1.0,7.980782919849929,18,0.8991768350750148,<30,0.0
6_10,6,10,72.92660555441098,0.0,50.85500280532841,46.85984745522029,1.0,1.0,1.0,-4.843019023247614,20,0.7292660555441098,<30,0.0
6_10,6,11,56.92222930444815,0.0,32.14973467463496,29.416511600782545,1.0,1.0,1.0,-9.713786525267388,22,0.5692222930444815,<30,0.0
6_10,6,12,79.74045092702443,0.0,51.75138049670638,52.75994133866978,1.0,1.0,1.0,7.068788266517392,24,0.7974045092702443,<30,0.0
6_10,6,13,94.44665317991102,0.0,62.642897719776,65.18029892386299,1.0,1.0,1.0,8.871868040598043,26,0.9444665317991102,<30,0.0
6_10,6,14,96.93713891056584,0.0,60.63816388176381,63.76198116314577,1.0,1.0,1.0,2.6979262672652498,28,0.9693713891056583,<30,1.0
6_10,6,15,97.72284305340104,0.0,56.16568860754407,60.67331922468861,1.0,1.0,1.0,0.4963344939666238,30,0.9772284305340103,30-34,1.0
6_10,6,16,98.51810912372888,0.0,50.85739010289113,60.645676477976934,1.0,1.0,1.0,0.36337493553385514,32,0.9851810912372888,30-34,1.0
6_10,6,17,97.76855094752953,0.0,43.07645688424728,64.4298125957085,1.0,1.0,1.0,-0.10644639158012123,34,0.9776855094752953,30-34,1.0
6_10,6,18,89.62663819244833,0.0,26.892933309719915,55.008887766731924,1.0,1.0,1.0,-3.0681642730822674,36,0.8962663819244833,35-40,1.0
6_10,6,19,91.6549885385801,0.0,19.78701174986599,51.50372418704929,1.0,1.0,1.0,-0.7155307566534765,38,0.916549885385801,35-40,1.0
6_10,6,20,98.49867336186398,0.0,16.321338271086745,53.15085863025708,1.0,1.0,1.0,3.227519642061371,40,0.9849867336186398,35-40,1.0
6_10,6,21,99.87166280745541,0.0,6.127457708999678,48.5542500357182,1.0,1.0,1.0,1.3469806798518675,42,0.9987166280745541,41-46,1.0
6_10,6,22,99.94230730039149,0.0,0.0,42.10813538754736,0.0,1.0,0.0,0.12904651252622537,44,0.9994230730039149,41-46,1.0
6_10,6,23,99.96624317651128,1.0,0.0,36.78608637384525,0.0,1.0,0.0,0.012169382765402284,46,0.9996624317651128,41-46,1.0
6_12,6,0,0.06632096327199309,0.0,0.0,0.0,0.0,0.0,0.0,0.06632096327199309,0,0.0006632096327199309,<30,0.0
6_12,6,1,0.8232260396958571,0.0,0.0,0.0,0.0,0.0,0.0,0.33085905235918434,2,0.00823226039695857,<30,0.0
6_12,6,2,3.2404398235040994,0.0,0.0,0.0,0.0,0.0,0.0,0.9451388751562382,4,0.032404398235040995,<30,0.0
6_12,6,3,23.492380146240627,0.0,12.811596809777924,10.453100209115451,1.0,1.0,0.0,7.372160975481966,6,0.23492380146240627,<30,0.0
6_12,6,4,52.81099037348664,0.0,40.731193927651624,27.997852309357143,1.0,1.0,1.0,14.51376852486127,8,0.5281099037348664,<30,0.0
6_12,6,5,36.43836239646589,0.0,23.02084608824965,8.75997217643997,1.0,1.0,1.0,-1.724059831711448,10,0.3643836239646589,<30,0.0
6_12,6,6,13.001146471535897,0.0,0.7774256043585535,0.0,1.0,0.0,1.0,-12.42797903925672,12,0.13001146471535896,<30,0.0
6_12,6,7,19.24661149559509,0.0,4.882859764217635,0.8525421066879311,1.0,1.0,0.0,-0.8900300957274883,14,0.1924661149559509,<30,0.0
6_12,6,8,57.804955119545774,0.0,39.91778561075339,31.957342564291725,1.0,1.0,1.0,15.581050551999443,16,0.5780495511954578,<30,0.0
6_12,6,9,87.70173819234105,0.0,67.89776871375278,52.72180265065992,1.0,1.0,1.0,17.047435004867467,18,0.8770173819234105,<30,0.0
6_12,6,10,84.93655057289243,0.0,62.86494782380986,43.373438932451265,1.0,1.0,1.0,2.556118415182752,20,0.8493655057289243,<30,0.0
6_12,6,11,89.12531601838353,0.0,64.35282138857033,45.05954217404782,1.0,1.0,1.0,0.4091422657963596,22,0.8912531601838353,<30,0.0
6_12,6,12,87.04222175456707,0.0,59.053151324249015,49.38869156148172,1.0,1.0,1.0,0.5375621128296734,24,0.8704222175456706,<30,0.0
6_12,6,13,72.70612555298398,0.0,40.902370092848955,46.58857239519408,1.0,1.0,1.0,-5.987963860077701,26,0.7270612555298398,<30,0.0
6_12,6,14,50.16660460397797,0.0,13.867629575175943,19.458357628959398,1.0,1.0,1.0,-9.841432000499292,28,0.5016660460397797,<30,1.0
6_12,6,15,31.52190769879203,0.0,0.0,0.0,0.0,0.0,0.0,-10.802347178683277,30,0.3152190769879203,30-34,1.0
6_12,6,16,65.91110804714376,0.0,18.250389026306017,20.344286117692683,1.0,1.0,0.0,9.54046137142714,32,0.6591110804714375,30-34,1.0
6_12,6,17,87.93404087234421,0.0,33.24194680906196,39.892051963219444,1.0,1.0,1.0,14.905423977523721,34,0.8793404087234421,30-34,1.0
6_12,6,18,96.31100048936167,0.0,33.57729560663325,41.686891019850414,1.0,1.0,1.0,5.658740944013415,36,0.9631100048936168,35-40,1.0
6_12,6,19,89.93921157645146,0.0,18.071234787737346,28.841468413679124,1.0,1.0,1.0,-1.9302996891549025,38,0.8993921157645146,35-40,1.0
6_12,6,20,73.74944150650454,0.0,1.7564833254717414,10.883926233351996,1.0,1.0,1.0,-6.2485489467689845,40,0.7374944150650454,35-40,1.0
6_12,6,21,41.309743490410725,0.0,0.0,0.0,0.0,0.0,0.0,-14.98440252750843,42,0.4130974349041072,41-46,1.0
6_12,6,22,65.91979111151753,1.0,0.0,0.0,0.0,0.0,0.0,0.4601816626320196,44,0.6591979111151752,41-46,1.0
6_14,6,0,22.55510183748195,0.0,18.34421870425391,18.34421870425391,1.0,1.0,0.0,22.55510183748195,0,0.2255510183748195,<30,0.0
6_14,6,1,72.47347497311318,0.0,63.46967949016655,37.442378642544355,1.0,1.0,1.0,30.693253044549692,2,0.7247347497311318,<30,0.0
6_14,6,2,41.278919828397896,0.0,31.57949162753266,10.856752314475797,1.0,1.0,1.0,-6.82958344338528,4,0.412789198283979,<30,0.0
6_14,6,3,25.820998966830416,0.0,15.140215630367715,1.018048491298579,1.0,1.0,1.0,-9.590740373854809,6,0.25820998966830416,<30,0.0
6_14,6,4,16.79448098982905,0.0,4.714684543994033,0.0,1.0,0.0,1.0,-6.148897679214938,8,0.1679448098982905,<30,0.0
6_14,6,5,8.30833201803793,0.0,0.0,0.0,0.0,0.0,0.0,-4.029243453433711,10,0.0830833201803793,<30,0.0
6_14,6,6,3.415874425404053,0.0,0.0,0.0,0.0,0.0,0.0,-2.812376692490532,12,0.03415874425404053,<30,0.0
6_14,6,7,24.184901455489456,0.0,7.9461239253324365,6.100475260674264,1.0,1.0,0.0,6.326738674460005,14,0.24184901455489455,<30,0.0
6_14,6,8,43.76430891281601,0.0,25.87713940402363,22.22287828083,1.0,1.0,1.0,11.320068151503222,16,0.43764308912816013,<30,0.0
6_14,6,9,79.9771524843794,0.0,60.17318300579113,46.07918661509884,1.0,1.0,1.0,14.973059261598243,18,0.799771524843794,<30,0.0
6_14,6,10,89.3195778159606,0.0,67.24797506687801,45.425241123819674,1.0,1.0,1.0,9.697837046092818,20,0.893195778159606,<30,0.0
6_14,6,11,89.36067981589824,0.0,64.58818518608504,44.384970628638385,1.0,1.0,1.0,-0.23981950090032456,22,0.8936067981589824,<30,0.0
6_14,6,12,85.51664661763141,0.0,57.52757618731336,47.1676078222275,1.0,1.0,1.0,-0.765416095824963,24,0.8551664661763141,<30,0.0
6_14,6,13,79.86655513918171,0.0,48.062799679046684,49.22285021625274,1.0,1.0,1.0,-3.3760647018517744,26,0.7986655513918172,<30,0.0
6_14,6,14,95.3061614539518,0.0,59.00718642514978,70.7554761427919,1.0,1.0,1.0,5.587889345607604,28,0.953061614539518,<30,1.0
6_14,6,15,98.49680369567963,0.0,56.93964924982267,70.74353934004473,1.0,1.0,1.0,3.2175163419772517,30,0.9849680369567964,30-34,1.0
6_14,6,16,99.15658761039572,0.0,51.49586858955797,67.32138040422167,1.0,1.0,1.0,0.5328589851198208,32,0.9915658761039572,30-34,1.0
6_14,6,17,98.42690160968549,0.0,43.73480754640323,62.55823738122555,1.0,1.0,1.0,-0.22681634556489408,34,0.9842690160968549,30-34,1.0
6_14,6,18,98.75594434649092,0.0,36.0222394637625,61.11311012415864,1.0,1.0,1.0,-0.06286501543255932,36,0.9875594434649092,35-40,1.0
6_14,6,19,98.90460623054526,0.0,27.03662944183114,61.2210983389802,1.0,1.0,1.0,0.2540162797713279,38,0.9890460623054526,35-40,1.0
6_14,6,20,95.94143063948178,0.0,13.764095548704546,53.310360019967106,1.0,1.0,1.0,-1.1288713436520155,40,0.9594143063948178,35-40,1.0
6_14,6,21,98.44428228802754,0.0,4.7000771895718,50.07350064591465,1.0,1.0,1.0,0.5167907676906461,42,0.9844428228802754,41-46,1.0
6_14,6,22,99.58718736581528,0.0,0.0,44.83851665947033,0.0,1.0,0.0,0.7696331805511463,44,0.9958718736581528,41-46,1.0
6_14,6,23,99.71844345829766,0.0,0.0,37.85371570308213,0.0,1.0,0.0,0.20607663097481083,46,0.9971844345829766,41-46,1.0
6_14,6,24,98.72882217641305,0.0,0.0,29.16714318003872,0.0,1.0,0.0,-0.3585537613943994,48,0.9872882217641304,47-52,1.0
6_14,6,25,98.43527421464525,0.0,0.0,20.621453830081144,0.0,1.0,0.0,-0.31564758643408436,50,0.9843527421464525,47-52,1.0
6_14,6,26,99.80767582010455,0.0,0.0,12.96624128744201,0.0,1.0,0.0,0.5759913393512075,52,0.9980767582010455,47-52,1.0
6_14,6,27,98.96996688288438,0.0,0.0,2.7011552717253338,0.0,1.0,0.0,-0.1300186992459989,54,0.9896996688288437,53-58,1.0
6_14,6,28,98.09023934322084,0.0,0.0,0.0,0.0,0.0,0.0,-0.5614396034798308,56,0.9809023934322084,53-58,1.0
6_14,6,29,99.57174937433234,0.0,0.0,0.0,0.0,0.0,0.0,0.5293968159540299,58,0.9957174937433234,53-58,1.0
6_14,6,30,99.9034194099243,0.0,0.0,0.0,0.0,0.0,0.0,0.3245288176088105,60,0.999034194099243,59+,1.0
6_14,6,31,99.61994298465078,1.0,0.0,0.0,0.0,0.0,0.0,-0.05555195643195058,62,0.9961994298465078,59+,1.0
6_16,6,0,22.098501664511495,0.0,17.887618531283458,17.887618531283458,1.0,1.0,0.0,22.098501664511495,0,0.22098501664511494,<30,0.0
6_16,6,1,79.03075240358751,0.0,70.02695692064088,42.768957812986244,1.0,1.0,1.0,32.86520763022345,2,0.7903075240358751,<30,0.0
6_16,6,2,80.1011268575331,0.0,70.40169865666786,44.99699253604019,1.0,1.0,1.0,6.290961406285307,4,0.801011268575331,<30,0.0
6_16,6,3,71.8908142061167,0.0,61.210030869654,38.29300741754336,1.0,1.0,1.0,-1.9761311522881995,6,0.718908142061167,<30,0.0
6_16,6,4,26.12793383078194,0.0,14.048137384946925,0.0,1.0,0.0,1.0,-19.604145653353044,8,0.2612793383078194,<30,0.0
6_16,6,5,13.092358827711625,0.0,0.7955847409924175,0.0,1.0,0.0,1.0,-10.856417357926604,10,0.13092358827711625,<30,0.0
6_16,6,6,6.376893686175639,0.0,0.0,0.0,0.0,0.0,0.0,-3.520180761316711,12,0.06376893686175639,<30,0.0
6_16,6,7,26.62559851767315,0.0,10.386820987516131,0.4065748578726094,1.0,1.0,0.0,5.848558958796341,14,0.2662559851767315,<30,0.0
6_16,6,8,67.66923750670291,0.0,49.78206799791053,34.97866032146001,1.0,1.0,1.0,18.85165636427618,16,0.6766923750670292,<30,0.0
6_16,6,9,94.997331446035,0.0,75.19336196744673,54.14285728698043,1.0,1.0,1.0,15.900760857605022,18,0.94997331446035,<30,0.0
6_16,6,10,95.82404772623659,0.0,73.75244497715401,47.61770595882181,1.0,1.0,1.0,3.551127987589055,20,0.9582404772623658,<30,0.0
6_16,6,11,86.3354061283694,0.0,61.562911498556204,39.84125730549722,1.0,1.0,1.0,-3.797839140862938,22,0.863354061283694,<30,0.0
6_16,6,12,89.40070001735205,0.0,61.41162958703401,53.34086592037518,1.0,1.0,1.0,-0.13923825191246664,24,0.8940070001735205,<30,0.0
6_16,6,13,61.68757884008204,0.0,29.883823379947017,33.29492796037769,1.0,1.0,1.0,-9.123856079188737,26,0.6168757884008204,<30,0.0
6_16,6,14,27.66496478071225,0.0,0.0,0.0,0.0,0.0,0.0,-17.22316314615837,28,0.2766496478071225,<30,1.0
6_16,6,15,68.9660340706251,0.0,27.408879624768137,23.35068935540412,1.0,1.0,0.0,8.971086308895057,30,0.689660340706251,30-34,1.0
6_16,6,16,95.3131636091902,1.0,49.29044835414602,47.78331026156009,1.0,1.0,1.0,23.982547190534333,32,0.953131636091902,30-34,1.0
6_18,6,0,0.4411733020964157,0.0,0.0,0.0,0.0,0.0,0.0,0.4411733020964157,0,0.004411733020964157,<30,0.0
6_18,6,1,8.835170229167582,0.0,1.4008295411686555,1.519155401299253,1.0,1.0,0.0,3.4183947195389797,2,0.08835170229167583,<30,0.0
6_18,6,2,70.01834051839865,0.0,60.31891231753342,39.12235028648862,1.0,1.0,1.0,22.245713119134507,4,0.7001834051839865,<30,0.0
6_18,6,3,89.51238131300653,0.0,78.83159797654383,45.28738743867578,1.0,1.0,1.0,19.003419526826015,6,0.8951238131300653,<30,0.0
6_18,6,4,64.28557059820113,0.0,52.20577415236612,21.116092195341484,1.0,1.0,1.0,-8.829439546019376,8,0.6428557059820114,<30,0.0
6_18,6,5,49.547145984487415,0.0,36.12962967627117,9.976246178818776,1.0,1.0,1.0,-9.202486276548917,10,0.4954714598448742,<30,0.0
6_18,6,6,75.38756837885083,0.0,60.611200145706555,43.35901598151506,1.0,1.0,1.0,7.257758308095874,12,0.7538756837885083,<30,0.0
6_18,6,7,90.60037819917002,0.0,74.361600669013,66.7336266141597,1.0,1.0,1.0,10.265647324917062,14,0.9060037819917003,<30,0.0
6_18,6,8,88.44255371372707,0.0,70.55538420493468,63.76996875770359,1.0,1.0,1.0,1.2017756524680485,16,0.8844255371372707,<30,0.0
6_18,6,9,89.5392973933404,0.0,69.73532791475213,63.68942178017163,1.0,1.0,1.0,-0.9415197162361888,18,0.895392973933404,<30,0.0
6_18,6,10,92.90518327817975,0.0,70.83358052909716,67.83733123904967,1.0,1.0,1.0,1.8200595847813783,20,0.9290518327817975,<30,0.0
6_18,6,11,95.87524116078588,0.0,71.10274653097268,77.67189687847838,1.0,1.0,1.0,2.0206860742494093,22,0.9587524116078587,<30,0.0
6_18,6,12,98.38937750166554,0.0,70.4003070713475,80.32333921772118,1.0,1.0,1.0,0.8743966257023956,24,0.9838937750166553,<30,0.0
6_18,6,13,83.63072799933478,0.0,51.82697253919976,62.41534999793056,1.0,1.0,1.0,-4.587219864863117,26,0.8363072799933478,<30,0.0
6_18,6,14,79.42690854228567,0.0,43.12793351348364,52.467141521272424,1.0,1.0,1.0,-4.95485491448824,28,0.7942690854228567,<30,1.0
6_18,6,15,96.38980223033498,0.0,54.83264778447801,66.47398708689978,1.0,1.0,1.0,7.579520682923286,30,0.9638980223033498,30-34,1.0
6_18,6,16,99.05963679587066,0.0,51.39891777503291,65.6614300365146,1.0,1.0,1.0,2.351574819166963,32,0.9905963679587066,30-34,1.0
6_18,6,17,98.32779072998648,0.0,43.63569666670421,61.12605955499585,1.0,1.0,1.0,0.16546647870187786,34,0.9832779072998648,30-34,1.0
6_18,6,18,98.23793778558792,1.0,37.64735455715389,58.099145992242775,1.0,1.0,1.0,-0.4273850299443325,36,0.9823793778558791,35-40,1.0
6_2,6,0,0.09351950330763487,0.0,0.0,0.0,0.0,0.0,0.0,0.09351950330763487,0,0.0009351950330763486,<30,0.0
6_2,6,1,0.2817588409034168,0.0,0.0,0.0,0.0,0.0,0.0,0.11951828405156378,2,0.002817588409034168,<30,0.0
6_2,6,2,2.3828521335831168,0.0,0.0,0.0,0.0,0.0,0.0,0.7119135359243108,4,0.023828521335831167,<30,0.0
6_2,6,3,10.049612670623718,0.0,0.0,0.9530530713914374,0.0,1.0,0.0,3.242339411903397,6,0.10049612670623718,<30,0.0
6_2,6,4,15.556593320729938,0.0,3.4767968748949203,3.924560610119915,1.0,1.0,0.0,2.861330475761126,8,0.1555659332072994,<30,0.0
6_2,6,5,20.240053162586754,0.0,6.822536854370515,6.226174645661017,1.0,1.0,1.0,2.7051397272522433,10,0.20240053162586755,<30,0.0
6_2,6,6,15.27951892174695,0.0,0.8532121496173595,0.8207237857607774,1.0,1.0,1.0,-0.989035128930792,12,0.1527951892174695,<30,0.0
6_2,6,7,26.116151764430246,0.0,9.877374234273226,11.567204710270673,1.0,1.0,0.0,2.4527763310749338,14,0.26116151764430245,<30,0.0
6_2,6,8,39.27677590700827,0.0,21.38960639821589,21.31722640276808,1.0,1.0,1.0,7.169437067988434,16,0.3927677590700827,<30,0.0
6_2,6,9,21.86671931835261,0.0,3.103908524715873,3.5538062811551843,1.0,1.0,1.0,-4.684224612443156,18,0.21866719318352612,<30,0.0
6_2,6,10,36.01113725023605,0.0,13.939534501153476,16.134091576142524,1.0,1.0,0.0,1.4490832563673177,20,0.36011137250236047,<30,0.0
6_2,6,11,28.82599273562058,0.0,4.0711220585519925,7.594846811994994,1.0,1.0,1.0,1.2981411646014607,22,0.2882599273562058,<30,0.0
6_2,6,12,26.516624309215075,0.0,0.20363723977460957,5.340701155278689,1.0,1.0,0.0,-3.2576081581489613,24,0.26516624309215076,<30,0.0
6_2,6,13,36.245693995685045,0.0,4.441938535550024,13.219875793552678,1.0,1.0,1.0,3.876076950353168,26,0.36245693995685047,<30,0.0
6_2,6,14,23.98505683266844,0.0,0.0,1.153443914464571,0.0,1.0,0.0,-3.365990802633035,28,0.23985056832668442,<30,1.0
6_2,6,15,14.863796526847254,0.0,0.0,0.0,0.0,0.0,0.0,-5.047443058595763,30,0.14863796526847253,30-34,1.0
6_2,6,16,8.300515932633202,0.0,0.0,0.0,0.0,0.0,0.0,-3.550379464289258,32,0.08300515932633201,30-34,1.0
6_2,6,17,11.496500142786267,0.0,0.0,0.0,0.0,0.0,0.0,0.051300154777142226,34,0.11496500142786267,30-34,1.0
6_2,6,18,7.600962318745533,0.0,0.0,0.0,0.0,0.0,0.0,-0.22828808907046233,36,0.07600962318745533,35-40,1.0
6_2,6,19,2.6421185232179365,0.0,0.0,0.0,0.0,0.0,0.0,-3.0334416299401363,38,0.026421185232179366,35-40,1.0
6_2,6,20,2.929946998589126,0.0,0.0,0.0,0.0,0.0,0.0,-0.43901784908729613,40,0.029299469985891263,35-40,1.0
6_2,6,21,2.504715641694241,1.0,0.0,0.0,0.0,0.0,0.0,0.09379908442078522,42,0.02504715641694241,41-46,1.0
6_20,6,0,7.208597260695557,0.0,2.997714127467521,2.997714127467521,1.0,1.0,0.0,7.208597260695557,0,0.07208597260695557,<30,0.0
6_20,6,1,22.373449004654972,0.0,13.369653521708344,9.438112851480792,1.0,1.0,1.0,9.177811394269424,2,0.22373449004654972,<30,0.0
6_20,6,2,43.67875957702854,0.0,33.9793313761633,24.810692915774627,1.0,1.0,1.0,8.716730653342127,4,0.4367875957702854,<30,0.0
6_20,6,3,56.93607946547541,0.0,46.255296129012706,32.295109914033226,1.0,1.0,1.0,8.609400683792995,6,0.5693607946547541,<30,0.0
6_20,6,4,62.62653514070582,0.0,50.546738694870804,35.96243963828433,1.0,1.0,1.0,2.929747939097106,8,0.6262653514070582,<30,0.0
6_20,6,5,90.11525086086905,0.0,76.69773455265283,58.689746711128166,1.0,1.0,1.0,11.695087936116472,10,0.9011525086086906,<30,0.0
6_20,6,6,76.32202379045488,0.0,61.5456555573106,47.58169570024879,1.0,1.0,1.0,-1.0497227484434883,12,0.7632202379045487,<30,0.0
6_20,6,7,61.11968690527294,0.0,44.88090937511592,38.28932366395682,1.0,1.0,1.0,-8.620442659264391,14,0.6111968690527294,<30,0.0
6_20,6,8,85.35363693102236,0.0,67.46646742222998,63.41872376797756,1.0,1.0,1.0,6.233121322020241,16,0.8535363693102237,<30,0.0
6_20,6,9,95.92927078593699,0.0,76.12530130734872,72.85379030912107,1.0,1.0,1.0,9.094942997237517,18,0.9592927078593699,<30,0.0
6_20,6,10,84.89978491843037,0.0,62.8281821693478,61.32920233552848,1.0,1.0,1.0,-3.2598608740400863,20,0.8489978491843037,<30,0.0
6_20,6,11,70.25328655623012,0.0,45.48079192641693,45.23221434976493,1.0,1.0,1.0,-7.679448895541464,22,0.7025328655623012,<30,0.0
6_20,6,12,77.4923832791495,0.0,49.50331284883145,51.243031027777874,1.0,1.0,1.0,0.9626166333628985,24,0.7749238327914949,<30,0.0
6_20,6,13,84.9356520716978,0.0,53.13189661156279,59.18410342426674,1.0,1.0,1.0,4.640758282440589,26,0.849356520716978,<30,0.0
6_20,6,14,52.001282197713635,0.0,15.70230716891161,20.84244075451071,1.0,1.0,1.0,-11.441027840809626,28,0.5200128219771364,<30,1.0
6_20,6,15,48.56877543538338,0.0,8.634386660566609,11.429695307922746,1.0,1.0,0.0,-7.182201672797156,30,0.4856877543538338,30-34,1.0
6_20,6,16,80.61190698915019,1.0,34.58919173410601,41.54284248912073,1.0,1.0,0.0,12.229051596711164,32,0.8061190698915018,30-34,1.0
6_22,6,0,0.5859034926748891,0.0,0.0,0.0,0.0,0.0,0.0,0.5859034926748891,0,0.00585903492674889,<30,0.0
6_22,6,1,9.784925452121119,0.0,1.3561070208437682,1.6673523134686898,1.0,1.0,0.0,3.900726084403229,2,0.09784925452121118,<30,0.0
6_22,6,2,21.82604854526759,0.0,12.126620344402353,9.336974733565764,1.0,1.0,1.0,5.801879816805187,4,0.2182604854526759,<30,0.0
6_22,6,3,19.065658118770642,0.0,8.38487478230794,4.580557268208411,1.0,1.0,1.0,1.628453179226931,6,0.19065658118770643,<30,0.0
6_22,6,4,17.020430704129087,0.0,4.94063425829407,2.706165406489447,1.0,1.0,1.0,-2.4181420773371447,8,0.17020430704129086,<30,0.0
6_22,6,5,6.640656505182675,0.0,0.0,0.0,0.0,0.0,0.0,-3.655152963298449,10,0.06640656505182675,<30,0.0
6_22,6,6,10.313565780943646,0.0,0.0,0.5804131307179432,0.0,1.0,0.0,-0.6111012545811996,12,0.10313565780943647,<30,0.0
6_22,6,7,53.435239109504366,0.0,37.19646157934734,31.962882998801273,1.0,1.0,0.0,16.096901818488924,14,0.5343523910950436,<30,0.0
6_22,6,8,52.52173846203286,0.0,34.634568953240475,23.60534660990204,1.0,1.0,1.0,7.7959925907956125,16,0.5252173846203285,<30,0.0
6_22,6,9,43.84094418111986,0.0,24.036974702531595,13.127853088713973,1.0,1.0,1.0,-5.505390591576935,18,0.43840944181119856,<30,0.0
6_22,6,10,44.93438215350126,0.0,22.862779404418696,14.006995468932866,1.0,1.0,1.0,-0.17689358807085753,20,0.4493438215350126,<30,0.0
6_22,6,11,44.97881508782605,0.0,20.206320458012854,18.84376067920608,1.0,1.0,1.0,-0.37585400231507177,22,0.4497881508782605,<30,0.0
6_22,6,12,35.0051275135682,0.0,7.016057083250159,13.226680048950344,1.0,1.0,1.0,-2.486922501092952,24,0.35005127513568196,<30,0.0
6_22,6,13,42.13457195741128,0.0,10.330816497276262,20.952604808614115,1.0,1.0,1.0,0.1751382633245745,26,0.4213457195741128,<30,0.0
6_22,6,14,28.571534342437136,0.0,0.0,5.6511767756861815,0.0,1.0,0.0,-3.380884763334774,28,0.2857153434243714,<30,1.0
6_22,6,15,16.65407901361929,0.0,0.0,0.0,0.0,0.0,0.0,-6.891365764672246,30,0.1665407901361929,30-34,1.0
6_22,6,16,51.52725867736776,0.0,6.643721017592455,15.700805886132311,1.0,1.0,0.0,10.589916649611816,32,0.5152725867736776,30-34,1.0
6_22,6,17,58.547269496852266,0.0,4.76408304314165,15.587158443569308,1.0,1.0,0.0,9.903266175681374,34,0.5854726949685226,30-34,1.0
6_22,6,18,66.77891448039875,0.0,5.0893606055956155,17.17705991231565,1.0,1.0,0.0,1.4386105892945786,36,0.6677891448039875,35-40,1.0
6_22,6,19,90.47827446576203,0.0,18.610297677047917,29.760795102201648,1.0,1.0,1.0,11.28328822140831,38,0.9047827446576203,35-40,1.0
6_22,6,20,80.34538231869713,0.0,1.3885400122731326,15.887990304296881,1.0,1.0,1.0,-0.6990826667983683,40,0.8034538231869713,35-40,1.0
6_22,6,21,64.71892433099086,0.0,0.0,5.116762183991213,0.0,1.0,0.0,-7.318789607093713,42,0.6471892433099086,41-46,1.0
6_22,6,22,80.59051046280894,1.0,0.0,14.815165647844253,0.0,1.0,0.0,1.9849661891091255,44,0.8059051046280894,41-46,1.0
6_4,6,0,14.28582858860297,0.0,10.074945455374934,10.074945455374934,1.0,1.0,0.0,14.28582858860297,0,0.1428582858860297,<30,0.0
6_4,6,1,48.662423318410404,0.0,39.658627835463776,24.268901411766592,1.0,1.0,1.0,20.45273180934408,2,0.486624233184104,<30,0.0
6_4,6,2,25.507924319220376,0.0,15.80849611835514,4.471794423176652,1.0,1.0,1.0,-4.723149496208755,4,0.25507924319220376,<30,0.0
6_4,6,3,16.15191735859606,0.0,5.471134022133356,0.0,1.0,0.0,1.0,-7.599891151261176,6,0.16151917358596057,<30,0.0
6_4,6,4,10.045457730610488,0.0,0.05119929306214566,0.0,1.0,0.0,1.0,-2.652745555074965,8,0.10045457730610488,<30,0.0
6_4,6,5,4.94730895713484,0.0,0.0,0.0,0.0,0.0,0.0,-2.9833700533569036,10,0.049473089571348404,<30,0.0
6_4,6,6,1.496651692283101,0.0,0.0,0.0,0.0,0.0,0.0,-1.9033607048778411,12,0.01496651692283101,<30,0.0
6_4,6,7,1.5105537474515984,0.0,0.0,0.0,0.0,0.0,0.0,-0.44747257414664976,14,0.015105537474515984,<30,0.0
6_4,6,8,14.670109422272679,0.0,0.0,1.0691194716012866,0.0,1.0,0.0,4.623321266153489,16,0.14670109422272679,<30,0.0
6_4,6,9,11.64484966261003,0.0,0.0,0.0,0.0,0.0,0.0,1.4068617743587195,18,0.1164484966261003,<30,0.0
6_4,6,10,8.27762858639927,0.0,0.0,0.0,0.0,0.0,0.0,-2.2824925550066655,20,0.0827762858639927,<30,0.0
6_4,6,11,20.100666182327295,0.0,0.0,1.882080204382632,0.0,1.0,0.0,3.704032795292018,22,0.20100666182327295,<30,0.0
6_4,6,12,28.879281840641582,0.0,3.0359431323429096,6.91373975168465,1.0,1.0,0.0,5.41458662289485,24,0.2887928184064158,<30,0.0
6_4,6,13,47.550117821293505,0.0,15.746362361158484,17.91658536652399,1.0,1.0,1.0,8.133635038062174,26,0.475501178212935,<30,0.0
6_4,6,14,21.397753934782415,0.0,0.0,0.0,0.0,0.0,0.0,-7.566390800582952,28,0.21397753934782415,<30,1.0
6_4,6,15,20.99642578507509,0.0,0.0,0.0,0.0,0.0,0.0,-4.348844227180942,30,0.2099642578507509,30-34,1.0
6_4,6,16,47.02831265263548,0.0,0.5248030197846134,10.284020500547882,1.0,1.0,0.0,10.403575707321977,32,0.4702831265263548,30-34,1.0
6_4,6,17,29.438692600573912,0.0,0.0,0.0,0.0,0.0,0.0,-2.517431853423272,34,0.2943869260057391,30-34,1.0
6_4,6,18,63.92369875268613,0.0,6.431262143030374,16.975667316865756,1.0,1.0,0.0,8.318387446952077,36,0.6392369875268613,35-40,1.0
6_4,6,19,88.65908467057316,0.0,16.791107881859055,28.085790621651665,1.0,1.0,1.0,16.547584378452008,38,0.8865908467057316,35-40,1.0
6_4,6,20,95.19847631594433,0.0,13.021141225167092,26.712072346490004,1.0,1.0,1.0,4.351564062261663,40,0.9519847631594434,35-40,1.0
6_4,6,21,91.71192475938489,0.0,1.3780360170729296,18.897151815681738,1.0,1.0,1.0,-0.35496184981148343,42,0.9171192475938489,41-46,1.0
6_4,6,22,87.35828370621977,1.0,0.0,10.823801482922647,0.0,1.0,0.0,-2.7516667379804765,44,0.8735828370621976,41-46,1.0
6_6,6,0,3.9198050515207696,0.0,0.0,0.0,0.0,0.0,0.0,3.9198050515207696,0,0.039198050515207694,<30,0.0
6_6,6,1,24.40993308840031,0.0,15.406137605453683,11.084042331413464,1.0,1.0,0.0,9.31294881713603,2,0.24409933088400312,<30,0.0
6_6,6,2,57.2263295847159,0.0,47.52690138385066,30.40007815717361,1.0,1.0,1.0,15.41623260239319,4,0.572263295847159,<30,0.0
6_6,6,3,29.534619029913014,0.0,18.853835693450307,5.010451742599075,1.0,1.0,1.0,-5.801067500350025,6,0.2953461902991301,<30,0.0
6_6,6,4,16.973767194618727,0.0,4.89397074878371,0.0,1.0,0.0,1.0,-9.651169660814638,8,0.16973767194618727,<30,0.0
6_6,6,5,31.278408370471496,0.0,17.86089206225526,8.716031486618615,1.0,1.0,1.0,3.7604227237204424,10,0.31278408370471494,<30,0.0
6_6,6,6,26.448405391110654,0.0,11.672037157966383,6.243202124546118,1.0,1.0,1.0,2.357370929879173,12,0.2644840539111065,<30,0.0
6_6,6,7,25.87752401898501,0.0,11.333029183041582,9.253538381522437,1.0,1.0,0.0,-3.7649071274268815,14,0.2587752401898501,<30,0.0
6_6,6,8,82.11247842567167,0.0,64.22530891687929,52.8553193855098,1.0,1.0,1.0,22.159001856067537,16,0.8211247842567166,<30,0.0
6_6,6,9,74.9394338450004,0.0,55.13546436641212,38.08166746791926,1.0,1.0,1.0,5.934505831428166,18,0.7493943384500039,<30,0.0
6_6,6,10,77.09144410098664,0.0,55.01984135190406,39.76603556569877,1.0,1.0,1.0,-2.966618534857157,20,0.7709144410098664,<30,0.0
6_6,6,11,85.80376723558521,0.0,61.03127260577201,46.817128612706014,1.0,1.0,1.0,4.927224800788086,22,0.8580376723558522,<30,0.0
6_6,6,12,96.58012894676136,0.0,68.59105851644333,62.960198937082595,1.0,1.0,1.0,5.412270263374668,24,0.9658012894676137,<30,0.0
6_6,6,13,96.71016757824569,0.0,64.90641211811067,70.96740202237032,1.0,1.0,1.0,1.2023897058535293,26,0.9671016757824569,<30,0.0
6_6,6,14,94.8106565004577,0.0,58.51168147165568,66.17127863081922,1.0,1.0,1.0,-0.6155378658709931,28,0.948106565004577,<30,1.0
6_6,6,15,70.00365712761656,1.0,29.86285699437947,39.92251960134767,1.0,1.0,1.0,-9.085071432140259,30,0.7000365712761656,30-34,1.0
6_8,6,0,0.08936683682302612,0.0,0.0,0.0,0.0,0.0,0.0,0.08936683682302612,0,0.0008936683682302612,<30,0.0
6_8,6,1,1.1575076358409677,0.0,0.0,0.0,0.0,0.0,0.0,0.43828010897982916,2,0.011575076358409677,<30,0.0
6_8,6,2,11.546949211168549,0.0,3.4260480390718344,2.9382726142926074,1.0,1.0,0.0,3.7143056640494945,4,0.11546949211168549,<30,0.0
6_8,6,3,17.56061340797331,0.0,6.879830071510606,4.672489238704222,1.0,1.0,1.0,4.509548881478709,6,0.1756061340797331,<30,0.0
6_8,6,4,17.76467773149469,0.0,5.684881285659673,3.844582560879867,1.0,1.0,1.0,0.10704703144808174,8,0.1776467773149469,<30,0.0
6_8,6,5,35.02323564843579,0.0,21.605719340219547,17.653017205195432,1.0,1.0,1.0,5.939246930594069,10,0.35023235648435785,<30,0.0
6_8,6,6,73.81946376047136,0.0,59.04309552732709,43.3802712346462,1.0,1.0,1.0,18.369092115728773,12,0.7381946376047136,<30,0.0
6_8,6,7,43.4567417468918,0.0,27.21796421673478,12.978814422273768,1.0,1.0,1.0,-7.2043643523058085,14,0.434567417468918,<30,0.0
6_8,6,8,52.052708973967,0.0,34.16553946517462,22.29136990246596,1.0,1.0,1.0,-1.449127245585661,16,0.52052708973967,<30,0.0
6_8,6,9,83.69811043532276,0.0,63.89414095673449,52.05284550398113,1.0,1.0,1.0,13.029797183095852,18,0.8369811043532276,<30,0.0
6_8,6,10,95.11494645599323,0.0,73.04334370691066,63.25435078518362,1.0,1.0,1.0,9.372895960914063,20,0.9511494645599323,<30,0.0
6_8,6,11,89.63474271939691,0.0,64.86224808958372,57.01095720546692,1.0,1.0,1.0,-1.0565886913189502,22,0.8963474271939691,<30,0.0
6_8,6,12,77.28499344385362,0.0,49.29592301353558,43.820324353197485,1.0,1.0,1.0,-5.517999111338956,24,0.7728499344385362,<30,0.0
6_8,6,13,72.61206592674219,0.0,40.808310466607175,43.344498781475636,1.0,1.0,1.0,-3.4265149919122875,26,0.7261206592674219,<30,0.0
6_8,6,14,62.69713546444652,0.0,26.398160435644495,32.702390198243606,1.0,1.0,1.0,-4.53424306507648,28,0.6269713546444652,<30,1.0
6_8,6,15,88.42958946960323,0.0,46.87243502374626,55.86002126766378,1.0,1.0,1.0,8.311498342894827,30,0.8842958946960323,30-34,1.0
6_8,6,16,96.2902905958909,0.0,48.62957157505314,60.45965322745738,1.0,1.0,1.0,6.900338950008434,32,0.9629029059589089,30-34,1.0
6_8,6,17,97.70181557291392,0.0,43.00972150963165,56.677448300433,1.0,1.0,1.0,1.2733762081360163,34,0.9770181557291392,30-34,1.0
6_8,6,18,95.3921129524881,0.0,32.65840806975969,49.69792782841213,1.0,1.0,1.0,-0.7394429880057156,36,0.9539211295248811,35-40,1.0
6_8,6,19,96.40131695324771,0.0,24.533340164533612,49.10545425939219,1.0,1.0,1.0,0.17613953612236105,38,0.9640131695324772,35-40,1.0
6_8,6,20,97.32269280665244,0.0,15.145357715875207,53.219559973245026,1.0,1.0,1.0,0.2765849226435293,40,0.9732269280665244,35-40,1.0
6_8,6,21,94.59510468420405,0.0,2.772651381660687,46.19789272111073,1.0,1.0,1.0,-0.6675869783245716,42,0.9459510468420405,41-46,1.0
6_8,6,22,93.33196484131952,0.0,0.0,38.10421853136374,0.0,1.0,0.0,-1.1962996055172468,44,0.9333196484131951,41-46,1.0
6_8,6,23,97.96828557715942,0.0,0.0,35.697735562988896,0.0,1.0,0.0,1.7221248964219644,46,0.9796828557715942,41-46,1.0
6_8,6,24,99.76922502465767,0.0,0.0,29.298844235776208,0.0,1.0,0.0,1.4110024235279919,48,0.9976922502465767,47-52,1.0
6_8,6,25,99.97407811541325,1.0,0.0,22.966964321557924,0.0,1.0,0.0,0.3645957044432227,50,0.9997407811541325,47-52,1.0
7_1,7,0,0.37732480941171576,0.0,0.0,0.0,0.0,0.0,0.0,0.37732480941171576,0,0.0037732480941171575,<30,0.0
7_1,7,1,1.6119098520306658,0.0,0.0,0.0,0.0,0.0,0.0,0.6796861836195267,2,0.016119098520306657,<30,0.0
7_1,7,2,1.8956954660611915,0.0,0.0,0.0,0.0,0.0,0.0,0.2213577529978825,4,0.018956954660611914,<30,0.0
7_1,7,3,1.6025549420077558,0.0,0.0,0.0,0.0,0.0,0.0,-0.0035177131588668056,6,0.01602554942007756,<30,0.0
7_1,7,4,3.5310357993137567,0.0,0.0,0.0,0.0,0.0,0.0,0.5906829237886574,8,0.035310357993137566,<30,0.0
7_1,7,5,5.300253477384148,0.0,0.0,0.0,0.0,0.0,0.0,0.9325181293370441,10,0.05300253477384148,<30,0.0
7_1,7,6,3.254344771220898,0.0,0.0,0.0,0.0,0.0,0.0,-0.3969497265238469,12,0.03254344771220898,<30,0.0
7_1,7,7,1.8171257720416167,0.0,0.0,0.0,0.0,0.0,0.0,-0.9751474914190501,14,0.018171257720416167,<30,0.0
7_1,7,8,7.074592855549888,0.0,0.0,0.0,0.0,0.0,0.0,1.5783985400183187,16,0.07074592855549888,<30,0.0
7_1,7,9,17.33929638222944,0.0,0.0,2.650220500487916,0.0,1.0,0.0,5.034947671224488,18,0.17339296382229438,<30,0.0
7_1,7,10,32.39240516686289,0.0,10.320802417780325,11.5994138002148,1.0,1.0,0.0,6.32781036493517,20,0.3239240516686289,<30,0.0
7_1,7,11,46.13503773794827,0.0,21.36254310813507,17.823781838315153,1.0,1.0,1.0,7.535335961740783,22,0.46135037737948265,<30,0.0
7_1,7,12,24.82390586457077,0.0,1.1118366668741775,0.0,1.0,0.0,1.0,-5.78290726646445,24,0.2482390586457077,<30,0.0
7_1,7,13,22.885790673868676,0.0,0.0,0.0,0.0,0.0,0.0,-4.711991828587234,26,0.22885790673868678,<30,0.0
7_1,7,14,38.03131687236041,0.0,3.5350407714408405,9.681224967642637,1.0,1.0,0.0,5.499225690595459,28,0.38031316872360404,<30,1.0
7_1,7,15,35.49200537419206,0.0,0.0,5.172581809917265,0.0,1.0,0.0,2.7485551888512663,30,0.3549200537419206,30-34,1.0
7_1,7,16,21.281507960160177,0.0,0.0,0.0,0.0,0.0,0.0,-7.011734244771915,32,0.21281507960160176,30-34,1.0
7_1,7,17,32.251244072199086,0.0,0.0,0.3480423478817265,0.0,1.0,0.0,1.6700690945841576,34,0.32251244072199087,30-34,1.0
7_1,7,18,57.85946928141506,0.0,2.3853583439621033,14.699935042767205,1.0,1.0,0.0,11.632871892536073,36,0.5785946928141505,35-40,1.0
7_1,7,19,69.3333118097734,0.0,3.3056907156094297,15.284367875345279,1.0,1.0,0.0,9.166424647250906,38,0.693333118097734,35-40,1.0
7_1,7,20,42.005363373412514,0.0,0.0,0.0,0.0,0.0,0.0,-10.281597434738906,40,0.42005363373412513,35-40,1.0
7_1,7,21,31.116280104784497,0.0,0.0,0.0,0.0,0.0,0.0,-8.1876056602821,42,0.311162801047845,41-46,1.0
7_1,7,22,38.61705642008047,0.0,0.0,0.0,0.0,0.0,0.0,1.9540296478719636,44,0.38617056420080476,41-46,1.0
7_1,7,23,70.25377686654411,0.0,0.0,0.7120267290789286,0.0,1.0,0.0,12.064257905060963,46,0.7025377686654412,41-46,1.0
7_1,7,24,88.75646942049579,0.0,0.0,0.21109978190477818,0.0,1.0,0.0,12.900406115182196,48,0.8875646942049579,47-52,1.0
7_1,7,25,91.16160372139171,0.0,0.0,0.0,0.0,0.0,0.0,2.4058568760142336,50,0.9116160372139172,47-52,1.0
7_1,7,26,61.50106061416918,0.0,0.0,0.0,0.0,0.0,0.0,-10.476006626266917,52,0.6150106061416918,47-52,1.0
7_1,7,27,51.425911847302906,0.0,0.0,0.0,0.0,0.0,0.0,-8.870720159031357,54,0.5142591184730291,53-58,1.0
7_1,7,28,66.93952800572887,1.0,0.0,0.0,0.0,0.0,0.0,4.141820290993472,56,0.6693952800572888,53-58,1.0
7_11,7,0,0.0,0.0,0.0,0.0,0.0,0.0,0.0,0.0,0,0.0,<30,0.0
7_11,7,1,0.0,0.0,0.0,0.0,0.0,0.0,0.0,0.0,2,0.0,<30,0.0
7_11,7,2,0.0,0.0,0.0,0.0,0.0,0.0,0.0,0.0,4,0.0,<30,0.0
7_11,7,3,0.001039813085826934,0.0,0.0,0.0,0.0,0.0,0.0,0.00034660436194231133,6,1.039813085826934e-05,<30,0.0
7_11,7,4,5.279968811935189,0.0,0.0,0.2799722161366329,0.0,1.0,0.0,1.7599896039783962,8,0.05279968811935189,<30,0.0
7_11,7,5,16.22764494367896,0.0,2.8101286354627195,3.8868863514641916,1.0,1.0,0.0,5.226429031100012,10,0.1622764494367896,<30,0.0
7_11,7,6,9.485140552144795,0.0,0.0,0.0,0.0,0.0,0.0,-1.1719745143677356,12,0.09485140552144795,<30,0.0
7_11,7,7,13.33468637652789,0.0,1.1757314484447168,2.0050406856827685,1.0,1.0,0.0,-0.17789356393956424,14,0.1333468637652789,<30,0.0
7_11,7,8,22.340635771545973,0.0,4.45346626275359,5.9501863077855575,1.0,1.0,1.0,4.972519246068587,16,0.22340635771545972,<30,0.0
7_11,7,9,31.86417192013282,0.0,12.06020244154455,13.914171365826304,1.0,1.0,1.0,3.433514681928269,18,0.31864171920132817,<30,0.0
7_11,7,10,65.41552058154053,0.0,43.34391783245796,36.76808768171557,1.0,1.0,1.0,14.780538446195244,20,0.6541552058154053,<30,0.0
7_11,7,11,65.04003991594699,0.0,40.267545286133796,29.299136451430027,1.0,1.0,1.0,4.554711432955569,22,0.6504003991594699,<30,0.0
7_11,7,12,67.99704199545843,0.0,40.00797156514038,31.942289485210594,1.0,1.0,1.0,-0.6881844632891864,24,0.6799704199545843,<30,0.0
7_11,7,13,81.70232586677935,0.0,49.898570406644325,44.63551276139768,1.0,1.0,1.0,6.943849632209613,26,0.8170232586677935,<30,0.0
7_11,7,14,77.57923526146953,0.0,41.280260232667516,44.69323495781899,1.0,1.0,1.0,0.004022487922296647,28,0.7757923526146954,<30,1.0
7_11,7,15,80.0662413773194,0.0,38.509086931462434,51.14680649860124,1.0,1.0,1.0,-0.35222624086708504,30,0.800662413773194,30-34,1.0
7_11,7,16,59.004090118522015,0.0,11.343371097684273,25.93352741687878,1.0,1.0,1.0,-6.432781306593606,32,0.5900409011852201,30-34,1.0
7_11,7,17,52.28186196429873,0.0,1.5637346058237682,13.509969454252342,1.0,1.0,1.0,-6.1892631839517165,34,0.5228186196429873,30-34,1.0
7_11,7,18,50.79075713058444,0.0,0.0,5.584381308657516,0.0,1.0,0.0,-1.6292754835129901,36,0.5079075713058444,35-40,1.0
7_11,7,19,62.64947283340969,0.0,0.0,14.51894031702501,0.0,1.0,0.0,4.819026094720727,38,0.6264947283340969,35-40,1.0
7_11,7,20,76.85824975578802,0.0,0.0,24.425728698569273,0.0,1.0,0.0,6.71421186396038,40,0.7685824975578802,35-40,1.0
7_11,7,21,85.87798163566046,0.0,0.0,25.75985220877912,0.0,1.0,0.0,5.588896507822047,42,0.8587798163566046,41-46,1.0
7_11,7,22,92.21730132327423,0.0,0.0,22.94845533522669,0.0,1.0,0.0,2.8424414105958276,44,0.9221730132327423,41-46,1.0
7_11,7,23,93.06989876190497,0.0,0.0,17.713905311515063,0.0,1.0,0.0,1.814582427882712,46,0.9306989876190497,41-46,1.0
7_11,7,24,87.49367733297068,0.0,0.0,9.3800878686462,0.0,1.0,0.0,-2.40328416621742,48,0.8749367733297068,47-52,1.0
7_11,7,25,86.01302932701017,0.0,0.0,4.417683903718867,0.0,1.0,0.0,-1.214197906233996,50,0.8601302932701017,47-52,1.0
7_11,7,26,82.40442969407914,0.0,0.0,0.0,0.0,0.0,0.0,-1.2883722155385964,52,0.8240442969407914,47-52,1.0
7_11,7,27,75.4318561039102,0.0,0.0,0.0,0.0,0.0,0.0,-3.719473147281394,54,0.7543185610391021,53-58,1.0
7_11,7,28,75.20550955847328,0.0,0.0,0.0,0.0,0.0,0.0,-0.4272536366889881,56,0.7520550955847328,53-58,1.0
7_11,7,29,74.5773324104658,0.0,0.0,0.0,0.0,0.0,0.0,-0.269525734174735,58,0.745773324104658,53-58,1.0
7_11,7,30,72.06746644202265,0.0,0.0,0.0,0.0,0.0,0.0,-1.2605630964835985,60,0.7206746644202265,59+,1.0
7_11,7,31,58.892775718092864,1.0,0.0,0.0,0.0,0.0,0.0,-4.7857187577426386,62,0.5889277571809286,59+,1.0
7_13,7,0,0.0,0.0,0.0,0.0,0.0,0.0,0.0,0.0,0,0.0,<30,0.0
7_13,7,1,0.2102549628445692,0.0,0.0,0.0,0.0,0.0,0.0,0.07021560925629561,2,0.002102549628445692,<30,0.0
7_13,7,2,1.6577776503372754,0.0,0.0,0.0,0.0,0.0,0.0,0.5523313068295467,4,0.016577776503372756,<30,0.0
7_13,7,3,0.5926950081175224,0.0,0.0,0.0,0.0,0.0,0.0,-0.1950779962616646,6,0.005926950081175224,<30,0.0
7_13,7,4,0.5255584882383384,0.0,0.0,0.0,0.0,0.0,0.0,-0.17287914009371727,8,0.005255584882383384,<30,0.0
7_13,7,5,1.5751496353677799,0.0,0.0,0.0,0.0,0.0,0.0,0.36074489813907024,10,0.0157514963536778,<30,0.0
7_13,7,6,4.172843219231406,0.0,0.0,0.0,0.0,0.0,0.0,1.177800653425936,12,0.041728432192314056,<30,0.0
7_13,7,7,13.27898097744658,0.0,0.0,1.3042784832556311,0.0,1.0,0.0,3.3841543337811353,14,0.1327898097744658,<30,0.0
7_13,7,8,11.360062938483653,0.0,0.0,0.0,0.0,0.0,0.0,0.9361326839595681,16,0.11360062938483653,<30,0.0
7_13,7,9,14.35087333436803,0.0,0.0,0.24625372541368495,0.0,1.0,0.0,0.7045454454400588,18,0.1435087333436803,<30,0.0
7_13,7,10,15.732203836247365,0.0,0.0,0.2957175626262387,0.0,1.0,0.0,0.5928439389754502,20,0.15732203836247366,<30,0.0
7_13,7,11,8.532560863689726,0.0,0.0,0.0,0.0,0.0,0.0,-1.7808594702845246,22,0.08532560863689725,<30,0.0
7_13,7,12,2.9175075024919375,0.0,0.0,0.0,0.0,0.0,0.0,-3.623762027011434,24,0.029175075024919374,<30,0.0
7_13,7,13,1.0038083665127853,0.0,0.0,0.0,0.0,0.0,0.0,-1.3153248114840013,26,0.010038083665127852,<30,0.0
7_13,7,14,0.5224597214265723,0.0,0.0,0.0,0.0,0.0,0.0,-0.3943939254053966,28,0.0052245972142657224,<30,1.0
7_13,7,15,0.45452897006497445,0.0,0.0,0.0,0.0,0.0,0.0,-0.04095606123040052,30,0.004545289700649744,30-34,1.0
7_13,7,16,0.32273347180995515,1.0,0.0,0.0,0.0,0.0,0.0,-0.10017249547566298,32,0.0032273347180995517,30-34,1.0
7_15,7,0,3.6631576532821897,0.0,0.0,0.0,0.0,0.0,0.0,3.6631576532821897,0,0.0366315765328219,<30,0.0
7_15,7,1,22.801001026199216,0.0,13.797205543252588,9.812962002857514,1.0,1.0,0.0,9.139158927304639,2,0.22801001026199216,<30,0.0
7_15,7,2,18.818569045478327,0.0,9.119140844613089,4.412516386296003,1.0,1.0,1.0,1.9741532935889108,4,0.18818569045478328,<30,0.0
7_15,7,3,6.79731816728082,0.0,0.0,0.0,0.0,0.0,0.0,-6.175460806493445,6,0.0679731816728082,<30,0.0
7_15,7,4,10.142656539795171,0.0,0.014939139970635118,0.0,1.0,0.0,0.0,-0.27907363168132615,8,0.10142656539795171,<30,0.0
7_15,7,5,32.62960723684127,0.0,19.212090928625024,16.67037791609178,1.0,1.0,1.0,8.610181107182626,10,0.3262960723684127,<30,0.0
7_15,7,6,50.21350088749409,0.0,35.437132654349824,27.92209784424854,1.0,1.0,1.0,10.777656029126833,12,0.5021350088749409,<30,0.0
7_15,7,7,37.01799866417908,0.0,20.779221134022063,12.416070161918581,1.0,1.0,1.0,-3.4918283477368313,14,0.3701799866417908,<30,0.0
7_15,7,8,30.7338455239698,0.0,12.846676015177419,6.098873279551089,1.0,1.0,1.0,-4.173271725828944,16,0.307338455239698,<30,0.0
7_15,7,9,15.943607976834826,0.0,0.0,0.0,0.0,0.0,0.0,-6.279755429850085,18,0.15943607976834825,<30,0.0
7_15,7,10,19.888372106789532,0.0,0.0,0.0,0.0,0.0,0.0,-0.7210564652065419,20,0.1988837210678953,<30,0.0
7_15,7,11,9.45755324633896,0.0,0.0,0.0,0.0,0.0,0.0,-2.779204250469251,22,0.09457553246338961,<30,0.0
7_15,7,12,3.4473432982536085,0.0,0.0,0.0,0.0,0.0,0.0,-3.981304000326326,24,0.034473432982536086,<30,0.0
7_15,7,13,1.7119921669753073,0.0,0.0,0.0,0.0,0.0,0.0,-1.2833167534413625,26,0.017119921669753072,<30,0.0
7_15,7,14,5.074495413555414,0.0,0.0,0.0,0.0,0.0,0.0,0.9295893848069225,28,0.05074495413555414,<30,1.0
7_15,7,15,11.335495630570128,0.0,0.0,0.0,0.0,0.0,0.0,3.0879921215978574,30,0.11335495630570128,30-34,1.0
7_15,7,16,30.757407249827203,0.0,0.0,0.9637151486217554,0.0,1.0,0.0,7.281062467344737,32,0.307574072498272,30-34,1.0
7_15,7,17,43.071456765700546,0.0,0.0,0.9532264966452111,0.0,1.0,0.0,8.321385602918879,34,0.43071456765700544,30-34,1.0
7_15,7,18,64.87713786186113,0.0,2.1434329791327116,11.51201166749263,1.0,1.0,0.0,8.79958113391736,36,0.6487713786186113,35-40,1.0
7_15,7,19,43.49233429042682,0.0,0.0,0.0,0.0,0.0,0.0,-4.0444815794953834,38,0.4349233429042682,35-40,1.0
7_15,7,20,21.182266301240258,0.0,0.0,0.0,0.0,0.0,0.0,-12.174033869988158,40,0.21182266301240257,35-40,1.0
7_15,7,21,43.300721183122704,0.0,0.0,0.0,0.0,0.0,0.0,4.229197294088164,42,0.43300721183122703,41-46,1.0
7_15,7,22,37.77765245561069,0.0,0.0,0.0,0.0,0.0,0.0,3.5242360074980374,44,0.37777652455610694,41-46,1.0
7_15,7,23,32.73370260216645,0.0,0.0,0.0,0.0,0.0,0.0,-4.397228252520313,46,0.32733702602166453,41-46,1.0
7_15,7,24,44.71131516451468,0.0,0.0,0.0,0.0,0.0,0.0,3.6078384710966134,48,0.4471131516451468,47-52,1.0
7_15,7,25,41.17691597961553,1.0,0.0,0.0,0.0,0.0,0.0,3.1646940496360734,50,0.4117691597961553,47-52,1.0
7_17,7,0,0.5679099373761253,0.0,0.0,0.0,0.0,0.0,0.0,0.5679099373761253,0,0.005679099373761253,<30,0.0
7_17,7,1,3.4185032220777245,0.0,0.0,0.0,0.0,0.0,0.0,1.3915649933946548,2,0.03418503222077725,<30,0.0
7_17,7,2,2.182037829154167,0.0,0.0,0.0,0.0,0.0,0.0,0.03391479185518745,4,0.021820378291541667,<30,0.0
7_17,7,3,0.7131204851480341,0.0,0.0,0.0,0.0,0.0,0.0,-0.8602607928568995,6,0.007131204851480341,<30,0.0
7_17,7,4,3.839458761591741,0.0,0.0,0.0,0.0,0.0,0.0,0.8763986971295243,8,0.03839458761591741,<30,0.0
7_17,7,5,2.305573941213811,0.0,0.0,0.0,0.0,0.0,0.0,0.15768508356399755,10,0.02305573941213811,<30,0.0
7_17,7,6,7.5804170036380345,0.0,0.0,0.4444405565260867,0.0,1.0,0.0,1.2685669099124839,12,0.07580417003638035,<30,0.0
7_17,7,7,8.153237493948582,0.0,0.0,0.0,0.0,0.0,0.0,1.7421223684724128,14,0.08153237493948583,<30,0.0
7_17,7,8,5.430391583423585,0.0,0.0,0.0,0.0,0.0,0.0,-1.6591405116509392,16,0.054303915834235855,<30,0.0
7_17,7,9,4.184521981811364,0.0,0.0,0.0,0.0,0.0,0.0,-0.5879586791421614,18,0.04184521981811364,<30,0.0
7_17,7,10,2.6626706282915373,0.0,0.0,0.0,0.0,0.0,0.0,-0.8292787660404579,20,0.02662670628291537,<30,0.0
7_17,7,11,2.0284125477500874,0.0,0.0,0.0,0.0,0.0,0.0,-0.34126269590904434,22,0.020284125477500872,<30,0.0
7_17,7,12,4.9014018149379535,0.0,0.0,0.0,0.0,0.0,0.0,0.7835429317668778,24,0.049014018149379536,<30,0.0
7_17,7,13,6.700798206378485,0.0,0.0,0.0,0.0,0.0,0.0,1.429968511737335,26,0.06700798206378485,<30,0.0
7_17,7,14,19.534679790402258,0.0,0.0,0.0,0.0,0.0,0.0,4.1984469026069,28,0.19534679790402257,<30,1.0
7_17,7,15,28.880616482789467,0.0,0.0,0.08972593521755812,0.0,1.0,0.0,6.385407130324515,30,0.2888061648278947,30-34,1.0
7_17,7,16,18.42377842993048,0.0,0.0,0.0,0.0,0.0,0.0,-3.153427463984814,32,0.1842377842993048,30-34,1.0
7_17,7,17,39.47341907631038,0.0,0.0,4.851017238018784,0.0,1.0,0.0,5.0274227999328245,34,0.3947341907631038,30-34,1.0
7_17,7,18,60.59411219595226,0.0,0.0,11.921768425708457,0.0,1.0,0.0,12.942938977015942,36,0.6059411219595227,35-40,1.0
7_17,7,19,52.36750147216411,0.0,0.0,4.124959704650603,0.0,1.0,0.0,-0.9218593186319712,38,0.5236750147216411,35-40,1.0
7_17,7,20,19.753969021752216,0.0,0.0,0.0,0.0,0.0,0.0,-13.997526148187063,40,0.19753969021752216,35-40,1.0
7_17,7,21,11.525690785812586,0.0,0.0,0.0,0.0,0.0,0.0,-7.61297109442265,42,0.11525690785812585,41-46,1.0
7_17,7,22,22.468154817596762,0.0,0.0,0.0,0.0,0.0,0.0,3.636671537686521,44,0.2246815481759676,41-46,1.0
7_17,7,23,18.90532960382042,0.0,0.0,0.0,0.0,0.0,0.0,0.05088363874516588,46,0.1890532960382042,41-46,1.0
7_17,7,24,26.083973545722188,0.0,0.0,0.0,0.0,0.0,0.0,2.180384152986739,48,0.2608397354572219,47-52,1.0
7_17,7,25,22.100439420274938,1.0,0.0,0.0,0.0,0.0,0.0,0.5971821384496904,50,0.2210043942027494,47-52,1.0
7_19,7,0,0.17481655582388073,0.0,0.0,0.0,0.0,0.0,0.0,0.17481655582388073,0,0.0017481655582388073,<30,0.0
7_19,7,1,0.21291021606987867,0.0,0.0,0.0,0.0,0.0,0.0,0.09434448799786134,2,0.0021291021606987866,<30,0.0
7_19,7,2,5.165951545002853,0.0,0.0,0.6854575794307189,0.0,1.0,0.0,1.6169628311105206,4,0.05165951545002853,<30,0.0
7_19,7,3,15.211605406831316,0.0,4.530822070368612,3.5177357149438686,1.0,1.0,0.0,4.9556293498076505,6,0.15211605406831316,<30,0.0
7_19,7,4,8.931607650225274,0.0,0.0,0.0,0.0,0.0,0.0,-1.428930880144158,8,0.08931607650225275,<30,0.0
7_19,7,5,2.9964708752884106,0.0,0.0,0.0,0.0,0.0,0.0,-3.077519596456016,10,0.029964708752884105,<30,0.0
7_19,7,6,0.9542274399525706,0.0,0.0,0.0,0.0,0.0,0.0,-1.535899709363973,12,0.009542274399525706,<30,0.0
7_19,7,7,1.2385532829312622,0.0,0.0,0.0,0.0,0.0,0.0,-0.11898858754122628,14,0.012385532829312621,<30,0.0
7_19,7,8,2.102107082552173,0.0,0.0,0.0,0.0,0.0,0.0,0.43307817641415974,16,0.021021070825521727,<30,0.0
7_19,7,9,3.4566222595821374,0.0,0.0,0.0,0.0,0.0,0.0,0.5794081545273511,18,0.03456622259582137,<30,0.0
7_19,7,10,9.389819056332389,0.0,0.0,0.0,0.0,0.0,0.0,2.2302195689680517,20,0.09389819056332388,<30,0.0
7_19,7,11,18.726755000208765,0.0,0.0,0.47649193968763015,0.0,1.0,0.0,4.370059826940049,22,0.18726755000208764,<30,0.0
7_19,7,12,17.20150917379776,0.0,0.0,0.0,0.0,0.0,0.0,0.918631445172043,24,0.1720150917379776,<30,0.0
7_19,7,13,13.67616965439358,0.0,0.0,0.0,0.0,0.0,0.0,-2.040522243791213,26,0.1367616965439358,<30,0.0
7_19,7,14,11.504932209057511,0.0,0.0,0.0,0.0,0.0,0.0,-0.6825689636357897,28,0.11504932209057511,<30,1.0
7_19,7,15,5.390794169505089,0.0,0.0,0.0,0.0,0.0,0.0,-2.983796136784346,30,0.053907941695050886,30-34,1.0
7_19,7,16,1.898527985144307,0.0,0.0,0.0,0.0,0.0,0.0,-2.0357422540233734,32,0.01898527985144307,30-34,1.0
7_19,7,17,1.4893733633430375,0.0,0.0,0.0,0.0,0.0,0.0,-0.6159678127434758,34,0.014893733633430375,30-34,1.0
7_19,7,18,6.648923944861349,1.0,0.0,0.0,0.0,0.0,0.0,1.7826327056741256,36,0.06648923944861349,35-40,1.0
7_21,7,0,0.0,0.0,0.0,0.0,0.0,0.0,0.0,0.0,0,0.0,<30,0.0
7_21,7,1,0.027079564297390883,0.0,0.0,0.0,0.0,0.0,0.0,0.009026521432463628,2,0.0002707956429739088,<30,0.0
7_21,7,2,0.4146915528806178,0.0,0.0,0.0,0.0,0.0,0.0,0.1382305176268726,4,0.004146915528806178,<30,0.0
7_21,7,3,3.345984912574085,0.0,0.0,0.0,0.0,0.0,0.0,1.0364861145069693,6,0.03345984912574085,<30,0.0
7_21,7,4,14.907299326268724,0.0,2.827502880433708,3.9997269505877773,1.0,1.0,0.0,4.634443341621708,8,0.14907299326268725,<30,0.0
7_21,7,5,10.11787619715421,0.0,0.0,0.0,0.0,0.0,0.0,0.34419519299289825,10,0.1011787619715421,<30,0.0
7_21,7,6,15.467162831446274,0.0,1.8047327314873955,2.3801912531778235,1.0,1.0,0.0,0.35104265208633056,12,0.15467162831446274,<30,0.0
7_21,7,7,35.23762812579848,0.0,18.99885059564146,17.3436468779449,1.0,1.0,1.0,8.354889645411763,14,0.3523762812579848,<30,0.0
7_21,7,8,46.939751470609394,0.0,29.05258196181701,23.544735597659557,1.0,1.0,1.0,7.776876735377062,16,0.4693975147060939,<30,0.0
7_21,7,9,32.686123601222754,0.0,12.882154122634487,8.836382286243712,1.0,1.0,1.0,-4.145416497517034,18,0.32686123601222755,<30,0.0
7_21,7,10,22.417248459537046,0.0,2.3766520927199792,1.0694523256074326,1.0,1.0,1.0,-6.190784720239069,20,0.22417248459537045,<30,0.0
7_21,7,11,21.779679363606753,0.0,0.05096111978338236,1.1849963702893263,1.0,1.0,0.0,-1.944631058419364,22,0.21779679363606752,<30,0.0
7_21,7,12,22.191678287907223,0.0,0.0,0.4930914893216105,0.0,1.0,0.0,1.301240424946774,24,0.22191678287907224,<30,0.0
7_21,7,13,22.77300272096347,0.0,0.0,0.0,0.0,0.0,0.0,-0.7753737349164755,26,0.22773002720963467,<30,0.0
7_21,7,14,28.49485052893113,0.0,0.0,5.54013839878235,0.0,1.0,0.0,2.5102000670043667,28,0.2849485052893113,<30,1.0
7_21,7,15,29.379221549643823,0.0,0.0,3.9473609196036605,0.0,1.0,0.0,1.6974084368280615,30,0.29379221549643825,30-34,1.0
7_21,7,16,36.63655430972124,0.0,0.0,7.30155264735698,0.0,1.0,0.0,1.8631408336469146,32,0.3663655430972124,30-34,1.0
7_21,7,17,34.40966672129636,0.0,0.0,4.0248620745011685,0.0,1.0,0.0,1.420119137505779,34,0.3440966672129636,30-34,1.0
7_21,7,18,18.856849375432084,1.0,0.0,0.0,0.0,0.0,0.0,-7.536792947117104,36,0.18856849375432083,35-40,1.0
7_4,7,0,0.056014815426766035,0.0,0.0,0.0,0.0,0.0,0.0,0.056014815426766035,0,0.0005601481542676604,<30,0.0
7_4,7,1,0.14543393065173693,0.0,0.0,0.0,0.0,0.0,0.0,0.06328654426521874,2,0.0014543393065173692,<30,0.0
7_4,7,2,0.5444207184148772,0.0,0.0,0.0,0.0,0.0,0.0,0.13318483290009084,4,0.005444207184148771,<30,0.0
7_4,7,3,0.6582541632568732,0.0,0.0,0.0,0.0,0.0,0.0,0.14817377269744167,6,0.0065825416325687326,<30,0.0
7_4,7,4,7.7119030803523385,0.0,0.0,1.0536066178404422,0.0,1.0,0.0,2.3615328676367087,8,0.07711903080352339,<30,0.0
7_4,7,5,14.835206443613004,0.0,1.4176901353967644,2.762480507350305,1.0,1.0,0.0,4.172735852328332,10,0.14835206443613003,<30,0.0
7_4,7,6,18.56015238232962,0.0,3.7837841491853466,4.186714623135921,1.0,1.0,1.0,1.643422506197744,12,0.1856015238232962,<30,0.0
7_4,7,7,14.522202245148652,0.0,0.17885712692553213,0.46864596445949935,1.0,1.0,1.0,-0.3506337113507681,14,0.14522202245148652,<30,0.0
7_4,7,8,9.891991590479117,0.0,0.0,0.0,0.0,0.0,0.0,-2.73941864238257,16,0.09891991590479117,<30,0.0
7_4,7,9,15.147953287327404,0.0,0.0,2.885689364904432,0.0,1.0,0.0,1.0844587199672322,18,0.15147953287327404,<30,0.0
7_4,7,10,29.85298497090787,0.0,7.781382221825302,12.652557803033332,1.0,1.0,0.0,6.6503225823765035,20,0.2985298497090787,<30,0.0
7_4,7,11,19.577839113858186,0.0,0.0,1.9262063275575088,0.0,1.0,0.0,-1.7111570137131018,22,0.19577839113858186,<30,0.0
7_4,7,12,23.50840927105701,0.0,1.651263445637822,4.755603222799646,1.0,1.0,0.0,-0.8960796122147248,24,0.23508409271057007,<30,0.0
7_4,7,13,71.00128089892227,0.0,39.19752543878725,36.78912771184562,1.0,1.0,1.0,18.46450876967159,26,0.7100128089892227,<30,0.0
7_4,7,14,66.1507274389897,0.0,29.851752410187675,24.841882566687833,1.0,1.0,1.0,5.830417937794373,28,0.6615072743898971,<30,1.0
7_4,7,15,30.143143599411836,0.0,0.0,0.0,0.0,0.0,0.0,-14.915789024406944,30,0.30143143599411837,30-34,1.0
7_4,7,16,15.481414571298355,0.0,0.0,0.0,0.0,0.0,0.0,-10.985518950748478,32,0.15481414571298355,30-34,1.0
7_4,7,17,31.604639794144806,0.0,0.0,0.0,0.0,0.0,0.0,3.8458872725858146,34,0.31604639794144807,30-34,1.0
7_4,7,18,21.80341670333118,0.0,0.0,0.0,0.0,0.0,0.0,0.706660645658852,36,0.2180341670333118,35-40,1.0
7_4,7,19,20.883453321772087,0.0,0.0,0.0,0.0,0.0,0.0,-3.6462449468873204,38,0.20883453321772089,35-40,1.0
7_4,7,20,51.53361231401253,0.0,0.0,0.0,0.0,0.0,0.0,11.528330666057098,40,0.5153361231401253,35-40,1.0
7_4,7,21,57.24493688768405,0.0,0.0,0.0,0.0,0.0,0.0,6.766400638014009,42,0.5724493688768405,41-46,1.0
7_4,7,22,55.90315369239521,0.0,0.0,0.0,0.0,0.0,0.0,0.3201657511576694,44,0.559031536923952,41-46,1.0
7_4,7,23,68.88690117351382,1.0,0.0,0.0,0.0,0.0,0.0,3.274048528703311,46,0.6888690117351381,41-46,1.0
7_6,7,0,0.012467639943120416,0.0,0.0,0.0,0.0,0.0,0.0,0.012467639943120416,0,0.00012467639943120415,<30,0.0
7_6,7,1,0.10910472885467853,0.0,0.0,0.0,0.0,0.0,0.0,0.045343049574608045,2,0.0010910472885467854,<30,0.0
7_6,7,2,0.04429053233679926,0.0,0.0,0.0,0.0,0.0,0.0,-0.007341982448204112,4,0.00044290532336799265,<30,0.0
7_6,7,3,0.011674857569602373,0.0,0.0,0.0,0.0,0.0,0.0,-0.02428209428811782,6,0.00011674857569602373,<30,0.0
7_6,7,4,0.050096551837374714,0.0,0.0,0.0,0.0,0.0,0.0,0.009119011441531783,8,0.0005009655183737472,<30,0.0
7_6,7,5,0.9466401370758724,0.0,0.0,0.0,0.0,0.0,0.0,0.31333182549873567,10,0.009466401370758723,<30,0.0
7_6,7,6,3.4365669161970405,0.0,0.0,0.0,0.0,0.0,0.0,1.041378863285888,12,0.034365669161970404,<30,0.0
7_6,7,7,17.279830729195314,0.0,1.9091706207596886,4.034371001580066,1.0,1.0,0.0,5.182503750393871,14,0.17279830729195314,<30,0.0
7_6,7,8,20.516948254738985,0.0,2.629778745946604,3.391325178801795,1.0,1.0,1.0,3.6907667955546617,16,0.20516948254738984,<30,0.0
7_6,7,9,17.56669623210108,0.0,0.0,0.0,0.0,0.0,0.0,-0.9485240148824914,18,0.1756669623210108,<30,0.0
7_6,7,10,20.742721231959692,0.0,0.4984268736431794,2.3570392169480545,1.0,1.0,0.0,0.5313263826428369,20,0.20742721231959693,<30,0.0
7_6,7,11,28.014127658314184,0.0,4.432614519623932,8.295753163873721,1.0,1.0,0.0,3.4568496349546587,22,0.28014127658314186,<30,0.0
7_6,7,12,9.26840292731645,0.0,0.0,0.0,0.0,0.0,0.0,-6.341792749090962,24,0.09268402927316449,<30,0.0
7_6,7,13,3.869423279366539,0.0,0.0,0.0,0.0,0.0,0.0,-4.589754885922422,26,0.03869423279366539,<30,0.0
7_6,7,14,12.030366455504858,0.0,0.0,0.0,0.0,0.0,0.0,2.3433832648401145,28,0.12030366455504858,<30,1.0
7_6,7,15,35.41969871090309,0.0,0.0,2.9788662962899295,0.0,1.0,0.0,9.979058082741304,30,0.3541969871090309,30-34,1.0
7_6,7,16,41.93654756312945,0.0,0.1660991368544984,4.729756530377422,1.0,1.0,0.0,5.271233251874225,32,0.4193654756312945,30-34,1.0
7_6,7,17,48.29929185614587,0.0,0.3440641115920471,4.418538182323626,1.0,1.0,0.0,4.423804869243779,34,0.4829929185614587,30-34,1.0
7_6,7,18,21.52908860267038,0.0,0.0,0.0,0.0,0.0,0.0,-10.01211776585236,36,0.21529088602670382,35-40,1.0
7_6,7,19,16.989799564677487,1.0,0.0,0.0,0.0,0.0,0.0,-8.702940469166547,38,0.16989799564677488,35-40,1.0
7_8,7,0,0.22794850501179476,0.0,0.0,0.0,0.0,0.0,0.0,0.22794850501179476,0,0.0022794850501179475,<30,0.0
7_8,7,1,0.3880948836871448,0.0,0.0,0.0,0.0,0.0,0.0,0.1669659088544517,2,0.003880948836871448,<30,0.0
7_8,7,2,1.3605324955558156,0.0,0.0,0.0,0.0,0.0,0.0,0.3023261015972,4,0.013605324955558155,<30,0.0
7_8,7,3,3.0379921336094906,0.0,0.0,0.0,0.0,0.0,0.0,0.7951694345296237,6,0.030379921336094906,<30,0.0
7_8,7,4,10.32090202325449,0.0,0.9238498206472183,2.0012731194774194,1.0,1.0,0.0,2.79487001897228,8,0.1032090202325449,<30,0.0
7_8,7,5,14.86306021377433,0.0,2.6460642101856404,3.0256141886641705,1.0,1.0,0.0,3.234260723628369,10,0.14863060213774332,<30,0.0
7_8,7,6,7.547076638189035,0.0,0.0,0.0,0.0,0.0,0.0,-2.9246679478990734,12,0.07547076638189035,<30,0.0
7_8,7,7,14.952833527607666,0.0,0.7856170699089162,2.2163213426353483,1.0,1.0,0.0,1.9051506844198647,14,0.14952833527607667,<30,0.0
7_8,7,8,14.252843149669829,0.0,0.0,0.794956597787345,0.0,1.0,0.0,1.4709905955830782,16,0.14252843149669828,<30,0.0
7_8,7,9,24.22790424220467,0.0,4.423934763616403,9.203797730241003,1.0,1.0,0.0,2.4671011122925797,18,0.2422790424220467,<30,0.0
7_8,7,10,41.629224117643034,0.0,19.557621368560465,20.796096796317823,1.0,1.0,1.0,7.905674774385382,20,0.4162922411764303,<30,0.0
7_8,7,11,58.481362287026144,0.0,33.70886765721295,28.198560294237254,1.0,1.0,1.0,10.236213367303694,22,0.5848136228702614,<30,0.0
7_8,7,12,38.572956069098396,0.0,10.58388563878035,7.489204578865403,1.0,1.0,1.0,-6.4697594858558904,24,0.38572956069098396,<30,0.0
7_8,7,13,32.151447564361966,0.0,0.5821593747273095,1.0261490488353715,1.0,1.0,1.0,-5.627946662091023,26,0.3215144756436197,<30,0.0
7_8,7,14,29.928821661802886,0.0,0.0,0.0,0.0,0.0,0.0,-0.9235074079047395,28,0.29928821661802885,<30,1.0
7_8,7,15,27.776986550158846,0.0,0.0,0.0,0.0,0.0,0.0,-1.0211321610757853,30,0.27776986550158844,30-34,1.0
7_8,7,16,27.59829618928626,1.0,0.0,0.0,0.0,0.0,0.0,-0.9827587917024351,32,0.2759829618928626,30-34,1.0
8_1,8,0,7.223680238867685,0.0,3.012797105639649,3.012797105639649,1.0,1.0,0.0,7.223680238867685,0,0.07223680238867684,<30,0.0
8_1,8,1,43.42394145639532,0.0,34.42014597344869,22.775778409913425,1.0,1.0,1.0,16.948817328670227,2,0.4342394145639532,<30,0.0
8_1,8,2,85.65195857928308,0.0,75.95253037841783,49.669006674923565,1.0,1.0,1.0,21.194419093728218,4,0.8565195857928307,<30,0.0
8_1,8,3,92.37642191263937,0.0,81.69563857617666,51.877124593165846,1.0,1.0,1.0,7.7978806200396065,6,0.9237642191263937,<30,0.0
8_1,8,4,87.63918533487984,0.0,75.55938888904481,47.18388842161725,1.0,1.0,1.0,-1.241398885488394,8,0.8763918533487984,<30,0.0
8_1,8,5,72.44961452657154,0.0,59.0320982183553,36.97446390743205,1.0,1.0,1.0,-6.632661308342442,10,0.7244961452657154,<30,0.0
8_1,8,6,77.52777369118968,0.0,62.75140545804541,55.99934370223252,1.0,1.0,1.0,-0.14123650162210533,12,0.7752777369118968,<30,0.0
8_1,8,7,64.1670810286628,0.0,47.9283034985058,46.66685005950802,1.0,1.0,1.0,-3.2287375234209343,14,0.6416708102866281,<30,0.0
8_1,8,8,40.24039809436938,0.0,22.353228585576996,15.571008680805999,1.0,1.0,1.0,-11.904054574093749,16,0.40240398094369384,<30,0.0
8_1,8,9,20.550687572484748,0.0,1.949919402325726,0.0,1.0,0.0,1.0,-9.92735973023815,18,0.20550687572484747,<30,0.0
8_1,8,10,42.66278588992938,0.0,20.59118314084681,10.528191278704412,1.0,1.0,0.0,4.407663096056983,20,0.42662785889929383,<30,0.0
8_1,8,11,37.80926478856473,0.0,13.036770158751542,6.506042067940546,1.0,1.0,1.0,3.585674609116252,22,0.37809264788564734,<30,0.0
8_1,8,12,32.68535643680155,0.0,4.696286006483506,6.0186450524284965,1.0,1.0,1.0,-4.240625889071488,24,0.3268535643680155,<30,0.0
8_1,8,13,36.39449700633992,0.0,4.590741546204901,11.98895867961809,1.0,1.0,1.0,1.4871310164702223,26,0.3639449700633992,<30,0.0
8_1,8,14,60.81865870500571,0.0,24.519683676203684,31.197280048902886,1.0,1.0,1.0,8.016183532909597,28,0.6081865870500571,<30,1.0
8_1,8,15,91.79443621844895,0.0,50.237281772591984,50.71924854305788,1.0,1.0,1.0,16.901856187809045,30,0.9179443621844895,30-34,1.0
8_1,8,16,96.07677031598968,1.0,50.0540550609455,47.1641368710839,1.0,1.0,1.0,7.307332299748528,32,0.9607677031598968,30-34,1.0
8_11,8,0,3.8698559752986394,0.0,0.0,0.0,0.0,0.0,0.0,3.8698559752986394,0,0.038698559752986396,<30,0.0
8_11,8,1,11.636959896902374,0.0,2.633164413955745,2.6248492307381444,1.0,1.0,0.0,4.934008019790518,2,0.11636959896902374,<30,0.0
8_11,8,2,21.370266405648294,0.0,11.67083820478306,9.632446964896145,1.0,1.0,1.0,3.7234273684704315,4,0.21370266405648294,<30,0.0
8_11,8,3,48.362632601252244,0.0,37.68184926478954,25.86605605418616,1.0,1.0,1.0,12.499007394481584,6,0.4836263260125224,<30,0.0
8_11,8,4,25.991059450826395,0.0,13.911263004991378,3.725250509238114,1.0,1.0,1.0,-5.309660985819299,8,0.2599105945082639,<30,0.0
8_11,8,5,11.783790089687027,0.0,0.8397741191603911,0.0,1.0,0.0,1.0,-8.529598272355951,10,0.11783790089687027,<30,0.0
8_11,8,6,4.214619939274716,0.0,0.0,0.0,0.0,0.0,0.0,-4.679953579107849,12,0.042146199392747156,<30,0.0
8_11,8,7,1.3836144677262856,0.0,0.0,0.0,0.0,0.0,0.0,-1.8915784165503755,14,0.013836144677262857,<30,0.0
8_11,8,8,0.5661335270629345,0.0,0.0,0.0,0.0,0.0,0.0,-0.6235074393091519,16,0.005661335270629345,<30,0.0
8_11,8,9,1.1657228907760069,0.0,0.0,0.0,0.0,0.0,0.0,0.12462265947788702,18,0.011657228907760069,<30,0.0
8_11,8,10,3.2759195954297327,0.0,0.0,0.0,0.0,0.0,0.0,0.8124332711456461,20,0.03275919595429733,<30,0.0
8_11,8,11,7.337871901565697,0.0,0.0,0.0,0.0,0.0,0.0,1.874574997623458,22,0.07337871901565697,<30,0.0
8_11,8,12,8.81745984885173,0.0,0.0,0.0,0.0,0.0,0.0,1.247450000888172,24,0.0881745984885173,<30,0.0
8_11,8,13,27.49682139548963,0.0,2.1869030192757073,5.183796309038023,1.0,1.0,0.0,6.193609969055515,26,0.2749682139548963,<30,0.0
8_11,8,14,59.115670538470724,0.0,22.816695509668698,21.891352033453096,1.0,1.0,1.0,15.29753056860856,28,0.5911567053847072,<30,1.0
8_11,8,15,60.03192903474418,0.0,18.47477458888721,15.492978867589624,1.0,1.0,1.0,4.50332169116314,30,0.6003192903474418,30-34,1.0
8_11,8,16,73.54286092937829,0.0,25.882141908540554,24.03499286846821,1.0,1.0,1.0,4.426481369340018,32,0.735428609293783,30-34,1.0
8_11,8,17,82.79557006905691,0.0,28.103476005774645,30.380894416046225,1.0,1.0,1.0,5.625718487746786,34,0.8279557006905691,30-34,1.0
8_11,8,18,93.2056116124152,0.0,30.471906729686786,42.918572552300446,1.0,1.0,1.0,4.537595189065601,36,0.932056116124152,35-40,1.0
8_11,8,19,99.14092599256217,0.0,27.272949203848064,48.13320529074264,1.0,1.0,1.0,4.0627919052444526,38,0.9914092599256218,35-40,1.0
8_11,8,20,99.14094755811371,0.0,16.963612467336468,44.150764828779415,1.0,1.0,1.0,0.5769113829234959,40,0.9914094755811371,35-40,1.0
8_11,8,21,95.07031062909071,1.0,4.3814514730641605,39.51215365210392,1.0,1.0,1.0,-1.4961637905455376,42,0.9507031062909072,41-46,1.0
8_13,8,0,3.0696680823900175,0.0,0.0,0.0,0.0,0.0,0.0,3.0696680823900175,0,0.030696680823900174,<30,0.0
8_13,8,1,6.2439901315195465,0.0,0.0,0.2719480344460652,0.0,1.0,0.0,2.721363998622815,2,0.062439901315195466,<30,0.0
8_13,8,2,2.602227532888443,0.0,0.0,0.0,0.0,0.0,0.0,-1.4358814260664565,4,0.02602227532888443,<30,0.0
8_13,8,3,1.448450090715303,0.0,0.0,0.0,0.0,0.0,0.0,-0.7958706298676879,6,0.01448450090715303,<30,0.0
8_13,8,4,15.596358237312089,0.0,8.019836285965557,7.250922157657275,1.0,1.0,0.0,4.508040128453759,8,0.15596358237312088,<30,0.0
8_13,8,5,66.24693365266891,0.0,52.82941734445268,38.48757242849744,1.0,1.0,1.0,21.444419899208626,10,0.6624693365266892,<30,0.0
8_13,8,6,56.75791407441033,0.0,41.981545841266055,21.796004533104867,1.0,1.0,1.0,3.590911554527299,12,0.5675791407441033,<30,0.0
8_13,8,7,26.399429376495803,0.0,10.160651846338785,0.0,1.0,0.0,1.0,-13.658524934876946,14,0.26399429376495803,<30,0.0
8_13,8,8,22.496750057889646,0.0,4.609580549097263,0.0,1.0,0.0,1.0,-5.283579268325714,16,0.22496750057889645,<30,0.0
8_13,8,9,37.434802373312564,0.0,17.630832894724293,10.250715247522969,1.0,1.0,1.0,4.3842321110905695,18,0.37434802373312565,<30,0.0
8_13,8,10,50.09489503839928,0.0,28.02329228931671,21.955438702177016,1.0,1.0,1.0,8.911555037503911,20,0.5009489503839928,<30,0.0
8_13,8,11,58.6001106780274,0.0,33.8276160482142,31.614185986275235,1.0,1.0,1.0,2.677796923063608,22,0.586001106780274,<30,0.0
8_13,8,12,51.1225038571794,0.0,23.13343342686136,21.647039717345677,1.0,1.0,1.0,0.26198525261379757,24,0.511225038571794,<30,0.0
8_13,8,13,22.29409239869154,0.0,0.0,0.0,0.0,0.0,0.0,-13.473262683645608,26,0.2229409239869154,<30,0.0
8_13,8,14,11.595577287814113,0.0,0.0,0.0,0.0,0.0,0.0,-7.304329522302272,28,0.11595577287814113,<30,1.0
8_13,8,15,21.9807416811342,0.0,0.0,0.0,0.0,0.0,0.0,2.307604143547341,30,0.21980741681134203,30-34,1.0
8_13,8,16,11.35386475300239,0.0,0.0,0.0,0.0,0.0,0.0,-1.8556460368686862,32,0.1135386475300239,30-34,1.0
8_13,8,17,4.9978217282819575,0.0,0.0,0.0,0.0,0.0,0.0,-4.226055734261095,34,0.04997821728281957,30-34,1.0
8_13,8,18,6.5817904075805345,0.0,0.0,0.0,0.0,0.0,0.0,-0.30698291428974817,36,0.06581790407580534,35-40,1.0
8_13,8,19,7.408820916214642,1.0,0.0,0.0,0.0,0.0,0.0,1.155537968842804,38,0.07408820916214642,35-40,1.0
8_16,8,0,21.566646907065238,0.0,17.355763773837204,17.355763773837204,1.0,1.0,0.0,21.566646907065238,0,0.21566646907065237,<30,0.0
8_16,8,1,83.36493004377994,0.0,74.3611345608333,45.836497016440035,1.0,1.0,1.0,34.41053970003124,2,0.8336493004377994,<30,0.0
8_16,8,2,83.51559717793415,0.0,73.81616897706891,46.06734681552962,1.0,1.0,1.0,7.405190719413794,4,0.8351559717793415,<30,0.0
8_16,8,3,79.90077343251052,0.0,69.21999009604781,45.35499001997555,1.0,1.0,1.0,-2.2154183054024728,6,0.7990077343251052,<30,0.0
8_16,8,4,85.58742473359537,0.0,73.50762828776035,52.3858773094396,1.0,1.0,1.0,2.2613116710566934,8,0.8558742473359537,<30,0.0
8_16,8,5,43.37570833688082,0.0,29.958192028664584,14.517453416333653,1.0,1.0,1.0,-14.36013247214333,10,0.4337570833688082,<30,0.0
8_16,8,6,13.685229370618366,0.0,1.1279247021730132,0.0,1.0,0.0,1.0,-18.380658779397432,12,0.13685229370618365,<30,0.0
8_16,8,7,14.737170283547286,0.0,2.2330824176559787,0.0,1.0,0.0,0.0,-2.9939225442758124,14,0.14737170283547285,<30,0.0
8_16,8,8,59.76959046985523,0.0,41.88242096106285,21.250993024457188,1.0,1.0,1.0,16.744622356841976,16,0.5976959046985523,<30,0.0
8_16,8,9,38.71234370029535,0.0,18.908374221707085,4.734622838640167,1.0,1.0,1.0,-0.14017719061005796,18,0.3871234370029535,<30,0.0
8_16,8,10,40.92947298968124,0.0,18.85787024059867,11.861362611920205,1.0,1.0,1.0,-4.4034731859440255,20,0.40929472989681237,<30,0.0
8_16,8,11,71.16180418679149,0.0,46.38930955697829,37.324361737350245,1.0,1.0,1.0,13.535999992438,22,0.7116180418679149,<30,0.0
8_16,8,12,44.77315056700414,0.0,16.7840801366861,12.644445491166456,1.0,1.0,1.0,-5.695934723760323,24,0.4477315056700414,<30,0.0
8_16,8,13,16.334705234706416,0.0,0.0,0.0,0.0,0.0,0.0,-15.412555584927164,26,0.16334705234706415,<30,0.0
8_16,8,14,5.597676931985733,0.0,0.0,0.0,0.0,0.0,0.0,-7.472111886376566,28,0.05597676931985733,<30,1.0
8_16,8,15,3.0921934670630002,1.0,0.0,0.0,0.0,0.0,0.0,-2.9373489907118624,30,0.03092193467063,30-34,1.0
8_18,8,0,0.6137831699726741,0.0,0.0,0.0,0.0,0.0,0.0,0.6137831699726741,0,0.006137831699726742,<30,0.0
8_18,8,1,1.6995805120221452,0.0,0.0,0.0,0.0,0.0,0.0,0.7103457601613479,2,0.016995805120221454,<30,0.0
8_18,8,2,2.091242811647713,0.0,0.0,0.0,0.0,0.0,0.0,0.20484870158374735,4,0.02091242811647713,<30,0.0
8_18,8,3,1.3583117912210194,0.0,0.0,0.0,0.0,0.0,0.0,-0.16639098564447075,6,0.013583117912210195,<30,0.0
8_18,8,4,1.7796032129456574,0.0,0.0,0.0,0.0,0.0,0.0,-0.009896698132443503,8,0.017796032129456574,<30,0.0
8_18,8,5,2.9122673891082305,0.0,0.0,0.0,0.0,0.0,0.0,0.47893391918734296,10,0.029122673891082303,<30,0.0
8_18,8,6,2.417932703793138,0.0,0.0,0.0,0.0,0.0,0.0,0.08536881147174807,12,0.02417932703793138,<30,0.0
8_18,8,7,1.5931526308854858,0.0,0.0,0.0,0.0,0.0,0.0,-0.48074863286229497,14,0.015931526308854856,<30,0.0
8_18,8,8,5.429433478765887,0.0,0.0,0.0,0.0,0.0,0.0,1.173311526964261,16,0.05429433478765887,<30,0.0
8_18,8,9,27.28465087664116,0.0,7.480681398052893,9.620380758114113,1.0,1.0,0.0,8.340908949601108,18,0.2728465087664116,<30,0.0
8_18,8,10,18.108660189931722,0.0,0.0,0.10245246023727006,0.0,1.0,0.0,0.9125214379256745,20,0.18108660189931722,<30,0.0
8_18,8,11,30.510700452001856,0.0,5.872582514044561,6.626914324008961,1.0,1.0,0.0,1.3701670548813756,22,0.30510700452001854,<30,0.0
8_18,8,12,33.00117309497713,0.0,5.56436560176704,6.191175246488827,1.0,1.0,0.0,4.529158957963417,24,0.3300117309497713,<30,0.0
8_18,8,13,16.644266231921286,0.0,0.0,0.0,0.0,0.0,0.0,-7.034617447379345,26,0.16644266231921287,<30,0.0
8_18,8,14,13.330553771888216,0.0,0.0,0.0,0.0,0.0,0.0,-3.3185133928581276,28,0.13330553771888215,<30,1.0
8_18,8,15,17.305432386149683,0.0,0.0,0.0,0.0,0.0,0.0,1.1575177005534247,30,0.17305432386149683,30-34,1.0
8_18,8,16,15.52158248811337,0.0,0.0,0.0,0.0,0.0,0.0,0.1882748126769001,32,0.1552158248811337,30-34,1.0
8_18,8,17,48.23605453314948,0.0,3.471028468012477,10.288141841878911,1.0,1.0,0.0,10.445643930983541,34,0.48236054533149475,30-34,1.0
8_18,8,18,90.40227421093076,0.0,27.668569328202345,32.1304568028887,1.0,1.0,1.0,22.072216620339283,36,0.9040227421093076,35-40,1.0
8_18,8,19,95.11004159349187,0.0,23.242064804777755,24.273713830343993,1.0,1.0,1.0,6.792006084546129,38,0.9511004159349187,35-40,1.0
8_18,8,20,90.05050764398888,0.0,7.873172553211639,14.128233196488182,1.0,1.0,1.0,-1.7628938289688396,40,0.9005050764398888,35-40,1.0
8_18,8,21,80.57925026346379,1.0,0.0,4.148116149445755,0.0,1.0,0.0,-4.6044556498475515,42,0.8057925026346379,41-46,1.0
8_20,8,0,0.0,0.0,0.0,0.0,0.0,0.0,0.0,0.0,0,0.0,<30,0.0
8_20,8,1,0.0,0.0,0.0,0.0,0.0,0.0,0.0,0.0,2,0.0,<30,0.0
8_20,8,2,0.0,0.0,0.0,0.0,0.0,0.0,0.0,0.0,4,0.0,<30,0.0
8_20,8,3,0.05917759642356514,0.0,0.0,0.0,0.0,0.0,0.0,0.019725865474521716,6,0.0005917759642356514,<30,0.0
8_20,8,4,1.1943779513098263,0.0,0.0,0.0,0.0,0.0,0.0,0.39417916307434575,8,0.011943779513098263,<30,0.0
8_20,8,5,4.455821789512189,0.0,0.0,0.0,0.0,0.0,0.0,1.3831228132323266,10,0.04455821789512189,<30,0.0
8_20,8,6,3.7165037561129997,0.0,0.0,0.0,0.0,0.0,0.0,0.36841892467714515,12,0.037165037561129995,<30,0.0
8_20,8,7,1.0622144974599323,0.0,0.0,0.0,0.0,0.0,0.0,-1.3662544500369678,14,0.010622144974599323,<30,0.0
8_20,8,8,0.3778842036507509,0.0,0.0,0.0,0.0,0.0,0.0,-0.553066910320308,16,0.0037788420365075094,<30,0.0
8_20,8,9,1.1862203770173507,0.0,0.0,0.0,0.0,0.0,0.0,0.2116399766084165,18,0.011862203770173507,<30,0.0
8_20,8,10,12.17558945675287,0.0,0.0,0.1949260736518852,0.0,1.0,0.0,3.90110579629882,20,0.12175589456752871,<30,0.0
8_20,8,11,15.391982478948622,0.0,0.0,0.0,0.0,0.0,0.0,3.491550515902758,22,0.1539198247894862,<30,0.0
8_20,8,12,9.576305452712502,0.0,0.0,0.0,0.0,0.0,0.0,-2.335637521718848,24,0.09576305452712502,<30,0.0
8_20,8,13,17.58717491883089,0.0,0.0,0.0,0.0,0.0,0.0,1.8434780991344477,26,0.1758717491883089,<30,0.0
8_20,8,14,26.874504112729788,0.0,0.0,1.037317651210289,0.0,1.0,0.0,5.172056180178146,28,0.26874504112729786,<30,1.0
8_20,8,15,64.46183100036683,0.0,22.90467655450987,27.54838252628207,1.0,1.0,0.0,13.597709630008001,30,0.6446183100036683,30-34,1.0
8_20,8,16,79.06140874277318,0.0,31.40068972193543,28.072357737447568,1.0,1.0,1.0,13.331930882752136,32,0.7906140874277319,30-34,1.0
8_20,8,17,66.56451628848234,1.0,13.75268177155182,11.775027738501798,1.0,1.0,1.0,-4.024140005853648,34,0.6656451628848233,30-34,1.0
8_22,8,0,0.0,0.0,0.0,0.0,0.0,0.0,0.0,0.0,0,0.0,<30,0.0
8_22,8,1,0.0,0.0,0.0,0.0,0.0,0.0,0.0,0.0,2,0.0,<30,0.0
8_22,8,2,0.0,0.0,0.0,0.0,0.0,0.0,0.0,0.0,4,0.0,<30,0.0
8_22,8,3,0.0,0.0,0.0,0.0,0.0,0.0,0.0,0.0,6,0.0,<30,0.0
8_22,8,4,0.0,0.0,0.0,0.0,0.0,0.0,0.0,0.0,8,0.0,<30,0.0
8_22,8,5,0.0,0.0,0.0,0.0,0.0,0.0,0.0,0.0,10,0.0,<30,0.0
8_22,8,6,0.0,0.0,0.0,0.0,0.0,0.0,0.0,0.0,12,0.0,<30,0.0
8_22,8,7,0.0,0.0,0.0,0.0,0.0,0.0,0.0,0.0,14,0.0,<30,0.0
8_22,8,8,0.065704558192492,0.0,0.0,0.0,0.0,0.0,0.0,0.021901519397497335,16,0.00065704558192492,<30,0.0
8_22,8,9,0.7322349840306279,0.0,0.0,0.0,0.0,0.0,0.0,0.24352168157675635,18,0.007322349840306279,<30,0.0
8_22,8,10,3.390024006569335,0.0,0.0,0.0,0.0,0.0,0.0,1.0167208082098786,20,0.033900240065693345,<30,0.0
8_22,8,11,10.799937595181436,0.0,0.0,0.0,0.0,0.0,0.0,3.0892079137335475,22,0.10799937595181436,<30,0.0
8_22,8,12,11.280752522696318,0.0,0.0,0.0,0.0,0.0,0.0,1.4713927704370784,24,0.11280752522696318,<30,0.0
8_22,8,13,10.630103686358781,0.0,0.0,0.0,0.0,0.0,0.0,-0.545679522999729,26,0.10630103686358781,<30,0.0
8_22,8,14,11.082826103938629,0.0,0.0,0.0,0.0,0.0,0.0,0.19896177134359228,28,0.1108282610393863,<30,1.0
8_22,8,15,13.761655796965147,0.0,0.0,0.0,0.0,0.0,0.0,1.0950786787943876,30,0.13761655796965147,30-34,1.0
8_22,8,16,7.902499018778476,0.0,0.0,0.0,0.0,0.0,0.0,-1.889054374214912,32,0.07902499018778476,30-34,1.0
8_22,8,17,4.510708452212535,0.0,0.0,0.0,0.0,0.0,0.0,-2.147129104457803,34,0.04510708452212535,30-34,1.0
8_22,8,18,4.655257294457619,0.0,0.0,0.0,0.0,0.0,0.0,-0.17117861655111724,36,0.04655257294457619,35-40,1.0
8_22,8,19,2.4629255625998128,0.0,0.0,0.0,0.0,0.0,0.0,-0.9150092966289709,38,0.024629255625998128,35-40,1.0
8_22,8,20,3.3547928523569324,0.0,0.0,0.0,0.0,0.0,0.0,0.0275876965690999,40,0.033547928523569324,35-40,1.0
8_22,8,21,17.460933661573122,0.0,0.0,0.0,0.0,0.0,0.0,5.010507799545431,42,0.17460933661573122,41-46,1.0
8_22,8,22,57.02236900621517,0.0,0.0,0.0,0.0,0.0,0.0,16.684837712438664,44,0.5702236900621517,41-46,1.0
8_22,8,23,60.270346546807644,0.0,0.0,0.0,0.0,0.0,0.0,7.477134616577284,46,0.6027034654680764,41-46,1.0
8_22,8,24,70.24140160091439,0.0,0.0,0.0,0.0,0.0,0.0,3.0209889190869825,48,0.7024140160091439,47-52,1.0
8_22,8,25,78.47894258636934,0.0,0.0,0.0,0.0,0.0,0.0,4.413416598926514,50,0.7847894258636934,47-52,1.0
8_22,8,26,75.47569441573214,0.0,0.0,0.0,0.0,0.0,0.0,0.3836611392241973,52,0.7547569441573213,47-52,1.0
8_22,8,27,63.12006388300953,0.0,0.0,0.0,0.0,0.0,0.0,-5.143450156358052,54,0.6312006388300953,53-58,1.0
8_22,8,28,55.06629761808699,0.0,0.0,0.0,0.0,0.0,0.0,-5.154765594883379,56,0.5506629761808699,53-58,1.0
8_22,8,29,49.755715438887336,0.0,0.0,0.0,0.0,0.0,0.0,-2.510624656175396,58,0.4975571543888734,53-58,1.0
8_22,8,30,42.711847615250676,1.0,0.0,0.0,0.0,0.0,0.0,-3.9482971095079997,60,0.42711847615250675,59+,1.0
8_3,8,0,0.0,0.0,0.0,0.0,0.0,0.0,0.0,0.0,0,0.0,<30,0.0
8_3,8,1,0.0,0.0,0.0,0.0,0.0,0.0,0.0,0.0,2,0.0,<30,0.0
8_3,8,2,0.0,0.0,0.0,0.0,0.0,0.0,0.0,0.0,4,0.0,<30,0.0
8_3,8,3,0.0,0.0,0.0,0.0,0.0,0.0,0.0,0.0,6,0.0,<30,0.0
8_3,8,4,0.0,0.0,0.0,0.0,0.0,0.0,0.0,0.0,8,0.0,<30,0.0
8_3,8,5,0.0,0.0,0.0,0.0,0.0,0.0,0.0,0.0,10,0.0,<30,0.0
8_3,8,6,0.0013939525190646443,0.0,0.0,0.0,0.0,0.0,0.0,0.0004646508396882148,12,1.3939525190646443e-05,<30,0.0
8_3,8,7,0.14891950665350873,0.0,0.0,0.0,0.0,0.0,0.0,0.04960661472819283,14,0.0014891950665350874,<30,0.0
8_3,8,8,2.0465135537288717,0.0,0.0,0.0,0.0,0.0,0.0,0.6762843500518825,16,0.020465135537288716,<30,0.0
8_3,8,9,10.42119309813974,0.0,0.0,0.0,0.0,0.0,0.0,3.3027236319442803,18,0.1042119309813974,<30,0.0
8_3,8,10,27.378404055951087,0.0,5.687983453745229,7.787186003455801,1.0,1.0,0.0,7.1441725651911945,20,0.2737840405595109,<30,0.0
8_3,8,11,36.86885239795778,0.0,12.096357768144584,10.406594932619802,1.0,1.0,1.0,6.793827588912612,22,0.3686885239795778,<30,0.0
8_3,8,12,40.83887791412414,0.0,12.849807483806098,10.88046366806056,1.0,1.0,1.0,1.7643047461056383,24,0.4083887791412414,<30,0.0
8_3,8,13,59.45510827722484,0.0,27.651352817089816,25.689953679692614,1.0,1.0,1.0,7.266628585836142,26,0.5945510827722483,<30,0.0
8_3,8,14,63.611638868179355,0.0,27.312663839377326,27.8787141405103,1.0,1.0,1.0,5.074365360767411,28,0.6361163886817935,<30,1.0
8_3,8,15,69.08590563093007,1.0,28.94510549769298,33.42227754803846,1.0,1.0,1.0,1.29163826700884,30,0.6908590563093007,30-34,1.0
8_5,8,0,10.235837253460735,0.0,6.0249541202326995,6.0249541202326995,1.0,1.0,0.0,10.235837253460735,0,0.10235837253460735,<30,0.0
8_5,8,1,46.70427898012558,0.0,37.70048349717895,24.567702643501796,1.0,1.0,1.0,18.808901234579878,2,0.4670427898012558,<30,0.0
8_5,8,2,53.473681107841024,0.0,43.77425290697579,27.96585262412202,1.0,1.0,1.0,7.930998135717392,4,0.5347368110784102,<30,0.0
8_5,8,3,60.12415866802243,0.0,49.44337533155973,34.56110394994997,1.0,1.0,1.0,1.7080469062182135,6,0.6012415866802243,<30,0.0
8_5,8,4,78.7061121666589,0.0,66.62631572082388,50.07393587832982,1.0,1.0,1.0,8.553945148038142,8,0.7870611216665889,<30,0.0
8_5,8,5,71.93670745756108,0.0,58.51919114934485,45.0588325007069,1.0,1.0,1.0,0.4229497302584282,10,0.7193670745756109,<30,0.0
8_5,8,6,68.51972580249813,0.0,53.74335756935386,50.3009364997969,1.0,1.0,1.0,-3.5176894619954147,12,0.6851972580249813,<30,0.0
8_5,8,7,53.730726432880914,0.0,37.49194890272389,35.83120894213888,1.0,1.0,1.0,-4.7542064936451025,14,0.5373072643288092,<30,0.0
8_5,8,8,18.654594589370003,0.0,3.337541429721796,0.0,1.0,0.0,1.0,-15.700203958067005,16,0.18654594589370002,<30,0.0
8_5,8,9,5.724245634335125,0.0,0.0,0.0,0.0,0.0,0.0,-9.517676519996161,18,0.05724245634335125,<30,0.0
8_5,8,10,1.6059837243778623,0.0,0.0,0.0,0.0,0.0,0.0,-2.900553172839321,20,0.016059837243778623,<30,0.0
8_5,8,11,0.5885557473961688,0.0,0.0,0.0,0.0,0.0,0.0,-0.8278427354217519,22,0.005885557473961688,<30,0.0
8_5,8,12,1.4406878319773841,0.0,0.0,0.0,0.0,0.0,0.0,0.20249340027815077,24,0.01440687831977384,<30,0.0
8_5,8,13,1.6241677343661927,0.0,0.0,0.0,0.0,0.0,0.0,0.27680282983422916,26,0.01624167734366193,<30,0.0
8_5,8,14,8.58894284790005,0.0,0.0,0.0,0.0,0.0,0.0,2.2532962360957933,28,0.0858894284790005,<30,1.0
8_5,8,15,25.34020590482612,0.0,0.0,0.05797993835061632,0.0,1.0,0.0,7.505345733412884,30,0.2534020590482612,30-34,1.0
8_5,8,16,69.81681208665773,0.0,22.15609306581998,23.736753078914234,1.0,1.0,0.0,17.934325517302923,32,0.6981681208665773,30-34,1.0
8_5,8,17,92.1105144512663,1.0,39.29867993433578,32.95577991319884,1.0,1.0,1.0,20.14790612875357,34,0.921105144512663,30-34,1.0
8_7,8,0,9.294582302693556,0.0,5.08369916946552,5.08369916946552,1.0,1.0,0.0,9.294582302693556,0,0.09294582302693556,<30,0.0
8_7,8,1,35.26569679904536,0.0,26.261901316098733,17.179138948783837,1.0,1.0,1.0,14.509339722483606,2,0.3526569679904536,<30,0.0
8_7,8,2,57.71496593626145,0.0,48.015537735396215,33.863187660250574,1.0,1.0,1.0,10.631912965585661,4,0.5771496593626145,<30,0.0
8_7,8,3,52.22452189301038,0.0,41.54373855654768,26.224368002029976,1.0,1.0,1.0,2.6781283005743397,6,0.5222452189301038,<30,0.0
8_7,8,4,32.087504509702015,0.0,20.007708063867,7.590875896871303,1.0,1.0,1.0,-9.948483205840647,8,0.32087504509702014,<30,0.0
8_7,8,5,34.610647975666424,0.0,21.19313166745019,12.784023917142266,1.0,1.0,1.0,-1.8703677202652438,10,0.34610647975666425,<30,0.0
8_7,8,6,33.016941039225586,0.0,18.240572806081317,14.382631766703858,1.0,1.0,1.0,1.2357320306195778,12,0.33016941039225584,<30,0.0
8_7,8,7,24.063902338117483,0.0,7.825124807960464,3.399659888066621,1.0,1.0,1.0,-4.6941671135385175,14,0.24063902338117482,<30,0.0
8_7,8,8,29.665073054861203,0.0,11.777903546068819,12.80268397631029,1.0,1.0,1.0,0.875386546433478,16,0.296650730548612,<30,0.0
8_7,8,9,21.70792353826979,0.0,1.9039540596815243,6.599477156334283,1.0,1.0,1.0,-1.5533811865529548,18,0.21707923538269788,<30,0.0
8_7,8,10,36.42362178894158,0.0,14.35201903985901,19.20892926791613,1.0,1.0,1.0,3.371489427551787,20,0.3642362178894158,<30,0.0
8_7,8,11,55.92089707456189,0.0,31.148402444748704,32.64229861929675,1.0,1.0,1.0,10.311464195780946,22,0.5592089707456189,<30,0.0
8_7,8,12,46.88027077575988,0.0,18.89120034544184,19.676573205079436,1.0,1.0,1.0,-0.5932475673235611,24,0.4688027077575988,<30,0.0
8_7,8,13,46.45617690714421,0.0,14.652421447009191,17.855627929958306,1.0,1.0,1.0,-2.847606817200885,26,0.4645617690714421,<30,0.0
8_7,8,14,81.24890516777592,0.0,44.94993013897388,45.841148224895385,1.0,1.0,1.0,13.835854092548743,28,0.8124890516777592,<30,1.0
8_7,8,15,93.23476116530813,0.0,51.67760671945116,52.52459577784459,1.0,1.0,1.0,9.404055070799,30,0.9323476116530813,30-34,1.0
8_7,8,16,97.70537754006696,0.0,50.04465851922921,51.820994365125344,1.0,1.0,1.0,2.572294730167255,32,0.9770537754006696,30-34,1.0
8_7,8,17,98.6001508857126,0.0,43.90805682243033,47.97658056462144,1.0,1.0,1.0,1.0231836781715746,34,0.9860015088571259,30-34,1.0
8_7,8,18,94.61687396494584,0.0,31.88316908221742,46.640230896295684,1.0,1.0,1.0,-1.375066256549291,36,0.9461687396494584,35-40,1.0
8_7,8,19,87.61442620817445,0.0,15.746449419460347,45.60442866033172,1.0,1.0,1.0,-3.3000035791320337,38,0.8761442620817445,35-40,1.0
8_7,8,20,95.01641731431323,0.0,12.83908222353599,49.63813794706512,1.0,1.0,1.0,1.8656903279188437,40,0.9501641731431323,35-40,1.0
8_7,8,21,93.11576269166108,0.0,2.331365640898909,42.011530235522294,1.0,1.0,1.0,0.5302306790528563,42,0.9311576269166107,41-46,1.0
8_7,8,22,83.95227583102033,0.0,0.0,25.55247890087411,0.0,1.0,0.0,-3.875777198124152,44,0.8395227583102033,41-46,1.0
8_7,8,23,90.04021295768447,0.0,0.0,25.310159451240164,0.0,1.0,0.0,1.046652061266073,46,0.9004021295768447,41-46,1.0
8_7,8,24,90.0772956824997,0.0,0.0,18.007216200187358,0.0,1.0,0.0,0.8745761927001467,48,0.9007729568249969,47-52,1.0
8_7,8,25,84.82809650043177,0.0,0.0,4.142220997589561,0.0,1.0,0.0,-1.8647572705008009,50,0.8482809650043177,47-52,1.0
8_7,8,26,79.66233814662715,1.0,0.0,0.0,0.0,0.0,0.0,-3.2682604536134363,52,0.7966233814662715,47-52,1.0
8_9,8,0,6.869726338846565,0.0,2.6588432056185294,2.6588432056185294,1.0,1.0,0.0,6.869726338846565,0,0.06869726338846566,<30,0.0
8_9,8,1,33.32105575058028,0.0,24.317260267633653,16.428882510205806,1.0,1.0,1.0,13.344684812011636,2,0.3332105575058028,<30,0.0
8_9,8,2,59.93156279874401,0.0,50.23213459787877,34.082726092885075,1.0,1.0,1.0,13.211946362996063,4,0.5993156279874401,<30,0.0
8_9,8,3,63.791350847074256,0.0,53.11056751061155,35.25214916248274,1.0,1.0,1.0,5.091861530055122,6,0.6379135084707426,<30,0.0
8_9,8,4,69.07921948862433,0.0,56.99942304278932,39.09673242325544,1.0,1.0,1.0,2.338737226294609,8,0.6907921948862433,<30,0.0
8_9,8,5,36.840801356790976,0.0,23.423285048574733,9.622499750273853,1.0,1.0,1.0,-10.81031062837419,10,0.36840801356790975,<30,0.0
8_9,8,6,12.398750501005939,0.0,0.838861354854517,0.0,1.0,0.0,1.0,-14.443491412765475,12,0.12398750501005938,<30,0.0
8_9,8,7,3.4910177652423493,0.0,0.0,0.0,0.0,0.0,0.0,-6.173297182014866,14,0.03491017765242349,<30,0.0
8_9,8,8,1.9640277525519414,0.0,0.0,0.0,0.0,0.0,0.0,-1.550316756309367,16,0.019640277525519414,<30,0.0
8_9,8,9,2.169089521352008,0.0,0.0,0.0,0.0,0.0,0.0,0.002933369024421026,18,0.02169089521352008,<30,0.0
8_9,8,10,3.4598505797899612,0.0,0.0,0.0,0.0,0.0,0.0,0.4741894337251471,20,0.03459850579789961,<30,0.0
8_9,8,11,15.190436188919922,0.0,0.0,0.0824451022909578,0.0,1.0,0.0,4.260998255747686,22,0.1519043618891992,<30,0.0
8_9,8,12,42.960384231212785,0.0,14.971313800894743,16.224773687701607,1.0,1.0,0.0,11.526912407439536,24,0.42960384231212784,<30,0.0
8_9,8,13,58.37142383439848,0.0,26.567668374263455,20.90826433373104,1.0,1.0,1.0,11.042859378443941,26,0.5837142383439847,<30,0.0
8_9,8,14,80.81361832407866,0.0,44.514643295276635,34.272677340918534,1.0,1.0,1.0,8.760848181760457,28,0.8081361832407866,<30,1.0
8_9,8,15,66.50222999722958,1.0,26.361429863992484,17.77329003688901,1.0,1.0,1.0,1.7815604901315634,30,0.6650222999722958,30-34,1.0
9_1,9,0,16.10427931417982,0.0,11.893396180951784,11.893396180951784,1.0,1.0,0.0,16.10427931417982,0,0.1610427931417982,<30,0.0
9_1,9,1,65.15036684464387,0.0,56.14657136169724,35.922687887976466,1.0,1.0,1.0,26.26217247333443,2,0.6515036684464387,<30,0.0
9_1,9,2,73.2263120390351,0.0,63.526883838169866,39.639001247470574,1.0,1.0,1.0,9.949910524712147,4,0.7322631203903509,<30,0.0
9_1,9,3,39.042590960595945,0.0,28.361807624133238,9.009150832740914,1.0,1.0,1.0,-13.102710522906577,6,0.39042590960595946,<30,0.0
9_1,9,4,12.660933163459447,0.0,1.8729454266790384,0.0,1.0,0.0,1.0,-14.877791481928863,8,0.12660933163459448,<30,0.0
9_1,9,5,6.482736432247938,0.0,0.0,0.0,0.0,0.0,0.0,-5.254310601600222,10,0.06482736432247937,<30,0.0
9_1,9,6,19.80115801663854,0.0,5.024789783494266,0.0,1.0,0.0,0.0,3.915061899280392,12,0.1980115801663854,<30,0.0
9_1,9,7,16.18559484522162,0.0,1.2572701962902144,0.0,1.0,0.0,1.0,1.3857101335647197,14,0.16185594845221618,<30,0.0
9_1,9,8,30.167261398355237,0.0,12.280091889562856,11.050381538238648,1.0,1.0,0.0,3.2888115021851245,16,0.3016726139835524,<30,0.0
9_1,9,9,42.42076920027293,0.0,22.616799721684664,20.568385802010198,1.0,1.0,1.0,8.089855882747896,18,0.4242076920027293,<30,0.0
9_1,9,10,29.836690956216668,0.0,7.765088207134099,6.7744609484633,1.0,1.0,1.0,-3.5405020292072322,20,0.29836690956216666,<30,0.0
9_1,9,11,17.544363365402667,0.0,0.0,0.0,0.0,0.0,0.0,-6.869520273340289,22,0.17544363365402668,<30,0.0
9_1,9,12,11.172376042889514,0.0,0.0,0.0,0.0,0.0,0.0,-3.7926175515943954,24,0.11172376042889515,<30,0.0
9_1,9,13,9.49777416665975,0.0,0.0,0.0,0.0,0.0,0.0,-1.3186494223614944,26,0.0949777416665975,<30,0.0
9_1,9,14,15.437390928494336,0.0,0.0,0.0,0.0,0.0,0.0,1.8222642306112082,28,0.15437390928494335,<30,1.0
9_1,9,15,30.03717141238797,0.0,0.0,5.292882664481375,0.0,1.0,0.0,5.9618812808085035,30,0.3003717141238797,30-34,1.0
9_1,9,16,71.06784141670374,1.0,25.045126161659567,29.891466749845392,1.0,1.0,0.0,18.22951016600227,32,0.7106784141670375,30-34,1.0
9_11,9,0,0.0,0.0,0.0,0.0,0.0,0.0,0.0,0.0,0,0.0,<30,0.0
9_11,9,1,0.0,0.0,0.0,0.0,0.0,0.0,0.0,0.0,2,0.0,<30,0.0
9_11,9,2,0.0,0.0,0.0,0.0,0.0,0.0,0.0,0.0,4,0.0,<30,0.0
9_11,9,3,0.0,0.0,0.0,0.0,0.0,0.0,0.0,0.0,6,0.0,<30,0.0
9_11,9,4,0.0,0.0,0.0,0.0,0.0,0.0,0.0,0.0,8,0.0,<30,0.0
9_11,9,5,0.0,0.0,0.0,0.0,0.0,0.0,0.0,0.0,10,0.0,<30,0.0
9_11,9,6,0.40642590089166797,0.0,0.0,0.0,0.0,0.0,0.0,0.13547530029722266,12,0.00406425900891668,<30,0.0
9_11,9,7,1.6900941792859565,0.0,0.0,0.0,0.0,0.0,0.0,0.549700861199451,14,0.016900941792859565,<30,0.0
9_11,9,8,5.160963580429142,0.0,0.0,0.0,0.0,0.0,0.0,1.3956663974236023,16,0.05160963580429142,<30,0.0
9_11,9,9,10.462221635479878,0.0,0.0,0.0,0.0,0.0,0.0,2.4397451418629403,18,0.10462221635479878,<30,0.0
9_11,9,10,7.632637283348236,0.0,0.0,0.0,0.0,0.0,0.0,-0.3244878257099672,20,0.07632637283348237,<30,0.0
9_11,9,11,9.88757933703221,0.0,0.0,0.0,0.0,0.0,0.0,0.2860211803332347,22,0.09887579337032211,<30,0.0
9_11,9,12,11.217620638879382,0.0,0.0,0.0,0.0,0.0,0.0,1.3920577072636295,24,0.11217620638879382,<30,0.0
9_11,9,13,3.2727198378465463,0.0,0.0,0.0,0.0,0.0,0.0,-3.4153919152652037,26,0.032727198378465466,<30,0.0
9_11,9,14,0.9238757951091603,0.0,0.0,0.0,0.0,0.0,0.0,-1.777608258541576,28,0.009238757951091603,<30,1.0
9_11,9,15,2.2088950573809263,0.0,0.0,0.0,0.0,0.0,0.0,0.16078585506438697,30,0.022088950573809264,30-34,1.0
9_11,9,16,5.405812236407773,0.0,0.0,0.0,0.0,0.0,0.0,1.4068994579567198,32,0.05405812236407773,30-34,1.0
9_11,9,17,26.277220366975065,0.0,0.0,0.0,0.0,0.0,0.0,7.99299667395291,34,0.2627722036697506,30-34,1.0
9_11,9,18,25.156914077147217,1.0,0.0,0.0,0.0,0.0,0.0,5.420063785357748,36,0.2515691407714722,35-40,1.0
9_13,9,0,0.0,0.0,0.0,0.0,0.0,0.0,0.0,0.0,0,0.0,<30,0.0
9_13,9,1,0.007594935493263823,0.0,0.0,0.0,0.0,0.0,0.0,0.0025316451644212742,2,7.594935493263823e-05,<30,0.0
9_13,9,2,0.26893181070812855,0.0,0.0,0.0,0.0,0.0,0.0,0.08964393690270951,4,0.0026893181070812857,<30,0.0
9_13,9,3,0.09073478726142951,0.0,0.0,0.0,0.0,0.0,0.0,-0.023006104544874575,6,0.0009073478726142951,<30,0.0
9_13,9,4,0.02391743024965219,0.0,0.0,0.0,0.0,0.0,0.0,-0.050936601202429335,8,0.0002391743024965219,<30,0.0
9_13,9,5,0.0063045661648908485,0.0,0.0,0.0,0.0,0.0,0.0,-0.0134267423023025,10,6.304566164890849e-05,<30,0.0
9_13,9,6,0.006048095873555492,0.0,0.0,0.0,0.0,0.0,0.0,-0.0020771740866279737,12,6.048095873555492e-05,<30,0.0
9_13,9,7,0.11787981924829595,0.0,0.0,0.0,0.0,0.0,0.0,0.03821431568372244,14,0.0011787981924829595,<30,0.0
9_13,9,8,0.07893060211444607,0.0,0.0,0.0,0.0,0.0,0.0,0.0018704197044614214,16,0.0007893060211444607,<30,0.0
9_13,9,9,3.5938718972893335,0.0,0.0,0.0,0.0,0.0,0.0,1.17216483305391,18,0.03593871897289334,<30,0.0
9_13,9,10,3.5675854692313846,0.0,0.0,0.0,0.0,0.0,0.0,0.8944201288076711,20,0.035675854692313845,<30,0.0
9_13,9,11,0.9584162300210101,0.0,0.0,0.0,0.0,0.0,0.0,-1.3787731509082244,22,0.0095841623002101,<30,0.0
9_13,9,12,0.25263577535720316,0.0,0.0,0.0,0.0,0.0,0.0,-0.5380347137846679,24,0.0025263577535720315,<30,0.0
9_13,9,13,0.06659406736980658,0.0,0.0,0.0,0.0,0.0,0.0,-0.14182441076055308,26,0.0006659406736980658,<30,0.0
9_13,9,14,0.017554005574166975,0.0,0.0,0.0,0.0,0.0,0.0,-0.037384508791431195,28,0.00017554005574166976,<30,1.0
9_13,9,15,0.004627185631817943,0.0,0.0,0.0,0.0,0.0,0.0,-0.009854449527283517,30,4.6271856318179436e-05,30-34,1.0
9_13,9,16,0.505735150160192,0.0,0.0,0.0,0.0,0.0,0.0,0.16557420773027368,32,0.00505735150160192,30-34,1.0
9_13,9,17,2.656944647924644,1.0,0.0,0.0,0.0,0.0,0.0,0.8846017204707929,34,0.026569446479246438,30-34,1.0
9_15,9,0,0.10208735753557541,0.0,0.0,0.0,0.0,0.0,0.0,0.10208735753557541,0,0.001020873575355754,<30,0.0
9_15,9,1,0.9389603175295608,0.0,0.0,0.0,0.0,0.0,0.0,0.351863942094844,2,0.009389603175295608,<30,0.0
9_15,9,2,1.6350423861397094,0.0,0.0,0.0,0.0,0.0,0.0,0.4332306703647305,4,0.016350423861397095,<30,0.0
9_15,9,3,1.4262468042339949,0.0,0.0,0.0,0.0,0.0,0.0,-0.07109429636461415,6,0.014262468042339948,<30,0.0
9_15,9,4,1.205235816544821,0.0,0.0,0.0,0.0,0.0,0.0,-0.08009589641051082,8,0.01205235816544821,<30,0.0
9_15,9,5,0.7686620433851095,0.0,0.0,0.0,0.0,0.0,0.0,-0.17790644940066153,10,0.007686620433851095,<30,0.0
9_15,9,6,0.2525535156318866,0.0,0.0,0.0,0.0,0.0,0.0,-0.2700163815896717,12,0.002525535156318866,<30,0.0
9_15,9,7,0.3104541532489198,0.0,0.0,0.0,0.0,0.0,0.0,-0.04324289064848455,14,0.003104541532489198,<30,0.0
9_15,9,8,0.4339924922501161,0.0,0.0,0.0,0.0,0.0,0.0,0.07317208503134448,16,0.004339924922501161,<30,0.0
9_15,9,9,0.15264983765192006,0.0,0.0,0.0,0.0,0.0,0.0,-0.10961103253367727,18,0.0015264983765192006,<30,0.0
9_15,9,10,0.11677125791813134,0.0,0.0,0.0,0.0,0.0,0.0,-0.04239211223845146,20,0.0011677125791813134,<30,0.0
9_15,9,11,0.07104642431410849,0.0,0.0,0.0,0.0,0.0,0.0,-0.00837769494414873,22,0.0007104642431410849,<30,0.0
9_15,9,12,0.01979525564803342,0.0,0.0,0.0,0.0,0.0,0.0,-0.03604945874804817,24,0.0001979525564803342,<30,0.0
9_15,9,13,0.01568639069826646,0.0,0.0,0.0,0.0,0.0,0.0,-0.007132523514425022,26,0.0001568639069826646,<30,0.0
9_15,9,14,0.0262222818490438,0.0,0.0,0.0,0.0,0.0,0.0,0.00530361812375226,28,0.000262222818490438,<30,1.0
9_15,9,15,0.008395300877908376,0.0,0.0,0.0,0.0,0.0,0.0,-0.006848919110198819,30,8.395300877908376e-05,30-34,1.0
9_15,9,16,3.760822958675133,0.0,0.0,0.0,0.0,0.0,0.0,1.24883104198255,32,0.037608229586751335,30-34,1.0
9_15,9,17,23.960811745467005,0.0,0.0,0.0,0.0,0.0,0.0,7.782346486236758,34,0.23960811745467006,30-34,1.0
9_15,9,18,38.4252742550366,0.0,0.0,0.0,0.0,0.0,0.0,8.86968783083945,36,0.38425274255036596,35-40,1.0
9_15,9,19,52.13319165957944,0.0,0.0,0.0,0.0,0.0,0.0,6.390324961227863,38,0.5213319165957944,35-40,1.0
9_15,9,20,49.87189307796421,0.0,0.0,0.0,0.0,0.0,0.0,1.5119474129510415,40,0.4987189307796421,35-40,1.0
9_15,9,21,24.899728841853204,1.0,0.0,0.0,0.0,0.0,0.0,-10.052818655936884,42,0.24899728841853203,41-46,1.0
9_3,9,0,6.013517103898197,0.0,1.8026339706701613,1.8026339706701613,1.0,1.0,0.0,6.013517103898197,0,0.06013517103898197,<30,0.0
9_3,9,1,36.938119123536936,0.0,27.934323640590307,18.467138359948667,1.0,1.0,1.0,14.749276350702957,2,0.36938119123536933,<30,0.0
9_3,9,2,69.63750455347638,0.0,59.93807635261114,40.458975625436594,1.0,1.0,1.0,16.33485586414477,4,0.6963750455347637,<30,0.0
9_3,9,3,86.68667336054006,0.0,76.00589002407736,50.38359544571421,1.0,1.0,1.0,11.27428638312741,6,0.8668667336054006,<30,0.0
9_3,9,4,78.91954392274803,0.0,66.83974747691302,41.81319414155072,1.0,1.0,1.0,-1.1119824812099965,8,0.7891954392274804,<30,0.0
9_3,9,5,54.53919290981706,0.0,41.121676601600825,21.590650149179616,1.0,1.0,1.0,-10.265883285708867,10,0.5453919290981706,<30,0.0
9_3,9,6,50.85945087805209,0.0,36.08308264490782,26.78727119765737,1.0,1.0,1.0,-5.250708513746303,12,0.5085945087805208,<30,0.0
9_3,9,7,23.342521776040662,0.0,7.437344720984582,2.708895269084218,1.0,1.0,1.0,-9.18959990521081,14,0.23342521776040662,<30,0.0
9_3,9,8,6.419000609105328,0.0,0.0,0.0,0.0,0.0,0.0,-11.30908609200171,16,0.06419000609105328,<30,0.0
9_3,9,9,2.16560769908636,0.0,0.0,0.0,0.0,0.0,0.0,-3.311791671564993,18,0.0216560769908636,<30,0.0
9_3,9,10,1.2082800967097036,0.0,0.0,0.0,0.0,0.0,0.0,-0.7993319272472855,20,0.012082800967097036,<30,0.0
9_3,9,11,0.48945117125990706,0.0,0.0,0.0,0.0,0.0,0.0,-0.3851706553908575,22,0.004894511712599071,<30,0.0
9_3,9,12,11.416671822578227,0.0,0.0,0.0,0.0,0.0,0.0,3.594164509342317,24,0.11416671822578227,<30,0.0
9_3,9,13,28.119854793296565,0.0,1.0805355565044508,3.887802130719706,1.0,1.0,0.0,7.897116859132748,26,0.28119854793296567,<30,0.0
9_3,9,14,40.10486295197664,0.0,3.8058879231746197,7.102426604057339,1.0,1.0,1.0,7.4074899847757205,28,0.40104862951976644,<30,1.0
9_3,9,15,61.82337901553788,0.0,20.266224569680915,19.94224010062987,1.0,1.0,1.0,8.545040335595179,30,0.6182337901553788,30-34,1.0
9_3,9,16,64.95605957123381,0.0,17.295340550396066,17.15232452862912,1.0,1.0,1.0,5.105410074855566,32,0.649560595712338,30-34,1.0
9_3,9,17,37.5582057106929,0.0,0.0,0.0,0.0,0.0,0.0,-10.303653918111365,34,0.37558205710692905,30-34,1.0
9_3,9,18,44.088941947668715,0.0,0.0,0.9642555534786545,0.0,1.0,0.0,-2.052579650708464,36,0.44088941947668714,35-40,1.0
9_3,9,19,28.525371944940304,0.0,0.0,0.0,0.0,0.0,0.0,-4.146768457773516,38,0.28525371944940303,35-40,1.0
9_3,9,20,27.76017033927113,0.0,0.0,0.0,0.0,0.0,0.0,-2.971694884066274,40,0.2776017033927113,35-40,1.0
9_3,9,21,24.644424734639042,0.0,0.0,0.0,0.0,0.0,0.0,-0.3657898335347737,42,0.24644424734639042,41-46,1.0
9_3,9,22,14.203068787766483,0.0,0.0,0.0,0.0,0.0,0.0,-4.625810395341629,44,0.14203068787766482,41-46,1.0
9_3,9,23,26.957617669839316,0.0,0.0,0.0,0.0,0.0,0.0,2.907029450281898,46,0.2695761766983932,41-46,1.0
9_3,9,24,15.838570267279788,0.0,0.0,0.0,0.0,0.0,0.0,-1.53359966843583,48,0.1583857026727979,47-52,1.0
9_3,9,25,8.859991074695406,0.0,0.0,0.0,0.0,0.0,0.0,-4.4417297867120755,50,0.08859991074695406,47-52,1.0
9_3,9,26,17.068716559360908,0.0,0.0,0.0,0.0,0.0,0.0,1.6272018563791295,52,0.17068716559360908,47-52,1.0
9_3,9,27,26.827445596739352,0.0,0.0,0.0,0.0,0.0,0.0,5.31883040886707,54,0.2682744559673935,53-58,1.0
9_3,9,28,48.21320074047471,0.0,0.0,0.0,0.0,0.0,0.0,9.41624953491645,56,0.4821320074047471,53-58,1.0
9_3,9,29,69.45715886218471,0.0,0.0,0.0,0.0,0.0,0.0,10.490979569082242,58,0.6945715886218471,53-58,1.0
9_3,9,30,50.110720548238916,1.0,0.0,0.0,0.0,0.0,0.0,-1.3330254682254814,60,0.5011072054823892,59+,1.0
9_5,9,0,1.9052014997622704,0.0,0.0,0.0,0.0,0.0,0.0,1.9052014997622704,0,0.019052014997622702,<30,0.0
9_5,9,1,4.670222177322377,0.0,0.0,0.0,0.0,0.0,0.0,2.0107240876817043,2,0.04670222177322377,<30,0.0
9_5,9,2,2.5203468493518346,0.0,0.0,0.0,0.0,0.0,0.0,-0.7029182739519694,4,0.025203468493518347,<30,0.0
9_5,9,3,4.6759868028318845,0.0,0.0,0.0,0.0,0.0,0.0,0.5160273174207227,6,0.04675986802831884,<30,0.0
9_5,9,4,17.307824909364594,0.0,5.228028463529577,6.525519836477284,1.0,1.0,0.0,4.713503237646788,8,0.17307824909364594,<30,0.0
9_5,9,5,16.395920931352133,0.0,2.9784046231358943,3.3041205234934132,1.0,1.0,1.0,2.1118581837131143,10,0.16395920931352134,<30,0.0
9_5,9,6,18.40686885097348,0.0,3.630500617829207,4.308855197771466,1.0,1.0,1.0,-0.3029851833926127,12,0.18406868850973482,<30,0.0
9_5,9,7,11.77769306578113,0.0,0.0,0.0,0.0,0.0,0.0,-1.361392798959614,14,0.1177769306578113,<30,0.0
9_5,9,8,5.37314071535169,0.0,0.0,0.0,0.0,0.0,0.0,-3.6698594246671723,16,0.0537314071535169,<30,0.0
9_5,9,9,12.437514962049816,0.0,0.0,2.086204660971214,0.0,1.0,0.0,1.2627725565672883,18,0.12437514962049816,<30,0.0
9_5,9,10,15.513761609603737,0.0,0.0,1.4083430422101841,0.0,1.0,0.0,3.782088716828432,20,0.15513761609603738,<30,0.0
9_5,9,11,8.319142541964048,0.0,0.0,0.0,0.0,0.0,0.0,-3.827107696963319,22,0.08319142541964047,<30,0.0
9_5,9,12,4.577399373894543,0.0,0.0,0.0,0.0,0.0,0.0,-1.847289935370773,24,0.045773993738945425,<30,0.0
9_5,9,13,14.301777282161817,0.0,0.0,0.0,0.0,0.0,0.0,2.5282202147473782,26,0.14301777282161818,<30,0.0
9_5,9,14,12.496727350617856,0.0,0.0,0.0,0.0,0.0,0.0,2.0990799381509295,28,0.12496727350617856,<30,1.0
9_5,9,15,10.60873732549102,0.0,0.0,0.0,0.0,0.0,0.0,-2.4565922892881407,30,0.1060873732549102,30-34,1.0
9_5,9,16,24.892987005879004,0.0,0.0,0.7165329173711967,0.0,1.0,0.0,5.324917865659011,32,0.24892987005879003,30-34,1.0
9_5,9,17,41.63902856600379,1.0,0.0,3.2834824834420573,0.0,1.0,0.0,9.750740218250705,34,0.4163902856600379,30-34,1.0
9_7,9,0,0.0,0.0,0.0,0.0,0.0,0.0,0.0,0.0,0,0.0,<30,0.0
9_7,9,1,0.0,0.0,0.0,0.0,0.0,0.0,0.0,0.0,2,0.0,<30,0.0
9_7,9,2,0.6185216326204928,0.0,0.0,0.0,0.0,0.0,0.0,0.20617387754016425,4,0.006185216326204928,<30,0.0
9_7,9,3,8.127375024031657,0.0,0.0,0.7392764953843471,0.0,1.0,0.0,2.6992258673899623,6,0.08127375024031658,<30,0.0
9_7,9,4,6.959648332958953,0.0,0.0,0.0,0.0,0.0,0.0,1.1865584695897617,8,0.06959648332958954,<30,0.0
9_7,9,5,7.192536760018843,0.0,0.0,0.03670564778981156,0.0,1.0,0.0,-0.8152141870265244,10,0.07192536760018843,<30,0.0
9_7,9,6,14.370730628786436,0.0,1.7482368020661312,2.7009554264118663,1.0,1.0,0.0,3.3338510397022816,12,0.14370730628786435,<30,0.0
9_7,9,7,4.316119192551488,0.0,0.0,0.0,0.0,0.0,0.0,-3.368986438569425,14,0.04316119192551488,<30,0.0
9_7,9,8,2.4733853471030303,0.0,0.0,0.0,0.0,0.0,0.0,-1.9234985982128425,16,0.0247338534710303,<30,0.0
9_7,9,9,2.240967217822275,0.0,0.0,0.0,0.0,0.0,0.0,-0.0881443207426728,18,0.022409672178222748,<30,0.0
9_7,9,10,5.333005872151806,0.0,0.0,0.0,0.0,0.0,0.0,0.8818081815754111,20,0.05333005872151806,<30,0.0
9_7,9,11,4.784749512215464,0.0,0.0,0.0,0.0,0.0,0.0,0.6647154072100543,22,0.047847495122154644,<30,0.0
9_7,9,12,3.6383754840108438,0.0,0.0,0.0,0.0,0.0,0.0,-1.0165650071284726,24,0.03638375484010844,<30,0.0
9_7,9,13,8.72388724402197,0.0,0.0,0.0,0.0,0.0,0.0,2.0102727563553096,26,0.0872388724402197,<30,0.0
9_7,9,14,3.3506453226406525,0.0,0.0,0.0,0.0,0.0,0.0,-1.423690176249144,28,0.033506453226406524,<30,1.0
9_7,9,15,1.5793159910186303,0.0,0.0,0.0,0.0,0.0,0.0,-1.359587947166521,30,0.015793159910186302,30-34,1.0
9_7,9,16,8.61812274313429,0.0,0.0,0.0,0.0,0.0,0.0,2.065069560554905,32,0.08618122743134289,30-34,1.0
9_7,9,17,38.09919703901227,0.0,0.0,1.9862017464712416,0.0,1.0,0.0,12.056382372395138,34,0.38099197039012267,30-34,1.0
9_7,9,18,36.28698028366675,0.0,0.0,0.0,0.0,0.0,0.0,4.699542347690618,36,0.3628698028366675,35-40,1.0
9_7,9,19,23.945105989048493,0.0,0.0,0.0,0.0,0.0,0.0,-6.43573732468683,38,0.23945105989048493,35-40,1.0
9_7,9,20,26.23986619510138,0.0,0.0,0.0,0.0,0.0,0.0,-1.1689262159375235,40,0.2623986619510138,35-40,1.0
9_7,9,21,21.24508817691214,0.0,0.0,0.0,0.0,0.0,0.0,-0.588533003573555,42,0.2124508817691214,41-46,1.0
9_7,9,22,31.764363122904356,0.0,0.0,0.0,0.0,0.0,0.0,2.0032666489903748,44,0.31764363122904354,41-46,1.0
9_7,9,23,57.038354615297806,0.0,0.0,0.0,0.0,0.0,0.0,13.096112641136482,46,0.570383546152978,41-46,1.0
9_7,9,24,49.78659015958243,0.0,0.0,0.0,0.0,0.0,0.0,-1.3233878046548404,48,0.49786590159582433,47-52,1.0
9_7,9,25,40.18801834127177,1.0,0.0,0.0,0.0,0.0,0.0,-4.19435007221868,50,0.4018801834127177,47-52,1.0
9_9,9,0,0.0,0.0,0.0,0.0,0.0,0.0,0.0,0.0,0,0.0,<30,0.0
9_9,9,1,0.0026507357360973944,0.0,0.0,0.0,0.0,0.0,0.0,0.0009198089831539588,2,2.6507357360973945e-05,<30,0.0
9_9,9,2,0.9992796616658461,0.0,0.0,0.0,0.0,0.0,0.0,0.3330207597463724,4,0.009992796616658462,<30,0.0
9_9,9,3,1.1835314483319048,0.0,0.0,0.0,0.0,0.0,0.0,0.3201156961955194,6,0.011835314483319048,<30,0.0
9_9,9,4,8.233812822764245,0.0,0.0,0.060635605629954625,0.0,1.0,0.0,2.316988511036243,8,0.08233812822764244,<30,0.0
9_9,9,5,5.907665911208264,0.0,0.0,0.0,0.0,0.0,0.0,0.5599864909916684,10,0.05907665911208264,<30,0.0
9_9,9,6,2.546531060461879,0.0,0.0,0.0,0.0,0.0,0.0,-1.8724063434508817,12,0.02546531060461879,<30,0.0
9_9,9,7,1.193527578747371,0.0,0.0,0.0,0.0,0.0,0.0,-0.9679882183529396,14,0.01193527578747371,<30,0.0
9_9,9,8,0.44006205931531084,0.0,0.0,0.0,0.0,0.0,0.0,-0.3675344454869975,16,0.004400620593153108,<30,0.0
9_9,9,9,0.2560477484928164,0.0,0.0,0.0,0.0,0.0,0.0,-0.18794308834726672,18,0.0025604774849281643,<30,0.0
9_9,9,10,0.1165002228412515,0.0,0.0,0.0,0.0,0.0,0.0,-0.04906701454342764,20,0.001165002228412515,<30,0.0
9_9,9,11,0.19556954050926226,0.0,0.0,0.0,0.0,0.0,0.0,-0.0076920933184823695,22,0.0019556954050926226,<30,0.0
9_9,9,12,13.8053625984328,0.0,0.0,1.1924182006610433,0.0,1.0,0.0,4.581849796551664,24,0.13805362598432802,<30,0.0
9_9,9,13,50.19981317385816,0.0,18.396057713723145,16.896920037766932,1.0,1.0,0.0,16.012964583573183,26,0.5019981317385817,<30,0.0
9_9,9,14,45.20605534253623,0.0,8.907080313734202,5.209188092918772,1.0,1.0,1.0,2.773084898774133,28,0.45206055342536233,<30,1.0
9_9,9,15,28.255756493267118,0.0,0.0,0.0,0.0,0.0,0.0,-6.525655788148114,30,0.2825575649326712,30-34,1.0
9_9,9,16,50.64685969861701,0.0,4.234223183562378,7.747418144184415,1.0,1.0,0.0,3.950290132846708,32,0.5064685969861701,30-34,1.0
9_9,9,17,64.99422498266469,1.0,12.182390465734173,21.37781919871982,1.0,1.0,0.0,13.687519880007407,34,0.649942249826647,30-34,1.0
