subject,label,position,trial,prob
1,0,0,0,0.01588856428861618
1,0,2,0,0.0034402140881866217
1,0,4,0,0.036640334874391556
1,0,6,0,0.08509282022714615
1,0,8,0,0.6850533783435822
1,0,10,0,0.5157656371593475
1,0,12,0,0.02179240994155407
1,0,14,0,0.020036171190440655
1,0,16,0,0.0847112350165844
1,0,18,0,0.04107680357992649
1,0,20,0,0.023233562707901
1,0,22,0,0.5302787721157074
1,0,24,0,0.6367077529430389
1,0,26,0,0.6594299674034119
1,0,28,0,0.6581071317195892
1,1,30,0,0.5505296587944031
1,1,32,0,0.7709452211856842
1,1,34,0,0.6587008535861969
1,1,36,0,0.9330053627490997
1,1,38,0,0.9390615224838257
1,1,40,0,0.9782607555389404
1,1,42,0,0.8765286505222321
1,1,44,0,0.9081960022449493
1,1,46,0,0.9731511473655701
1,1,48,0,0.9659237563610077
1,1,50,0,0.9256086945533752
1,1,52,0,0.9812606275081635
1,1,54,0,0.9786430895328522
1,1,56,0,0.9795027077198029
1,1,58,0,0.9841630458831787
1,1,60,0,0.9884307086467743
1,1,62,0,0.9436703026294708
1,1,64,0,0.9854328036308289
1,1,65,0,0.9882851243019104
1,0,0,1,0.013916888041421771
1,0,2,1,0.06112281233072281
1,0,4,1,0.11671871691942215
1,0,6,1,0.004380839178338647
1,0,8,1,0.008794592693448067
1,0,10,1,0.07414231449365616
1,0,12,1,0.008310010889545083
1,0,14,1,0.004448476480320096
1,0,16,1,0.007298873504623771
1,0,18,1,0.0148871592245996
1,0,20,1,0.011470000725239515
1,0,22,1,0.4050438553094864
1,0,24,1,0.3301306664943695
1,0,26,1,0.167546346783638
1,0,28,1,0.22154924273490906
1,1,30,1,0.7179119288921356
1,1,32,1,0.8296526372432709
1,1,34,1,0.8092423379421234
1,1,36,1,0.9516562223434448
1,1,38,1,0.9690770506858826
1,1,39,1,0.8537903130054474
1,1,40,1,0.3609617277979851
1,1,41,1,0.9693781733512878
1,1,42,1,0.9570770263671875
1,1,43,1,0.7638593018054962
1,1,44,1,0.9213506281375885
1,1,45,1,0.9689222574234009
1,1,46,1,0.9783394038677216
1,1,47,1,0.9818907678127289
1,1,48,1,0.9835132658481598
1,1,49,1,0.9893013834953308
1,1,50,1,0.9796225130558014
1,1,51,1,0.9897590577602386
1,0,0,2,0.017233083955943584
1,0,2,2,0.09527286514639854
1,0,4,2,0.05044473893940449
1,0,6,2,0.008897995692677796
1,0,8,2,0.005185962654650211
1,0,10,2,0.07519892603158951
1,0,12,2,0.019801640883088112
1,0,14,2,0.009426492266356945
1,0,16,2,0.04354599304497242
1,0,18,2,0.21627645194530487
1,0,20,2,0.04010501131415367
1,0,22,2,0.07156712934374809
1,0,24,2,0.10942644998431206
1,0,26,2,0.03807888180017471
1,0,28,2,0.3518524765968323
1,1,30,2,0.4202500581741333
1,1,32,2,0.8937101066112518
1,1,34,2,0.4647739678621292
1,1,36,2,0.20671504735946655
1,1,38,2,0.16873405873775482
1,1,40,2,0.6267749965190887
1,1,42,2,0.8353672921657562
1,1,44,2,0.8258969485759735
1,1,46,2,0.42973609268665314
1,1,48,2,0.9196250736713409
1,0,0,3,0.004459839197807014
1,0,2,3,0.0004233859363012016
1,0,4,3,0.004121633362956345
1,0,6,3,0.003903869539499283
1,0,8,3,0.036578577011823654
1,0,10,3,0.16970430687069893
1,0,12,3,0.06951730698347092
1,0,14,3,0.028378776274621487
1,0,16,3,0.19331373274326324
1,0,18,3,0.03363756462931633
1,0,20,3,0.008360802428796887
1,0,22,3,0.033517870120704174
1,0,24,3,0.09753481671214104
1,0,26,3,0.1938883513212204
1,0,28,3,0.42533908784389496
1,1,30,3,0.815305769443512
1,1,32,3,0.7027185559272766
1,1,34,3,0.7088309526443481
1,1,36,3,0.5539398193359375
1,1,38,3,0.5635234415531158
1,1,40,3,0.6939854621887207
1,1,42,3,0.7113208174705505
1,1,44,3,0.8082131445407867
1,1,46,3,0.9061165452003479
1,1,48,3,0.9759919941425323
1,1,50,3,0.983239620923996
1,1,52,3,0.9721872210502625
1,1,54,3,0.9856098890304565
1,1,56,3,0.9726547300815582
1,1,58,3,0.9939377009868622
1,1,60,3,0.9968931078910828
1,1,62,3,0.9948484897613525
1,1,63,3,0.9945588111877441
1,1,64,3,0.9905697107315063
1,0,0,4,0.05335696414113045
1,0,2,4,0.03561789356172085
1,0,4,4,0.2022639364004135
1,0,6,4,0.09555453062057495
1,0,8,4,0.06670619174838066
1,0,10,4,0.09065121412277222
1,0,12,4,0.166009072214365
1,0,14,4,0.017255025450140238
1,0,16,4,0.010974801611155272
1,0,18,4,0.04787577874958515
1,0,20,4,0.19130262732505798
1,0,22,4,0.006723333615809679
1,0,24,4,0.0037423274479806423
1,0,26,4,0.017409938387572765
1,0,28,4,0.003963438561186194
1,1,30,4,0.05823417939245701
1,1,32,4,0.42430685460567474
1,1,34,4,0.5524409413337708
1,1,36,4,0.7788789570331573
1,1,38,4,0.7567107975482941
1,1,40,4,0.7018890380859375
1,1,42,4,0.76384037733078
1,1,44,4,0.8145297169685364
1,1,46,4,0.9337458610534668
1,1,48,4,0.9403899312019348
1,1,50,4,0.9756161272525787
1,1,52,4,0.9823836088180542
1,1,54,4,0.9435666501522064
1,1,56,4,0.9585001468658447
1,1,58,4,0.9708622694015503
1,0,0,5,0.004828323260881007
1,0,2,5,0.21080581098794937
1,0,4,5,0.10460196807980537
1,0,6,5,0.92719766497612
1,0,8,5,0.03491067513823509
1,0,10,5,0.0003945697972085327
1,0,12,5,0.000873738550581038
1,0,14,5,0.0063955828081816435
1,0,16,5,0.25237347930669785
1,0,18,5,0.05968457646667957
1,0,20,5,0.16686847805976868
1,0,22,5,0.0016210733738262206
1,0,24,5,0.33936677873134613
1,0,26,5,0.8661794066429138
1,0,28,5,0.720679372549057
1,1,30,5,0.3342481106519699
1,1,32,5,0.9442424178123474
1,1,34,5,0.9615804851055145
1,1,36,5,0.9522678852081299
1,1,38,5,0.9440517723560333
1,1,40,5,0.9079854786396027
1,1,42,5,0.9615790545940399
1,0,0,6,0.002602110616862774
1,0,2,6,0.007856756448745728
1,0,4,6,0.0064059116411954165
1,0,6,6,0.003284155041910708
1,0,8,6,0.01581787783652544
1,0,10,6,0.013703134842216969
1,0,12,6,0.061010509729385376
1,0,14,6,0.13244252279400826
1,0,16,6,0.017277485923841596
1,0,18,6,0.18444757163524628
1,0,20,6,0.07737329229712486
1,0,22,6,0.48152588307857513
1,0,24,6,0.6847998797893524
1,0,26,6,0.5657761096954346
1,0,28,6,0.7286309599876404
1,1,30,6,0.8567923605442047
1,1,32,6,0.9007396399974823
1,1,34,6,0.866298645734787
1,1,36,6,0.971652090549469
1,1,38,6,0.9774312376976013
1,1,40,6,0.9750130772590637
1,1,42,6,0.9555581510066986
1,1,44,6,0.9419467449188232
1,1,46,6,0.9596333801746368
1,1,48,6,0.9795958399772644
1,1,50,6,0.9879571497440338
1,1,52,6,0.9893538057804108
1,1,54,6,0.9832623898983002
1,1,56,6,0.9894871115684509
1,1,58,6,0.9892565011978149
1,1,60,6,0.987324982881546
1,1,62,6,0.9866031110286713
1,1,64,6,0.9852725863456726
1,1,66,6,0.9870537519454956
1,1,68,6,0.9964200854301453
1,1,70,6,0.9973400235176086
1,0,0,7,0.001642233255552128
1,0,2,7,0.019924374297261238
1,0,4,7,0.27568981796503067
1,0,6,7,0.04591619782149792
1,0,8,7,0.05736708268523216
1,0,10,7,0.0729093886911869
1,0,12,7,0.06803944520652294
1,0,14,7,0.04371119290590286
1,0,16,7,0.42857369780540466
1,0,18,7,0.06120171211659908
1,0,20,7,0.18158981949090958
1,0,22,7,0.04819665849208832
1,0,24,7,0.24233029782772064
1,0,26,7,0.5096546709537506
1,0,28,7,0.455936998128891
1,1,30,7,0.06107116863131523
1,1,32,7,0.14821415394544601
1,1,34,7,0.8603601157665253
1,1,36,7,0.7203703820705414
1,1,38,7,0.33641837537288666
1,1,40,7,0.44682055711746216
1,1,42,7,0.7864513099193573
1,1,44,7,0.9732663035392761
1,1,46,7,0.9540923237800598
1,1,48,7,0.9159769415855408
1,1,50,7,0.27229608595371246
1,1,52,7,0.7398655116558075
1,1,54,7,0.809451162815094
1,1,56,7,0.8484905362129211
1,1,58,7,0.9566167294979095
1,1,60,7,0.9752528369426727
1,1,62,7,0.915626585483551
1,1,63,7,0.971796065568924
1,1,64,7,0.9490502774715424
1,1,65,7,0.9341179132461548
1,1,66,7,0.9576963782310486
1,1,67,7,0.9468897879123688
1,1,68,7,0.9541832804679871
1,1,69,7,0.9517565965652466
1,1,70,7,0.9407566785812378
1,1,71,7,0.9792826771736145
2,0,0,0,0.6188434660434723
2,0,2,0,0.5142517387866974
2,0,4,0,0.24957099556922913
2,0,6,0,0.11968561261892319
2,0,8,0,0.626717209815979
2,0,10,0,0.7338964343070984
2,0,12,0,0.8260400295257568
2,0,14,0,0.4549926221370697
2,0,16,0,0.8206060528755188
2,0,18,0,0.9158008098602295
2,0,20,0,0.9370461106300354
2,0,22,0,0.8557584583759308
2,0,24,0,0.5471304059028625
2,0,26,0,0.15517795085906982
2,0,28,0,0.3842988908290863
2,1,30,0,0.7015011608600616
2,1,32,0,0.8047110438346863
2,1,33,0,0.5697461664676666
2,1,34,0,0.8500606417655945
2,1,35,0,0.9781453609466553
2,1,36,0,0.9436294734477997
2,1,37,0,0.9360536932945251
2,1,38,0,0.9846276938915253
2,1,39,0,0.9760465323925018
2,1,40,0,0.9901897013187408
2,1,41,0,0.9901654124259949
2,1,42,0,0.981748104095459
2,1,43,0,0.9848044514656067
2,1,44,0,0.9808992445468903
2,1,45,0,0.9902872741222382
2,0,0,1,0.09119011461734772
2,0,2,1,0.16557475924491882
2,0,4,1,0.009040033677592874
2,0,6,1,0.0973646491765976
2,0,8,1,0.04525274597108364
2,0,10,1,0.046251699328422546
2,0,12,1,0.2131708860397339
2,0,14,1,0.15495434030890465
2,0,16,1,0.3774436414241791
2,0,18,1,0.294984370470047
2,0,20,1,0.07389588840305805
2,0,22,1,0.3055537939071655
2,0,24,1,0.3581323027610779
2,0,26,1,0.2727462649345398
2,0,28,1,0.5673360526561737
2,1,30,1,0.7048859894275665
2,1,32,1,0.8631166815757751
2,1,33,1,0.9373149871826172
2,1,34,1,0.9061020612716675
2,1,35,1,0.826685756444931
2,1,36,1,0.8166513442993164
2,1,37,1,0.9741784036159515
2,1,38,1,0.9715293943881989
2,1,39,1,0.9355501234531403
2,1,40,1,0.9386855661869049
2,1,41,1,0.9658846259117126
2,1,42,1,0.9777756631374359
2,1,43,1,0.9652265012264252
2,1,44,1,0.8318251371383667
2,1,45,1,0.9756032526493073
2,1,46,1,0.9838580787181854
2,1,47,1,0.9816996455192566
2,1,48,1,0.9858244359493256
2,1,49,1,0.9900548756122589
2,0,0,2,0.5627789795398712
2,0,2,2,0.08754990249872208
2,0,4,2,0.10066182911396027
2,0,6,2,0.04875263385474682
2,0,8,2,0.2845710217952728
2,0,10,2,0.04329891037195921
2,0,12,2,0.08044217340648174
2,0,14,2,0.13631190359592438
2,0,16,2,0.23366297036409378
2,0,18,2,0.13620557263493538
2,0,20,2,0.32759852707386017
2,0,22,2,0.14709534123539925
2,0,24,2,0.43936285376548767
2,0,26,2,0.45567040145397186
2,0,28,2,0.8018454015254974
2,1,30,2,0.3144790530204773
2,1,32,2,0.7572763562202454
2,1,34,2,0.6954225897789001
2,1,36,2,0.37254609167575836
2,1,38,2,0.21706432849168777
2,1,40,2,0.6483095288276672
2,1,42,2,0.8809803128242493
2,1,44,2,0.9644885361194611
2,1,46,2,0.9515326023101807
2,1,48,2,0.9209092259407043
2,1,50,2,0.798301637172699
2,1,52,2,0.7943190336227417
2,1,54,2,0.8612766861915588
2,1,56,2,0.9566931426525116
2,1,58,2,0.975437730550766
2,1,60,2,0.9482353627681732
2,1,62,2,0.9692488312721252
2,1,64,2,0.9810352623462677
2,1,66,2,0.9856685996055603
2,1,68,2,0.9896893799304962
2,1,70,2,0.9919243454933167
2,1,72,2,0.9938183724880219
2,1,73,2,0.9989060461521149
2,1,74,2,0.9966514110565186
2,1,75,2,0.9776864349842072
2,1,76,2,0.9857381284236908
2,0,0,3,0.048185084015131
2,0,2,3,0.21904553472995758
2,0,4,3,0.10284391418099403
2,0,6,3,0.08213401213288307
2,0,8,3,0.03716893680393696
2,0,10,3,0.37262701988220215
2,0,12,3,0.07533574663102627
2,0,14,3,0.43952609598636627
2,0,16,3,0.3846725821495056
2,0,18,3,0.08693129196763039
2,0,20,3,0.14671149849891663
2,0,22,3,0.13326644897460938
2,0,24,3,0.04837456624954939
2,0,26,3,0.08981569483876228
2,0,28,3,0.1521807797253132
2,1,30,3,0.1245788186788559
2,1,32,3,0.7545145750045776
2,1,34,3,0.07336614839732647
2,0,0,4,0.044117990881204605
2,0,2,4,0.014951594639569521
2,0,4,4,0.026671635918319225
2,0,6,4,0.05141272395849228
2,0,8,4,0.07071536406874657
2,0,10,4,0.052353836596012115
2,0,12,4,0.09699504263699055
2,0,14,4,0.4375058114528656
2,0,16,4,0.2998049259185791
2,0,18,4,0.1528971754014492
2,0,20,4,0.1294339820742607
2,0,22,4,0.02421058714389801
2,0,24,4,0.01205563498660922
2,0,26,4,0.003726834780536592
2,0,28,4,0.14444691687822342
2,1,30,4,0.4326063543558121
2,1,32,4,0.6147089600563049
2,1,34,4,0.4402133822441101
2,1,36,4,0.5229540169239044
2,1,38,4,0.1992354765534401
2,1,40,4,0.4669848829507828
2,1,42,4,0.654046893119812
2,1,44,4,0.3519655019044876
2,1,46,4,0.6002169847488403
2,1,48,4,0.8500351309776306
2,1,50,4,0.8585107922554016
2,1,52,4,0.5261442810297012
2,1,54,4,0.5820504128932953
2,1,56,4,0.6108033359050751
2,1,58,4,0.8695472180843353
2,1,60,4,0.8624559342861176
2,1,61,4,0.5864584147930145
2,1,62,4,0.6576274335384369
2,1,63,4,0.8923344910144806
2,1,64,4,0.8975802958011627
2,1,65,4,0.8796653747558594
2,1,66,4,0.7793384194374084
2,1,67,4,0.9607243835926056
2,1,68,4,0.89345383644104
2,1,69,4,0.7443953156471252
2,1,70,4,0.575769305229187
2,1,71,4,0.8204384744167328
2,1,72,4,0.8768669962882996
2,1,73,4,0.8186652362346649
2,0,0,5,0.014525109436362982
2,0,2,5,0.006357872858643532
2,0,4,5,0.1517474129796028
2,0,6,5,0.07346029207110405
2,0,8,5,0.037823621183633804
2,0,10,5,0.04357883892953396
2,0,12,5,0.10864588245749474
2,0,14,5,0.018577038310468197
2,0,16,5,0.0794263705611229
2,0,18,5,0.11120812222361565
2,0,20,5,0.47769396007061005
2,0,22,5,0.24006716161966324
2,0,24,5,0.10312801226973534
2,0,26,5,0.6309933513402939
2,0,28,5,0.07514536753296852
2,1,30,5,0.2471059411764145
2,1,32,5,0.5434543341398239
2,1,34,5,0.6271083652973175
2,1,36,5,0.6947096586227417
2,1,38,5,0.13384536653757095
2,1,40,5,0.08567444607615471
2,1,42,5,0.785072535276413
2,1,44,5,0.9024589359760284
2,1,46,5,0.7410697937011719
2,1,48,5,0.3808290660381317
2,1,50,5,0.718520313501358
2,1,51,5,0.6767517626285553
2,1,52,5,0.8814523816108704
2,1,53,5,0.6644500195980072
2,1,54,5,0.9207451641559601
2,1,55,5,0.9674658179283142
2,1,56,5,0.9326496720314026
2,1,57,5,0.9417032599449158
3,0,0,0,0.03526249201968312
3,0,2,0,0.0858684591948986
3,0,4,0,0.03448104113340378
3,0,6,0,0.04066083021461964
3,0,8,0,0.3296193554997444
3,0,10,0,0.14484339207410812
3,0,12,0,0.11992891877889633
3,0,14,0,0.08349159173667431
3,0,16,0,0.13239537179470062
3,0,18,0,0.10449110716581345
3,0,20,0,0.18577829748392105
3,0,22,0,0.29714563488960266
3,0,24,0,0.005530909169465303
3,0,26,0,0.026969107799232006
3,0,28,0,0.021159160882234573
3,1,30,0,0.3532169908285141
3,1,32,0,0.7297656238079071
3,1,34,0,0.327593594789505
3,1,36,0,0.8664815425872803
3,1,38,0,0.9288437068462372
3,1,40,0,0.9595208466053009
3,1,42,0,0.8516915142536163
3,1,44,0,0.8878279030323029
3,1,46,0,0.7885558307170868
3,1,48,0,0.9735602140426636
3,1,50,0,0.9771448075771332
3,1,52,0,0.9615902900695801
3,1,54,0,0.9513867497444153
3,1,56,0,0.8729223310947418
3,1,58,0,0.9479528367519379
3,1,60,0,0.971918910741806
3,1,62,0,0.9879352152347565
3,1,63,0,0.9985270798206329
3,1,64,0,0.9961481988430023
3,1,65,0,0.9972144067287445
3,1,66,0,0.9939838945865631
3,0,0,1,0.0013524842797778547
3,0,2,1,0.003767015179619193
3,0,4,1,0.009914978640154004
3,0,6,1,0.007704142015427351
3,0,8,1,0.044598428532481194
3,0,10,1,0.030031971633434296
3,0,12,1,0.03865938261151314
3,0,14,1,0.06926879659295082
3,0,16,1,0.06212628819048405
3,0,18,1,0.0689887423068285
3,0,20,1,0.2765597924590111
3,0,22,1,0.16062407940626144
3,0,24,1,0.33677177876234055
3,0,26,1,0.8527455031871796
3,0,28,1,0.7903492748737335
3,1,30,1,0.610117495059967
3,1,32,1,0.5477742701768875
3,1,34,1,0.3761252909898758
3,1,36,1,0.936628520488739
3,1,38,1,0.9556070268154144
3,1,40,1,0.9085054397583008
3,1,41,1,0.3504015952348709
3,1,42,1,0.20497862249612808
3,1,43,1,0.9406470060348511
3,1,44,1,0.9211428761482239
3,1,45,1,0.8418241441249847
3,1,46,1,0.9203668236732483
3,1,47,1,0.993130624294281
3,1,48,1,0.9967135787010193
3,1,49,1,0.9961132705211639
3,1,50,1,0.983496367931366
3,1,51,1,0.9896679818630219
3,1,52,1,0.997927337884903
3,0,0,2,0.004810097394511104
3,0,2,2,0.03659407515078783
3,0,4,2,0.059323713183403015
3,0,6,2,0.06607919000089169
3,0,8,2,0.09949794411659241
3,0,10,2,0.07044510543346405
3,0,12,2,0.05342564545571804
3,0,14,2,0.12339168041944504
3,0,16,2,0.10103661566972733
3,0,18,2,0.06955666467547417
3,0,20,2,0.02990713808685541
3,0,22,2,0.17228004336357117
3,0,24,2,0.1535569429397583
3,0,26,2,0.814576655626297
3,0,28,2,0.4865553230047226
3,1,30,2,0.46047118306159973
3,1,32,2,0.9232442378997803
3,1,34,2,0.9144769310951233
3,1,36,2,0.9596142768859863
3,1,38,2,0.9663838446140289
3,1,40,2,0.8600898385047913
3,1,42,2,0.9284870326519012
3,1,44,2,0.9845549166202545
3,1,46,2,0.993084579706192
3,1,48,2,0.978525698184967
3,1,50,2,0.9723953008651733
3,1,52,2,0.9820260107517242
3,1,54,2,0.9241308867931366
3,1,56,2,0.9867001175880432
3,1,58,2,0.8248142898082733
3,1,60,2,0.9787256717681885
3,1,62,2,0.9865424633026123
3,1,64,2,0.985232949256897
3,1,66,2,0.9958372116088867
3,1,67,2,0.9943466484546661
3,1,68,2,0.9912728667259216
3,1,69,2,0.9960162937641144
3,1,70,2,0.9952487051486969
3,0,0,3,0.35178355872631073
3,0,2,3,0.5222489833831787
3,0,4,3,0.028579074889421463
3,0,6,3,0.026004071347415447
3,0,8,3,0.3178147077560425
3,0,10,3,0.029120389372110367
3,0,12,3,0.010600966401398182
3,0,14,3,0.034187802113592625
3,0,16,3,0.0031809944193810225
3,0,18,3,0.06979602016508579
3,0,20,3,0.04858877323567867
3,0,22,3,0.10087423399090767
3,0,24,3,0.047844789922237396
3,0,26,3,0.318951278924942
3,0,28,3,0.07095369696617126
3,1,30,3,0.20144500583410263
3,1,32,3,0.692108154296875
3,1,33,3,0.8448547422885895
3,1,34,3,0.6033993363380432
3,1,35,3,0.856128990650177
3,1,36,3,0.9836522042751312
3,1,37,3,0.9955922365188599
3,1,38,3,0.9971835017204285
3,1,39,3,0.9928830862045288
3,1,40,3,0.9980089962482452
3,1,41,3,0.9924808144569397
3,1,42,3,0.9916425049304962
3,1,43,3,0.976592481136322
3,1,44,3,0.8871545195579529
3,1,45,3,0.9532608091831207
3,1,46,3,0.9690986275672913
3,0,0,4,0.0195248294621706
3,0,2,4,0.03282662574201822
3,0,4,4,0.003069273545406759
3,0,6,4,0.003958412795327604
3,0,8,4,0.027170167304575443
3,0,10,4,0.04415863938629627
3,0,12,4,0.020870328415185213
3,0,14,4,0.020620031282305717
3,0,16,4,0.038652168586850166
3,0,18,4,0.1961103081703186
3,0,20,4,0.03813857212662697
3,0,22,4,0.19478286430239677
3,0,24,4,0.35798977315425873
3,0,26,4,0.6729693114757538
3,0,28,4,0.9189465641975403
3,1,30,4,0.5700971186161041
3,1,32,4,0.9814842343330383
3,1,34,4,0.9854211211204529
3,1,36,4,0.9794059693813324
3,1,38,4,0.9611254632472992
3,1,40,4,0.9263841509819031
3,1,42,4,0.7556652128696442
3,1,44,4,0.9466327726840973
3,1,46,4,0.9516202211380005
3,0,0,5,0.08217192441225052
3,0,2,5,0.009574371622875333
3,0,4,5,0.01638723723590374
3,0,6,5,0.007732764119282365
3,0,8,5,0.015870725270360708
3,0,10,5,0.04307932127267122
3,0,12,5,0.13741734623908997
3,0,14,5,0.15808799862861633
3,0,16,5,0.1666744127869606
3,0,18,5,0.17430684715509415
3,0,20,5,0.013314229901880026
3,0,22,5,0.021323997527360916
3,0,24,5,0.4461377263069153
3,0,26,5,0.7220077812671661
3,0,28,5,0.6641171276569366
3,1,30,5,0.3573022931814194
3,1,32,5,0.2044452503323555
3,1,33,5,0.8804356753826141
3,1,34,5,0.9455482661724091
3,1,35,5,0.9840565323829651
3,1,36,5,0.9954594373703003
3,1,37,5,0.9704770445823669
3,1,38,5,0.9869396090507507
3,1,39,5,0.9497744739055634
3,1,40,5,0.9534032344818115
3,1,41,5,0.9751319587230682
3,1,42,5,0.981282502412796
3,1,43,5,0.9464907944202423
3,1,44,5,0.9329306781291962
3,1,45,5,0.9015921950340271
3,1,46,5,0.9706524312496185
3,1,47,5,0.9825233817100525
3,1,48,5,0.9804775714874268
3,1,49,5,0.9887144267559052
3,1,50,5,0.9880581200122833
3,0,0,6,0.7592810690402985
3,0,2,6,0.3209598883986473
3,0,4,6,0.08630024641752243
3,0,6,6,0.06346816197037697
3,0,8,6,0.06531226076185703
3,0,10,6,0.14230450987815857
3,0,12,6,0.04669911041855812
3,0,14,6,0.04197956994175911
3,0,16,6,0.4444971829652786
3,0,18,6,0.03913326933979988
3,0,20,6,0.11574852094054222
3,0,22,6,0.33963750302791595
3,0,24,6,0.4039235860109329
3,0,26,6,0.3710351437330246
3,0,28,6,0.202812060713768
3,1,30,6,0.351819783449173
3,1,32,6,0.442609503865242
3,1,34,6,0.097804706543684
3,1,36,6,0.3647296577692032
3,1,38,6,0.9171392619609833
3,1,40,6,0.7858189344406128
3,1,42,6,0.7519005239009857
3,1,44,6,0.8664754629135132
3,1,46,6,0.8148514926433563
3,1,48,6,0.9101303219795227
3,1,50,6,0.9794202148914337
3,1,52,6,0.9958286583423615
3,1,54,6,0.9982150793075562
3,1,56,6,0.9974621832370758
3,1,58,6,0.9940317571163177
3,1,60,6,0.9868392050266266
3,1,61,6,0.9846152067184448
3,1,62,6,0.9772802293300629
4,0,0,0,0.004513434832915664
4,0,2,0,0.011208330048248172
4,0,4,0,0.003140553832054138
4,0,6,0,0.007916973205283284
4,0,8,0,0.012353412806987762
4,0,10,0,0.006153604714199901
4,0,12,0,0.020268060266971588
4,0,14,0,0.030220288783311844
4,0,16,0,0.04035170562565327
4,0,18,0,0.1131400391459465
4,0,20,0,0.08261366188526154
4,0,22,0,0.10553682781755924
4,0,24,0,0.20559455454349518
4,0,26,0,0.25090421736240387
4,0,28,0,0.23863535374403
4,1,30,0,0.39033304154872894
4,1,31,0,0.934836208820343
4,1,32,0,0.9547026753425598
4,1,33,0,0.9610928297042847
4,1,34,0,0.9861184656620026
4,1,35,0,0.996069997549057
4,1,36,0,0.9939849078655243
4,1,37,0,0.9836871325969696
4,1,38,0,0.9920510947704315
4,1,39,0,0.9817197918891907
4,1,40,0,0.999683290719986
4,1,41,0,0.9884054362773895
4,1,42,0,0.9964183270931244
4,1,43,0,0.9811418652534485
4,1,44,0,0.9873194396495819
4,1,45,0,0.9649929702281952
4,0,0,1,0.050671352073550224
4,0,2,1,0.01458262698724866
4,0,4,1,0.022656775079667568
4,0,6,1,0.03490453213453293
4,0,8,1,0.006859202636405826
4,0,10,1,0.009264880092814565
4,0,12,1,0.0026386884273961186
4,0,14,1,0.01125556300394237
4,0,16,1,0.0070576854050159454
4,0,18,1,0.028864126652479172
4,0,20,1,0.011624926701188087
4,0,22,1,0.014518222771584988
4,0,24,1,0.012357497587800026
4,0,26,1,0.3101811930537224
4,0,28,1,0.39609967172145844
4,1,30,1,0.9175629913806915
4,1,32,1,0.9607861340045929
4,1,34,1,0.9908851087093353
4,1,36,1,0.999950647354126
4,1,37,1,0.9966350793838501
4,1,38,1,0.9922655522823334
4,1,39,1,0.9941939115524292
4,1,40,1,0.9848611056804657
4,1,41,1,0.9657028913497925
4,1,42,1,0.988448977470398
4,1,43,1,0.9993239045143127
4,1,44,1,0.9953477084636688
4,1,45,1,0.9955449104309082
4,1,46,1,0.9964741170406342
4,1,47,1,0.9737334251403809
4,0,0,2,0.022792058065533638
4,0,2,2,0.004144947626627982
4,0,4,2,0.017891498282551765
4,0,6,2,0.015017536468803883
4,0,8,2,0.012004834599792957
4,0,10,2,0.017842766363173723
4,0,12,2,0.0058347254525870085
4,0,14,2,0.0060029891319572926
4,0,16,2,0.008336474187672138
4,0,18,2,0.05402047373354435
4,0,20,2,0.0695054791867733
4,0,22,2,0.018092825077474117
4,0,24,2,0.0016090147546492517
4,0,26,2,0.022028395906090736
4,0,28,2,0.1544318050146103
4,1,30,2,0.8186545968055725
4,1,32,2,0.6877680122852325
4,1,33,2,0.05204816721379757
4,1,34,2,0.99012091755867
4,1,35,2,0.9666059017181396
4,1,36,2,0.905722439289093
4,1,37,2,0.9896639287471771
4,1,38,2,0.6510242819786072
4,1,39,2,0.9574259221553802
4,1,40,2,0.9942495226860046
4,1,41,2,0.9816878736019135
4,1,42,2,0.9159213006496429
4,1,43,2,0.9856566786766052
4,1,44,2,0.9947539269924164
4,0,0,3,0.04688124917447567
4,0,2,3,0.01720735803246498
4,0,4,3,0.011694019194692373
4,0,6,3,0.037696028128266335
4,0,8,3,0.01671627350151539
4,0,10,3,0.018920740112662315
4,0,12,3,0.011939817108213902
4,0,14,3,0.007660446921363473
4,0,16,3,0.036474970169365406
4,0,18,3,0.024569712579250336
4,0,20,3,0.00430050294380635
4,0,22,3,0.020214049145579338
4,0,24,3,0.009226923808455467
4,0,26,3,0.17610334604978561
4,0,28,3,0.6042279303073883
4,1,30,3,0.7165066599845886
4,1,32,3,0.3285054415464401
4,1,34,3,0.9351525604724884
4,1,36,3,0.975456178188324
4,1,38,3,0.9877156019210815
4,1,40,3,0.9652654826641083
4,1,42,3,0.9790026247501373
4,1,44,3,0.8758450150489807
4,1,46,3,0.9666819274425507
4,1,48,3,0.6195176839828491
4,1,50,3,0.8044051229953766
4,1,52,3,0.868661642074585
4,1,54,3,0.9692376255989075
4,1,56,3,0.9759364128112793
4,1,58,3,0.9839823246002197
4,1,60,3,0.9841788709163666
4,1,62,3,0.9954178631305695
4,1,63,3,0.9996855854988098
4,1,64,3,0.989214688539505
4,1,65,3,0.9529256522655487
4,1,66,3,0.9735945165157318
4,1,67,3,0.9745115041732788
4,0,0,4,0.4397496432065964
4,0,2,4,0.14949974417686462
4,0,4,4,0.0029399848426692188
4,0,6,4,0.028497706167399883
4,0,8,4,0.014421795029193163
4,0,10,4,0.014443864114582539
4,0,12,4,0.03163459710776806
4,0,14,4,0.01695063803344965
4,0,16,4,0.04719099961221218
4,0,18,4,0.04676586762070656
4,0,20,4,0.12776245921850204
4,0,22,4,0.02206865604966879
4,0,24,4,0.18267881125211716
4,0,26,4,0.5918024778366089
4,0,28,4,0.3000805824995041
4,1,30,4,0.8147006034851074
4,0,0,5,0.013915640767663717
4,0,2,5,0.004687770735472441
4,0,4,5,0.005239628255367279
4,0,6,5,0.005271023139357567
4,0,8,5,0.010740834288299084
4,0,10,5,0.015464159194380045
4,0,12,5,0.0038974491180852056
4,0,14,5,0.002701793797314167
4,0,16,5,0.00395928870420903
4,0,18,5,0.011625315994024277
4,0,20,5,0.052973220124840736
4,0,22,5,0.01391451945528388
4,0,24,5,0.10447939857840538
4,0,26,5,0.7011002004146576
4,0,28,5,0.8104220330715179
4,1,30,5,0.9777545034885406
4,1,32,5,0.9929919838905334
4,1,34,5,0.9569822549819946
4,1,36,5,0.9503508508205414
4,1,38,5,0.9751183688640594
4,1,40,5,0.9616824388504028
4,1,42,5,0.9937919080257416
4,1,44,5,0.9924222528934479
4,1,46,5,0.9786092936992645
4,1,48,5,0.9562331140041351
4,1,50,5,0.9794564843177795
4,1,52,5,0.983439177274704
4,0,0,6,0.01885706465691328
4,0,2,6,0.014005345292389393
4,0,4,6,0.0013012116542086005
4,0,6,6,0.007887235609814525
4,0,8,6,0.020312153734266758
4,0,10,6,0.029558304697275162
4,0,12,6,0.01494376314803958
4,0,14,6,0.01305403164587915
4,0,16,6,0.030299577862024307
4,0,18,6,0.039912241511046886
4,0,20,6,0.0491620060056448
4,0,22,6,0.009843368083238602
4,0,24,6,0.036361148580908775
4,0,26,6,0.0801095049828291
4,0,28,6,0.5087650418281555
4,1,30,6,0.7842660546302795
4,1,32,6,0.6555502116680145
4,1,34,6,0.7319054305553436
4,1,35,6,0.7323495745658875
4,1,36,6,0.9774606823921204
4,1,37,6,0.9460689127445221
4,1,38,6,0.9124225974082947
4,1,39,6,0.988772064447403
4,1,40,6,0.9842641651630402
4,1,41,6,0.9608508050441742
4,1,42,6,0.9623101353645325
4,1,43,6,0.968546599149704
4,1,44,6,0.9871913194656372
4,1,45,6,0.8952627778053284
4,1,46,6,0.9940704107284546
4,0,0,7,0.033942583948373795
4,0,2,7,0.0068950525019317865
4,0,4,7,0.008516327943652868
4,0,6,7,0.4027165323495865
4,0,8,7,0.0335746668279171
4,0,10,7,0.012765832711011171
4,0,12,7,0.01692293956875801
4,0,14,7,0.016395017970353365
4,0,16,7,0.04685947299003601
4,0,18,7,0.021137673407793045
4,0,20,7,0.03749806620180607
4,0,22,7,0.11848622187972069
4,0,24,7,0.1324375383555889
4,0,26,7,0.24240069091320038
4,0,28,7,0.34314005821943283
4,1,30,7,0.567890465259552
4,1,32,7,0.41168248653411865
4,1,34,7,0.9742708802223206
4,1,36,7,0.973950058221817
4,1,38,7,0.9784431457519531
4,1,40,7,0.9692434668540955
4,1,42,7,0.9794502556324005
4,1,44,7,0.9866175055503845
4,1,46,7,0.9771193563938141
4,1,48,7,0.9642464816570282
4,1,50,7,0.9245712161064148
4,1,52,7,0.9466793835163116
4,1,54,7,0.9906830191612244
4,1,56,7,0.9878203868865967
4,1,58,7,0.9801604449748993
4,1,60,7,0.9968331754207611
4,1,62,7,0.9949963986873627
4,0,0,8,0.0032456022454425693
4,0,2,8,0.005413124104961753
4,0,4,8,0.01280629402026534
4,0,6,8,0.0062048123218119144
4,0,8,8,0.024141372181475163
4,0,10,8,0.015581766609102488
4,0,12,8,0.029447575099766254
4,0,14,8,0.005957164452411234
4,0,16,8,0.024675436783581972
4,0,18,8,0.02164722327142954
4,0,20,8,0.022250231821089983
4,0,22,8,0.0521643478423357
4,0,24,8,0.22266684472560883
4,0,26,8,0.46886177361011505
4,0,28,8,0.5547110438346863
4,1,30,8,0.7772842049598694
4,1,32,8,0.7578412890434265
4,1,34,8,0.6669390797615051
4,1,36,8,0.9676609933376312
4,1,38,8,0.9380103647708893
4,1,40,8,0.7041792273521423
4,1,42,8,0.4724872410297394
4,1,44,8,0.4699944108724594
4,1,46,8,0.5443778932094574
4,1,48,8,0.4267135113477707
4,1,50,8,0.9812892377376556
4,1,52,8,0.9989996552467346
4,1,53,8,0.9996150732040405
4,1,54,8,0.9998010694980621
4,1,55,8,0.9983638525009155
4,1,56,8,0.997072845697403
4,1,57,8,0.9931320250034332
4,1,58,8,0.9996486902236938
4,0,0,9,0.13352518901228905
4,0,2,9,0.023611255455762148
4,0,4,9,0.030284952372312546
4,0,6,9,0.006515595654491335
4,0,8,9,0.00703396339667961
4,0,10,9,0.010842342278920114
4,0,12,9,0.014567889738827944
4,0,14,9,0.01858394779264927
4,0,16,9,0.051325494423508644
4,0,18,9,0.024295196868479252
4,0,20,9,0.01933324197307229
4,0,22,9,0.011478153988718987
4,0,24,9,0.03053569793701172
4,0,26,9,0.03737933747470379
4,0,28,9,0.10602956265211105
4,1,30,9,0.3836461007595062
4,1,32,9,0.5357799082994461
4,1,34,9,0.9300695359706879
4,1,36,9,0.6209132373332977
4,1,37,9,0.9986220300197601
4,1,38,9,0.9144432842731476
4,1,39,9,0.8481515645980835
4,1,40,9,0.9060166776180267
4,1,41,9,0.969776839017868
4,1,42,9,0.9625188112258911
4,1,43,9,0.9722377061843872
4,1,44,9,0.962731122970581
5,0,0,0,0.017405573278665543
5,0,2,0,0.014567479956895113
5,0,4,0,0.017094909213483334
5,0,6,0,0.02035269234329462
5,0,8,0,0.026464812457561493
5,0,10,0,0.025348173454403877
5,0,12,0,0.01997392252087593
5,0,14,0,0.02922821883112192
5,0,16,0,0.042273242957890034
5,0,18,0,0.028467579744756222
5,0,20,0,0.55690598487854
5,0,22,0,0.6314939111471176
5,0,0,1,0.025154816918075085
5,0,2,1,0.02441750280559063
5,0,4,1,0.01922316988930106
5,0,6,1,0.0241383109241724
5,0,8,1,0.009773592930287123
5,0,10,1,0.0254165418446064
5,0,12,1,0.004327760776504874
5,0,14,1,0.015360999386757612
5,0,16,1,0.06056085787713528
5,0,18,1,0.012139628175646067
5,0,20,1,0.008635167963802814
5,0,22,1,0.0010917051113210618
5,0,24,1,0.00016001335825421847
5,0,26,1,0.0236591175198555
5,0,28,1,0.02685576630756259
5,0,0,2,0.04200970195233822
5,0,2,2,0.03297164477407932
5,0,4,2,0.017025339882820845
5,0,6,2,0.021908034570515156
5,0,8,2,0.016805432736873627
5,0,10,2,0.012506208848208189
5,0,12,2,0.030917628668248653
5,0,14,2,0.009206509217619896
5,0,16,2,0.012018983252346516
5,0,18,2,0.0011659201700240374
5,0,20,2,0.03999797999858856
5,0,0,3,0.0068037083838135
5,0,2,3,0.015311856986954808
5,0,4,3,0.01812283741310239
5,0,6,3,0.020959025248885155
5,0,8,3,0.021579601801931858
5,0,10,3,0.014129704795777798
5,0,12,3,0.02219478227198124
5,0,14,3,0.05611579306423664
5,0,16,3,0.13409624621272087
5,0,18,3,0.021116534247994423
5,0,20,3,0.20691750198602676
5,0,22,3,0.05343935918062925
5,0,24,3,0.22007016837596893
5,0,26,3,0.08781509194523096
5,0,28,3,0.14165600389242172
5,1,30,3,0.20434216409921646
5,1,32,3,0.8920613527297974
5,1,34,3,0.9646224081516266
5,0,0,4,0.010944908950477839
5,0,2,4,0.025043681263923645
5,0,4,4,0.019229683093726635
5,0,6,4,0.02433561161160469
5,0,8,4,0.01718867849558592
5,0,10,4,0.022325119003653526
5,0,12,4,0.019277806393802166
5,0,14,4,0.024938344955444336
5,0,16,4,0.026345964521169662
5,0,18,4,0.020977510139346123
5,0,20,4,0.046318842098116875
5,0,22,4,0.014499768149107695
5,0,24,4,0.030981523916125298
5,0,26,4,0.4090440571308136
5,0,28,4,0.942203551530838
5,1,30,4,0.4094140976667404
5,1,32,4,0.9518246054649353
5,1,34,4,0.9743418097496033
5,1,36,4,0.8480893075466156
5,0,0,5,0.022161678411066532
5,0,2,5,0.0148805589415133
5,0,4,5,0.018405969254672527
5,0,6,5,0.02188125904649496
5,0,8,5,0.01923579815775156
5,0,10,5,0.022548395209014416
5,0,12,5,0.020034927874803543
5,0,14,5,0.035873353481292725
5,0,16,5,0.039184242486953735
5,0,18,5,0.03826603014022112
5,0,20,5,0.03818699065595865
5,0,22,5,0.0009932173124980181
5,0,24,5,0.0025190392043441534
5,0,26,5,0.030337540432810783
5,0,28,5,0.6306107640266418
5,1,30,5,0.4099919945001602
5,1,32,5,0.8812185823917389
5,1,34,5,0.9662522077560425
5,0,0,6,0.03189465124160051
5,0,2,6,0.02046528458595276
5,0,4,6,0.022269533947110176
5,0,6,6,0.06282941438257694
5,0,8,6,0.03539564087986946
5,0,10,6,0.01530416589230299
5,0,12,6,0.014806723687797785
5,0,14,6,0.030870355665683746
5,0,16,6,0.045411353930830956
5,0,18,6,0.025654354132711887
5,0,20,6,0.41819368302822113
5,0,0,7,0.015575673896819353
5,0,2,7,0.007068590726703405
5,0,4,7,0.006998973898589611
5,0,6,7,0.008963242638856173
5,0,8,7,0.0166407423093915
5,0,10,7,0.02301075914874673
5,0,12,7,0.02465746644884348
5,0,14,7,0.027892042882740498
5,0,16,7,0.03845621831715107
5,0,18,7,0.014021066948771477
5,0,20,7,0.02262224070727825
5,0,22,7,0.02220006985589862
5,0,24,7,0.019924399442970753
5,0,26,7,0.08527403324842453
5,0,28,7,0.8678510189056396
5,1,30,7,0.41972438246011734
5,0,0,8,0.01324045192450285
5,0,2,8,0.014860024210065603
5,0,4,8,0.013936029747128487
5,0,6,8,0.03185336850583553
5,0,8,8,0.014568762853741646
5,0,10,8,0.01894316729158163
5,0,12,8,0.01824268326163292
5,0,14,8,0.019273211248219013
5,0,16,8,0.030311383306980133
5,0,18,8,0.0667122583836317
5,0,20,8,0.23709701746702194
5,0,22,8,0.25164468958973885
5,0,0,9,0.0243146987631917
5,0,2,9,0.020265519618988037
5,0,4,9,0.019520185887813568
5,0,6,9,0.009408764773979783
5,0,8,9,0.008987575303763151
5,0,10,9,0.015355839394032955
5,0,12,9,0.015569006092846394
5,0,14,9,0.02432148065418005
5,0,16,9,0.09166420251131058
5,0,18,9,0.021026087924838066
5,0,20,9,0.02691863663494587
5,0,22,9,0.004247796256095171
5,0,24,9,0.026665945537388325
5,0,26,9,0.10698478668928146
5,0,28,9,0.8452391028404236
5,1,30,9,0.5456748157739639
5,1,32,9,0.21010418236255646
5,1,34,9,0.4728618711233139
5,1,36,9,0.2756030410528183
5,1,38,9,0.8857910633087158
5,1,40,9,0.7129266262054443
5,1,42,9,0.8577506840229034
6,0,0,0,0.3467700034379959
6,0,2,0,0.6718708276748657
6,0,4,0,0.5068968087434769
6,0,6,0,0.03360402770340443
6,0,8,0,0.7988130748271942
6,0,10,0,0.06118566170334816
6,0,12,0,0.11520026624202728
6,0,14,0,0.5719385743141174
6,0,16,0,0.3372993618249893
6,0,18,0,0.19436562806367874
6,0,20,0,0.053764352574944496
6,0,22,0,0.08154177851974964
6,0,24,0,0.20900806039571762
6,0,26,0,0.5021198242902756
6,0,28,0,0.2778608798980713
6,1,30,0,0.3242437243461609
6,1,32,0,0.41624070703983307
6,1,34,0,0.11941223591566086
6,1,36,0,0.609460711479187
6,1,38,0,0.7905378937721252
6,1,40,0,0.3046741560101509
6,1,42,0,0.264391764998436
6,1,44,0,0.39649027585983276
6,1,46,0,0.5517255812883377
6,1,48,0,0.8930307030677795
6,1,50,0,0.9833775162696838
6,1,52,0,0.9863675534725189
6,1,54,0,0.9964157044887543
6,1,56,0,0.9680582582950592
6,1,58,0,0.9926756918430328
6,0,0,1,0.008350496413186193
6,0,2,1,0.010606615338474512
6,0,4,1,0.009895970113575459
6,0,6,1,0.1145535558462143
6,0,8,1,0.017042849212884903
6,0,10,1,0.10207455232739449
6,0,12,1,0.48648908734321594
6,0,14,1,0.18473942577838898
6,0,16,1,0.1410459727048874
6,0,18,1,0.5469509065151215
6,0,20,1,0.6587752997875214
6,0,22,1,0.4994927942752838
6,0,24,1,0.4154173284769058
6,0,26,1,0.6130368113517761
6,0,28,1,0.4078504741191864
6,1,30,1,0.2940754294395447
6,1,32,1,0.8573940396308899
6,1,34,1,0.8979827165603638
6,1,36,1,0.7693058252334595
6,1,38,1,0.803325742483139
6,1,40,1,0.856863260269165
6,1,42,1,0.8135426640510559
6,1,44,1,0.8078107535839081
6,1,45,1,0.9357640147209167
6,1,46,1,0.9795689582824707
6,0,0,2,0.15964214503765106
6,0,2,2,0.04723722953349352
6,0,4,2,0.10156254097819328
6,0,6,2,0.06610754132270813
6,0,8,2,0.07913997396826744
6,0,10,2,0.07133336551487446
6,0,12,2,0.14376135170459747
6,0,14,2,0.06720380485057831
6,0,16,2,0.3545554429292679
6,0,18,2,0.29330655187368393
6,0,20,2,0.21910534799098969
6,0,22,2,0.07392260804772377
6,0,24,2,0.45251429080963135
6,0,26,2,0.0989399179816246
6,0,28,2,0.6350218951702118
6,1,30,2,0.6842266619205475
6,1,32,2,0.52058906853199
6,1,34,2,0.599436342716217
6,1,36,2,0.6232318580150604
6,1,38,2,0.6924666166305542
6,1,40,2,0.7215008437633514
6,1,42,2,0.35961076617240906
6,1,44,2,0.7846793532371521
6,1,46,2,0.941067636013031
6,1,48,2,0.9484976232051849
6,1,50,2,0.9145909547805786
6,1,52,2,0.9084697067737579
6,1,54,2,0.9573590457439423
6,1,56,2,0.8301070034503937
6,1,58,2,0.9525411128997803
6,1,60,2,0.9678607881069183
6,1,62,2,0.9001269936561584
6,1,64,2,0.8385938405990601
6,1,66,2,0.9761681258678436
6,1,68,2,0.9917629957199097
6,1,70,2,0.9968322813510895
6,1,72,2,0.9967539012432098
6,1,74,2,0.9935263097286224
6,1,76,2,0.9929823279380798
6,1,78,2,0.9986876845359802
6,1,80,2,0.9992290735244751
6,0,0,3,0.04576302878558636
6,0,2,3,0.3666887953877449
6,0,4,3,0.34565481543540955
6,0,6,3,0.1067170798778534
6,0,8,3,0.172844760119915
6,0,10,3,0.3451232314109802
6,0,12,3,0.28521212935447693
6,0,14,3,0.11453370004892349
6,0,16,3,0.23566316068172455
6,0,18,3,0.5157405138015747
6,0,20,3,0.18987950682640076
6,0,22,3,0.21714594960212708
6,0,24,3,0.5539005994796753
6,0,26,3,0.8363592624664307
6,0,28,3,0.8160722851753235
6,1,30,3,0.47982512414455414
6,1,31,3,0.8619539737701416
6,1,32,3,0.8405281007289886
6,1,33,3,0.8918927907943726
6,1,34,3,0.8388131260871887
6,1,35,3,0.8150358200073242
6,1,36,3,0.7589817941188812
6,1,37,3,0.9038495123386383
6,1,38,3,0.9551674425601959
6,1,39,3,0.9023066461086273
6,1,40,3,0.9130361676216125
6,1,41,3,0.9725712239742279
6,1,42,3,0.9886920750141144
6,1,43,3,0.9484608173370361
6,1,44,3,0.9665307402610779
6,1,45,3,0.9823656380176544
6,1,46,3,0.9705755710601807
6,1,47,3,0.9787440896034241
6,1,48,3,0.9667604863643646
6,1,49,3,0.9514735341072083
6,1,50,3,0.9859155118465424
6,0,0,4,0.3246312737464905
6,0,2,4,0.3822767734527588
6,0,4,4,0.35660935938358307
6,0,6,4,0.07126764580607414
6,0,8,4,0.1119290441274643
6,0,10,4,0.15444763004779816
6,0,12,4,0.3605455309152603
6,0,14,4,0.5236457884311676
6,0,16,4,0.5251173377037048
6,0,18,4,0.43637116998434067
6,0,20,4,0.5273274332284927
6,0,22,4,0.3311646282672882
6,0,24,4,0.5257122963666916
6,0,26,4,0.6054058969020844
6,0,28,4,0.16488516330718994
6,1,30,4,0.10952116176486015
6,1,32,4,0.04920518770813942
6,1,34,4,0.42989403009414673
6,1,36,4,0.5918741524219513
6,1,38,4,0.8191116154193878
6,1,40,4,0.9826570749282837
6,1,42,4,0.8778413832187653
6,1,44,4,0.44907721877098083
6,1,46,4,0.7660077512264252
6,1,48,4,0.9043922126293182
6,1,50,4,0.9244591891765594
6,1,52,4,0.7366694211959839
6,1,54,4,0.696181446313858
6,1,56,4,0.7789011895656586
6,1,58,4,0.7820804715156555
6,1,60,4,0.9081468284130096
6,1,62,4,0.842432051897049
6,1,64,4,0.8315996527671814
6,1,66,4,0.8263775706291199
6,0,0,5,0.09562600404024124
6,0,2,5,0.038031913340091705
6,0,4,5,0.05248922109603882
6,0,6,5,0.03945110086351633
6,0,8,5,0.04951219819486141
6,0,10,5,0.12309565767645836
6,0,12,5,0.33323702216148376
6,0,14,5,0.2613639459013939
6,0,16,5,0.6360557377338409
6,0,18,5,0.6109285950660706
6,0,20,5,0.6710928082466125
6,0,22,5,0.8789370357990265
6,0,24,5,0.9532186388969421
6,0,26,5,0.7765660285949707
6,0,28,5,0.647816002368927
6,1,30,5,0.5116783380508423
6,1,32,5,0.6946720778942108
6,1,34,5,0.5077190548181534
6,1,36,5,0.20524271577596664
6,1,38,5,0.2970871031284332
6,1,40,5,0.4000088721513748
6,1,42,5,0.7261494696140289
6,1,44,5,0.6219625174999237
6,1,45,5,0.21690765023231506
6,1,46,5,0.16449805349111557
6,1,47,5,0.08642985671758652
6,1,48,5,0.7970682084560394
6,1,49,5,0.6525430679321289
6,1,50,5,0.2895556688308716
6,1,51,5,0.39863646030426025
6,1,52,5,0.5969561636447906
6,1,53,5,0.697696328163147
6,1,54,5,0.8415836691856384
6,1,55,5,0.6907898187637329
6,1,56,5,0.2626752555370331
6,1,57,5,0.5471894443035126
6,1,58,5,0.8586356043815613
6,1,59,5,0.97178915143013
6,1,60,5,0.704157829284668
6,1,61,5,0.9580185115337372
6,1,62,5,0.9135171175003052
6,0,0,6,0.26864051818847656
6,0,2,6,0.0419808104634285
6,0,4,6,0.015102311968803406
6,0,6,6,0.002167810744140297
6,0,8,6,0.01293444400653243
6,0,10,6,0.04820129834115505
6,0,12,6,0.056162022054195404
6,0,14,6,0.2748657763004303
6,0,16,6,0.4929760545492172
6,0,18,6,0.18885105103254318
6,0,20,6,0.5060696303844452
6,0,22,6,0.6488068401813507
6,0,24,6,0.7949250042438507
6,0,26,6,0.8383048474788666
6,0,28,6,0.7003997266292572
6,1,30,6,0.6915008723735809
6,1,32,6,0.8646238148212433
6,1,34,6,0.8935364782810211
6,1,36,6,0.8696106970310211
6,1,38,6,0.9147601127624512
6,1,40,6,0.9162359237670898
6,1,42,6,0.7504524886608124
6,1,44,6,0.9581486880779266
6,1,46,6,0.944566011428833
6,1,48,6,0.7405720949172974
6,1,50,6,0.8885780572891235
6,1,52,6,0.8460588753223419
6,1,54,6,0.9151634275913239
6,1,56,6,0.9403426945209503
6,1,58,6,0.8630688786506653
6,1,60,6,0.9130649864673615
6,1,61,6,0.9368342161178589
6,1,62,6,0.963639497756958
6,1,63,6,0.9702787697315216
6,1,64,6,0.9183675646781921
6,1,65,6,0.9557422995567322
7,0,0,1,0.0023109654139261693
7,0,2,1,0.008029577089473605
7,0,4,1,0.06614374741911888
7,0,6,1,0.11967005953192711
7,0,8,1,0.14789552986621857
7,0,10,1,0.08843730390071869
7,0,12,1,0.03956207074224949
7,0,14,1,0.030981444753706455
7,0,16,1,0.07390649802982807
7,0,18,1,0.15355554968118668
7,0,20,1,0.6735398471355438
7,0,22,1,0.7552358210086823
7,0,24,1,0.31210173666477203
7,0,26,1,0.1984335109591484
7,0,28,1,0.14341939240694046
7,1,30,1,0.5501473098993301
7,1,32,1,0.8279640078544617
7,1,34,1,0.7266879975795746
7,1,36,1,0.7390432059764862
7,1,38,1,0.8465233147144318
7,1,40,1,0.8751996457576752
7,1,42,1,0.9954398572444916
7,1,44,1,0.9878746569156647
7,1,46,1,0.9942403435707092
7,1,48,1,0.9960882365703583
7,1,50,1,0.9919319450855255
7,1,52,1,0.9776498079299927
7,1,54,1,0.9752323031425476
7,1,56,1,0.9988703727722168
7,1,58,1,0.9985540211200714
7,1,60,1,0.9536254405975342
7,1,62,1,0.701728880405426
7,0,0,2,0.058046406134963036
7,0,2,2,0.03225282020866871
7,0,4,2,0.03986651636660099
7,0,6,2,0.12388557195663452
7,0,8,2,0.2774372547864914
7,0,10,2,0.10456996783614159
7,0,12,2,0.09856237098574638
7,0,14,2,0.045531805604696274
7,0,16,2,0.06276756152510643
7,0,18,2,0.31376785039901733
7,0,20,2,0.2469882071018219
7,0,22,2,0.2550073713064194
7,0,24,2,0.0840635634958744
7,0,26,2,0.6862986981868744
7,0,28,2,0.7779756784439087
7,1,30,2,0.9798885583877563
7,1,32,2,0.641910582780838
7,1,34,2,0.9486764371395111
7,1,36,2,0.9734191596508026
7,1,38,2,0.9972241818904877
7,1,40,2,0.9500590562820435
7,1,42,2,0.9898245334625244
7,1,43,2,0.9940386712551117
7,1,44,2,0.9953829050064087
7,1,45,2,0.9987479448318481
7,1,46,2,0.9976634383201599
7,1,47,2,0.9853592813014984
7,1,48,2,0.9942026436328888
7,1,49,2,0.9992126226425171
7,1,50,2,0.9972922205924988
7,1,51,2,0.9984161257743835
7,1,52,2,0.9998875856399536
7,1,53,2,0.9995874464511871
7,1,54,2,0.9722536504268646
7,1,55,2,0.996505081653595
7,0,0,3,0.06676396913826466
7,0,2,3,0.03633658494800329
7,0,4,3,0.01940189185552299
7,0,6,3,0.019861509557813406
7,0,8,3,0.05661839246749878
7,0,10,3,0.020100241526961327
7,0,12,3,0.022540180012583733
7,0,14,3,0.10708069428801537
7,0,16,3,0.017886908259242773
7,0,18,3,0.06648548319935799
7,0,20,3,0.2025708481669426
7,0,22,3,0.35858573019504547
7,0,24,3,0.22137796133756638
7,0,26,3,0.29104195535182953
7,0,28,3,0.4135301411151886
7,1,30,3,0.5186095237731934
7,1,32,3,0.7246865034103394
7,1,34,3,0.7599056363105774
7,1,36,3,0.45451565086841583
7,1,38,3,0.41821275651454926
7,1,40,3,0.9841323494911194
7,1,42,3,0.9670053124427795
7,1,44,3,0.9953339695930481
7,1,46,3,0.933394730091095
7,1,48,3,0.9374631941318512
7,0,0,4,0.09226861223578453
7,0,2,4,0.02465731743723154
7,0,4,4,0.1507025696337223
7,0,6,4,0.03525333199650049
7,0,8,4,0.25082213431596756
7,0,10,4,0.047358833253383636
7,0,12,4,0.08620160818099976
7,0,14,4,0.036946363747119904
7,0,16,4,0.3283385634422302
7,0,18,4,0.0882406085729599
7,0,20,4,0.014737265650182962
7,0,22,4,0.022804822772741318
7,0,24,4,0.05959733761847019
7,0,26,4,0.058008862659335136
7,0,28,4,0.042489370331168175
7,1,30,4,0.7727568447589874
7,1,32,4,0.643116295337677
7,1,34,4,0.8017972409725189
7,1,36,4,0.9513977766036987
7,1,38,4,0.971798300743103
7,1,40,4,0.9934929311275482
7,1,42,4,0.9918895065784454
7,1,44,4,0.9905151426792145
7,1,45,4,0.9279860258102417
7,1,46,4,0.9812826812267303
7,1,47,4,0.9902293384075165
7,1,48,4,0.6349081099033356
7,1,49,4,0.9906415045261383
7,1,50,4,0.998952329158783
7,1,51,4,0.9934681951999664
7,1,52,4,0.9026444554328918
7,1,53,4,0.8596910536289215
7,1,54,4,0.9875738620758057
7,1,55,4,0.9930088818073273
7,0,0,5,0.013952471781522036
7,0,2,5,0.030012904666364193
7,0,4,5,0.03488828707486391
7,0,6,5,0.01960478536784649
7,0,8,5,0.23868540674448013
7,0,10,5,0.14283686131238937
7,0,12,5,0.16936589032411575
7,0,14,5,0.040304115042090416
7,0,16,5,0.5711361169815063
7,0,18,5,0.08317536488175392
7,0,20,5,0.6197740435600281
7,0,22,5,0.2318011149764061
7,0,24,5,0.1390478014945984
7,0,26,5,0.1227608174085617
7,0,28,5,0.5622265636920929
7,1,30,5,0.288721039891243
7,1,32,5,0.28198620676994324
7,1,34,5,0.6211377680301666
7,1,35,5,0.33605845272541046
7,1,36,5,0.10629810392856598
7,1,37,5,0.24268872290849686
7,1,38,5,0.6214179396629333
7,1,39,5,0.21820560842752457
7,1,40,5,0.14168714731931686
7,0,0,7,0.055089348927140236
7,0,2,7,0.015593032818287611
7,0,4,7,0.34891635179519653
7,0,6,7,0.027305063791573048
7,0,8,7,0.0018414908408885822
8,0,0,0,0.0095030483789742
8,0,2,0,0.006183545337989926
8,0,4,0,0.2655695825815201
8,0,6,0,0.09311429411172867
8,0,8,0,0.35285484790802
8,0,10,0,0.5446099638938904
8,0,12,0,0.44448739290237427
8,0,14,0,0.02481657825410366
8,0,16,0,0.012071751523762941
8,0,18,0,0.4409083276987076
8,0,20,0,0.5944311916828156
8,0,22,0,0.4894430935382843
8,0,24,0,0.4038579612970352
8,0,26,0,0.1601942554116249
8,0,28,0,0.3862515389919281
8,1,30,0,0.19842641800642014
8,1,32,0,0.8011991083621979
8,1,34,0,0.778931051492691
8,1,36,0,0.9411570131778717
8,1,38,0,0.8638783693313599
8,1,40,0,0.7718645930290222
8,1,42,0,0.9523160457611084
8,1,44,0,0.8611950278282166
8,1,46,0,0.5217800736427307
8,1,48,0,0.24579285085201263
8,1,50,0,0.5898724794387817
8,1,52,0,0.6238302886486053
8,1,54,0,0.5820762813091278
8,1,56,0,0.6853046417236328
8,1,58,0,0.9557534754276276
8,1,60,0,0.7103342711925507
8,1,62,0,0.7125420868396759
8,1,64,0,0.8630184531211853
8,1,66,0,0.914349377155304
8,1,68,0,0.8588931560516357
8,1,69,0,0.9078357219696045
8,1,70,0,0.9506642818450928
8,1,71,0,0.9685135185718536
8,1,72,0,0.9264398217201233
8,1,73,0,0.9446267187595367
8,1,74,0,0.9759238064289093
8,1,75,0,0.9747191071510315
8,1,76,0,0.9468885660171509
8,1,77,0,0.9724220037460327
8,0,0,1,0.7085800468921661
8,0,2,1,0.4810781925916672
8,0,4,1,0.5477434247732162
8,0,6,1,0.35565225780010223
8,0,8,1,0.5666482448577881
8,0,10,1,0.8379848599433899
8,0,12,1,0.3143768459558487
8,0,14,1,0.7002748548984528
8,0,16,1,0.6972955167293549
8,0,18,1,0.8951365649700165
8,0,20,1,0.5625666230916977
8,0,22,1,0.3639654070138931
8,0,24,1,0.383486807346344
8,0,26,1,0.029136464931070805
8,0,28,1,0.5414806008338928
8,1,30,1,0.32484396547079086
8,1,32,1,0.6408431231975555
8,1,34,1,0.7322337329387665
8,1,36,1,0.8663298785686493
8,1,38,1,0.8372116386890411
8,1,40,1,0.6781503260135651
8,1,42,1,0.5115700960159302
8,1,44,1,0.268557108938694
8,0,0,2,0.026690103113651276
8,0,2,2,0.030206073075532913
8,0,4,2,0.09778594225645065
8,0,6,2,0.05921062454581261
8,0,8,2,0.030445405282080173
8,0,10,2,0.1283419318497181
8,0,12,2,0.020777937956154346
8,0,14,2,0.0036650770343840122
8,0,16,2,0.0671222172677517
8,0,18,2,0.32241763174533844
8,0,20,2,0.7947359681129456
8,0,22,2,0.7008948624134064
8,0,24,2,0.5256963968276978
8,0,26,2,0.46597740054130554
8,0,28,2,0.41263993084430695
8,1,30,2,0.8592988848686218
8,1,32,2,0.906916618347168
8,1,34,2,0.9116476476192474
8,1,36,2,0.8639078140258789
8,1,38,2,0.9169506132602692
8,1,40,2,0.9859364032745361
8,1,42,2,0.9490657150745392
8,1,44,2,0.9376088678836823
8,1,46,2,0.9814814627170563
8,1,48,2,0.9793637096881866
8,1,50,2,0.9839640259742737
8,1,52,2,0.9930256605148315
8,1,54,2,0.9902217984199524
8,1,56,2,0.9883020222187042
8,1,58,2,0.9904730319976807
8,1,60,2,0.953840434551239
8,1,62,2,0.9900399148464203
8,1,64,2,0.9911116659641266
8,1,65,2,0.9944324493408203
8,1,66,2,0.9906735122203827
8,1,67,2,0.986088901758194
8,1,68,2,0.995344489812851
8,1,69,2,0.9962621927261353
8,1,70,2,0.9879403710365295
8,1,71,2,0.9882361590862274
8,0,0,3,0.6081247925758362
8,0,2,3,0.4676375240087509
8,0,4,3,0.377315878868103
8,0,6,3,0.24742483347654343
8,0,8,3,0.1764710322022438
8,0,10,3,0.264042429625988
8,0,12,3,0.11961689963936806
8,0,14,3,0.07340585626661777
8,0,16,3,0.1265791803598404
8,0,18,3,0.06570022366940975
8,0,20,3,0.0103698018938303
8,0,22,3,0.2946690022945404
8,0,24,3,0.36988167464733124
8,0,26,3,0.3123060613870621
8,0,28,3,0.8198221921920776
8,1,30,3,0.5929526090621948
8,1,32,3,0.5386175215244293
8,1,34,3,0.4186217039823532
8,1,36,3,0.24531018733978271
8,1,38,3,0.09818052500486374
8,1,40,3,0.27136512100696564
8,1,42,3,0.39642930030822754
8,1,44,3,0.23650315403938293
8,1,46,3,0.5558027029037476
8,1,48,3,0.2714795917272568
8,1,50,3,0.21712447702884674
8,1,52,3,0.4062431678175926
8,1,54,3,0.3309440016746521
8,1,56,3,0.3310399800539017
8,1,58,3,0.8628914952278137
8,0,0,4,0.003203745960490778
8,0,2,4,0.0010163155384361744
8,0,4,4,0.002356611075811088
8,0,6,4,0.010205269092693925
8,0,8,4,0.06050906516611576
8,0,10,4,0.5428524166345596
8,0,12,4,0.0226037479005754
8,0,14,4,0.2573544457554817
8,0,16,4,0.3259645774960518
8,0,18,4,0.026208161376416683
8,0,20,4,0.02163382340222597
8,0,22,4,0.0440656216815114
8,0,24,4,0.043411459773778915
8,0,26,4,0.08141488954424858
8,0,28,4,0.19145739078521729
8,1,30,4,0.05693143047392368
8,1,32,4,0.40634380280971527
8,1,34,4,0.508842945098877
8,1,36,4,0.8154528141021729
8,1,38,4,0.8982028365135193
8,1,40,4,0.4130137711763382
8,1,42,4,0.26247382909059525
8,1,44,4,0.44793474674224854
8,1,46,4,0.7599903047084808
8,1,47,4,0.30894745886325836
8,1,48,4,0.604478269815445
8,1,49,4,0.9109366238117218
8,1,50,4,0.856222540140152
8,1,51,4,0.9677369892597198
8,1,52,4,0.9699600338935852
8,1,53,4,0.9004141986370087
8,1,54,4,0.9634674489498138
8,1,55,4,0.9817292392253876
8,1,56,4,0.9867645502090454
8,1,57,4,0.9952326416969299
8,1,58,4,0.9878049790859222
8,1,59,4,0.9902258515357971
8,1,60,4,0.994900107383728
8,1,61,4,0.9858293533325195
8,1,62,4,0.9907363653182983
8,1,63,4,0.9888005554676056
8,1,64,4,0.9948408007621765
8,1,65,4,0.9805980324745178
8,1,66,4,0.9806250035762787
8,0,0,5,0.048040240071713924
8,0,2,5,0.17847022414207458
8,0,4,5,0.7381266057491302
8,0,6,5,0.03868366125971079
8,0,8,5,0.011655980255454779
8,0,10,5,0.05332527309656143
8,0,12,5,0.16220474988222122
8,0,14,5,0.17747559398412704
8,0,16,5,0.13812202215194702
8,0,18,5,0.11956248804926872
8,0,20,5,0.24843164533376694
8,0,22,5,0.2533835992217064
8,0,24,5,0.7047041058540344
8,0,0,6,0.23126792535185814
8,0,2,6,0.018159834668040276
8,0,4,6,0.27853280305862427
8,0,6,6,0.6200513243675232
8,0,8,6,0.2588137313723564
8,0,10,6,0.6499426066875458
8,0,12,6,0.632144421339035
8,0,14,6,0.6602775156497955
8,0,16,6,0.2728112116456032
8,0,18,6,0.11742765456438065
8,0,20,6,0.20177606493234634
8,0,22,6,0.09969225153326988
8,0,24,6,0.011257261969149113
8,0,26,6,0.005141038272995502
8,0,28,6,0.0029535109642893076
8,1,30,6,0.1853591464459896
8,1,32,6,0.056691188365221024
8,1,34,6,0.17062189429998398
8,1,36,6,0.09218883886933327
8,1,38,6,0.35504017770290375
8,1,39,6,0.793400764465332
8,1,40,6,0.6858928203582764
8,1,41,6,0.9701903462409973
8,1,42,6,0.9286037683486938
8,1,43,6,0.7025843858718872
8,1,44,6,0.8850246369838715
8,1,45,6,0.9662818610668182
8,1,46,6,0.9246933162212372
8,1,47,6,0.9202442169189453
8,1,48,6,0.9742181897163391
8,1,49,6,0.9805052876472473
8,1,50,6,0.9434176385402679
8,1,51,6,0.7064840197563171
9,0,0,0,0.14718414098024368
9,0,2,0,0.11434079706668854
9,0,4,0,0.20355280488729477
9,0,6,0,0.04125780425965786
9,0,8,0,0.07289787102490664
9,0,10,0,0.04559624195098877
9,0,12,0,0.14051656424999237
9,0,14,0,0.0809883326292038
9,0,16,0,0.0331303970888257
9,0,18,0,0.015684778103604913
9,0,20,0,0.036274977028369904
9,0,22,0,0.01827456569299102
9,0,24,0,0.031840939074754715
9,0,26,0,0.6103853583335876
9,0,28,0,0.8638716638088226
9,1,30,0,0.9219404458999634
9,1,32,0,0.9361101686954498
9,1,34,0,0.9329996407032013
9,1,36,0,0.9875277280807495
9,1,38,0,0.9432155787944794
9,1,40,0,0.9755685329437256
9,1,42,0,0.9851905405521393
9,1,44,0,0.9788793921470642
9,1,46,0,0.9096764624118805
9,1,48,0,0.995282918214798
9,1,50,0,0.9659685790538788
9,1,52,0,0.9892469942569733
9,1,54,0,0.9966405034065247
9,1,56,0,0.9882480800151825
9,1,58,0,0.9761635065078735
9,1,60,0,0.9914766550064087
9,1,62,0,0.9885474145412445
9,1,64,0,0.9919423758983612
9,1,66,0,0.994124174118042
9,1,68,0,0.9943327605724335
9,1,70,0,0.9937005341053009
9,1,72,0,0.9937498569488525
9,1,74,0,0.9879557490348816
9,1,76,0,0.9951794445514679
9,0,0,1,0.0057706397492438555
9,0,2,1,0.007491531316190958
9,0,4,1,0.10214517265558243
9,0,6,1,0.4112651199102402
9,0,8,1,0.09728565067052841
9,0,10,1,0.2311759814620018
9,0,12,1,0.00816596345975995
9,0,14,1,0.031388609670102596
9,0,16,1,0.06957122683525085
9,0,18,1,0.02021650690585375
9,0,20,1,0.705882728099823
9,0,22,1,0.9580411314964294
9,0,24,1,0.6826338171958923
9,0,26,1,0.8321081101894379
9,0,28,1,0.9151949286460876
9,1,30,1,0.7239342033863068
9,1,32,1,0.2765938639640808
9,1,33,1,0.8743360340595245
9,1,34,1,0.6430466771125793
9,1,35,1,0.7787615060806274
9,1,36,1,0.9721652269363403
9,1,37,1,0.9421609938144684
9,1,38,1,0.8611207008361816
9,1,39,1,0.6969486176967621
9,1,40,1,0.9686457812786102
9,1,41,1,0.984245777130127
9,1,42,1,0.9968751072883606
9,1,43,1,0.9650355577468872
9,1,44,1,0.9777023196220398
9,1,45,1,0.97677943110466
9,1,46,1,0.7548048794269562
9,1,47,1,0.6126779615879059
9,1,48,1,0.1124618723988533
9,1,49,1,0.7998452186584473
9,1,50,1,0.9965848624706268
9,1,51,1,0.989239901304245
9,1,52,1,0.9750535488128662
9,0,0,2,0.039624398574233055
9,0,2,2,0.016631328966468573
9,0,4,2,0.05754598043859005
9,0,6,2,0.024029571563005447
9,0,8,2,0.002661840000655502
9,0,10,2,0.0027313094469718635
9,0,12,2,0.011513252044096589
9,0,14,2,0.0047392568085342646
9,0,16,2,0.012730646878480911
9,0,18,2,0.0037026687059551477
9,0,20,2,0.00588798732496798
9,0,22,2,0.12240375205874443
9,0,24,2,0.14332372695207596
9,0,26,2,0.09967726841568947
9,0,28,2,0.16137821972370148
9,1,30,2,0.24370618164539337
9,1,32,2,0.03452693670988083
9,1,34,2,0.31910714507102966
9,1,36,2,0.491896390914917
9,1,38,2,0.7653242647647858
9,1,40,2,0.16594862937927246
9,1,42,2,0.6761737763881683
9,1,44,2,0.6532270312309265
9,1,46,2,0.9947827458381653
9,1,48,2,0.9983058273792267
9,1,50,2,0.9927012622356415
9,1,52,2,0.9153890013694763
9,1,54,2,0.8998223841190338
9,1,56,2,0.6357260048389435
9,1,58,2,0.810334324836731
9,1,60,2,0.7965636253356934
9,1,62,2,0.8384045958518982
9,1,64,2,0.9863032102584839
9,1,66,2,0.9915336966514587
9,1,68,2,0.996259331703186
9,1,70,2,0.9926354885101318
9,1,71,2,0.9908719956874847
9,1,72,2,0.9706505537033081
9,0,0,3,0.011179252993315458
9,0,2,3,0.004596393089741468
9,0,4,3,0.21872056275606155
9,0,6,3,0.29950229823589325
9,0,8,3,0.4769507497549057
9,0,10,3,0.031286182813346386
9,0,12,3,0.047423338517546654
9,0,14,3,0.09192579239606857
9,0,16,3,0.40877942740917206
9,0,18,3,0.1735486537218094
9,0,20,3,0.046159799210727215
9,0,22,3,0.034695628099143505
9,0,24,3,0.10836226865649223
9,0,26,3,0.026156828738749027
9,0,28,3,0.31424832344055176
9,1,30,3,0.5577322542667389
9,1,31,3,0.7144033312797546
9,1,32,3,0.5779858827590942
9,1,33,3,0.6683633625507355
9,1,34,3,0.7414486706256866
9,1,35,3,0.7526427209377289
9,1,36,3,0.661346048116684
9,1,37,3,0.9242222607135773
9,0,0,4,0.0007033127913018689
9,0,2,4,0.019071726128458977
9,0,4,4,0.0013139497896190733
9,0,6,4,0.0009084789198823273
9,0,8,4,0.0029538965318351984
9,0,10,4,0.0049235098995268345
9,0,12,4,0.0009709141158964485
9,0,14,4,0.0040393180679529905
9,0,16,4,0.01729821041226387
9,0,18,4,0.06046740338206291
9,0,20,4,0.1066545732319355
9,0,22,4,0.3239753991365433
9,0,24,4,0.5173462331295013
9,0,26,4,0.32293377071619034
9,0,28,4,0.5969077944755554
9,1,30,4,0.7053888440132141
9,1,32,4,0.42271119356155396
9,1,34,4,0.7332478761672974
9,1,36,4,0.8978842794895172
9,1,38,4,0.618591696023941
9,1,40,4,0.6540248990058899
9,1,42,4,0.7284768223762512
9,1,44,4,0.934736967086792
9,0,0,5,0.014925264287739992
9,0,2,5,0.014159299433231354
9,0,4,5,0.01216060109436512
9,0,6,5,0.05499772168695927
9,0,8,5,0.027216872200369835
9,0,10,5,0.018343518488109112
9,0,12,5,0.16776524111628532
9,0,14,5,0.011449458077549934
9,0,16,5,0.06910659745335579
9,0,18,5,0.14113014936447144
9,0,20,5,0.16491470113396645
9,0,22,5,0.7260521054267883
9,0,24,5,0.34517499804496765
9,0,26,5,0.5511912256479263
9,0,28,5,0.7117715775966644
9,1,30,5,0.9061613082885742
9,1,32,5,0.8536287844181061
9,1,34,5,0.9698424637317657
9,1,35,5,0.9667075872421265
9,1,36,5,0.878946989774704
9,1,37,5,0.6750306785106659
9,1,38,5,0.5794607698917389
9,1,39,5,0.9238787293434143
9,1,40,5,0.9432399570941925
9,1,41,5,0.9122675955295563
9,1,42,5,0.9831449091434479
9,1,43,5,0.963557094335556
9,1,44,5,0.9149193167686462
9,1,45,5,0.9130256474018097
9,1,46,5,0.8835827708244324
9,1,47,5,0.6610970199108124
9,1,48,5,0.886713832616806
9,1,49,5,0.8796418905258179
9,0,0,6,0.018226622138172388
9,0,2,6,0.13137943670153618
9,0,4,6,0.08398213982582092
9,0,6,6,0.24414775520563126
9,0,8,6,0.10317088291049004
9,0,10,6,0.09767531603574753
9,0,12,6,0.004147945903241634
9,0,14,6,0.04150513745844364
9,0,16,6,0.20114492624998093
9,0,18,6,0.07351545244455338
9,0,20,6,0.07868877239525318
9,0,22,6,0.07182011008262634
9,0,24,6,0.14132963865995407
9,0,26,6,0.3944783955812454
9,0,28,6,0.5850705057382584
9,1,30,6,0.753206878900528
9,1,32,6,0.8468653857707977
9,1,34,6,0.5801797211170197
9,1,36,6,0.8737609088420868
9,1,38,6,0.8129222691059113
9,1,40,6,0.8719450235366821
9,1,42,6,0.9949980974197388
9,0,0,7,0.13377955555915833
9,0,2,7,0.29977138340473175
9,0,4,7,0.12411344796419144
9,0,6,7,0.06986478716135025
9,0,8,7,0.02560332417488098
9,0,10,7,0.06663393974304199
9,0,12,7,0.12983424961566925
9,0,14,7,0.33131876587867737
9,0,16,7,0.34254881739616394
9,0,18,7,0.13506192713975906
9,0,20,7,0.22472179681062698
9,0,22,7,0.64174485206604
9,0,24,7,0.47501881420612335
9,0,26,7,0.09178948029875755
9,0,28,7,0.93480584025383
9,1,30,7,0.9297266602516174
9,1,32,7,0.9475353062152863
9,1,34,7,0.9520818293094635
9,1,36,7,0.8928622007369995
9,1,38,7,0.9821436703205109
9,1,40,7,0.9789025783538818
9,1,42,7,0.9864274859428406
9,1,44,7,0.5572679340839386
9,1,46,7,0.7588083744049072
9,1,48,7,0.9522935450077057
9,1,50,7,0.9054103195667267
9,1,52,7,0.9453665018081665
9,1,53,7,0.8663553893566132
9,1,54,7,0.8256529271602631
9,1,55,7,0.976024717092514
9,1,56,7,0.9428361356258392
9,1,57,7,0.9978616237640381
9,1,58,7,0.9953731596469879
9,1,59,7,0.9855177700519562
9,1,60,7,0.9956162869930267
9,1,61,7,0.990115761756897
9,1,62,7,0.8379731476306915
9,1,63,7,0.9986732304096222
10,0,0,0,0.11802259832620621
10,0,2,0,0.028245344758033752
10,0,4,0,0.018616694025695324
10,0,6,0,0.09478573873639107
10,0,8,0,0.04861031286418438
10,0,10,0,0.05905434302985668
10,0,12,0,0.11473650112748146
10,0,14,0,0.2228328287601471
10,0,16,0,0.16659333556890488
10,0,18,0,0.2099347859621048
10,0,20,0,0.11191680282354355
10,0,22,0,0.14478588104248047
10,0,24,0,0.7489509582519531
10,0,26,0,0.5553914159536362
10,0,28,0,0.11635028943419456
10,1,30,0,0.30117732286453247
10,1,32,0,0.746536910533905
10,1,34,0,0.9022337794303894
10,1,36,0,0.7229861915111542
10,1,38,0,0.8860528469085693
10,1,40,0,0.6803195476531982
10,1,42,0,0.37072837352752686
10,1,44,0,0.20135433226823807
10,1,46,0,0.2580554634332657
10,1,48,0,0.693873256444931
10,1,50,0,0.4787509888410568
10,1,52,0,0.8159854412078857
10,1,54,0,0.7888419926166534
10,1,55,0,0.1729421615600586
10,1,56,0,0.2978188246488571
10,1,57,0,0.3029206842184067
10,1,58,0,0.8867660462856293
10,0,0,1,0.05920490622520447
10,0,2,1,0.014683815650641918
10,0,4,1,0.040378263220191
10,0,6,1,0.005963614210486412
10,0,8,1,0.5391781330108643
10,0,10,1,0.3319479823112488
10,0,12,1,0.6314479410648346
10,0,14,1,0.7103751599788666
10,0,16,1,0.5724199712276459
10,0,18,1,0.5534341037273407
10,0,20,1,0.778354287147522
10,0,22,1,0.6467381119728088
10,0,24,1,0.9229267835617065
10,0,26,1,0.8340440690517426
10,0,28,1,0.8627922534942627
10,1,30,1,0.8040565848350525
10,1,32,1,0.6389497518539429
10,1,33,1,0.9392773509025574
10,1,34,1,0.9413129687309265
10,1,35,1,0.8206641376018524
10,1,36,1,0.6310366690158844
10,1,37,1,0.6784148514270782
10,1,38,1,0.93769371509552
10,1,39,1,0.7666824162006378
10,1,40,1,0.8977936506271362
10,1,41,1,0.9831660389900208
10,1,42,1,0.9977656304836273
10,1,43,1,0.9994423687458038
10,1,44,1,0.9941141307353973
10,1,45,1,0.9478144943714142
10,1,46,1,0.9746537208557129
10,1,47,1,0.6070432811975479
10,0,0,2,0.04793603532016277
10,0,2,2,0.061506571248173714
10,0,4,2,0.060558782890439034
10,0,6,2,0.08550120145082474
10,0,8,2,0.13658230751752853
10,0,10,2,0.02766220737248659
10,0,12,2,0.09597976133227348
10,0,14,2,0.2497914507985115
10,0,16,2,0.3370509296655655
10,0,18,2,0.5704523622989655
10,0,20,2,0.41617345809936523
10,0,22,2,0.40572503209114075
10,0,24,2,0.08823096845299006
10,0,26,2,0.6048769056797028
10,0,28,2,0.6956152617931366
10,1,30,2,0.45035408437252045
10,1,32,2,0.3403477072715759
10,1,34,2,0.6199298799037933
10,1,36,2,0.8299855291843414
10,1,38,2,0.7799898684024811
10,1,40,2,0.24936896562576294
10,1,42,2,0.43751145899295807
10,1,44,2,0.9390290081501007
10,1,46,2,0.9932538568973541
10,1,48,2,0.9970746338367462
10,1,50,2,0.9745887219905853
10,1,52,2,0.9163619577884674
10,1,53,2,0.9114468991756439
10,1,54,2,0.987832248210907
10,1,55,2,0.9038701057434082
10,1,56,2,0.966439813375473
10,1,57,2,0.9496443569660187
10,1,58,2,0.9629170298576355
10,0,0,3,0.0028511793352663517
10,0,2,3,0.018920143134891987
10,0,4,3,0.13436489179730415
10,0,6,3,0.023483087308704853
10,0,8,3,0.09281138703227043
10,0,10,3,0.015950027387589216
10,0,12,3,0.44782213866710663
10,0,14,3,0.020091180689632893
10,0,16,3,0.2288283258676529
10,0,18,3,0.16594040393829346
10,0,20,3,0.1579716019332409
10,0,22,3,0.3188103884458542
10,0,24,3,0.2632441744208336
10,0,26,3,0.39470507204532623
10,0,28,3,0.6787150204181671
10,1,30,3,0.6771693825721741
10,1,32,3,0.5241160690784454
10,1,34,3,0.15440664440393448
10,1,36,3,0.29040946811437607
10,1,38,3,0.7038536071777344
10,1,40,3,0.7608880698680878
10,1,42,3,0.9192555248737335
10,1,44,3,0.6703504323959351
10,1,46,3,0.6201038658618927
10,1,48,3,0.3039329871535301
10,1,50,3,0.6386500000953674
10,0,0,4,0.08280564099550247
10,0,2,4,0.1283719763159752
10,0,4,4,0.1291150525212288
10,0,6,4,0.031266781501471996
10,0,8,4,0.06379973702132702
10,0,10,4,0.18040160834789276
10,0,12,4,0.22946737706661224
10,0,14,4,0.7428970038890839
10,0,16,4,0.7271577715873718
10,0,18,4,0.3764467090368271
10,0,20,4,0.4701970964670181
10,0,22,4,0.8645545840263367
10,0,24,4,0.19673274457454681
10,0,26,4,0.15752898156642914
10,0,28,4,0.14976824074983597
10,1,30,4,0.2800018712878227
10,1,32,4,0.4160059243440628
10,1,34,4,0.9461632668972015
10,1,36,4,0.7985594868659973
10,1,38,4,0.8971575200557709
10,1,40,4,0.9583934843540192
10,1,42,4,0.8469367027282715
10,1,44,4,0.925211638212204
10,1,46,4,0.7535786628723145
10,1,48,4,0.7542208731174469
10,1,50,4,0.38516750931739807
10,1,52,4,0.7546245455741882
10,1,54,4,0.8766903579235077
10,1,56,4,0.9341037571430206
10,1,58,4,0.9380168318748474
10,1,60,4,0.9495120346546173
10,1,62,4,0.9835907220840454
10,1,64,4,0.9246036410331726
10,1,66,4,0.9679926037788391
10,1,67,4,0.9914824068546295
10,1,68,4,0.9449743628501892
10,1,69,4,0.9844822287559509
10,1,70,4,0.9963010251522064
10,1,71,4,0.9958571791648865
10,1,72,4,0.9290658235549927
10,0,0,5,0.06857693195343018
10,0,2,5,0.1878805309534073
10,0,4,5,0.08613005466759205
10,0,6,5,0.1143864132463932
10,0,8,5,0.29292115569114685
10,0,10,5,0.10719511285424232
10,0,12,5,0.3191482424736023
10,0,14,5,0.6972004175186157
10,0,16,5,0.16956846415996552
10,0,18,5,0.13630138523876667
10,0,20,5,0.15524180978536606
10,0,0,6,0.26553962379693985
10,0,2,6,0.01834159716963768
10,0,4,6,0.009753954829648137
10,0,6,6,0.085782116279006
10,0,8,6,0.04111574683338404
10,0,10,6,0.08338149636983871
10,0,12,6,0.24804861098527908
10,0,14,6,0.22009285539388657
10,0,16,6,0.16378529369831085
10,0,18,6,0.22712282091379166
10,0,20,6,0.21021072566509247
10,0,22,6,0.3542546331882477
10,0,24,6,0.8046155273914337
10,0,26,6,0.2522719204425812
10,0,28,6,0.5085624158382416
10,1,30,6,0.7397006452083588
10,1,32,6,0.6121747195720673
10,1,34,6,0.9512387216091156
10,1,36,6,0.9367534220218658
10,1,38,6,0.8128070831298828
10,1,40,6,0.9195217788219452
10,1,42,6,0.8722830414772034
10,1,44,6,0.9184986352920532
10,1,46,6,0.9390522241592407
10,1,48,6,0.9606678485870361
10,1,50,6,0.9920263886451721
10,1,52,6,0.9972409605979919
10,1,54,6,0.9994308948516846
10,0,0,7,0.04602335765957832
10,0,2,7,0.027309869416058064
10,0,4,7,0.09477396309375763
10,0,6,7,0.3343426436185837
10,0,8,7,0.1528305970132351
10,0,10,7,0.2602701932191849
10,0,12,7,0.5325253307819366
10,0,14,7,0.4103412330150604
10,0,16,7,0.3473348617553711
10,0,18,7,0.018701983615756035
10,0,20,7,0.7732220888137817
10,0,22,7,0.8933693468570709
10,0,24,7,0.35798437893390656
10,0,26,7,0.42815886437892914
10,0,28,7,0.21791650354862213
10,1,30,7,0.06367327086627483
10,1,32,7,0.09365756437182426
10,1,34,7,0.49730686843395233
10,1,36,7,0.38424152135849
10,1,38,7,0.6713146269321442
10,1,40,7,0.9039739370346069
10,1,42,7,0.22801737487316132
10,1,44,7,0.18497555702924728
10,1,46,7,0.19567477703094482
10,1,48,7,0.6174812316894531
10,1,50,7,0.8519071042537689
10,1,51,7,0.9954999685287476
10,1,52,7,0.9963489472866058
10,1,53,7,0.9923424124717712
10,1,54,7,0.9916996359825134
10,1,55,7,0.9755091071128845
10,0,0,8,0.0035643563605844975
10,0,2,8,0.031136811710894108
10,0,4,8,0.015616125427186489
10,0,6,8,0.06842183694243431
10,0,8,8,0.12406114116311073
10,0,10,8,0.19983607530593872
10,0,12,8,0.02397742960602045
10,0,14,8,0.040030065923929214
10,0,16,8,0.049976274371147156
10,0,18,8,0.18514376878738403
10,0,20,8,0.15264486148953438
10,0,22,8,0.7655017375946045
10,0,24,8,0.06234310008585453
10,0,26,8,0.086670882999897
10,0,28,8,0.10498644597828388
10,1,30,8,0.22486888617277145
10,1,32,8,0.8244752883911133
10,1,34,8,0.9789356589317322
10,1,36,8,0.9116310775279999
10,1,38,8,0.7712115049362183
10,1,40,8,0.2120647430419922
10,1,42,8,0.4023589789867401
10,1,44,8,0.2744671702384949
10,1,46,8,0.6335965692996979
10,1,48,8,0.6393425166606903
10,1,50,8,0.6492838263511658
10,1,52,8,0.7652306258678436
10,1,54,8,0.9455611407756805
10,1,56,8,0.7807036340236664
10,1,58,8,0.8352354466915131
10,1,60,8,0.4470544010400772
11,0,0,0,0.10436757281422615
11,0,2,0,0.12513256445527077
11,0,4,0,0.18476104736328125
11,0,6,0,0.41475963592529297
11,0,8,0,0.20542452484369278
11,0,10,0,0.17941901087760925
11,0,12,0,0.17105413973331451
11,0,14,0,0.39519141614437103
11,0,16,0,0.16455507278442383
11,0,18,0,0.5864339619874954
11,0,20,0,0.4641304910182953
11,0,22,0,0.1330731213092804
11,0,24,0,0.306239515542984
11,0,26,0,0.11197894439101219
11,0,28,0,0.06454957462847233
11,1,30,0,0.20011696591973305
11,1,32,0,0.929011732339859
11,1,34,0,0.7061361372470856
11,1,36,0,0.6253427267074585
11,0,0,1,0.036577457562088966
11,0,2,1,0.02667378354817629
11,0,4,1,0.0937492586672306
11,0,6,1,0.42978452146053314
11,0,8,1,0.12915843725204468
11,0,10,1,0.052859269781038165
11,0,12,1,0.4837871491909027
11,0,14,1,0.35349851846694946
11,0,16,1,0.20253625512123108
11,0,18,1,0.0201638825237751
11,0,20,1,0.11655640229582787
11,0,22,1,0.28024016320705414
11,0,24,1,0.9014516472816467
11,0,26,1,0.2878955900669098
11,0,28,1,0.2929733693599701
11,1,30,1,0.5243457853794098
11,1,31,1,0.5656155645847321
11,1,32,1,0.8605593740940094
11,1,33,1,0.9335270822048187
11,1,34,1,0.950967013835907
11,1,35,1,0.9242573082447052
11,1,36,1,0.9917754232883453
11,1,37,1,0.9825524389743805
11,0,0,2,0.0021908606868237257
11,0,2,2,0.11690844781696796
11,0,4,2,0.8484867811203003
11,0,6,2,0.8652366101741791
11,0,8,2,0.24729018658399582
11,0,10,2,0.05391158163547516
11,0,12,2,0.1888098493218422
11,0,14,2,0.1246582679450512
11,0,16,2,0.42894379794597626
11,0,18,2,0.1622992902994156
11,0,20,2,0.39955568313598633
11,0,22,2,0.06156599335372448
11,0,24,2,0.1250809133052826
11,0,26,2,0.06413686089217663
11,0,28,2,0.7698141634464264
11,1,30,2,0.21750176697969437
11,1,32,2,0.6691403985023499
11,1,34,2,0.9220069050788879
11,0,0,3,0.039505562745034695
11,0,2,3,0.02919089701026678
11,0,4,3,0.02754046395421028
11,0,6,3,0.1873721331357956
11,0,8,3,0.1637362539768219
11,0,10,3,0.3377116024494171
11,0,12,3,0.41301383078098297
11,0,14,3,0.07207795046269894
11,0,16,3,0.06209763325750828
11,0,18,3,0.2853624001145363
11,0,20,3,0.33515506982803345
11,0,22,3,0.07168356701731682
11,0,24,3,0.06624091789126396
11,0,26,3,0.3298231512308121
11,0,28,3,0.2211189940571785
11,1,30,3,0.26285650581121445
11,1,32,3,0.43531905114650726
11,1,34,3,0.8650578856468201
11,1,35,3,0.6859763264656067
11,1,36,3,0.9988158345222473
11,1,37,3,0.9997122883796692
11,1,38,3,0.99842768907547
11,1,39,3,0.9488676190376282
11,1,40,3,0.8752917945384979
11,1,41,3,0.9101358354091644
11,1,42,3,0.9035151898860931
11,1,43,3,0.8625892400741577
11,1,44,3,0.4487750083208084
11,1,45,3,0.935553103685379
11,1,46,3,0.9777433574199677
11,1,47,3,0.9537008702754974
11,1,48,3,0.9847836792469025
11,1,49,3,0.9331809878349304
11,1,50,3,0.9665181040763855
11,1,51,3,0.9702835083007812
11,1,52,3,0.9668048620223999
11,0,0,4,0.00017980388656724244
11,0,2,4,0.0008715499425306916
11,0,4,4,0.012785051017999649
11,0,6,4,0.07657437399029732
11,0,8,4,0.1708861067891121
11,0,10,4,0.03593202494084835
11,0,12,4,0.01102528115734458
11,0,14,4,0.002394081326201558
11,0,16,4,0.0030644299695268273
11,0,18,4,0.02377928141504526
11,0,20,4,0.4162779748439789
11,0,22,4,0.13100997731089592
11,0,24,4,0.31797458231449127
11,0,26,4,0.06793632172048092
11,0,28,4,0.055931033566594124
11,1,30,4,0.5637486577033997
11,1,32,4,0.7680658400058746
11,1,34,4,0.8663371801376343
11,1,36,4,0.8068810403347015
11,1,38,4,0.6147440671920776
11,1,40,4,0.6194900572299957
11,1,42,4,0.7894951403141022
11,1,44,4,0.7072727084159851
11,1,46,4,0.7103815674781799
11,1,48,4,0.9210958182811737
11,1,50,4,0.717255562543869
11,1,52,4,0.9353920519351959
11,1,54,4,0.8931663036346436
11,1,56,4,0.6667730808258057
11,1,58,4,0.6921662092208862
11,1,60,4,0.9104555249214172
11,0,0,5,0.04134470224380493
11,0,2,5,0.0028177056810818613
11,0,4,5,0.013343575410544872
11,0,6,5,0.03130042552947998
11,0,8,5,0.25248152762651443
11,0,10,5,0.6848506331443787
11,0,12,5,0.49680913984775543
11,0,14,5,0.007820192258805037
11,0,16,5,0.1300814487040043
11,0,18,5,0.1495291218161583
11,0,20,5,0.2804896831512451
11,0,22,5,0.13243194296956062
11,0,24,5,0.20389271527528763
11,0,26,5,0.012852783547714353
11,0,28,5,0.06416050530970097
11,1,30,5,0.0761815644800663
11,1,32,5,0.8992581963539124
11,1,34,5,0.8828559815883636
11,1,36,5,0.9377095103263855
11,1,38,5,0.8325467705726624
11,1,40,5,0.8296926021575928
11,1,41,5,0.9250917434692383
11,1,42,5,0.9801591038703918
11,1,43,5,0.9049390554428101
11,1,44,5,0.2724452316761017
11,1,45,5,0.9770587384700775
11,1,46,5,0.9831300377845764
11,1,47,5,0.7333865463733673
11,1,48,5,0.9262854158878326
11,1,49,5,0.9944957196712494
11,1,50,5,0.8782880306243896
11,1,51,5,0.9887231588363647
11,0,0,6,0.4728465676307678
11,0,2,6,0.008671346120536327
11,0,4,6,0.005104115582071245
11,0,6,6,0.06967086717486382
11,0,8,6,0.15155623853206635
11,0,10,6,0.24782449752092361
11,0,12,6,0.7920323610305786
11,0,14,6,0.03242745157331228
11,0,16,6,0.08347474783658981
11,0,18,6,0.134293582290411
11,0,19,6,0.02736707031726837
11,0,20,6,0.1860663816332817
11,0,21,6,0.9519010782241821
11,0,22,6,0.6365159153938293
11,0,23,6,0.08064156025648117
11,1,24,6,0.1317479982972145
11,1,25,6,0.4604789763689041
11,1,26,6,0.8476807773113251
11,1,27,6,0.902535617351532
11,1,28,6,0.9579783976078033
11,1,29,6,0.9323794841766357
11,1,30,6,0.7598403096199036
11,1,31,6,0.19813477993011475
11,1,32,6,0.7246855199337006
11,1,33,6,0.5493374317884445
11,0,0,8,0.20966462045907974
11,0,2,8,0.07004143670201302
11,0,4,8,0.03514527902007103
11,0,6,8,0.22726304084062576
11,0,8,8,0.17898641526699066
11,0,10,8,0.08428197726607323
11,0,12,8,0.03270312026143074
11,0,14,8,0.054697731509804726
11,0,16,8,0.03922877833247185
11,0,18,8,0.008178796386346221
11,0,20,8,0.018002033233642578
11,0,22,8,0.06279143691062927
11,0,24,8,0.2640534117817879
11,0,26,8,0.22212201356887817
11,0,28,8,0.4185061603784561
11,1,30,8,0.6093358993530273
11,1,32,8,0.8174056112766266
11,1,34,8,0.5434103906154633
11,1,36,8,0.5494823157787323
11,1,38,8,0.636789083480835
11,1,40,8,0.2254752218723297
11,1,42,8,0.7338553965091705
11,1,44,8,0.3844698965549469
11,1,46,8,0.21497822552919388
11,1,48,8,0.38417837023735046
11,1,50,8,0.8943794965744019
11,1,52,8,0.9350305497646332
11,1,54,8,0.5186594128608704
11,1,56,8,0.7428139746189117
11,1,58,8,0.6567966639995575
11,1,60,8,0.9098772406578064
11,1,62,8,0.9770837426185608
11,1,64,8,0.9924994707107544
12,0,0,0,0.0006871844234410673
12,0,2,0,0.04312236700206995
12,0,4,0,0.12824581563472748
12,0,6,0,0.05196724832057953
12,0,8,0,0.1134338341653347
12,0,10,0,0.1869283691048622
12,0,12,0,0.05906633008271456
12,0,14,0,0.04260323476046324
12,0,16,0,0.1775682047009468
12,0,18,0,0.06671856343746185
12,0,20,0,0.05842718854546547
12,0,22,0,0.03603667393326759
12,0,24,0,0.08117666468024254
12,0,26,0,0.3961537629365921
12,0,28,0,0.09009182453155518
12,1,30,0,0.125503558665514
12,1,32,0,0.9822171628475189
12,1,34,0,0.992761492729187
12,1,36,0,0.9913059771060944
12,1,38,0,0.9920779764652252
12,1,40,0,0.9883372187614441
12,1,42,0,0.9952778220176697
12,1,44,0,0.9949422180652618
12,1,46,0,0.9904269278049469
12,1,48,0,0.9667358100414276
12,0,0,1,0.018386809155344963
12,0,2,1,0.008655795827507973
12,0,4,1,0.09697181731462479
12,0,6,1,0.20769234001636505
12,0,8,1,0.11949768662452698
12,0,10,1,0.006896063685417175
12,0,12,1,0.10111075267195702
12,0,14,1,0.0909751933068037
12,0,16,1,0.039804364554584026
12,0,18,1,0.018980745691806078
12,0,20,1,0.0750927422195673
12,0,22,1,0.05736282840371132
12,0,24,1,0.005669705802574754
12,0,26,1,0.026955800130963326
12,0,28,1,0.07175598479807377
12,1,30,1,0.14672017470002174
12,1,32,1,0.4914148449897766
12,1,34,1,0.7738674283027649
12,1,36,1,0.4636918902397156
12,1,38,1,0.4570510536432266
12,1,40,1,0.930126816034317
12,1,42,1,0.9698887467384338
12,1,44,1,0.9842274487018585
12,1,46,1,0.8856223523616791
12,1,48,1,0.9865469038486481
12,1,50,1,0.9853962957859039
12,1,52,1,0.992746502161026
12,1,54,1,0.9921010434627533
12,1,56,1,0.9940965175628662
12,1,58,1,0.9953978955745697
12,1,60,1,0.9865783154964447
12,0,0,2,0.018694336526095867
12,0,2,2,0.004772327025420964
12,0,4,2,0.008980183862149715
12,0,6,2,0.14901072159409523
12,0,8,2,0.24526793509721756
12,0,10,2,0.12177310883998871
12,0,12,2,0.06594682484865189
12,0,14,2,0.14256609231233597
12,0,16,2,0.5113641917705536
12,0,18,2,0.5788436532020569
12,0,20,2,0.24174468964338303
12,0,22,2,0.40517695248126984
12,0,24,2,0.5280249267816544
12,0,26,2,0.8355254530906677
12,0,28,2,0.2908569946885109
12,1,30,2,0.28781887888908386
12,1,32,2,0.285356268286705
12,1,34,2,0.6546830534934998
12,1,36,2,0.6359128952026367
12,1,38,2,0.8437946140766144
12,1,40,2,0.7817348539829254
12,1,42,2,0.9294731616973877
12,1,44,2,0.9673096537590027
12,1,46,2,0.9877197742462158
12,1,48,2,0.9616462290287018
12,1,50,2,0.9800685346126556
12,1,52,2,0.9279015064239502
12,0,0,3,0.0021528780926018953
12,0,2,3,0.003358822548761964
12,0,4,3,0.0682321023195982
12,0,6,3,0.01898751500993967
12,0,8,3,0.01605424052104354
12,0,10,3,0.10658702626824379
12,0,12,3,0.15096250921487808
12,0,14,3,0.10077869892120361
12,0,16,3,0.1220565102994442
12,0,18,3,0.26572081446647644
12,0,20,3,0.7999827265739441
12,0,22,3,0.3467114120721817
12,0,24,3,0.5829504132270813
12,0,26,3,0.5746099054813385
12,0,28,3,0.4688841998577118
12,1,30,3,0.42369088530540466
12,1,32,3,0.7505535781383514
12,1,34,3,0.8636849224567413
12,1,36,3,0.7384622991085052
12,1,38,3,0.7840293645858765
12,1,40,3,0.5931262671947479
12,1,42,3,0.9416649341583252
12,1,44,3,0.9877520799636841
12,1,46,3,0.8241339921951294
12,1,48,3,0.6176292896270752
12,1,49,3,0.9873475134372711
12,1,50,3,0.9865460693836212
12,1,51,3,0.9686723947525024
12,1,52,3,0.9782658219337463
12,1,53,3,0.9519739747047424
12,1,54,3,0.9842239916324615
12,1,55,3,0.9920401275157928
12,1,56,3,0.9935400187969208
12,1,57,3,0.9689315855503082
12,0,0,4,0.11028935760259628
12,0,2,4,0.05248449556529522
12,0,4,4,0.027806825935840607
12,0,6,4,0.048032915219664574
12,0,8,4,0.004999063443392515
12,0,10,4,0.1862134113907814
12,0,12,4,0.30817753076553345
12,0,14,4,0.20718728750944138
12,0,16,4,0.2524319589138031
12,0,18,4,0.3276650160551071
12,0,20,4,0.41119565069675446
12,0,22,4,0.5264681428670883
12,0,24,4,0.7553770542144775
12,0,26,4,0.9486576020717621
12,0,28,4,0.9465775191783905
12,1,30,4,0.8599075973033905
12,1,32,4,0.9400609135627747
12,1,34,4,0.9251228868961334
12,1,36,4,0.9204161167144775
12,1,38,4,0.9265475869178772
12,1,40,4,0.990947961807251
12,1,42,4,0.9839626550674438
12,1,44,4,0.9870793223381042
12,0,0,5,0.0008619955478934571
12,0,2,5,0.0010830354294739664
12,0,4,5,0.004610470728948712
12,0,6,5,0.000923927262192592
12,0,8,5,0.021209558006376028
12,0,10,5,0.05279473029077053
12,0,12,5,0.010214433306828141
12,0,14,5,0.02475181221961975
12,0,16,5,0.06928739324212074
12,0,18,5,0.08096558228135109
12,0,20,5,0.2765916436910629
12,0,22,5,0.21399002522230148
12,0,24,5,0.24899598956108093
12,0,26,5,0.2344057336449623
12,0,28,5,0.4207809865474701
12,1,30,5,0.13884233683347702
12,1,31,5,0.9408661127090454
12,1,32,5,0.9421101808547974
12,1,33,5,0.8790180385112762
12,1,34,5,0.9504045248031616
12,1,35,5,0.9365330040454865
12,1,36,5,0.9612915515899658
12,1,37,5,0.9878834784030914
12,1,38,5,0.9881816804409027
12,1,39,5,0.9884688854217529
12,1,40,5,0.981974333524704
12,1,41,5,0.9847626984119415
12,1,42,5,0.968662828207016
12,1,43,5,0.9893732368946075
12,1,44,5,0.9862639307975769
12,1,45,5,0.9915999472141266
12,1,46,5,0.9851340651512146
12,1,47,5,0.9894086122512817
12,1,48,5,0.9950394332408905
12,1,49,5,0.9882215261459351
12,1,50,5,0.9759705662727356
12,0,0,6,0.022926611825823784
12,0,2,6,0.008311148267239332
12,0,4,6,0.018100706860423088
12,0,6,6,0.005912538850679994
12,0,8,6,0.0039147286443039775
12,0,10,6,0.02133073564618826
12,0,12,6,0.03710806369781494
12,0,14,6,0.09940678626298904
12,0,16,6,0.09972209483385086
12,0,18,6,0.02741384133696556
12,0,20,6,0.02093910239636898
12,0,22,6,0.1849600076675415
12,0,24,6,0.1696384698152542
12,0,26,6,0.14756806939840317
12,0,28,6,0.27002087235450745
12,1,30,6,0.21996857225894928
12,1,32,6,0.4580644816160202
12,1,34,6,0.21898142993450165
12,1,36,6,0.42263077199459076
12,1,38,6,0.16103944182395935
12,1,40,6,0.7899722754955292
12,1,42,6,0.7528570294380188
12,1,44,6,0.9248610436916351
12,0,0,7,0.44368499517440796
12,0,2,7,0.07001107977703214
12,0,4,7,0.009795456076972187
12,0,6,7,0.12716179713606834
12,0,8,7,0.07097030617296696
12,0,10,7,0.4874935895204544
12,0,12,7,0.6023524403572083
12,0,14,7,0.49775122106075287
12,0,16,7,0.45498013496398926
12,0,18,7,0.2091076523065567
12,0,20,7,0.4130759835243225
12,0,22,7,0.4945729374885559
12,0,24,7,0.8177652359008789
12,0,26,7,0.015756732784211636
12,0,28,7,0.6912030875682831
12,1,30,7,0.2227385863661766
12,1,31,7,0.2442738190293312
12,1,32,7,0.8260713219642639
12,1,33,7,0.7500507533550262
12,1,34,7,0.189397931098938
12,1,35,7,0.503267228603363
12,1,36,7,0.3501131683588028
12,1,37,7,0.6255591511726379
12,1,38,7,0.8730008006095886
12,1,39,7,0.30042579770088196
12,1,40,7,0.5689121782779694
12,1,41,7,0.8422494232654572
12,1,42,7,0.9384196698665619
12,1,43,7,0.7807169854640961
12,1,44,7,0.5613059103488922
12,1,45,7,0.9680522084236145
12,1,46,7,0.9735212922096252
12,0,0,8,0.0003434494065004401
12,0,2,8,0.00032263218599837273
12,0,4,8,0.004497641930356622
12,0,6,8,0.0027416617376729846
12,0,8,8,0.012946069240570068
12,0,10,8,0.018440378364175558
12,0,12,8,0.18140030652284622
12,0,14,8,0.11189999058842659
12,0,16,8,0.06985611468553543
12,0,18,8,0.03552528657019138
12,0,20,8,0.04674124903976917
12,0,22,8,0.01922490168362856
12,0,24,8,0.0480554923415184
12,0,26,8,0.15790408104658127
12,0,28,8,0.022153561003506184
12,1,30,8,0.04654799401760101
12,1,32,8,0.5424035042524338
12,1,34,8,0.394096240401268
12,1,36,8,0.6229072213172913
12,1,38,8,0.7852756381034851
12,1,40,8,0.667602151632309
12,1,42,8,0.6808167695999146
12,1,44,8,0.9305132627487183
12,1,46,8,0.9704781770706177
12,1,48,8,0.8984439969062805
12,1,50,8,0.9051569402217865
12,1,52,8,0.9811395108699799
12,1,54,8,0.9754319489002228
12,1,56,8,0.9397868812084198
12,1,58,8,0.8516777455806732
12,1,60,8,0.9703154563903809
12,1,62,8,0.9554731845855713
12,1,64,8,0.9796864986419678
12,1,66,8,0.9786615371704102
12,1,68,8,0.9926595985889435
12,1,70,8,0.9918361008167267
12,1,72,8,0.9864428639411926
12,1,74,8,0.9890540242195129
12,1,76,8,0.9897442162036896
12,1,78,8,0.9883377552032471
12,0,0,9,0.0007956914196256548
12,0,2,9,0.00033437309321016073
12,0,4,9,0.00787572585977614
12,0,6,9,0.02017809567041695
12,0,8,9,0.03158176690340042
12,0,10,9,0.004809776088222861
12,0,12,9,0.10606079921126366
12,0,14,9,0.03899877332150936
12,0,16,9,0.11488725244998932
12,0,18,9,0.12224537879228592
12,0,20,9,0.7445346713066101
12,0,22,9,0.7217031121253967
12,0,24,9,0.6745667159557343
12,0,26,9,0.33286815881729126
12,0,28,9,0.7811558842658997
12,1,30,9,0.38810424506664276
12,1,32,9,0.9118983745574951
12,1,34,9,0.8545309007167816
12,1,36,9,0.6454745531082153
12,1,38,9,0.7720212936401367
12,1,40,9,0.9598769545555115
12,1,42,9,0.9694810509681702
12,1,43,9,0.9721675217151642
12,1,44,9,0.9679224789142609
12,1,45,9,0.950815349817276
12,1,46,9,0.8658008277416229
12,1,47,9,0.9626000225543976
12,1,48,9,0.9705314934253693
12,1,49,9,0.991772323846817
12,1,50,9,0.9908199906349182
12,1,51,9,0.9808129668235779
12,1,52,9,0.9798128604888916
12,1,53,9,0.9862336218357086
12,1,54,9,0.9593735635280609
12,1,55,9,0.9851044714450836
12,1,56,9,0.9886278212070465
12,1,57,9,0.9667789340019226
17,0,0,0,0.4108861982822418
17,0,1,0,0.090766791254282
17,0,2,0,0.01954665221273899
17,0,3,0,0.01129238959401846
17,0,4,0,0.10283776745200157
17,0,5,0,0.017712011467665434
17,0,6,0,0.17398031800985336
17,0,7,0,0.4921999126672745
17,0,8,0,0.4498250037431717
17,0,9,0,0.02211563754826784
17,0,10,0,0.48834145069122314
17,0,11,0,0.8302524089813232
17,0,12,0,0.3549959808588028
17,0,13,0,0.6031444370746613
17,0,14,0,0.8780555427074432
17,1,15,0,0.3234972506761551
17,1,16,0,0.5795671939849854
17,1,17,0,0.7403455674648285
17,1,18,0,0.9860650599002838
17,1,19,0,0.8875327706336975
17,1,20,0,0.6256608963012695
17,1,21,0,0.3711508810520172
17,1,22,0,0.9338569641113281
17,1,23,0,0.6311754882335663
17,1,24,0,0.8593075573444366
17,1,25,0,0.9459100663661957
17,1,26,0,0.7464649081230164
17,1,27,0,0.9339541494846344
17,1,28,0,0.9786466062068939
17,1,29,0,0.9797379970550537
17,1,30,0,0.9351203739643097
17,1,31,0,0.34299473464488983
17,0,0,1,0.13265560194849968
17,0,2,1,0.31037648022174835
17,0,4,1,0.024858693592250347
17,0,6,1,0.004323491360992193
17,0,8,1,0.030649672262370586
17,0,10,1,0.009115938795730472
17,0,12,1,0.007391535094939172
17,0,14,1,0.16594832763075829
17,0,16,1,0.16803774237632751
17,0,18,1,0.13816898316144943
17,0,20,1,0.39144667983055115
17,0,22,1,0.3558438718318939
17,0,24,1,0.6072035729885101
17,0,26,1,0.5382315963506699
17,0,28,1,0.5694038271903992
17,1,30,1,0.40747448801994324
17,1,32,1,0.15668049082159996
17,1,34,1,0.8362861275672913
17,1,36,1,0.5344925820827484
17,1,38,1,0.560484379529953
17,1,40,1,0.3657047599554062
17,1,42,1,0.819200873374939
17,1,44,1,0.7940953373908997
17,1,46,1,0.8470300734043121
17,1,48,1,0.8534502387046814
17,1,50,1,0.915555864572525
17,1,52,1,0.8376734554767609
17,1,54,1,0.829848974943161
17,1,56,1,0.8331170678138733
17,1,58,1,0.9837669134140015
17,1,60,1,0.9739996194839478
17,0,0,2,0.07933096587657928
17,0,2,2,0.24610330164432526
17,0,4,2,0.24112798273563385
17,0,6,2,0.16707585006952286
17,0,8,2,0.4713095724582672
17,0,10,2,0.00794037152081728
17,0,12,2,0.007399435853585601
17,0,14,2,0.002136654336936772
17,0,16,2,0.2662721872329712
17,0,18,2,0.3328336328268051
17,0,20,2,0.7120402753353119
17,0,22,2,0.2833475396037102
17,0,24,2,0.2102469727396965
17,0,26,2,0.6952423751354218
17,0,28,2,0.8701867461204529
17,1,30,2,0.5552085936069489
17,1,32,2,0.5592207908630371
17,1,34,2,0.8462229371070862
17,1,36,2,0.8156092762947083
17,1,38,2,0.49304625391960144
17,1,40,2,0.6044133007526398
17,1,42,2,0.859290212392807
17,1,44,2,0.6169659793376923
17,1,46,2,0.8239016532897949
17,1,48,2,0.8120951056480408
17,1,50,2,0.6391587257385254
17,1,52,2,0.8805956840515137
17,1,54,2,0.9614069759845734
17,1,56,2,0.9524462521076202
17,1,58,2,0.9762279391288757
17,1,60,2,0.9896044433116913
17,0,0,3,0.023419554345309734
17,0,2,3,0.17514784634113312
17,0,4,3,0.06919659860432148
17,0,6,3,0.09463236480951309
17,0,8,3,0.26200997829437256
17,0,10,3,0.22464445978403091
17,0,12,3,0.13259784504771233
17,0,14,3,0.26349396258592606
17,0,16,3,0.6253524720668793
17,0,18,3,0.6607570052146912
17,0,20,3,0.8473782241344452
17,0,22,3,0.5101593434810638
17,0,24,3,0.39112597703933716
17,0,26,3,0.4546394795179367
17,0,28,3,0.7150495052337646
17,1,30,3,0.5594507455825806
17,1,32,3,0.5579850971698761
17,1,34,3,0.7748222947120667
17,1,36,3,0.8822853565216064
17,1,38,3,0.6633157134056091
17,1,40,3,0.5813610553741455
17,1,42,3,0.8291314840316772
17,1,44,3,0.9542720019817352
17,1,46,3,0.9566973745822906
17,1,48,3,0.9844997525215149
17,1,50,3,0.5918331742286682
17,1,52,3,0.8830951154232025
17,1,54,3,0.6756194531917572
17,1,56,3,0.934684693813324
17,1,58,3,0.850504994392395
17,1,60,3,0.9457230269908905
17,1,62,3,0.8183934688568115
17,1,64,3,0.8717116117477417
17,1,66,3,0.9758497476577759
17,1,68,3,0.931900292634964
17,1,70,3,0.9819257259368896
17,1,72,3,0.9749445021152496
17,1,74,3,0.9978025853633881
17,1,75,3,0.988813042640686
17,1,76,3,0.9903168380260468
17,1,77,3,0.9623757600784302
17,1,78,3,0.8638599812984467
17,1,79,3,0.9994121789932251
17,1,80,3,0.9366393983364105
17,0,0,4,0.0011102297430625185
17,0,2,4,0.01894329604692757
17,0,4,4,0.004208558006212115
17,0,6,4,0.005897473078221083
17,0,8,4,0.033531296998262405
17,0,10,4,0.0036254165461286902
17,0,12,4,0.019104556180536747
17,0,14,4,0.024367790669202805
17,0,16,4,0.01474115252494812
17,0,18,4,0.11076012253761292
17,0,20,4,0.04965410940349102
17,0,22,4,0.2021157220005989
17,0,24,4,0.24177241325378418
17,0,26,4,0.373055636882782
17,0,28,4,0.7868673205375671
17,1,30,4,0.2095753699541092
17,1,32,4,0.5531234443187714
17,1,34,4,0.8196631073951721
17,1,36,4,0.8521663546562195
17,1,38,4,0.8503829538822174
17,1,40,4,0.9602157771587372
17,1,42,4,0.9833876192569733
17,1,44,4,0.9175040125846863
17,1,46,4,0.8955563604831696
17,1,48,4,0.8505558967590332
17,1,50,4,0.952879786491394
17,1,52,4,0.8700490593910217
17,1,54,4,0.8562984764575958
17,1,56,4,0.9136197566986084
17,1,58,4,0.9201857447624207
17,1,60,4,0.840436577796936
17,0,0,5,0.018672815058380365
17,0,2,5,0.0009894308750517666
17,0,4,5,0.0021090314839966595
17,0,6,5,0.3342389017343521
17,0,8,5,0.3624173104763031
17,0,10,5,0.2313210517168045
17,0,12,5,0.798959344625473
17,0,14,5,0.6502270698547363
17,0,16,5,0.5589014291763306
17,0,18,5,0.7884664237499237
17,0,20,5,0.29732199013233185
17,0,22,5,0.325832724571228
17,0,24,5,0.5082720518112183
17,0,26,5,0.513561874628067
17,0,28,5,0.6735803186893463
17,1,30,5,0.8685853779315948
17,1,32,5,0.5786392986774445
17,1,34,5,0.5892579555511475
17,1,36,5,0.47054022550582886
17,1,38,5,0.7395603656768799
17,1,40,5,0.626274049282074
17,1,42,5,0.9647028744220734
17,1,44,5,0.8946848213672638
17,1,46,5,0.8356199860572815
17,1,48,5,0.19242694973945618
17,1,50,5,0.8200809955596924
17,1,52,5,0.9506272375583649
17,1,54,5,0.9897401928901672
17,1,56,5,0.9933172166347504
17,1,58,5,0.9918499886989594
17,1,60,5,0.9624178111553192
17,1,62,5,0.9553761780261993
17,1,64,5,0.9806785583496094
17,1,66,5,0.9947232902050018
17,1,68,5,0.9969535768032074
17,1,70,5,0.996170699596405
17,1,72,5,0.9938675165176392
17,1,74,5,0.9994134306907654
17,1,76,5,0.9979047179222107
17,1,78,5,0.9990943670272827
17,0,0,6,0.12256864085793495
17,0,2,6,0.05901357717812061
17,0,4,6,0.0014941807312425226
17,0,6,6,0.0021094396361149848
17,0,8,6,0.17569860070943832
17,0,10,6,0.005963160190731287
17,0,12,6,0.021990069188177586
17,0,14,6,0.21101956069469452
17,0,16,6,0.6886274516582489
17,0,18,6,0.7663032114505768
17,0,20,6,0.1326015293598175
17,0,22,6,0.4772152602672577
17,0,24,6,0.549142375588417
17,0,26,6,0.4557095468044281
17,0,28,6,0.5444523990154266
17,1,30,6,0.7069787681102753
17,1,32,6,0.740829348564148
17,1,34,6,0.7944268882274628
17,1,36,6,0.4052318036556244
17,1,38,6,0.7828379273414612
17,1,40,6,0.8505091965198517
17,1,42,6,0.513509064912796
17,1,44,6,0.5575442314147949
17,1,46,6,0.33041852712631226
17,1,47,6,0.5501827597618103
17,1,48,6,0.31772586703300476
17,1,49,6,0.19049451500177383
17,1,50,6,0.7099345028400421
17,1,51,6,0.49799783527851105
17,1,52,6,0.8606747388839722
17,1,53,6,0.8601658046245575
17,1,54,6,0.5293080508708954
17,1,55,6,0.82550048828125
17,1,56,6,0.966961681842804
17,1,57,6,0.9495565295219421
17,1,58,6,0.934633880853653
17,1,59,6,0.9923396408557892
17,1,60,6,0.9480599761009216
17,1,61,6,0.9974716603755951
17,0,0,7,0.029933753423392773
17,0,2,7,0.009598596021533012
17,0,4,7,0.0012238429044373333
17,0,6,7,0.0014908920275047421
17,0,8,7,9.822634820011444e-05
17,0,10,7,0.001908868143800646
17,0,12,7,0.026037244126200676
17,0,14,7,0.6444056332111359
17,0,16,7,0.5111778825521469
17,0,18,7,0.4816301763057709
17,0,20,7,0.1726781390607357
17,0,22,7,0.12542880699038506
17,0,24,7,0.169150210916996
17,0,26,7,0.6959497034549713
17,0,28,7,0.8055419325828552
17,1,30,7,0.43429647386074066
17,1,32,7,0.7936758697032928
17,1,34,7,0.5938659310340881
17,1,36,7,0.763018786907196
17,1,38,7,0.5563717484474182
17,1,40,7,0.8620921969413757
17,1,42,7,0.6888206601142883
17,1,44,7,0.8065087795257568
17,1,46,7,0.9338663816452026
17,1,48,7,0.7964949607849121
17,1,50,7,0.947382777929306
17,1,51,7,0.8854463696479797
17,1,52,7,0.6030569076538086
17,1,53,7,0.7339978814125061
17,1,54,7,0.7055918574333191
17,0,0,8,0.004176910035312176
17,0,2,8,0.0002079206969938241
17,0,4,8,0.00015105205966392532
17,0,6,8,0.0046508024679496884
17,0,8,8,0.005974781466647983
17,0,10,8,0.005710704601369798
17,0,12,8,0.0023521053371950984
17,0,14,8,0.11931741237640381
17,0,16,8,0.34451739490032196
17,0,18,8,0.040827926248311996
17,0,20,8,0.2661101818084717
17,0,22,8,0.055898116901516914
17,0,24,8,0.04429660551249981
17,0,26,8,0.6473089158535004
17,0,28,8,0.8401484787464142
17,1,30,8,0.8371626138687134
17,1,32,8,0.8253107964992523
17,1,33,8,0.7996141016483307
17,1,34,8,0.9416244029998779
17,1,35,8,0.9725410342216492
17,1,36,8,0.04640918504446745
17,1,37,8,0.34222494065761566
17,1,38,8,0.4685278981924057
17,1,39,8,0.931494414806366
17,1,40,8,0.898462563753128
17,1,41,8,0.9205962419509888
17,1,42,8,0.9769783318042755
17,1,43,8,0.9082183241844177
17,1,44,8,0.8183289170265198
17,1,45,8,0.9111526012420654
17,0,0,9,0.00039696606108918786
17,0,2,9,0.053642142564058304
17,0,4,9,0.005872461479157209
17,0,6,9,0.008014420745894313
17,0,8,9,0.003399501438252628
17,0,10,9,0.07126378268003464
17,0,12,9,0.006200933828949928
17,0,14,9,0.8255810141563416
17,0,16,9,0.21675240993499756
17,0,18,9,0.17855704203248024
17,0,20,9,0.6820785701274872
17,0,22,9,0.2316833771765232
17,0,24,9,0.20390304923057556
17,0,26,9,0.9391823709011078
17,0,28,9,0.9026901125907898
17,1,30,9,0.6846006214618683
17,1,32,9,0.8723630905151367
17,1,34,9,0.9841499626636505
17,1,36,9,0.9902749359607697
17,1,38,9,0.9426174759864807
17,1,40,9,0.3781009316444397
17,1,42,9,0.632788747549057
17,1,44,9,0.8500092923641205
17,1,46,9,0.5028199553489685
17,1,48,9,0.09820834547281265
17,1,50,9,0.698959231376648
17,1,52,9,0.5753358900547028
17,1,54,9,0.26500286906957626
17,1,56,9,0.4628840684890747
18,0,0,0,0.31187358498573303
18,0,2,0,0.1617281697690487
18,0,4,0,0.09739907085895538
18,0,6,0,0.021131224930286407
18,0,8,0,0.13291404023766518
18,0,10,0,0.12327076494693756
18,0,12,0,0.20473206788301468
18,0,14,0,0.41972531378269196
18,0,16,0,0.7717519700527191
18,0,18,0,0.35676709562540054
18,0,20,0,0.42759765684604645
18,0,22,0,0.5212466865777969
18,0,24,0,0.7382152676582336
18,0,26,0,0.41249750554561615
18,0,28,0,0.4518156498670578
18,1,30,0,0.3610275834798813
18,1,32,0,0.7738639712333679
18,1,34,0,0.7928896546363831
18,1,36,0,0.845895379781723
18,1,38,0,0.9665619730949402
18,1,40,0,0.5886706411838531
18,1,42,0,0.5528004467487335
18,1,44,0,0.8873845636844635
18,1,46,0,0.9891757667064667
18,1,48,0,0.9582145810127258
18,1,49,0,0.4823829084634781
18,1,50,0,0.8282035887241364
18,0,0,1,0.010827023070305586
18,0,2,1,0.01647043868433684
18,0,4,1,0.004071747069247067
18,0,6,1,0.00238696247106418
18,0,8,1,0.014842733507975936
18,0,10,1,0.16771400719881058
18,0,12,1,0.12327853590250015
18,0,14,1,0.12007568031549454
18,0,16,1,0.0918647050857544
18,0,17,1,0.12766234576702118
18,0,18,1,0.16044815629720688
18,0,19,1,0.40131400525569916
18,0,20,1,0.43047863245010376
18,0,21,1,0.9344829022884369
18,0,22,1,0.6689274609088898
18,1,23,1,0.991384893655777
18,1,24,1,0.982928454875946
18,1,25,1,0.9333234131336212
18,1,26,1,0.8749309182167053
18,1,27,1,0.9077876508235931
18,1,28,1,0.9141743779182434
18,1,29,1,0.8488850891590118
18,1,30,1,0.8034628629684448
18,1,31,1,0.9436920583248138
18,1,32,1,0.9598076343536377
18,1,33,1,0.7593488991260529
18,1,34,1,0.895701676607132
18,1,35,1,0.8445613980293274
18,1,36,1,0.7009099423885345
18,1,37,1,0.963918149471283
18,0,0,2,0.07908384129405022
18,0,2,2,0.05614112690091133
18,0,4,2,0.002820134977810085
18,0,6,2,0.005337171722203493
18,0,8,2,0.011387009639292955
18,0,10,2,0.14605989307165146
18,0,12,2,0.15288328006863594
18,0,14,2,0.08650713972747326
18,0,16,2,0.5833325386047363
18,0,18,2,0.48524725437164307
18,0,20,2,0.09680633991956711
18,0,22,2,0.5693338811397552
18,0,24,2,0.8932906985282898
18,0,26,2,0.7964409589767456
18,0,28,2,0.08901895396411419
18,1,30,2,0.936648815870285
18,1,32,2,0.980806440114975
18,1,34,2,0.7804944217205048
18,1,36,2,0.6534147262573242
18,1,38,2,0.6687832474708557
18,1,40,2,0.864084929227829
18,1,42,2,0.9562166035175323
18,1,44,2,0.8474722504615784
18,1,46,2,0.9361980259418488
18,1,48,2,0.772408127784729
18,1,49,2,0.38002850115299225
18,1,50,2,0.792890727519989
18,1,51,2,0.9492436349391937
18,1,52,2,0.9869077205657959
18,1,53,2,0.7484358847141266
18,1,54,2,0.9271619021892548
18,1,55,2,0.9284265339374542
18,1,56,2,0.8655008971691132
18,0,0,3,0.1832638829946518
18,0,2,3,0.0038747707149013877
18,0,4,3,0.03756712842732668
18,0,6,3,0.1443924531340599
18,0,8,3,0.1271139197051525
18,0,10,3,0.016719988314434886
18,0,12,3,0.06541935168206692
18,0,14,3,0.4669490456581116
18,0,16,3,0.26326514035463333
18,0,18,3,0.33747662603855133
18,0,20,3,0.17037175595760345
18,0,22,3,0.12376517802476883
18,0,24,3,0.16044922918081284
18,0,25,3,0.4856756031513214
18,0,26,3,0.5512300729751587
18,1,27,3,0.9816315770149231
18,1,28,3,0.7150400280952454
18,1,29,3,0.3857349455356598
18,1,30,3,0.6522430181503296
18,1,31,3,0.8492163717746735
18,1,32,3,0.8723818063735962
18,1,33,3,0.5547982454299927
18,1,34,3,0.8900796175003052
18,1,35,3,0.9611701667308807
18,1,36,3,0.9946204423904419
18,1,37,3,0.6934092044830322
18,1,38,3,0.6598199009895325
18,1,39,3,0.7079678773880005
18,1,40,3,0.5631314218044281
18,1,41,3,0.967950850725174
18,0,0,4,0.0650571659207344
18,0,2,4,0.024083481170237064
18,0,4,4,0.0019881053594872355
18,0,6,4,0.0063055462669581175
18,0,8,4,0.0006788965547457337
18,0,10,4,0.37503938376903534
18,0,12,4,0.5073447227478027
18,0,14,4,0.11479007080197334
18,0,16,4,0.2966413050889969
18,0,18,4,0.17677203565835953
18,0,20,4,0.037918501533567905
18,0,22,4,0.03623478673398495
18,0,24,4,0.47866012156009674
18,0,26,4,0.6664730310440063
18,0,28,4,0.7825485169887543
18,1,30,4,0.6316490471363068
18,1,32,4,0.959327757358551
18,1,34,4,0.933243066072464
18,1,36,4,0.9107018411159515
18,1,37,4,0.9740164577960968
18,1,38,4,0.792348325252533
18,1,39,4,0.9274260401725769
18,1,40,4,0.9025190770626068
18,1,41,4,0.9346780478954315
18,1,42,4,0.9631456732749939
18,1,43,4,0.8681188225746155
18,1,44,4,0.9894785284996033
18,1,45,4,0.8792835175991058
18,1,46,4,0.9257098436355591
18,1,47,4,0.9802820086479187
18,1,48,4,0.8620820045471191
18,0,0,5,0.2477150671184063
18,0,2,5,0.12530897557735443
18,0,4,5,0.01116246310994029
18,0,6,5,0.07595115900039673
18,0,8,5,0.018676297273486853
18,0,9,5,0.42418818175792694
18,0,10,5,0.07129932008683681
18,0,11,5,0.043066974729299545
18,0,12,5,0.04697388783097267
18,0,13,5,0.06285882368683815
18,0,14,5,0.02771019469946623
18,0,15,5,0.3471321165561676
18,0,16,5,0.15810617059469223
18,0,17,5,0.1736474558711052
18,0,18,5,0.41385598480701447
18,1,19,5,0.7041202485561371
18,1,20,5,0.9167460203170776
18,1,21,5,0.7731317579746246
18,1,22,5,0.9038331508636475
18,1,23,5,0.864569216966629
18,1,24,5,0.7720939218997955
18,1,25,5,0.5988876223564148
18,1,26,5,0.7790503799915314
18,1,27,5,0.9178143441677094
18,1,28,5,0.9550554156303406
18,1,29,5,0.8471776843070984
18,1,30,5,0.976133793592453
18,1,31,5,0.9910632967948914
18,1,32,5,0.985910952091217
18,1,33,5,0.9841944575309753
18,1,34,5,0.9970012605190277
18,1,35,5,0.9969178438186646
18,0,0,6,0.1273304969072342
18,0,2,6,0.009748706477694213
18,0,4,6,0.014975006226450205
18,0,6,6,0.0017413190798833966
18,0,8,6,0.0025487022940069437
18,0,10,6,0.012684412766247988
18,0,12,6,0.030155024491250515
18,0,14,6,0.038173045963048935
18,0,16,6,0.04090419132262468
18,0,18,6,0.018051575869321823
18,0,20,6,0.020349607802927494
18,0,22,6,0.1711239367723465
18,0,24,6,0.20290260761976242
18,0,26,6,0.072323277592659
18,0,28,6,0.11558240279555321
18,1,30,6,0.6095162332057953
18,1,32,6,0.8589540719985962
18,1,34,6,0.1513378992676735
18,1,36,6,0.5494844019412994
18,1,38,6,0.7642224431037903
18,1,40,6,0.531694620847702
18,1,42,6,0.47518178820610046
18,1,43,6,0.9219466745853424
18,1,44,6,0.5308867394924164
18,1,45,6,0.935934990644455
18,1,46,6,0.9277200400829315
18,1,47,6,0.7868647873401642
18,1,48,6,0.8302225768566132
18,1,49,6,0.7273526787757874
18,1,50,6,0.3579105734825134
18,0,0,7,0.5410606861114502
18,0,2,7,0.024271195754408836
18,0,4,7,0.07536953687667847
18,0,6,7,0.0771610178053379
18,0,8,7,0.005421535577625036
18,0,10,7,0.32928745448589325
18,0,12,7,0.14758140966296196
18,0,14,7,0.4056323170661926
18,0,15,7,0.8312957882881165
18,0,16,7,0.1611614041030407
18,0,17,7,0.09386804699897766
18,0,18,7,0.038527753204107285
18,0,19,7,0.7685645222663879
18,0,20,7,0.6566096246242523
18,0,21,7,0.4437418803572655
18,1,22,7,0.40693896263837814
18,1,23,7,0.9683877825737
18,1,24,7,0.9883074164390564
18,1,25,7,0.8584310710430145
18,1,26,7,0.9524460136890411
18,1,27,7,0.9810369610786438
18,1,28,7,0.6462231576442719
18,1,29,7,0.2884866073727608
18,1,30,7,0.7740017771720886
18,1,31,7,0.7239597141742706
18,1,32,7,0.9083712100982666
18,1,33,7,0.9677496254444122
18,1,34,7,0.9853693544864655
18,1,35,7,0.9806208908557892
18,1,36,7,0.9804546236991882
18,0,0,8,0.06424008682370186
18,0,2,8,0.038758913055062294
18,0,4,8,0.012102981563657522
18,0,6,8,0.05044466815888882
18,0,8,8,0.06730115041136742
18,0,10,8,0.3802652508020401
18,0,12,8,0.2565445378422737
18,0,14,8,0.4560299217700958
18,0,16,8,0.4631716161966324
18,0,18,8,0.2778647541999817
18,0,20,8,0.3417101055383682
18,0,22,8,0.516709715127945
18,0,24,8,0.5846689343452454
18,0,26,8,0.5235440284013748
18,0,28,8,0.40176011621952057
18,1,30,8,0.6326183378696442
18,1,32,8,0.6488860249519348
18,1,34,8,0.13114427402615547
18,1,36,8,0.4566180258989334
18,1,38,8,0.5354267805814743
18,1,40,8,0.2729937508702278
18,1,42,8,0.9651916027069092
18,1,44,8,0.7008642554283142
18,1,46,8,0.9752011895179749
18,1,48,8,0.8433437645435333
18,1,50,8,0.42872287333011627
18,1,52,8,0.5883933901786804
18,1,54,8,0.9093476235866547
18,1,56,8,0.9613270163536072
18,1,58,8,0.9631015956401825
18,0,0,9,0.3031846210360527
18,0,2,9,0.011902105994522572
18,0,4,9,0.13756833225488663
18,0,6,9,0.03711145184934139
18,0,8,9,0.21984456479549408
18,0,10,9,0.19124890863895416
18,0,12,9,0.12401394546031952
18,0,14,9,0.43845129013061523
18,0,16,9,0.27326107770204544
18,0,18,9,0.29151570051908493
18,0,20,9,0.03108736965805292
18,0,22,9,0.17471078038215637
18,0,24,9,0.007082515861839056
18,0,26,9,0.26570986956357956
18,0,28,9,0.1852177456021309
18,1,30,9,0.4329928159713745
18,1,32,9,0.5916021764278412
18,1,34,9,0.12188420072197914
18,1,36,9,0.9640466868877411
18,1,38,9,0.7578631639480591
18,1,39,9,0.9033592343330383
18,1,40,9,0.6140414178371429
18,1,41,9,0.32503238320350647
18,1,42,9,0.6982299983501434
18,1,43,9,0.2382827326655388
18,1,44,9,0.1674911230802536
18,1,45,9,0.2975670397281647
18,1,46,9,0.18672774732112885
18,1,47,9,0.46574151515960693
18,1,48,9,0.5151860564947128
18,1,49,9,0.9208823144435883
18,1,50,9,0.9354039132595062
18,1,51,9,0.9676474332809448
18,1,52,9,0.5524289011955261
18,1,53,9,0.999686062335968
18,1,54,9,0.9999188184738159
18,1,55,9,0.9996143579483032
18,1,56,9,0.9838765561580658
19,0,0,0,0.7071635723114014
19,0,2,0,0.735931783914566
19,0,4,0,0.01744322944432497
19,0,6,0,0.06339519657194614
19,0,8,0,0.12484915181994438
19,0,10,0,0.19085656851530075
19,0,12,0,0.4259476512670517
19,0,14,0,0.7908636629581451
19,0,16,0,0.9463624656200409
19,0,18,0,0.6360791921615601
19,0,20,0,0.9366912245750427
19,0,22,0,0.941717803478241
19,0,24,0,0.35848501324653625
19,0,26,0,0.5271308720111847
19,0,28,0,0.941203236579895
19,1,30,0,0.9419827163219452
19,1,32,0,0.9980902075767517
19,1,34,0,0.5789283365011215
19,1,36,0,0.6976390480995178
19,1,38,0,0.983214408159256
19,1,40,0,0.9251518845558167
19,1,42,0,0.9745777249336243
19,1,44,0,0.9503003656864166
19,1,46,0,0.9381844103336334
19,1,48,0,0.9885762333869934
19,1,50,0,0.9874935746192932
19,1,52,0,0.9972139298915863
19,1,54,0,0.9947185814380646
19,1,56,0,0.9908797740936279
19,1,58,0,0.993897020816803
19,0,0,1,0.017918611876666546
19,0,2,1,0.0013823036570101976
19,0,4,1,0.0032124320277944207
19,0,6,1,0.0139950355514884
19,0,8,1,0.0020640514558181167
19,0,10,1,0.004787394544109702
19,0,12,1,0.0018834419315680861
19,0,14,1,0.008508719969540834
19,0,16,1,0.02141343243420124
19,0,18,1,0.023579204455018044
19,0,20,1,0.04399465024471283
19,0,22,1,0.09624813124537468
19,0,24,1,0.251206137239933
19,0,26,1,0.20580627024173737
19,0,28,1,0.4336451292037964
19,1,30,1,0.33124925196170807
19,1,32,1,0.4779074937105179
19,1,34,1,0.5360433906316757
19,1,36,1,0.38567522168159485
19,1,38,1,0.7088534533977509
19,1,40,1,0.6650691330432892
19,1,42,1,0.8788418173789978
19,1,44,1,0.905497670173645
19,1,46,1,0.9745558500289917
19,1,48,1,0.8859968483448029
19,1,49,1,0.9646466970443726
19,1,50,1,0.9793735146522522
19,1,51,1,0.9362223148345947
19,1,52,1,0.7464210987091064
19,1,53,1,0.5342656970024109
19,1,54,1,0.907770574092865
19,1,55,1,0.9467500746250153
19,1,56,1,0.7938844859600067
19,1,57,1,0.8636555373668671
19,1,58,1,0.9848639965057373
19,1,59,1,0.974626898765564
19,1,60,1,0.8622922301292419
19,1,61,1,0.9519983232021332
19,1,62,1,0.9896714091300964
19,1,63,1,0.9665558636188507
19,0,0,2,0.004910669755190611
19,0,2,2,0.08658090606331825
19,0,4,2,0.0736654344946146
19,0,6,2,0.0748881995677948
19,0,8,2,0.19235031306743622
19,0,10,2,0.060307228937745094
19,0,12,2,0.10946840606629848
19,0,14,2,0.061163557693362236
19,0,16,2,0.07252641767263412
19,0,18,2,0.010080088395625353
19,0,20,2,0.06164873577654362
19,0,22,2,0.07491766661405563
19,0,24,2,0.1993723139166832
19,0,26,2,0.1669878363609314
19,0,28,2,0.42017658054828644
19,1,30,2,0.6844293773174286
19,1,32,2,0.7312358319759369
19,1,34,2,0.6441730856895447
19,1,36,2,0.6398594975471497
19,1,38,2,0.27352024614810944
19,1,40,2,0.295409731566906
19,1,42,2,0.8386044204235077
19,1,44,2,0.7805406153202057
19,1,46,2,0.3929973691701889
19,1,48,2,0.8717652559280396
19,1,50,2,0.900477260351181
19,1,52,2,0.7540720701217651
19,1,54,2,0.8098498582839966
19,1,56,2,0.957797110080719
19,1,58,2,0.9484182596206665
19,1,60,2,0.9467423260211945
19,1,62,2,0.4906475096940994
19,1,64,2,0.7010652124881744
19,1,66,2,0.6696904599666595
19,1,68,2,0.8693224191665649
19,1,70,2,0.759563535451889
19,0,0,3,0.003681008704006672
19,0,2,3,0.012236240319907665
19,0,4,3,0.010544229065999389
19,0,6,3,0.040714217349886894
19,0,8,3,0.010432012844830751
19,0,10,3,0.0035834353184327483
19,0,12,3,0.015582040883600712
19,0,14,3,0.031187327578663826
19,0,16,3,0.029485593549907207
19,0,18,3,0.1815722957253456
19,0,20,3,0.2127615138888359
19,0,22,3,0.5180273652076721
19,0,24,3,0.6226377189159393
19,0,26,3,0.8160602748394012
19,0,28,3,0.9251137971878052
19,1,30,3,0.9209193289279938
19,1,32,3,0.9619637429714203
19,1,33,3,0.9690602123737335
19,1,34,3,0.9703004360198975
19,1,35,3,0.9708124697208405
19,1,36,3,0.9136645793914795
19,1,37,3,0.9744752049446106
19,1,38,3,0.7447479069232941
19,1,39,3,0.49059291183948517
19,1,40,3,0.971598207950592
19,1,41,3,0.872865229845047
19,1,42,3,0.7768958210945129
19,1,43,3,0.5727806836366653
19,1,44,3,0.9109373092651367
19,1,45,3,0.9826835989952087
19,1,46,3,0.9680770635604858
19,1,47,3,0.8466253876686096
19,1,48,3,0.8323593437671661
19,1,49,3,0.9611329138278961
19,1,50,3,0.9960600435733795
19,1,51,3,0.9885644018650055
19,1,52,3,0.9868026673793793
19,1,53,3,0.9234189391136169
19,1,54,3,0.9771958291530609
19,0,0,4,0.00026178654661634937
19,0,2,4,0.013743214309215546
19,0,4,4,0.0038894301978871226
19,0,6,4,0.003061208873987198
19,0,8,4,0.01054316759109497
19,0,10,4,0.024932225700467825
19,0,12,4,0.01178232068195939
19,0,14,4,0.02461001742631197
19,0,16,4,0.010765662649646401
19,0,18,4,0.01490169856697321
19,0,20,4,0.0187569297850132
19,0,22,4,0.03388955630362034
19,0,24,4,0.0551941953599453
19,0,26,4,0.07028551399707794
19,0,28,4,0.0678294450044632
19,1,30,4,0.1935284212231636
19,1,32,4,0.2038760408759117
19,1,34,4,0.20821405202150345
19,1,36,4,0.20791171491146088
19,1,38,4,0.6529383957386017
19,1,40,4,0.7840353548526764
19,1,42,4,0.8303393721580505
19,1,44,4,0.8381477892398834
19,1,46,4,0.9064480662345886
19,1,48,4,0.758493572473526
19,1,50,4,0.9163492321968079
19,1,52,4,0.8781629502773285
19,1,54,4,0.9721353054046631
19,1,56,4,0.8130969107151031
19,1,58,4,0.4230189770460129
19,1,60,4,0.4997512549161911
19,1,61,4,0.9767800569534302
19,0,0,5,0.012036399450153112
19,0,2,5,0.0280474666506052
19,0,4,5,0.01119454437866807
19,0,6,5,0.025781079195439816
19,0,8,5,0.15639270842075348
19,0,10,5,0.06676793843507767
19,0,12,5,0.05365685559809208
19,0,14,5,0.0672992467880249
19,0,16,5,0.08961059153079987
19,0,18,5,0.06660029292106628
19,0,20,5,0.058914801105856895
19,0,22,5,0.02099034423008561
19,0,24,5,0.08697988465428352
19,0,26,5,0.3499263823032379
19,0,28,5,0.1742919459939003
19,1,30,5,0.8612948954105377
19,1,32,5,0.651205986738205
19,1,34,5,0.6332380175590515
19,1,36,5,0.7973768413066864
19,1,38,5,0.6828234791755676
19,1,40,5,0.9567437469959259
19,1,42,5,0.9343807101249695
19,1,44,5,0.9052769839763641
19,0,0,6,0.023228535428643227
19,0,2,6,0.036297728307545185
19,0,4,6,0.02080785296857357
19,0,6,6,0.05848924070596695
19,0,8,6,0.03608194086700678
19,0,10,6,0.06304190680384636
19,0,12,6,0.18805506080389023
19,0,14,6,0.3202234357595444
19,0,16,6,0.34277522563934326
19,0,18,6,0.3236561417579651
19,0,20,6,0.37597328424453735
19,0,22,6,0.44483113288879395
19,0,24,6,0.7730602025985718
19,0,26,6,0.7423263490200043
19,0,28,6,0.6287201941013336
19,1,30,6,0.8473482728004456
19,1,32,6,0.9238323867321014
19,1,34,6,0.818107932806015
19,1,36,6,0.9449831247329712
19,1,38,6,0.9061055183410645
19,1,40,6,0.9436047673225403
19,1,42,6,0.820553332567215
19,1,44,6,0.8230038583278656
19,1,46,6,0.6544098854064941
19,1,48,6,0.9720384180545807
19,1,50,6,0.9862818717956543
19,1,52,6,0.9965418577194214
19,1,54,6,0.9990019500255585
19,1,56,6,0.9651817679405212
19,1,58,6,0.9687919914722443
19,1,60,6,0.9627238512039185
19,1,62,6,0.6107210665941238
19,1,64,6,0.3770989030599594
19,0,0,7,0.016312877647578716
19,0,2,7,0.098365293815732
19,0,4,7,0.042055792175233364
19,0,6,7,0.14585310965776443
19,0,8,7,0.2006326988339424
19,0,10,7,0.030200914479792118
19,0,12,7,0.04051974508911371
19,0,14,7,0.01810234971344471
19,0,16,7,0.18529099971055984
19,0,18,7,0.23247474431991577
19,0,20,7,0.30639195442199707
19,0,22,7,0.638696700334549
19,0,24,7,0.8645837903022766
19,0,26,7,0.5524322092533112
19,0,28,7,0.8157312273979187
19,1,30,7,0.9047949016094208
19,1,32,7,0.8836693167686462
19,1,34,7,0.959935873746872
19,1,35,7,0.9794449806213379
19,1,36,7,0.8001207113265991
19,1,37,7,0.8332429528236389
19,1,38,7,0.879230797290802
19,1,39,7,0.915008544921875
19,1,40,7,0.922317773103714
19,1,41,7,0.8887015283107758
19,1,42,7,0.960815966129303
19,1,43,7,0.9799475967884064
19,1,44,7,0.8894547820091248
19,1,45,7,0.8658542633056641
19,1,46,7,0.9347308278083801
19,1,47,7,0.8794135749340057
19,1,48,7,0.9239835739135742
19,1,49,7,0.9534050226211548
19,1,50,7,0.9735327661037445
19,1,51,7,0.9946066737174988
19,1,52,7,0.9877237975597382
19,1,53,7,0.7556997239589691
19,1,54,7,0.9925060272216797
19,1,55,7,0.9949204325675964
19,1,56,7,0.997075617313385
19,1,57,7,0.9389388561248779
19,1,58,7,0.8898296654224396
19,1,59,7,0.9897284507751465
19,0,0,8,0.6595110893249512
19,0,2,8,0.18875399231910706
19,0,4,8,0.059407398104667664
19,0,6,8,0.0718638189136982
19,0,8,8,0.017735338304191828
19,0,10,8,0.011226156260818243
19,0,12,8,0.012363387271761894
19,0,14,8,0.027419053949415684
19,0,16,8,0.012848941143602133
19,0,18,8,0.02009168267250061
19,0,20,8,0.044163499027490616
19,0,22,8,0.08710967749357224
19,0,24,8,0.04100737348198891
19,0,26,8,0.10882026329636574
19,0,28,8,0.2462916523218155
19,1,30,8,0.21012181043624878
19,1,32,8,0.18945079296827316
19,1,34,8,0.20053890347480774
19,1,36,8,0.28651854395866394
19,1,38,8,0.39351269602775574
19,1,40,8,0.30346275866031647
19,1,42,8,0.3232513815164566
19,1,43,8,0.7444128692150116
19,1,44,8,0.8088549077510834
19,1,45,8,0.8312132358551025
19,1,46,8,0.8369230926036835
19,1,47,8,0.9444538950920105
19,1,48,8,0.9743301570415497
19,1,49,8,0.7815036773681641
19,1,50,8,0.9638645350933075
19,0,0,9,0.36081935465335846
19,0,2,9,0.5539928376674652
19,0,4,9,0.5584556460380554
19,0,6,9,0.40586620569229126
19,0,8,9,0.1537453681230545
19,0,10,9,0.037594253197312355
19,0,12,9,0.017806443851441145
19,0,14,9,0.04645117651671171
19,0,16,9,0.14591465145349503
19,0,18,9,0.07893434353172779
19,0,20,9,0.10251133143901825
19,0,22,9,0.062465228140354156
19,0,24,9,0.5985271632671356
19,0,26,9,0.38923782110214233
19,0,28,9,0.4986659437417984
19,1,30,9,0.7697098255157471
19,1,32,9,0.8502078652381897
19,1,34,9,0.8841266334056854
19,1,36,9,0.6628836691379547
19,1,38,9,0.5395334511995316
19,1,40,9,0.747969776391983
19,1,42,9,0.6658570170402527
19,1,44,9,0.8990447223186493
19,1,46,9,0.9308129549026489
20,0,0,0,0.5937231183052063
20,0,1,0,0.6997156143188477
20,0,2,0,0.6807900071144104
20,0,3,0,0.39071202278137207
20,0,4,0,0.5503122061491013
20,0,5,0,0.6119784712791443
20,0,6,0,0.5779128670692444
20,0,7,0,0.659786194562912
20,0,8,0,0.9911625683307648
20,0,9,0,0.3065095990896225
20,0,10,0,0.8613253831863403
20,0,11,0,0.13238153606653214
20,0,12,0,0.8485262393951416
20,0,13,0,0.05632174387574196
20,0,14,0,0.7684707939624786
20,0,15,0,0.32212479412555695
20,0,16,0,0.2541731670498848
20,0,17,0,0.013199751731008291
20,0,18,0,0.5589189231395721
20,0,19,0,0.11689753457903862
20,0,20,0,0.6880598962306976
20,0,21,0,0.04552114475518465
20,0,22,0,0.809453696012497
20,0,23,0,0.10328416526317596
20,0,24,0,0.5032701641321182
20,0,25,0,0.0268003661185503
20,0,26,0,0.26977531611919403
20,0,27,0,0.09376297146081924
20,0,28,0,0.6612967848777771
20,0,29,0,0.24130088090896606
20,1,30,0,0.6414037942886353
20,1,31,0,0.1859905831515789
20,1,32,0,0.8594559133052826
20,1,33,0,0.37172073125839233
20,1,34,0,0.6588864028453827
20,1,35,0,0.5048965662717819
20,1,36,0,0.9825581014156342
20,1,37,0,0.5610459744930267
20,1,38,0,0.9183860123157501
20,1,39,0,0.9642737507820129
20,1,40,0,0.8371275365352631
20,1,41,0,0.9788278043270111
20,1,42,0,0.3550967872142792
20,1,43,0,0.9900180399417877
20,1,44,0,0.9955759644508362
20,1,45,0,0.9942929446697235
20,1,46,0,0.9624207615852356
20,1,47,0,0.9385488927364349
20,1,48,0,0.5798674821853638
20,1,49,0,0.5375024974346161
20,1,50,0,0.41841456294059753
20,1,51,0,0.8901166915893555
20,1,52,0,0.8431756794452667
20,1,53,0,0.30152785778045654
20,1,54,0,0.9226625263690948
20,1,55,0,0.6966437995433807
20,1,56,0,0.7004984319210052
20,1,57,0,0.8143009543418884
20,1,58,0,0.9520693123340607
20,1,59,0,0.8528031408786774
20,1,60,0,0.7204883396625519
20,1,61,0,0.5996118187904358
20,0,0,1,0.19267742335796356
20,0,2,1,0.3323473185300827
20,0,4,1,0.6079722344875336
20,0,6,1,0.15405841916799545
20,0,8,1,0.2946607917547226
20,0,10,1,0.1927000805735588
20,0,12,1,0.5786790549755096
20,0,14,1,0.22298873215913773
20,0,16,1,0.2296425923705101
20,0,18,1,0.4674530476331711
20,0,20,1,0.39039359986782074
20,0,22,1,0.23622097074985504
20,0,24,1,0.4276530295610428
20,0,26,1,0.4186696857213974
20,0,28,1,0.7203074991703033
20,1,30,1,0.92991703748703
20,1,32,1,0.9409906268119812
20,1,34,1,0.8861770927906036
20,0,0,2,0.08463636413216591
20,0,2,2,0.18654527515172958
20,0,4,2,0.4119824767112732
20,0,6,2,0.08232469856739044
20,0,8,2,0.33561980724334717
20,0,10,2,0.5634444355964661
20,0,12,2,0.5604044497013092
20,0,14,2,0.3966236114501953
20,0,16,2,0.7154802680015564
20,0,18,2,0.7325280606746674
20,0,20,2,0.5787433385848999
20,0,22,2,0.2471642568707466
20,0,24,2,0.17741074785590172
20,0,26,2,0.429761067032814
20,0,28,2,0.3961242288351059
20,1,30,2,0.44358137249946594
20,1,32,2,0.5965405702590942
20,1,34,2,0.43110035359859467
20,1,36,2,0.553313672542572
20,1,38,2,0.7374858856201172
20,1,40,2,0.9097554683685303
20,1,42,2,0.6065487563610077
20,1,44,2,0.8630774319171906
20,1,46,2,0.7115005254745483
20,1,48,2,0.9923995733261108
20,1,50,2,0.8525483906269073
20,1,52,2,0.6989587545394897
20,1,53,2,0.2385239601135254
20,1,54,2,0.5590538084506989
20,1,55,2,0.8912783861160278
20,1,56,2,0.9213334918022156
20,1,57,2,0.9135106205940247
20,0,0,3,0.6340943872928619
20,0,2,3,0.2602674439549446
20,0,4,3,0.2644573003053665
20,0,6,3,0.21914144605398178
20,0,8,3,0.3983987271785736
20,0,10,3,0.48248429596424103
20,0,12,3,0.25693901628255844
20,0,14,3,0.15327701717615128
20,0,16,3,0.5273152440786362
20,0,18,3,0.5859001278877258
20,0,20,3,0.553699404001236
20,0,22,3,0.24124091863632202
20,0,24,3,0.47730836272239685
20,0,26,3,0.5140403360128403
20,0,28,3,0.5953608453273773
20,1,30,3,0.32150402665138245
20,1,32,3,0.4279651492834091
20,1,34,3,0.24207909405231476
20,1,36,3,0.8711959719657898
20,1,38,3,0.8995882570743561
20,1,40,3,0.9004774391651154
20,1,42,3,0.33734749257564545
20,1,43,3,0.25193144381046295
20,1,44,3,0.6403309404850006
20,1,45,3,0.9290773272514343
20,1,46,3,0.949929803609848
20,1,47,3,0.8998870551586151
20,1,48,3,0.4934617429971695
20,1,49,3,0.5321559011936188
20,1,50,3,0.6419267952442169
20,1,51,3,0.8605133593082428
20,1,52,3,0.9915792047977448
20,1,53,3,0.9808508157730103
20,0,0,4,0.03259718976914883
20,0,2,4,0.09110195934772491
20,0,4,4,0.05615839175879955
20,0,6,4,0.04577763006091118
20,0,8,4,0.09674479812383652
20,0,10,4,0.6031912267208099
20,0,12,4,0.8815892934799194
20,0,14,4,0.2712920233607292
20,0,16,4,0.27936308085918427
20,0,18,4,0.2365804687142372
20,0,20,4,0.025107274763286114
20,0,22,4,0.0736781507730484
20,0,24,4,0.08473214879631996
20,0,26,4,0.08289013057947159
20,0,28,4,0.11090894415974617
20,1,30,4,0.5942230820655823
20,1,32,4,0.44022122025489807
20,1,34,4,0.1852806657552719
20,0,0,5,0.013772598002105951
20,0,2,5,0.165570467710495
20,0,4,5,0.06281707622110844
20,0,6,5,0.009494266472756863
20,0,8,5,0.07152199558913708
20,0,10,5,0.21261736005544662
20,0,12,5,0.07749634049832821
20,0,14,5,0.7227819859981537
20,0,16,5,0.38275520503520966
20,0,18,5,0.23634660243988037
20,0,20,5,0.11281171068549156
20,0,22,5,0.12422314286231995
20,0,24,5,0.1019105464220047
20,0,26,5,0.11194009706377983
20,0,28,5,0.3942092955112457
20,1,30,5,0.5547943711280823
20,1,32,5,0.5669336020946503
20,1,34,5,0.21090228855609894
20,1,36,5,0.8344135284423828
20,1,37,5,0.5407193452119827
20,1,38,5,0.8970830142498016
20,1,39,5,0.9437111914157867
20,1,40,5,0.934511125087738
20,1,41,5,0.3613940626382828
20,1,42,5,0.3437410593032837
20,1,43,5,0.5525981187820435
20,1,44,5,0.5155366659164429
20,1,45,5,0.607098400592804
20,1,46,5,0.7653704285621643
20,1,47,5,0.993501216173172
20,0,0,6,0.034577690064907074
20,0,2,6,0.10944116860628128
20,0,4,6,0.06286847218871117
20,0,6,6,0.23145171999931335
20,0,8,6,0.15258300304412842
20,0,10,6,0.09610946103930473
20,0,12,6,0.4996372312307358
20,0,14,6,0.018673493526875973
20,0,16,6,0.04134075529873371
20,0,18,6,0.19047019630670547
20,0,20,6,0.54865363240242
20,0,22,6,0.17850204557180405
20,0,24,6,0.11969545483589172
20,0,26,6,0.30835920572280884
20,0,28,6,0.7174822688102722
20,1,30,6,0.29531826823949814
20,1,32,6,0.36568692326545715
20,1,34,6,0.30016717314720154
20,1,36,6,0.565500944852829
20,1,38,6,0.33579589426517487
20,1,40,6,0.3223574012517929
20,1,42,6,0.5093784928321838
20,1,44,6,0.19458162039518356
20,1,46,6,0.30116787552833557
20,1,48,6,0.33342935144901276
20,1,50,6,0.5983862578868866
20,1,52,6,0.6014289259910583
20,1,54,6,0.4906599819660187
20,1,56,6,0.19916047155857086
20,1,58,6,0.36245617270469666
20,1,60,6,0.5797772407531738
20,1,62,6,0.7685846388339996
20,1,64,6,0.6617136597633362
20,1,65,6,0.9074362218379974
20,1,66,6,0.9465747773647308
20,1,67,6,0.9778413772583008
20,1,68,6,0.959906667470932
20,1,69,6,0.7842586934566498
20,1,70,6,0.9901667833328247
20,0,0,7,0.3277389854192734
20,0,2,7,0.2566768079996109
20,0,4,7,0.045486253686249256
20,0,6,7,0.0020333813736215234
20,0,8,7,0.03827675338834524
20,0,10,7,0.21380691975355148
20,0,12,7,0.12641536444425583
20,0,14,7,0.031529903411865234
20,0,16,7,0.09306887537240982
20,0,18,7,0.30899859964847565
20,0,20,7,0.0814824253320694
20,0,22,7,0.20537879317998886
20,0,24,7,0.10491396859288216
20,0,26,7,0.18988337367773056
20,0,28,7,0.09823773428797722
20,1,30,7,0.7050009369850159
20,1,32,7,0.32385456562042236
20,1,34,7,0.7353115975856781
20,1,35,7,0.5939789414405823
20,1,36,7,0.3375460058450699
20,1,37,7,0.5625661611557007
20,1,38,7,0.2927740067243576
20,1,39,7,0.22601023316383362
20,1,40,7,0.5695111751556396
20,1,41,7,0.511461079120636
20,1,42,7,0.5039599537849426
20,1,43,7,0.3698442727327347
20,1,44,7,0.5605021417140961
20,1,45,7,0.6702331304550171
20,1,46,7,0.8741523623466492
20,1,47,7,0.9154959321022034
20,0,0,8,0.002213338448200375
20,0,2,8,0.0033330083824694157
20,0,4,8,0.022832871414721012
20,0,6,8,0.0700589818879962
20,0,8,8,0.09707389771938324
20,0,10,8,0.0804457776248455
20,0,12,8,0.13469087705016136
20,0,14,8,0.0661902129650116
20,0,16,8,0.3006531447172165
20,0,18,8,0.1836242377758026
20,0,20,8,0.14909404143691063
20,0,22,8,0.06829237192869186
20,0,24,8,0.220602385699749
20,0,26,8,0.1619594395160675
20,0,28,8,0.2311979979276657
20,1,30,8,0.7689363658428192
20,1,32,8,0.7826738059520721
20,1,34,8,0.46182945370674133
20,1,36,8,0.8594473004341125
20,1,38,8,0.9996979534626007
20,1,40,8,0.9546288251876831
20,1,42,8,0.9623280763626099
20,0,0,9,0.009528975933790207
20,0,2,9,0.02987611200660467
20,0,4,9,0.00450279819779098
20,0,6,9,0.03512518387287855
20,0,8,9,0.34457921981811523
20,0,10,9,0.10028191283345222
20,0,12,9,0.037879910320043564
20,0,14,9,0.014191112015396357
20,0,16,9,0.014524666592478752
20,0,18,9,0.06082763522863388
20,0,20,9,0.06431934610009193
20,0,22,9,0.1366962343454361
20,0,24,9,0.3507750928401947
20,0,26,9,0.6203007698059082
20,0,28,9,0.9520932734012604
20,1,30,9,0.46775609254837036
20,1,32,9,0.7595938444137573
20,1,34,9,0.8464992046356201
20,1,36,9,0.9200388491153717
20,1,38,9,0.6517265439033508
20,1,40,9,0.22464334219694138
20,1,42,9,0.0573979988694191
20,1,44,9,0.8422536551952362
20,1,46,9,0.6132918894290924
20,1,48,9,0.3166663944721222
20,1,50,9,0.1799553483724594
20,1,52,9,0.9080142676830292
