subject,difficulty,condition,size,arousal,t_s
0,0,2,large,0.002918328827405933,2.984375
0,0,2,large,5.394789056273616,4.99609375
0,0,2,large,9.190866640281147,7.0234375
0,0,2,large,5.0728982509226395,9.03515625
0,0,2,large,13.980712007605511,11.03515625
0,0,2,large,10.583840994600642,13.05078125
0,0,2,large,9.149258344659067,15.05078125
0,0,2,large,4.897744401960078,17.05078125
0,0,2,large,18.94585890935152,19.07421875
0,0,2,large,8.600902417894552,21.11328125
0,0,2,large,7.324371364941573,23.11328125
0,0,2,large,59.923027223203405,25.140625
0,0,2,large,66.03828160977314,27.15234375
0,0,2,large,57.4243363221767,29.15234375
0,0,2,medium,64.26574569980073,31.1796875
0,0,2,medium,75.45434961750175,33.1796875
0,0,2,medium,65.93692184168596,35.20703125
0,0,2,medium,37.69668858871619,37.20703125
0,0,2,medium,44.76077868444261,39.2265625
0,0,2,medium,84.74803843060536,41.234375
0,0,2,medium,41.75901581797004,43.24609375
0,0,2,medium,30.1719692107998,45.24609375
0,0,2,medium,85.50488987351656,47.26171875
0,0,2,medium,79.97232829430365,49.328125
0,0,2,medium,24.867889403821316,51.33984375
0,0,2,medium,35.18456207805333,53.3515625
0,0,2,medium,89.14135602588601,55.37890625
0,0,2,medium,59.90117736357287,57.390625
0,0,2,medium,19.879984018463254,59.40625
0,0,2,small,17.062905696999188,61.43359375
0,0,2,small,74.62474551891259,63.4609375
0,1,2,large,0.0,2.9921875
0,1,2,large,0.500587410982109,4.9921875
0,1,2,large,1.9113470915420923,6.9921875
0,1,2,large,0.7823056906611312,9.00390625
0,1,2,large,0.2307627961940752,11.00390625
0,1,2,large,0.5186060932262375,13.00390625
0,1,2,large,0.7399713669408619,15.00390625
0,1,2,large,0.23476884582017263,17.00390625
0,1,2,large,0.8580985207632386,19.00390625
0,1,2,large,22.681073399479907,21.01953125
0,1,2,large,50.6211044707723,23.03125
0,1,2,large,19.471878688674877,25.04296875
0,1,2,large,8.41409636287198,27.0390625
0,1,2,large,31.91988053410709,29.0546875
0,1,2,medium,10.921627090784426,31.05859375
0,1,2,medium,31.005068383743506,33.0546875
0,1,2,medium,44.26257853570385,35.06640625
0,1,2,medium,44.749524488222505,37.75
0,0,1,large,0.0,2.984375
0,0,1,large,4.9901370063717625,4.984375
0,0,1,large,3.591185038348484,6.99609375
0,0,1,large,1.7156718106451365,9.01171875
0,0,1,large,9.07010585019381,11.01171875
0,0,1,large,39.5720103897889,13.0234375
0,0,1,large,13.75350082463653,15.01953125
0,0,1,large,3.6160168851120336,17.0234375
0,0,1,large,2.7051016230344143,19.0234375
0,0,1,large,2.0165174775770116,21.05078125
0,0,1,large,4.533441619677736,23.0625
0,0,1,large,30.39874978401186,25.08984375
0,0,1,large,60.10328128295089,27.08984375
0,0,1,large,53.448431391376076,29.1015625
0,0,1,medium,45.59120466262437,31.12890625
0,0,1,medium,90.6858357861027,33.12890625
0,0,1,medium,93.74165315661415,35.140625
0,0,1,medium,71.77473224114192,37.15625
0,0,1,medium,62.94960089016729,39.16796875
0,0,1,medium,86.44755643345141,41.16796875
0,0,1,medium,47.308572666562306,43.18359375
0,0,1,medium,29.897818906483877,45.1796875
0,0,1,medium,76.34588395862988,47.18359375
0,0,1,medium,95.9812176874483,49.24609375
0,0,1,medium,92.64308426370378,51.2578125
0,0,1,medium,69.62636595283985,53.28515625
0,0,1,medium,70.09001405818465,55.30078125
0,0,1,medium,89.41620362207777,57.30078125
0,0,1,medium,90.38961191467077,59.3125
0,0,1,small,93.54862360377,61.328125
0,0,1,small,99.12106279778519,63.33984375
0,0,1,small,92.45542743232686,65.3515625
0,0,1,small,40.62567979348884,67.3671875
0,0,1,small,80.70613252410217,69.37890625
0,0,1,small,80.2916597888254,71.37890625
0,0,1,small,29.625765458692975,73.37890625
0,0,1,small,53.129501043338365,75.390625
0,0,1,small,91.32071820027257,77.41796875
0,1,3,large,0.0,2.9921875
0,1,3,large,0.0057780998974726215,4.9921875
0,1,3,large,0.39378963885601687,6.9921875
0,1,3,large,0.13936087178183665,8.9921875
0,1,3,large,0.048510890459759995,10.9921875
0,1,3,large,0.01278733189263824,12.9921875
0,1,3,large,0.003379619987272959,14.98828125
0,1,3,large,0.0014813056726570859,16.9921875
0,1,3,large,2.214161338552278,19.00390625
0,1,3,large,1.320306332060898,21.00390625
0,1,3,large,0.7582437686505289,23.00390625
0,1,3,large,0.9299600692701371,25.00390625
0,1,3,large,1.9591525309924513,27.0
0,1,3,large,0.5635506343409152,29.0
0,1,3,medium,0.1573853738026187,31.00390625
0,1,3,medium,3.514695910487271,33.015625
0,1,3,medium,2.4192852821801507,35.015625
0,1,3,medium,18.63658247379401,37.015625
0,1,3,medium,15.344653893850076,39.0234375
0,1,3,medium,6.352062356833373,41.015625
0,1,3,medium,15.810532179023337,43.02734375
0,1,3,medium,19.702265746111333,45.02734375
0,1,3,medium,15.780811345629477,47.02734375
0,1,3,medium,16.56571179616153,49.0390625
0,1,3,medium,27.30020287484875,51.0390625
0,1,3,medium,15.989891139902193,53.0390625
0,1,3,medium,4.319604738383764,55.0390625
0,1,3,medium,1.1455659192059477,57.0390625
0,1,3,medium,5.8822307473155275,59.0390625
0,1,3,small,22.643763156075156,61.0390625
0,0,3,large,0.19861872016312357,2.9921875
0,0,3,large,4.437303520020624,4.9921875
0,0,3,large,2.543703492266576,6.9921875
0,0,3,large,3.78308712843038,8.9921875
0,0,3,large,5.1169681053332905,10.9921875
0,0,3,large,7.52266587658219,13.0078125
0,0,3,large,33.02654601172702,15.00390625
0,0,3,large,14.237084004074065,17.00390625
0,0,3,large,7.880284694976325,19.015625
0,0,3,large,10.471657764573571,21.03125
0,0,3,large,8.775773643217192,23.03125
0,0,3,large,22.382816362427747,25.04296875
0,0,3,large,31.967618434252106,27.0625
0,0,3,large,15.833941339910005,29.0546875
0,0,3,medium,27.0242299358343,31.0703125
0,0,3,medium,51.8856296654721,33.0703125
0,0,3,medium,57.76350064507747,35.08203125
0,0,3,medium,40.66330623962271,37.08203125
0,0,3,medium,21.01403167648886,39.08203125
0,0,3,medium,16.77778538966993,41.08203125
0,0,3,medium,15.184928275655,43.09375
0,0,3,medium,64.08955895445595,45.09375
0,0,3,medium,58.82452079450567,47.09375
0,0,3,medium,78.19783911767492,49.125
0,0,3,medium,51.51463411185199,51.14453125
0,0,3,medium,24.618687417028262,53.14453125
0,0,3,medium,43.29384231517511,55.15625
0,0,3,medium,90.55885494559806,57.16015625
0,0,3,medium,90.35212677263756,59.171875
0,0,3,small,94.4633357664371,61.19921875
0,0,3,small,99.47665038226145,63.22265625
0,0,3,small,99.87227432575277,65.23828125
0,0,3,small,99.31076969341746,67.29296875
0,1,1,large,0.0,2.9921875
0,1,1,large,0.07754443240986254,4.9921875
0,1,1,large,0.07840996986745954,6.9921875
0,1,1,large,0.020506862056815,9.00390625
0,1,1,large,0.13929579748962284,11.00390625
0,1,1,large,0.06435927927930787,13.00390625
0,1,1,large,0.01696492182921634,15.00390625
0,1,1,large,0.004471904842538445,17.00390625
0,1,1,large,0.025519567427964567,19.00390625
0,1,1,large,0.6103364716048647,21.01953125
0,1,1,large,0.9660802128591071,23.01953125
0,1,1,large,0.6476658820417689,25.03125
0,1,1,large,0.17072287296140798,27.03125
0,1,1,large,0.04500206072352192,29.03125
0,1,1,medium,0.01186241441603052,31.03125
0,1,1,medium,0.003126898491208383,33.03125
0,1,1,medium,0.0008242414934609132,35.03125
0,1,1,medium,0.12892839553671903,37.046875
0,1,1,medium,0.04112639874578279,39.05078125
0,1,1,medium,0.010898000019339178,41.04296875
0,1,1,medium,0.002872681616282939,43.04296875
0,1,1,medium,0.06428010291458797,45.05859375
0,1,1,medium,0.16481544977546728,47.05859375
0,1,1,medium,0.04344488087806943,49.05859375
0,1,1,medium,0.2773961402949998,51.05859375
0,1,1,medium,0.10072010330904022,53.0703125
0,1,1,medium,0.02654953098298332,55.0703125
0,1,1,medium,0.0069983803854292165,57.0703125
0,1,1,medium,0.001844753041044376,59.0703125
0,0,2,large,2.961835497944485,2.984375
0,0,2,large,19.450517849535352,4.99609375
0,0,2,large,17.261211977084336,7.0078125
0,0,2,large,5.883535152356475,9.0234375
0,0,2,large,14.695980592263698,11.03515625
0,0,2,large,23.57255431373959,13.046875
0,0,2,large,9.794021744968212,15.046875
0,0,2,large,2.581973817544319,17.046875
0,0,2,large,0.6734377361169372,19.0625
0,0,2,large,0.1747995593370253,21.0859375
0,0,2,large,0.04607666358512999,23.0859375
0,0,2,large,1.2343927074784469,25.125
0,0,2,large,4.800082047468274,27.125
0,0,2,large,5.416522113638871,29.125
0,0,2,medium,3.804809977107746,31.16796875
0,0,2,medium,24.96306333022855,33.1640625
0,0,2,medium,16.2995957611612,35.1796875
0,0,2,medium,5.408182399956416,37.1796875
0,0,2,medium,3.836622512703122,39.1953125
0,0,2,medium,5.682287498923735,41.1953125
0,0,2,medium,1.6090005961453862,43.20703125
0,0,2,medium,0.7160206222481342,45.203125
0,0,2,medium,0.35820949897211324,47.20703125
0,0,2,medium,0.2462315917006065,49.24609375
0,0,2,medium,0.09574694850276985,51.2578125
0,0,2,medium,1.0036091394708182,53.2734375
0,0,2,medium,20.511486736220817,55.2734375
0,0,2,medium,16.123648423608508,57.2734375
0,0,2,medium,7.542159111458439,59.28515625
0,0,2,small,18.898524557562386,61.296875
0,0,2,small,46.45760644959238,63.3125
0,0,2,small,29.478574852872246,65.32421875
0,0,2,small,28.826810535230663,67.33984375
0,0,2,small,38.86728866077345,69.33984375
0,0,2,small,34.51839057517318,71.33984375
0,1,3,large,0.020126652526107774,2.9921875
0,1,3,large,10.836207399209698,4.9921875
0,1,3,large,8.16066900121109,6.9921875
0,1,3,large,7.524023737313755,8.9921875
0,1,3,large,11.636103393356674,10.9921875
0,1,3,large,5.9022357255334,12.9921875
0,1,3,large,1.7058877808576347,15.00390625
0,1,3,large,0.7003122188727158,17.00390625
0,1,3,large,0.720427190319489,19.00390625
0,1,3,large,0.3024767897517754,21.01953125
0,1,3,large,33.39119631102524,23.01953125
0,1,3,large,20.010630063177715,25.01953125
0,1,3,large,5.507060296561063,27.01953125
0,1,3,large,1.4899951498366297,29.02734375
0,1,3,medium,0.3958184712670222,31.015625
0,1,3,medium,0.10353000531588416,33.02734375
0,1,3,medium,0.02729021311037302,35.02734375
0,1,3,medium,0.007193622074462613,37.02734375
0,1,3,medium,0.0018962181915144608,39.02734375
0,1,3,medium,0.0004998376885261904,41.02734375
0,1,3,medium,0.00013175578421788372,43.02734375
0,1,3,medium,0.01872202198198085,45.04296875
0,1,3,medium,0.144623123111756,47.04296875
0,1,3,medium,0.08377781187440864,49.04296875
0,1,3,medium,0.486648317573644,51.0546875
0,1,3,medium,1.0362977637298874,53.0546875
0,1,3,medium,0.2731651247549257,55.0546875
0,1,3,medium,0.07200554511842383,57.0546875
0,1,3,medium,0.018980455621679347,59.0546875
0,1,3,small,0.006520480937884772,61.0546875
0,0,1,large,0.0,2.9921875
0,0,1,large,0.0,4.98046875
0,0,1,large,0.0,6.9921875
0,0,1,large,0.7902649617486214,8.9921875
0,0,1,large,2.159494808520098,10.9921875
0,0,1,large,39.12872796344879,12.9921875
0,0,1,large,15.070087298402568,14.9921875
0,0,1,large,5.650163224146413,16.9921875
0,0,1,large,19.712027900847843,19.00390625
0,0,1,large,11.989939681683381,21.03125
0,0,1,large,8.24072790355589,23.03125
0,0,1,large,5.34246086458559,25.05859375
0,0,1,large,8.02425875120175,27.05859375
0,0,1,large,22.745534356311765,29.05859375
0,0,1,medium,16.880009298196423,31.0859375
0,0,1,medium,61.36446986750113,33.08203125
0,0,1,medium,70.7563935541074,35.09765625
0,0,1,medium,23.36639964814991,37.09765625
0,0,1,medium,8.005024083804514,39.109375
0,0,1,medium,9.843786647010237,41.109375
0,0,1,medium,6.8232288004203285,43.109375
0,0,1,medium,8.39681041736592,45.12109375
0,0,1,medium,13.112062323095353,47.12109375
0,0,1,medium,22.74056299116127,49.1484375
0,0,1,medium,8.646783403778278,51.17578125
0,0,1,medium,5.456792033681173,53.19921875
0,0,1,medium,6.413162721927589,55.19921875
0,0,1,medium,9.018138137395724,57.20703125
0,0,1,medium,8.560175068556966,59.21484375
0,0,1,small,13.694468594237918,61.2265625
0,0,1,small,72.28197275664476,63.2421875
0,0,1,small,59.218103579319965,65.2578125
0,0,1,small,19.481337021224675,67.26953125
0,0,1,small,45.91551435352527,69.26953125
0,1,2,large,0.2603288851739034,2.99609375
0,1,2,large,10.787892012738162,4.9921875
0,1,2,large,6.104512277998387,6.99609375
0,1,2,large,2.0900772396191263,8.9921875
0,1,2,large,2.8019313789161835,10.9921875
0,1,2,large,10.839401292932436,12.9921875
0,1,2,large,4.995834810250867,14.9921875
0,1,2,large,2.2504003071179115,17.0078125
0,1,2,large,3.787561060559481,19.0078125
0,1,2,large,1.4083541092035532,21.0078125
0,1,2,large,2.3818233215115794,23.0078125
0,1,2,large,3.0570368465898197,25.0078125
0,1,2,large,2.314300940762988,27.0078125
0,1,2,large,3.5079434096112374,29.0078125
0,1,2,medium,2.096397312062421,31.01953125
0,1,2,medium,17.9066900497642,33.03125
0,1,2,medium,32.832208906802755,35.03125
0,1,2,medium,30.56964191546212,37.03125
0,1,2,medium,22.43489503884387,39.03125
0,1,2,medium,11.316825071229125,41.04296875
0,1,2,medium,3.0111809784524914,43.04296875
0,1,2,medium,0.8028428407969241,45.04296875
0,1,2,medium,0.2118260439554293,47.04296875
0,1,2,medium,0.845523625058689,49.05859375
0,1,2,medium,2.903921735311756,51.05859375
0,1,2,medium,7.229618711033469,53.0703125
0,0,1,large,5.096413775804036,2.9921875
0,0,1,large,16.260087731335,4.98828125
0,0,1,large,13.197132583432932,7.0
0,0,1,large,8.749079122487302,9.00390625
0,0,1,large,3.909136996996696,11.0
0,0,1,large,11.353422222444747,13.00390625
0,0,1,large,7.805771339622439,15.015625
0,0,1,large,2.374144179854783,17.015625
0,0,1,large,1.4666150154150488,19.015625
0,0,1,large,11.299486110877357,21.0703125
0,0,1,large,14.958489258121725,23.0703125
0,0,1,large,67.75730583688583,25.12109375
0,0,1,large,84.6820021732839,27.13671875
0,0,1,large,62.726554775641816,29.13671875
0,0,1,medium,27.669921988051964,31.1484375
0,0,1,medium,72.80541605378866,33.16015625
0,0,1,medium,49.463017065298104,35.17578125
0,0,1,medium,14.745349936249653,37.17578125
0,0,1,medium,7.844534547576098,39.1875
0,0,1,medium,4.705732188267424,41.1875
0,0,1,medium,9.87433687792243,43.1875
0,0,1,medium,17.844375801399913,45.1875
0,0,1,medium,9.201187497205382,47.19921875
0,0,1,medium,55.546864021845536,49.2265625
0,0,1,medium,36.91122605158921,51.23828125
0,0,1,medium,14.856461490706135,53.23828125
0,0,1,medium,9.39217014033169,55.25390625
0,0,1,medium,3.0461034801403417,57.25390625
0,0,1,medium,1.3125514049342968,59.265625
0,0,1,small,2.7171226766277816,61.29296875
0,0,1,small,10.434947047145844,63.3046875
0,0,1,small,4.782219308632881,65.34375
0,0,1,small,8.6864586199065,67.36328125
0,0,1,small,6.562007242737593,69.359375
0,0,1,small,2.2737060856680866,71.37109375
0,0,1,small,2.756524333379726,73.37109375
0,0,1,small,1.400306544243478,75.37109375
0,0,1,small,12.351623562667726,77.3984375
0,0,1,small,17.59197671966793,79.44921875
0,0,1,small,7.082561886988282,81.44921875
0,0,1,small,20.517342227950827,83.4765625
0,0,1,small,9.373885717062628,85.484375
0,1,3,large,0.030828164108053262,2.9921875
0,1,3,large,1.718267095556608,4.9921875
0,1,3,large,0.634920186593198,6.9921875
0,1,3,large,0.16605312698835,9.00390625
0,1,3,large,0.043659198330994645,11.0078125
0,1,3,large,0.011508439732477095,13.0078125
0,1,3,large,0.0030413691102637334,15.00390625
0,1,3,large,0.0008016961934190932,17.00390625
0,1,3,large,0.0002091632385806072,19.01953125
0,1,3,large,5.5134831088864995e-05,21.01953125
0,1,3,large,1.9519315629030483,23.01953125
0,1,3,large,1.0979965720733518,25.03125
0,1,3,large,0.2894287540594137,27.03125
0,1,3,large,0.07629259125846191,29.03125
0,1,3,medium,0.02011050871516346,31.03125
0,1,3,medium,0.005301072543368465,33.03125
0,1,3,medium,0.001386432352751436,35.04296875
0,1,3,medium,0.00036545960037633204,37.04296875
0,1,3,medium,9.557567908491622e-05,39.0546875
0,1,3,medium,2.519347548025102e-05,41.0546875
0,1,3,medium,6.640928035782899e-06,43.0546875
0,1,3,medium,1.750529624664866e-06,45.0546875
0,1,3,medium,4.566520333395468e-07,47.0703125
0,1,3,medium,1.191377585901228e-07,49.0859375
0,1,3,medium,1.1585781731404832,51.0859375
0,1,3,medium,1.5340367468868514,53.08203125
0,1,3,medium,0.4092191787480238,55.08203125
0,1,3,medium,0.10675423929498637,57.09765625
0,1,3,medium,0.6924777220396235,59.09765625
0,0,3,large,0.0,2.984375
0,0,3,large,0.0,4.984375
0,0,3,large,0.0,6.984375
0,0,3,large,0.0,8.984375
0,0,3,large,0.03372987471020502,10.99609375
0,0,3,large,6.401802845811896,12.99609375
0,0,3,large,5.70263631947846,14.99609375
0,0,3,large,2.067871267241025,16.99609375
0,0,3,large,0.5665026133927867,19.0078125
0,0,3,large,0.17800167938217282,21.03515625
0,0,3,large,0.13438444520949594,23.03515625
0,0,3,large,0.6230585168337847,25.046875
0,0,3,large,3.5568182466433735,27.0625
0,0,3,large,1.1012858089000286,29.0625
0,0,3,medium,23.087082534087422,31.0859375
0,0,3,medium,51.765744103025675,33.0859375
0,0,3,medium,37.66301045724931,35.0859375
0,0,3,medium,17.546661473530804,37.0859375
0,0,3,medium,8.418983726430065,39.11328125
0,0,3,medium,27.239472655004235,41.11328125
0,0,3,medium,19.506147730399682,43.125
0,0,3,medium,5.6144047837284905,45.125
0,0,3,medium,1.4688048692275806,47.140625
0,0,3,medium,1.192254980176038,49.1640625
0,0,3,medium,0.350394735048199,51.1796875
0,0,3,medium,0.09164008746864304,53.19140625
0,0,3,medium,0.023970750472595705,55.203125
0,0,3,medium,0.0063023384481896635,57.20703125
0,0,3,medium,0.08387495219960796,59.21875
0,0,3,small,0.6022471931856367,61.23046875
0,0,3,small,12.830062513509125,63.24609375
0,0,3,small,6.74398490006614,65.2578125
0,0,3,small,11.506411013728851,67.28515625
0,0,3,small,18.79735013754471,69.296875
0,0,3,small,12.439408934121111,71.30859375
0,0,3,small,3.3026999083616806,73.30859375
0,0,3,small,3.613774876246882,75.32421875
0,0,3,small,7.954312267029474,77.36328125
0,0,3,small,2.268739040325535,79.40625
0,0,3,small,5.221350284771047,81.41796875
0,0,3,small,2.7049671155016806,83.4296875
0,0,3,small,25.77602773379872,85.4453125
0,1,3,large,0.007558332049100079,2.9921875
0,1,3,large,15.545922883164792,4.9921875
0,1,3,large,11.208610444399412,6.99609375
0,1,3,large,3.668883829656358,8.9921875
0,1,3,large,1.2334542449762083,10.98828125
0,1,3,large,0.32513500897242265,12.98828125
0,1,3,large,0.08570465786636168,14.98828125
0,1,3,large,0.022591502536760434,16.98828125
0,1,3,large,0.08115029197539501,19.00390625
0,1,3,large,0.08891077357013591,21.01171875
0,1,3,large,6.361402699890122,23.0
0,1,3,large,6.348427630568281,25.00390625
0,1,3,large,1.9483655181138504,27.015625
0,1,3,large,1.2323159926443372,29.015625
0,1,3,medium,8.225245321487332,31.015625
0,1,3,medium,4.056707515697822,33.015625
0,1,3,medium,1.0707884803257364,35.02734375
0,1,3,medium,7.018975885835992,37.02734375
0,1,3,medium,6.291817206909903,39.02734375
0,1,3,medium,4.3667335555671585,41.02734375
0,1,3,medium,15.455308601072817,43.04296875
0,1,3,medium,11.762437728675135,45.04296875
0,1,3,medium,9.675529686347907,47.0390625
0,1,3,medium,6.736492074597031,49.0625
0,1,3,medium,4.126576398962673,51.0546875
0,1,3,medium,7.535274852138798,53.0546875
0,1,3,medium,14.69297858559176,55.06640625
0,1,3,medium,13.252371063554474,57.06640625
0,1,3,medium,7.775368765657401,59.08203125
0,1,3,small,9.213819510151374,61.08203125
0,0,2,large,0.0009451427189935366,2.98828125
0,0,2,large,0.26538407589017154,4.98828125
0,0,2,large,3.3182838496570186,6.98828125
0,0,2,large,3.0647294162766396,8.98828125
0,0,2,large,0.8731226985314882,10.98828125
0,0,2,large,3.901630292620492,12.98828125
0,0,2,large,1.978749731733008,14.98828125
0,0,2,large,2.802476423034367,17.00390625
0,0,2,large,6.053441357156872,19.00390625
0,0,2,large,40.86475881854052,21.04296875
0,0,2,large,17.407991759202744,23.05078125
0,0,2,large,10.351610954127437,25.0703125
0,0,2,large,10.335580284167493,27.06640625
0,0,2,large,4.860590382854914,29.0703125
0,0,2,medium,23.53984094736228,31.09375
0,0,2,medium,27.50183765569338,33.109375
0,0,2,medium,22.107498990959606,35.12109375
0,0,2,medium,6.943480592424624,37.12109375
0,0,2,medium,1.8378349724201464,39.1328125
0,0,2,medium,1.1570275942081962,41.1328125
0,0,2,medium,1.254472274220218,43.1328125
0,0,2,medium,1.1751126903444435,45.1328125
0,0,2,medium,3.9275095389909707,47.14453125
0,0,2,medium,5.934494596898723,49.171875
0,0,2,medium,2.203085118354525,51.1953125
0,0,2,medium,0.5792617805494074,53.19921875
0,0,2,medium,0.2967046232433549,55.21875
0,0,2,medium,0.21841915471172926,57.2109375
0,0,2,medium,3.2485124448503035,59.23828125
0,0,2,small,4.05240645104053,61.25
0,0,2,small,23.37394969122042,63.265625
0,0,2,small,19.01567037368715,65.27734375
0,0,2,small,5.0199413637766295,67.28125
0,0,2,small,6.1688384798909475,69.2890625
0,0,2,small,27.89518356213265,71.2890625
0,0,2,small,12.078090809494903,73.2890625
0,0,2,small,23.033381062982848,75.2890625
0,0,2,small,71.48242881340468,77.33203125
0,0,2,small,26.341801225619,79.35546875
0,0,2,small,7.0173650191824395,81.35546875
0,0,2,small,5.646685464958182,83.38671875
0,0,2,small,36.94555862800128,85.3828125
0,0,2,small,63.47079079860976,87.421875
0,1,1,large,8.72904389845264e-05,2.99609375
0,1,1,large,3.730049733438761,4.98828125
0,1,1,large,3.116423054467252,6.9921875
0,1,1,large,3.6344754078857737,8.98828125
0,1,1,large,2.064658379905249,10.98828125
0,1,1,large,1.0630921501226651,12.99609375
0,1,1,large,0.9902039223266701,14.98828125
0,1,1,large,7.200279488839405,17.0078125
0,1,1,large,12.056671317967407,19.00390625
0,1,1,large,7.12818278322707,21.015625
0,1,1,large,18.33835791984499,23.015625
0,1,1,large,18.666301324830542,25.015625
0,1,1,large,10.660635330159797,27.015625
0,1,1,large,8.878802001851902,29.015625
0,1,1,medium,6.529422790890402,31.02734375
0,1,1,medium,9.610817333336781,33.02734375
0,1,1,medium,37.165523657247235,35.0390625
0,1,1,medium,47.40896665313481,37.0390625
0,1,1,medium,21.79667949354704,39.05078125
0,1,1,medium,9.58447495807999,41.0546875
0,1,1,medium,6.6623598444311565,43.05078125
0,1,1,medium,3.162450997224222,45.0625
0,1,1,medium,2.811443039585579,47.06640625
0,1,1,medium,2.7578263874377162,49.078125
0,1,1,medium,2.861654894205328,51.08203125
0,1,1,medium,3.357587042896278,53.078125
0,1,1,medium,1.0411666785694598,55.078125
0,1,1,medium,0.3963500798451828,57.078125
0,1,1,medium,3.9125739027151614,59.09375
0,0,2,large,0.16100686264265443,2.99609375
0,0,2,large,2.371494039899371,4.99609375
0,0,2,large,1.9116601898289671,6.99609375
0,0,2,large,1.315099712562569,8.9921875
0,0,2,large,0.41529835035012413,10.99609375
0,0,2,large,1.427704493440985,12.99609375
0,0,2,large,1.6998046467933876,15.0078125
0,0,2,large,3.791057759520058,17.0078125
0,0,2,large,2.897394109593809,19.01953125
0,0,2,large,1.1717175827560866,21.03515625
0,0,2,large,0.30886140149438146,23.03515625
0,0,2,large,0.09539686366997743,25.05859375
0,0,2,large,0.3617730484856346,27.05859375
0,0,2,large,0.12434895300737082,29.05859375
0,0,2,medium,1.7098793093682798,31.0859375
0,0,2,medium,9.047202640084961,33.0859375
0,0,2,medium,19.80811362770315,35.109375
0,1,1,large,6.022527567735658,2.9921875
0,1,1,large,18.571881562793955,4.98828125
0,1,1,large,9.124555979008553,7.00390625
0,1,1,large,5.402149745846259,9.01171875
0,1,1,large,4.6241572142211975,11.00390625
0,1,1,large,4.983399143888163,13.015625
0,1,1,large,1.713952047095636,15.015625
0,1,1,large,2.968193359520062,17.015625
0,1,1,large,3.2306571614674224,19.015625
0,1,1,large,3.9626747269472635,21.03515625
0,1,1,large,6.6657508596955415,23.02734375
0,1,1,large,2.8190873904212697,25.02734375
0,1,1,large,1.3790724823501443,27.03125
0,1,1,large,0.3654669516895682,29.02734375
0,1,1,medium,0.09533529299689356,31.04296875
0,1,1,medium,0.025196059074371068,33.0390625
0,1,1,medium,0.30232458135756246,35.04296875
0,1,1,medium,1.7592437683648465,37.0546875
0,1,1,medium,0.7916863896964624,39.0546875
0,1,1,medium,0.20705279715329716,41.06640625
0,1,1,medium,0.370834257863045,43.0546875
0,1,1,medium,1.5374286356147666,45.0546875
0,1,1,medium,0.5097969057305168,47.06640625
0,1,1,medium,0.6871790547794407,49.08203125
0,1,1,medium,4.1968472004946715,51.08203125
0,1,1,medium,4.47672327953508,53.078125
0,1,1,medium,1.20033498512419,55.078125
0,1,1,medium,0.3164048668589198,57.078125
0,1,1,medium,0.3652647400073993,59.08203125
0,1,1,small,0.11662736781831462,61.09375
0,1,1,small,0.049124083137594005,63.09375
0,1,1,small,0.17601529400542118,65.10546875
0,0,1,large,0.030172072104206055,2.984375
0,0,1,large,0.5656153605442436,4.984375
0,0,1,large,0.5582853631803677,6.99609375
0,0,1,large,0.23858142872647975,8.99609375
0,0,1,large,0.08620817591672056,11.0
0,0,1,large,4.273528648421363,12.99609375
0,0,1,large,2.414812159759939,15.0078125
0,0,1,large,3.0311198371049866,17.0078125
0,0,1,large,3.322435697799838,19.0234375
0,0,1,large,1.26695101248638,21.05078125
0,0,1,large,0.3968143993419883,23.05078125
0,0,1,large,0.5354914690786068,25.078125
0,0,1,large,0.9960407892184008,27.07421875
0,0,1,large,0.29411957749519135,29.07421875
0,0,1,medium,4.808188650203322,31.1015625
0,0,1,medium,26.171136894202466,33.1015625
0,0,1,medium,29.233671051696046,35.12890625
0,0,1,medium,9.822547310099061,37.12890625
0,0,1,medium,6.075726318670837,39.140625
0,0,1,medium,18.85016104270324,41.140625
0,0,1,medium,10.43939360313256,43.15625
0,0,1,medium,4.9785832302615995,45.15625
0,0,1,medium,19.324845720250277,47.15625
0,0,1,medium,27.03264473430922,49.1953125
0,0,1,medium,7.8089973915022854,51.1953125
0,0,1,medium,2.594866632881741,53.21875
0,0,1,medium,5.263281281668894,55.21875
0,0,1,medium,2.3805334602151214,57.21875
0,0,1,medium,1.6802270152835832,59.23046875
0,0,1,small,15.993775843053417,61.2578125
0,0,1,small,77.2156110436087,63.2734375
0,0,1,small,63.68129975651398,65.28515625
0,0,1,small,27.23485780066909,67.3125
0,1,3,large,0.3058030698147159,2.98046875
0,1,3,large,0.9238254506482164,4.984375
0,1,3,large,0.2586409902939171,6.984375
0,1,3,large,6.7980037666043485,8.984375
0,1,3,large,3.8341369797899008,10.99609375
0,1,3,large,2.7693093895894982,12.99609375
0,1,3,large,11.825377064263167,14.99609375
0,1,3,large,11.066376294536571,16.99609375
0,1,3,large,10.704700790531554,19.0078125
0,1,3,large,16.62781907184145,21.0078125
0,1,3,large,26.8860908576939,23.01953125
0,1,3,large,14.226545866193812,25.0234375
0,1,3,large,4.68013210693934,27.0234375
0,1,3,large,1.6500286421190076,29.0234375
0,1,3,medium,0.4349428278715487,31.0234375
0,1,3,medium,0.11464968467090128,33.0234375
0,1,3,medium,0.030706283120968667,35.0234375
0,1,3,medium,0.532970230248621,37.03515625
0,1,3,medium,0.25150080960253146,39.03515625
0,1,3,medium,0.08633493245935848,41.03515625
0,1,3,medium,0.02275764111570145,43.03515625
0,1,3,medium,0.2863017154922388,45.03515625
0,1,3,medium,0.11401879794590399,47.03515625
0,1,3,medium,0.029819644991846077,49.046875
0,1,3,medium,0.8531105949353528,51.046875
0,1,3,medium,3.392581169863166,53.046875
0,1,3,medium,1.110244907412877,55.046875
0,1,3,medium,0.29265738020159426,57.046875
0,1,3,medium,0.35082480503823477,59.05859375
0,1,3,small,0.1289945251505758,61.05859375
0,1,3,small,0.0340025876622889,63.05859375
0,1,3,small,0.009298923934096651,65.05859375
0,1,3,small,0.39351844093223953,67.07421875
0,1,3,small,0.12736352412778784,69.07421875
0,1,3,small,0.033572660460418166,71.07421875
0,0,2,large,0.0,2.99609375
0,0,2,large,0.0,4.99609375
0,0,2,large,0.0,6.99609375
0,0,2,large,0.0,8.99609375
0,0,2,large,0.0,10.99609375
0,0,2,large,0.6887607129841596,13.01171875
0,0,2,large,0.36212377147230373,15.0078125
0,0,2,large,0.09545478980377264,17.0078125
0,0,2,large,0.39478223601237045,19.01953125
0,0,2,large,0.2924383099842218,21.03515625
0,0,2,large,0.07628094365575805,23.05078125
0,0,2,large,0.019948299985143053,25.0625
0,0,2,large,0.005258314786357698,27.0625
0,0,2,large,0.001375470502033242,29.07421875
0,0,2,medium,0.0003588423931339557,31.08984375
0,0,2,medium,8.329361254268953,33.08984375
0,0,2,medium,6.428939245309831,35.1015625
0,0,2,medium,1.6966810333162692,37.1015625
0,0,2,medium,0.4437284173029379,39.11328125
0,0,2,medium,0.13178230950843936,41.11328125
0,0,2,medium,0.039863229664876265,43.11328125
0,0,2,medium,0.010507833255711318,45.11328125
0,0,2,medium,0.0027479131737638014,47.125
0,0,2,medium,0.0007114092017924133,49.15234375
0,0,2,medium,0.00018752542962167354,51.15234375
0,0,2,medium,4.891767010587645e-05,53.16796875
0,0,2,medium,1.2894557843198262e-05,55.16796875
0,0,2,medium,3.398968544734759e-06,57.16796875
0,0,2,medium,8.889046190516563e-07,59.1796875
0,0,2,small,2.324786559077989e-07,61.19140625
0,0,2,small,6.065388481284982e-08,63.20703125
0,0,2,small,1.590557600434622e-08,65.21484375
0,0,2,small,4.181775848808223e-09,67.21875
0,0,2,small,1.0908234720623481e-09,69.234375
0,0,2,small,2.882945136226602e-10,71.23046875
0,0,2,small,7.599360872539857e-11,73.23046875
0,0,2,small,1.9821421897292446e-11,75.24609375
0,0,2,small,5.184430021633033e-12,77.2578125
0,0,2,small,1.331564858070729e-12,79.296875
0,0,2,small,3.5099668580291793e-13,81.296875
0,0,2,small,9.084742856480272e-14,83.32421875
0,0,2,small,2.3947122174854916e-14,85.32421875
0,0,2,small,0.13345633239759247,87.34765625
0,1,3,large,66.9448501138153,2.984375
0,1,3,large,75.90555091493276,4.984375
0,1,3,large,31.246983975889552,6.984375
0,1,3,large,82.56391477057477,8.984375
0,1,3,large,86.52706404545026,10.984375
0,1,3,large,35.63585274611507,12.984375
0,1,3,large,13.672259672613436,14.99609375
0,1,3,large,4.747662642232036,16.99609375
0,1,3,large,1.3229062063343582,18.99609375
0,1,3,large,0.7276170086559857,20.99609375
0,1,3,large,67.71772920678156,22.99609375
0,1,3,large,83.04289923350859,24.99609375
0,1,3,large,39.693013793069746,26.99609375
0,1,3,large,10.64252348520403,29.00390625
0,1,3,medium,2.8043415320187055,31.0078125
0,1,3,medium,0.739216402139203,33.0078125
0,1,3,medium,0.194855328052098,35.0078125
0,1,3,medium,0.09057504681478995,37.0078125
0,1,3,medium,0.189442058054536,39.01953125
0,1,3,medium,0.0520442435422376,41.01953125
0,1,3,medium,0.6575517334037813,43.01953125
0,1,3,medium,0.26341417625768904,45.01953125
0,1,3,medium,0.06943522300063837,47.01953125
0,1,3,medium,0.0181610632840248,49.03125
0,1,3,medium,0.27522071094174244,51.03515625
0,1,3,medium,0.16804584249762428,53.03515625
0,1,3,medium,0.04441204278625573,55.03125
0,1,3,medium,0.01170688737633021,57.03125
0,1,3,medium,0.0030537618458270055,59.046875
0,1,3,small,0.0008049628830469973,61.046875
0,1,3,small,0.00021106930754288703,63.0546875
0,1,3,small,5.549009850837893e-05,65.05859375
0,1,3,small,1.4627031160568436e-05,67.05859375
0,1,3,small,3.825801189700292e-06,69.0703125
0,0,1,large,0.6606609819123563,2.984375
0,0,1,large,1.847648912439696,4.98046875
0,0,1,large,1.6180158424379665,6.98046875
0,0,1,large,0.5661487079166111,8.99609375
0,0,1,large,0.24468062378405786,10.99609375
0,0,1,large,9.70828964381523,12.99609375
0,0,1,large,3.148362226109045,14.99609375
0,0,1,large,1.9831840423145946,16.99609375
0,0,1,large,2.720010174285948,19.0078125
0,0,1,large,4.474464515886631,21.03515625
0,0,1,large,3.06957342995657,23.03515625
0,0,1,large,4.526650026374609,25.0625
0,0,1,large,16.414324887467018,27.05859375
0,0,1,large,10.804796756165743,29.05859375
0,0,1,medium,74.49202268948126,31.07421875
0,0,1,medium,95.50057158625683,33.07421875
0,0,1,medium,97.69385303596434,35.0859375
0,0,1,medium,79.87609027596888,37.1015625
0,0,1,medium,42.89735482822453,39.1015625
0,0,1,medium,76.67524699046814,41.1015625
0,0,1,medium,77.35405152828736,43.11328125
0,0,1,medium,39.68394982167851,45.11328125
0,0,1,medium,54.66256127138465,47.125
0,0,1,medium,86.47301826854597,49.16796875
0,0,1,medium,52.8350145185211,51.1640625
0,0,1,medium,14.65622542496235,53.1796875
0,0,1,medium,7.54922799025805,55.19140625
0,0,1,medium,7.434251538592152,57.19140625
0,0,1,medium,10.63241379616418,59.20703125
0,0,1,small,7.386100515482475,61.21875
0,0,1,small,56.76161264598149,63.23046875
0,0,1,small,56.432067962228736,65.23046875
0,0,1,small,37.12993753730305,67.2578125
0,0,1,small,47.63436646819365,69.26953125
0,0,1,small,83.89170799805936,71.28515625
0,0,1,small,62.88829369740815,73.28515625
0,0,1,small,17.73717214870446,75.28125
0,0,1,small,13.037145031023126,77.30859375
0,0,1,small,14.677262618156021,79.34765625
0,0,1,small,4.26076842418534,81.34765625
0,0,1,small,1.100871522773426,83.37890625
0,0,1,small,0.28796040361504244,85.390625
0,0,1,small,0.07590553828357469,87.390625
0,1,2,large,0.24030577675820644,2.9921875
0,1,2,large,1.8085338750177455,4.9921875
0,1,2,large,0.7359613499196795,6.9921875
0,1,2,large,2.111537121689738,9.0
0,1,2,large,1.9717192521656293,10.9921875
0,1,2,large,0.5976947701517703,12.9921875
0,1,2,large,0.15755063087874366,14.9921875
0,1,2,large,0.04152989540796406,16.9921875
0,1,2,large,0.015104688904261598,18.98828125
0,1,2,large,0.4292348373877318,21.00390625
0,1,2,large,1.5024599802699623,23.00390625
0,1,2,large,1.1463809050828007,25.00390625
0,1,2,large,1.3973019723500348,27.0
0,1,2,large,0.41758731753525424,29.0
0,1,2,medium,0.11007482181571615,31.0
0,1,2,medium,0.02901540800922134,33.0
0,1,2,medium,0.007570344892658486,35.015625
0,1,2,medium,0.001995521248253784,37.015625
0,1,2,medium,0.0005260136900888197,39.015625
0,1,2,medium,0.00013865570331710562,41.015625
0,1,2,medium,3.65492465778123e-05,43.015625
0,1,2,medium,9.634276798197335e-06,45.015625
0,1,2,medium,2.539567791819563e-06,47.015625
0,1,2,medium,6.642475934625059e-07,49.02734375
0,1,2,medium,0.059894046220727214,51.02734375
0,1,2,medium,0.041518783573144064,53.04296875
0,1,2,medium,0.010972953359875361,55.0390625
0,1,2,medium,0.00289243910234049,57.0390625
0,1,2,medium,0.0007604430470252133,59.04296875
0,1,2,small,0.00020097665128239906,61.0390625
0,1,2,small,5.242221914441137e-05,63.0546875
1,0,3,large,0.0,2.984375
1,0,3,large,0.22901200632115548,4.99609375
1,0,3,large,0.2993734652126658,7.01171875
1,0,3,large,0.07911682341462387,9.0078125
1,0,3,large,1.1207866147109797,11.0234375
1,0,3,large,1.881417025241901,13.0390625
1,0,3,large,0.5574296652541,15.03515625
1,0,3,large,1.8426599773134082,17.03515625
1,0,3,large,7.658947274576098,19.0625
1,0,3,large,3.097394402547488,21.1015625
1,0,3,large,2.9160963307289736,23.1171875
1,0,3,large,46.79748133008003,25.1171875
1,0,3,large,78.67884406288547,27.12890625
1,0,3,large,59.70677645706524,29.12890625
1,0,3,medium,34.1221258113239,31.14453125
1,1,2,large,1.553371686802651,2.98828125
1,1,2,large,18.676134815382902,4.98828125
1,1,2,large,39.189057411584294,6.9921875
1,1,2,large,28.6453919711498,8.98828125
1,1,2,large,34.499468997057384,10.98828125
1,1,2,large,79.61008094639718,12.98828125
1,1,2,large,43.88858751169938,15.0
1,1,2,large,18.346293062107897,17.0
1,1,2,large,17.896630152070728,19.00390625
1,1,2,large,67.300670084334,21.0
1,1,2,large,42.180867576770936,23.015625
1,1,2,large,58.25548144671132,25.015625
1,1,2,large,70.61198280482267,27.01171875
1,1,2,large,32.786268964190924,29.02734375
1,1,2,medium,31.018322214287313,31.02734375
1,0,3,large,1.8296941910156304,2.99609375
1,0,3,large,1.8314082025541243,5.01171875
1,0,3,large,15.574593740342632,7.0078125
1,0,3,large,33.83230961911102,9.0234375
1,0,3,large,35.69689311852834,11.0234375
1,0,3,large,43.74505126449289,13.03515625
1,0,3,large,29.52992332797892,15.03515625
1,0,3,large,50.82775038129308,17.03515625
1,0,3,large,34.286614367638535,19.05078125
1,0,3,large,30.66395031486686,21.0625
1,0,3,large,58.4380328341475,23.0625
1,0,3,large,78.84941435265046,25.07421875
1,0,3,large,48.76683120204287,27.08984375
1,0,3,large,48.403209359716136,29.0859375
1,0,3,medium,61.34924989080747,31.1015625
1,0,3,medium,84.84306235558417,33.11328125
1,0,3,medium,73.51744863807193,35.1171875
1,0,3,medium,64.66550313668353,37.1171875
1,0,3,medium,44.015758526543436,39.12890625
1,0,3,medium,58.21732008698302,41.12890625
1,0,3,medium,39.07792269698591,43.125
1,0,3,medium,72.86873916527983,45.125
1,0,3,medium,70.5049393973489,47.140625
1,0,3,medium,66.46328854171662,49.16796875
1,0,3,medium,90.84522521763742,51.18359375
1,0,3,medium,94.90408589767625,53.1953125
1,0,3,medium,90.93332189971063,55.20703125
1,0,3,medium,91.45139077481157,57.22265625
1,0,3,medium,94.83890429811206,59.22265625
1,0,3,small,99.63561053859452,61.24609375
1,0,3,small,92.63665447074014,63.26171875
1,0,3,small,90.83052421644459,65.2734375
1,0,3,small,99.34768889010556,67.2890625
1,0,3,small,99.94655546859633,69.35546875
1,0,3,small,99.92194404121186,71.3828125
1,1,2,large,2.2157019059601266,2.9921875
1,1,2,large,31.351035515316113,4.9921875
1,1,2,large,34.61942924787172,6.9921875
1,1,2,large,27.40535199515267,8.9921875
1,1,2,large,28.243915623190624,10.9921875
1,1,2,large,27.111135282194248,12.98828125
1,1,2,large,28.989471654414686,14.98828125
1,1,2,large,13.507116914357749,17.00390625
1,1,2,large,59.66958802650525,19.00390625
1,1,2,large,93.86173499548426,21.00390625
1,1,2,large,67.4534729349918,23.015625
1,1,2,large,45.44618053127187,25.01953125
1,1,2,large,52.59875986152089,27.015625
1,1,2,large,29.77642448366118,29.015625
1,1,2,medium,16.3578841391606,31.03125
1,1,2,medium,51.67957314976468,33.03125
1,1,2,medium,58.78857535653271,35.03125
1,1,2,medium,38.20356020971849,37.04296875
1,1,2,medium,83.7156073618186,39.06640625
1,1,2,medium,98.47701795352974,41.05859375
1,1,2,medium,88.15627572558476,43.05859375
1,1,2,medium,55.12942418011036,45.05859375
1,1,2,medium,67.77207662530886,47.0546875
1,1,2,medium,94.39320804743019,49.0703125
1,1,2,medium,63.81637562907021,51.0703125
1,1,2,medium,28.97976356941798,53.0859375
1,1,2,medium,70.2275220074882,55.09765625
1,1,2,medium,71.64916463837588,57.09765625
1,1,2,medium,33.18401860738687,59.109375
1,0,1,large,10.454305826382676,3.00390625
1,0,1,large,8.10153682232786,5.01953125
1,0,1,large,22.852962224001427,7.03125
1,0,1,large,21.264418507915266,9.03125
1,0,1,large,85.93501249218608,11.03125
1,0,1,large,50.951108600621204,13.03125
1,0,1,large,24.428182455325242,15.03125
1,0,1,large,49.38221796052771,17.03125
1,0,1,large,38.221653458001335,19.04296875
1,0,1,large,15.733614401979638,21.0703125
1,0,1,large,5.986245219600295,23.0703125
1,0,1,large,10.719180771499897,25.0703125
1,0,1,large,42.69697383742522,27.08203125
1,0,1,large,31.210862911869636,29.0859375
1,0,1,medium,33.05938094279328,31.09765625
1,0,1,medium,46.94445091894563,33.09765625
1,0,1,medium,60.167435945657125,35.09765625
1,0,1,medium,60.499346269034255,37.09765625
1,0,1,medium,71.66874428950698,39.109375
1,0,1,medium,68.91100710396601,41.109375
1,0,1,medium,74.3946774297622,43.109375
1,0,1,medium,78.5017209070159,45.11328125
1,0,1,medium,62.21546794698822,47.125
1,0,1,medium,49.941642293481564,49.1484375
1,0,1,medium,61.088002242269475,51.1640625
1,0,1,medium,73.33250641844396,53.17578125
1,0,1,medium,79.15545378489398,55.19140625
1,0,1,medium,87.14721781499628,57.19140625
1,0,1,medium,88.94241573342907,59.23046875
1,1,1,large,0.0,2.9921875
1,1,1,large,0.17841202538116147,4.9921875
1,1,1,large,5.899020329630511,7.0
1,1,1,large,9.186460644576652,8.9921875
1,1,1,large,7.6633931443267125,10.9921875
1,1,1,large,4.591757284101126,12.9921875
1,1,1,large,2.7391104193989504,14.9921875
1,1,1,large,1.7268197350009729,16.9921875
1,1,1,large,11.289865178590844,18.9921875
1,1,1,large,36.46456715663781,21.00390625
1,1,1,large,25.076528196333093,23.0078125
1,1,1,large,23.739887016505097,25.00390625
1,1,1,large,13.4167290730236,27.00390625
1,1,1,large,7.416082102665384,29.00390625
1,1,1,medium,2.022027993164775,31.00390625
1,1,1,medium,3.476941703605109,33.00390625
1,1,1,medium,20.862221033021946,35.015625
1,1,1,medium,14.220925999143653,37.015625
1,1,1,medium,32.51647133591262,39.04296875
1,1,1,medium,82.4460339832132,41.03125
1,1,1,medium,75.9248134922232,43.03125
1,1,1,medium,59.35436317346036,45.03125
1,1,1,medium,90.2713058748923,47.03125
1,1,1,medium,94.37884507739794,49.04296875
1,0,2,large,40.99338812167911,2.984375
1,0,2,large,78.87796017166511,4.984375
1,0,2,large,87.50449534754901,6.99609375
1,0,2,large,66.52667624494416,8.99609375
1,0,2,large,57.510545113499,11.0
1,0,2,large,59.42917141808503,13.01171875
1,0,2,large,37.439125539501084,15.01171875
1,0,2,large,25.148418397459523,17.01171875
1,0,2,large,28.932926673925337,19.01171875
1,0,2,large,37.112500095602144,21.03515625
1,0,2,large,91.21972275524931,23.05078125
1,0,2,large,97.17419784457684,25.0625
1,0,2,large,87.94435269801178,27.078125
1,0,2,large,82.0476958994104,29.078125
1,0,2,medium,75.4227475975149,31.08984375
1,0,2,medium,88.19935192840383,33.08984375
1,0,2,medium,70.55874606062947,35.08984375
1,0,2,medium,49.04161403437653,37.08984375
1,0,2,medium,88.51763503155236,39.1015625
1,0,2,medium,92.33842223953692,41.1171875
1,0,2,medium,50.832064423607804,43.1171875
1,0,2,medium,70.15555206768721,45.12890625
1,0,2,medium,79.7166051383389,47.12890625
1,0,2,medium,82.66376841409799,49.16015625
1,0,2,medium,84.08225913249092,51.16796875
1,0,2,medium,94.5414180399154,53.1953125
1,0,2,medium,99.23656220586389,55.2109375
1,0,2,medium,89.77220190341016,57.2109375
1,0,2,medium,76.84283874961673,59.20703125
1,0,2,small,95.91806928349946,61.23828125
1,0,2,small,99.62228534352604,63.28515625
1,0,2,small,80.55773855687904,65.2890625
1,0,2,small,58.91667287287248,67.2890625
1,0,2,small,66.75667053194391,69.2890625
1,0,2,small,62.798669031709665,71.30078125
1,0,2,small,75.08019291521221,73.30078125
1,0,2,small,97.35524524911519,75.30078125
1,0,2,small,98.94668566299438,77.33984375
1,1,3,large,12.273372709032516,2.9921875
1,1,3,large,30.82941339318292,4.9921875
1,1,3,large,61.14454134713668,6.9921875
1,1,3,large,80.02555346059776,9.0
1,1,3,large,73.92110946481147,10.9921875
1,1,3,large,82.63323362293934,13.00390625
1,1,3,large,53.93187607424611,15.00390625
1,1,3,large,45.455070710895086,17.0078125
1,1,3,large,50.5031482347279,19.00390625
1,1,3,large,62.188032034498775,21.00390625
1,1,3,large,92.27748043706013,23.00390625
1,1,3,large,75.23501648463187,25.0234375
1,1,3,large,44.092891335493505,27.015625
1,1,3,large,37.09693901967579,29.015625
1,1,3,medium,36.00108889053463,31.015625
1,1,3,medium,38.24558520970733,33.01953125
1,1,3,medium,41.33787841379052,35.03125
1,1,3,medium,86.40439759581812,37.03125
1,1,3,medium,64.35749172211806,39.02734375
1,1,3,medium,64.41375755399011,41.03125
1,1,3,medium,57.70419926641401,43.03125
1,1,3,medium,71.2455370949413,45.04296875
1,1,3,medium,90.02198548139282,47.04296875
1,1,3,medium,93.59503458044941,49.04296875
1,1,3,medium,72.7784380554476,51.0625
1,1,3,medium,79.89331541075471,53.05859375
1,1,3,medium,91.5627050474228,55.05859375
1,1,3,medium,78.80067618719286,57.05859375
1,1,3,medium,87.90118578210539,59.05859375
1,1,3,small,61.37769054803859,61.0703125
1,1,3,small,91.87054052226628,63.0703125
1,1,3,small,98.15400675080744,65.09765625
1,1,3,small,99.84459087837561,67.17578125
1,0,3,large,1.5203190457998335,3.00390625
1,0,3,large,14.181413436197163,5.01953125
1,0,3,large,33.37145666687006,7.03125
1,0,3,large,12.464803670257757,9.046875
1,0,3,large,4.96926328454739,11.046875
1,0,3,large,7.156833979513701,13.046875
1,0,3,large,10.29063311892801,15.046875
1,0,3,large,10.114674334971026,17.04296875
1,0,3,large,62.615392086483,19.05859375
1,0,3,large,38.35149999822163,21.0859375
1,0,3,large,62.33941329107063,23.0859375
1,0,3,large,43.20744927357512,25.1015625
1,0,3,large,53.15363612815666,27.09765625
1,0,3,large,30.177505413944452,29.109375
1,0,3,medium,52.735026980749836,31.125
1,0,3,medium,83.07567405871995,33.13671875
1,0,3,medium,76.5255629129307,35.13671875
1,0,3,medium,65.21338909148596,37.15234375
1,0,3,medium,90.49177198344012,39.15234375
1,0,3,medium,87.60128394004266,41.1640625
1,0,3,medium,55.743689598080486,43.1640625
1,0,3,medium,46.728534265665616,45.1640625
1,0,3,medium,46.23906025874638,47.17578125
1,0,3,medium,32.228242723044076,49.1875
1,0,3,medium,49.46758515624437,51.203125
1,0,3,medium,78.60611727934834,53.203125
1,0,3,medium,69.78565347477378,55.203125
1,0,3,medium,43.96412913253502,57.21484375
1,0,3,medium,50.37609875741906,59.21484375
1,0,3,small,47.848845110181514,61.23046875
1,0,3,small,83.01706579312835,63.2578125
1,0,3,small,98.86376746129821,65.359375
1,1,1,large,13.850339037542462,2.9921875
1,1,1,large,13.86834565874656,4.9921875
1,1,1,large,23.8472532031346,6.9921875
1,1,1,large,50.482263254105696,8.9921875
1,1,1,large,22.882347871752028,10.9921875
1,1,1,large,18.911537604323378,12.9921875
1,1,1,large,19.30472369030444,15.01171875
1,1,1,large,19.898882129622642,17.00390625
1,1,1,large,39.943472562481595,19.00390625
1,1,1,large,30.175041832808823,21.00390625
1,1,1,large,66.68378444260489,23.00390625
1,1,1,large,49.89009244862055,25.00390625
1,1,1,large,48.74713891220596,27.00390625
1,1,1,large,39.69281142865002,29.01953125
1,1,1,medium,29.680575358387365,31.03125
1,1,1,medium,84.04975269443374,33.03125
1,0,1,large,65.08619628873136,3.0234375
1,0,1,large,72.66264338250235,5.0390625
1,0,1,large,89.7218467715851,7.14453125
1,0,1,large,96.71175001985029,9.1953125
1,0,1,large,81.03940156104305,11.2109375
1,0,1,large,77.53265745748146,13.2265625
1,0,1,large,51.79536996353137,15.23046875
1,0,1,large,20.442490851217094,17.234375
1,0,1,large,22.52197353815437,19.25390625
1,0,1,large,12.243824947838391,21.27734375
1,0,1,large,49.458532209563266,23.27734375
1,0,1,large,68.29445327753733,25.29296875
1,0,1,large,34.00253136605471,27.29296875
1,0,1,large,32.63461963828418,29.29296875
1,0,1,medium,9.343426408323477,31.3046875
1,0,1,medium,7.700933355858153,33.3046875
1,0,1,medium,8.958907456522036,35.30859375
1,0,1,medium,62.868501625723376,37.3046875
1,0,1,medium,80.30991454872134,39.31640625
1,0,1,medium,91.44510742183697,41.31640625
1,0,1,medium,66.763477882936,43.33203125
1,0,1,medium,85.48341509197239,45.33203125
1,0,1,medium,59.86812687981676,47.33203125
1,0,1,medium,73.30840191240574,49.35546875
1,0,1,medium,89.54201962421456,51.37109375
1,0,1,medium,94.22447563240581,53.3828125
1,0,1,medium,81.5784104657089,55.3984375
1,0,1,medium,95.82448203428035,57.43359375
1,0,1,medium,96.3679236894196,59.46484375
1,0,1,small,89.76596387640758,61.4765625
1,0,1,small,96.28257975373899,63.48828125
1,0,1,small,90.06137342839601,65.50390625
1,0,1,small,99.07646771230881,67.51953125
1,0,1,small,92.74109089288044,69.515625
1,0,1,small,77.61655440887728,71.53125
1,0,1,small,90.09125308866157,73.53125
1,0,1,small,92.06206834591984,75.53125
1,0,1,small,45.38505096638623,77.58203125
1,0,1,small,43.63354885978799,79.59375
1,0,1,small,90.49257601811168,81.62109375
1,0,1,small,97.78308465740065,83.63671875
1,1,2,large,7.50801509894637,2.96875
1,1,2,large,51.74883745793997,4.984375
1,1,2,large,37.878051038221805,6.984375
1,1,2,large,31.418330593574115,8.99609375
1,1,2,large,66.8057718742278,11.0
1,1,2,large,42.775917845285946,12.99609375
1,1,2,large,53.87140475817095,15.015625
1,1,2,large,68.9801433758762,17.0078125
1,1,2,large,55.34336480488962,19.0234375
1,1,2,large,72.27357441980519,21.0234375
1,1,2,large,90.59387813282342,23.03515625
1,1,2,large,60.832236849862795,25.03515625
1,1,2,large,28.17150239053294,27.03515625
1,1,2,large,45.069284547329985,29.03515625
1,1,2,medium,50.87401781349622,31.03515625
1,1,2,medium,29.031116919167573,33.046875
1,1,2,medium,28.60590991123349,35.046875
1,1,2,medium,70.57602991857978,37.046875
1,1,2,medium,68.87708895445013,39.046875
1,1,2,medium,31.621532923960004,41.05078125
1,1,2,medium,27.605375827419365,43.0625
1,1,2,medium,20.430285727703286,45.0625
1,1,2,medium,25.420210992584785,47.0625
1,1,2,medium,75.4615235972147,49.0625
1,1,2,medium,54.43168531468949,51.07421875
1,1,2,medium,68.90265730819317,53.07421875
1,1,2,medium,94.85563890997412,55.07421875
1,1,2,medium,96.03825017084736,57.07421875
1,1,2,medium,86.38573568894752,59.07421875
1,1,2,small,66.27501382609597,61.0859375
1,1,2,small,86.8144897870953,63.11328125
1,1,2,small,99.19131696369547,65.20703125
1,0,2,large,8.81765456600875,2.99609375
1,0,2,large,4.546080405953724,4.99609375
1,0,2,large,1.779587013118938,6.99609375
1,0,2,large,3.9357697627901103,9.0078125
1,0,2,large,2.8848479913946323,11.01171875
1,0,2,large,26.497953574600654,13.0078125
1,0,2,large,33.10292151601776,15.01171875
1,0,2,large,23.654036972927692,17.0078125
1,0,2,large,30.391288329747468,19.0234375
1,0,2,large,33.08712033377947,21.05078125
1,0,2,large,18.538332081915378,23.05078125
1,0,2,large,24.91100303774702,25.05078125
1,0,2,large,16.351178179886166,27.05078125
1,0,2,large,16.56448935779866,29.0625
1,0,2,medium,16.163206093152823,31.1015625
1,0,2,medium,20.133013391499837,33.1015625
1,0,2,medium,13.11411668822926,35.1171875
1,0,2,medium,4.2730709368948325,37.1171875
1,0,2,medium,7.26697805785145,39.12890625
1,0,2,medium,40.807318062282555,41.12890625
1,0,2,medium,27.907486056151978,43.12890625
1,0,2,medium,14.298372263530648,45.12890625
1,0,2,medium,20.126284171291317,47.12890625
1,0,2,medium,44.07114467468754,49.15625
1,0,2,medium,92.08034801248357,51.16796875
1,0,2,medium,98.57957381239147,53.1796875
1,0,2,medium,90.98355338367526,55.20703125
1,0,2,medium,87.31353598513746,57.20703125
1,0,2,medium,56.68818147290183,59.234375
1,1,2,large,47.438377169106836,2.9921875
1,1,2,large,42.213198874186475,4.9921875
1,1,2,large,32.570222682115244,6.9921875
1,1,2,large,30.39269663709434,8.9921875
1,1,2,large,23.58328521735177,10.9921875
1,1,2,large,19.047364806610453,12.9921875
1,1,2,large,20.86851502510152,14.9921875
1,1,2,large,48.786729992731274,16.9921875
1,1,2,large,88.8006087878948,19.00390625
1,1,2,large,76.41655461737494,21.00390625
1,1,2,large,70.60653311413554,23.00390625
1,1,2,large,57.09938432481519,25.00390625
1,1,2,large,83.26385779030934,27.00390625
1,1,2,large,76.3094164621354,29.00390625
1,1,2,medium,68.50484458897029,31.01953125
1,1,2,medium,94.6579719332504,33.01953125
1,1,2,medium,95.58554828794783,35.01953125
1,1,2,medium,92.27919627363437,37.03125
1,1,2,medium,74.18307627948454,39.03125
1,1,2,medium,87.54642037100493,41.03125
1,1,2,medium,96.19289541438164,43.03125
1,0,1,large,8.797707691099413,2.98828125
1,0,1,large,11.213775100733397,4.9921875
1,0,1,large,45.62575673829684,7.0078125
1,0,1,large,43.673466260791756,9.015625
1,0,1,large,59.39350583055947,11.015625
1,0,1,large,88.48813856971134,13.02734375
1,0,1,large,50.02161231580578,15.02734375
1,0,1,large,18.515374438361956,17.02734375
1,0,1,large,42.89434933720743,19.0546875
1,0,1,large,13.887347334973162,21.06640625
1,0,1,large,8.030345103867695,23.08203125
1,0,1,large,18.381700557001075,25.08203125
1,0,1,large,21.28121246430011,27.08203125
1,0,1,large,20.442181869612206,29.09765625
1,0,1,medium,34.9759887553101,31.10546875
1,0,1,medium,34.3672707582124,33.109375
1,0,1,medium,31.89141074119466,35.12109375
1,0,1,medium,61.20402045148124,37.12109375
1,0,1,medium,49.90770774821836,39.13671875
1,0,1,medium,86.21246816959359,41.1328125
1,0,1,medium,76.9643876049345,43.1328125
1,0,1,medium,89.98167321885822,45.1328125
1,0,1,medium,54.70604510837361,47.1328125
1,0,1,medium,74.5443218498866,49.1640625
1,0,1,medium,81.82113085029727,51.17578125
1,0,1,medium,91.8883061180252,53.1875
1,0,1,medium,89.49957458261665,55.203125
1,0,1,medium,84.35784789744824,57.203125
1,0,1,medium,92.48565538266647,59.21484375
1,0,1,small,92.37042066413332,61.2265625
1,0,1,small,90.40345886803891,63.2421875
1,1,3,large,1.4188397179143128,2.984375
1,1,3,large,0.7816269999407062,4.984375
1,1,3,large,9.2734834496504,6.984375
1,1,3,large,12.417837575823597,9.0
1,1,3,large,10.99379619474696,11.0
1,1,3,large,6.872337815799734,13.0
1,1,3,large,4.512469244301494,15.0
1,1,3,large,3.3547093855219483,17.0
1,1,3,large,5.038970579953627,18.99609375
1,1,3,large,16.60880298867638,20.99609375
1,1,3,large,44.515688329312184,22.99609375
1,1,3,large,32.23015731400099,25.01171875
1,1,3,large,49.57675189967034,27.01171875
1,1,3,large,27.621715882510713,29.01171875
1,1,3,medium,50.29093950947619,31.01171875
1,1,3,medium,71.40916865628475,33.01171875
1,1,3,medium,47.47861037617762,35.03515625
2,0,2,large,0.00013137244067632707,2.99609375
2,0,2,large,0.09028954923521385,4.99609375
2,0,2,large,0.07209346336410785,6.99609375
2,0,2,large,0.6038278806548472,9.0078125
2,0,2,large,0.18852832371685668,11.0078125
2,0,2,large,0.049185901471018895,13.0234375
2,0,2,large,0.19318709971223647,15.03515625
2,0,2,large,0.5397033767910038,17.03515625
2,0,2,large,0.16434306123605805,19.08984375
2,0,2,large,0.045574622755205386,21.11328125
2,0,2,large,6.94082616396574,23.140625
2,0,2,large,5.927703802322908,25.15234375
2,0,2,large,2.2470980833673293,27.15234375
2,0,2,large,1.5195960944532523,29.15234375
2,0,2,medium,21.526628978141822,31.20703125
2,0,2,medium,35.03621018088729,33.22265625
2,0,2,medium,19.567207355320793,35.24609375
2,0,2,medium,7.181275859100345,37.2578125
2,0,2,medium,63.16238691896675,39.35546875
2,0,2,medium,85.69478394495948,41.3671875
2,0,2,medium,28.814995944275694,43.3828125
2,0,2,medium,24.00134313338817,45.3984375
2,0,2,medium,42.90218796918546,47.40625
2,0,2,medium,26.521943609841433,49.4609375
2,0,2,medium,46.829645317932886,51.46484375
2,0,2,medium,44.21952469099359,53.47265625
2,0,2,medium,29.53507934812614,55.48828125
2,0,2,medium,10.941388311783367,57.48828125
2,0,2,medium,49.38797021286915,59.51171875
2,0,2,small,36.083406143125565,61.52734375
2,1,3,large,51.82192902302937,3.00390625
2,1,3,large,52.3606863746046,5.0
2,1,3,large,24.942956269310095,7.0078125
2,1,3,large,14.506225215694178,9.0
2,1,3,large,36.22320130066487,11.0
2,1,3,large,43.957329691290305,13.015625
2,1,3,large,20.433842230326714,15.01171875
2,1,3,large,48.43518310564961,17.01171875
2,1,3,large,58.768493081796734,19.01171875
2,1,3,large,45.79657570302862,21.02734375
2,1,3,large,36.64609835773297,23.0390625
2,1,3,large,74.15057480033938,25.12109375
2,1,3,large,91.87344365101865,27.21484375
2,1,3,large,99.45693597332223,29.28125
2,1,3,medium,98.8492290959309,31.3046875
2,1,3,medium,92.86534919119856,33.3203125
2,1,3,medium,82.76889111381001,35.3203125
2,1,3,medium,57.1921608125357,37.33203125
2,1,3,medium,49.94908015231674,39.33203125
2,0,3,large,41.57002537728168,3.0
2,0,3,large,40.23486270184236,5.0
2,0,3,large,41.92989765216422,7.0
2,0,3,large,51.528252814420235,9.01171875
2,0,3,large,41.74251583953189,11.02734375
2,0,3,large,36.27000316059976,13.02734375
2,0,3,large,44.49548194948606,15.0390625
2,0,3,large,54.17864523092189,17.0390625
2,0,3,large,28.95084726322393,19.05078125
2,0,3,large,36.80524411099034,21.078125
2,0,3,large,89.1637694082869,23.09375
2,0,3,large,85.35432915841764,25.1171875
2,0,3,large,36.356828364362386,27.12109375
2,0,3,large,47.00417549336469,29.12109375
2,0,3,medium,63.429234970220186,31.16015625
2,0,3,medium,51.82655862838716,33.18359375
2,0,3,medium,89.23654361868412,35.19921875
2,0,3,medium,97.69846381262101,37.23828125
2,0,3,medium,98.17706784761248,39.265625
2,0,3,medium,51.80341518157084,41.27734375
2,0,3,medium,41.72746059964717,43.27734375
2,0,3,medium,77.79474406675862,45.27734375
2,0,3,medium,58.207593660320995,47.29296875
2,0,3,medium,67.47294156068315,49.37109375
2,0,3,medium,95.7875847683811,51.37109375
2,0,3,medium,99.46623770740078,53.41015625
2,0,3,medium,72.55387947497559,55.42578125
2,0,3,medium,94.74882577941574,57.4375
2,0,3,medium,97.20155278054739,59.44921875
2,0,3,small,73.45838778371754,61.4609375
2,0,3,small,93.2630460521708,63.50390625
2,0,3,small,99.2200388141512,65.5859375
2,1,1,large,12.327756640944429,2.984375
2,1,1,large,18.905226327243014,4.99609375
2,1,1,large,24.385655983167247,6.99609375
2,1,1,large,27.822474171864144,8.99609375
2,1,1,large,33.220607856714494,10.99609375
2,1,1,large,34.92899556920402,13.0078125
2,1,1,large,35.076008163829826,15.0078125
2,1,1,large,22.20748837422123,17.0078125
2,1,1,large,45.038382185067924,19.0234375
2,1,1,large,37.65499361694586,21.0234375
2,1,1,large,43.76106580391063,23.0234375
2,1,1,large,37.420860145836194,25.0234375
2,1,1,large,58.77668190285632,27.03515625
2,1,1,large,85.92973599956599,29.05078125
2,1,1,medium,79.53731913328548,31.046875
2,0,1,large,45.87494189815024,2.99609375
2,0,1,large,35.58614162440488,4.99609375
2,0,1,large,20.763392300451404,6.99609375
2,0,1,large,31.919513402667995,9.0078125
2,0,1,large,33.80911674236464,11.0078125
2,0,1,large,27.349194105434094,13.0078125
2,0,1,large,29.12665436895608,15.0078125
2,0,1,large,58.805597173630304,17.0078125
2,0,1,large,89.91171247974233,19.046875
2,0,1,large,47.38822427049982,21.08203125
2,0,1,large,88.6522589081805,23.07421875
2,0,1,large,78.07433815491908,25.09765625
2,0,1,large,24.831099508756587,27.09765625
2,0,1,large,6.881337297216069,29.09765625
2,0,1,medium,26.010331817780532,31.140625
2,0,1,medium,63.93795821664273,33.15625
2,0,1,medium,39.467794116919634,35.1953125
2,0,1,medium,45.462955584056246,37.203125
2,0,1,medium,30.878174359839,39.203125
2,0,1,medium,27.96576585054664,41.21875
2,0,1,medium,24.788769554396513,43.23046875
2,0,1,medium,41.54147867542072,45.25
2,0,1,medium,95.70981875868713,47.3125
2,0,1,medium,99.72229628420416,49.3671875
2,0,1,medium,99.05262546316419,51.37890625
2,0,1,medium,98.91483806472064,53.37890625
2,0,1,medium,99.7687953257979,55.47265625
2,0,1,medium,99.9761919134081,57.484375
2,0,1,medium,99.90292863056848,59.5234375
2,1,2,large,27.474385318943995,2.984375
2,1,2,large,50.63523085247236,4.984375
2,1,2,large,81.8012871130908,6.99609375
2,1,2,large,70.40217180796205,9.0
2,1,2,large,49.33613187353231,10.99609375
2,1,2,large,69.85324501614537,13.01171875
2,1,2,large,68.40490232950165,15.01171875
2,1,2,large,89.96760146465176,17.01171875
2,1,2,large,97.98469380416242,19.0234375
2,1,2,large,94.66376722289101,21.0234375
2,1,2,large,99.28348458703468,23.078125
2,1,2,large,92.37142158690898,25.09375
2,1,2,large,96.22788400026154,27.1171875
2,1,2,large,90.20239657928309,29.1171875
2,1,2,medium,80.41353931773638,31.1171875
2,0,2,large,62.41395737456424,2.9921875
2,0,2,large,55.3904664583771,4.9921875
2,0,2,large,58.43200394612457,6.9921875
2,0,2,large,73.6328217264373,8.9921875
2,0,2,large,71.18107725454504,11.00390625
2,0,2,large,58.39922556560143,13.00390625
2,0,2,large,69.58245124472862,15.0078125
2,0,2,large,81.13607560794587,17.015625
2,0,2,large,97.9426406645581,19.03125
2,0,2,large,94.16483557665357,21.04296875
2,0,2,large,82.35118341219889,23.05859375
2,0,2,large,66.39625481046684,25.05859375
2,0,2,large,42.14653218650564,27.05859375
2,0,2,large,59.877962322291765,29.0703125
2,0,2,medium,63.094024226847914,31.09765625
2,0,2,medium,79.30986149244725,33.11328125
2,0,2,medium,87.67979264106346,35.11328125
2,0,2,medium,68.25861644886498,37.11328125
2,0,2,medium,74.35696134076538,39.125
2,0,2,medium,93.01135303494064,41.16015625
2,0,2,medium,98.79616156171281,43.1640625
2,0,2,medium,94.19866097724682,45.171875
2,0,2,medium,85.52701044124707,47.17578125
2,0,2,medium,98.73941700624131,49.21875
2,0,2,medium,85.21138924490627,51.23046875
2,0,2,medium,86.19714522845175,53.25390625
2,0,2,medium,98.36112834103994,55.390625
2,0,2,medium,99.89947969090309,57.484375
2,0,2,medium,99.99276254707509,59.5234375
2,1,1,large,4.905096132488481,2.9921875
2,1,1,large,11.50327610782314,4.9921875
2,1,1,large,13.098707524888647,6.99609375
2,1,1,large,4.055642204940385,9.00390625
2,1,1,large,1.0930038967034825,11.00390625
2,1,1,large,6.995784363064444,13.00390625
2,1,1,large,6.962855534829089,15.00390625
2,1,1,large,4.9944572151003745,17.015625
2,1,1,large,8.468393152142983,19.0234375
2,1,1,large,15.491124048737774,21.015625
2,1,1,large,6.482860306331214,23.015625
2,1,1,large,8.559304818082929,25.03125
2,1,1,large,11.556930657459423,27.03125
2,1,1,large,73.57694444528232,29.04296875
2,1,1,medium,91.95862796903639,31.0546875
2,1,1,medium,87.8309368990121,33.0546875
2,1,1,medium,89.34130613571426,35.0703125
2,1,1,medium,51.00585538969523,37.0703125
2,1,2,large,15.919989998067987,2.99609375
2,1,2,large,29.251330594701574,4.99609375
2,1,2,large,38.815467336702675,6.99609375
2,1,2,large,31.236575176435164,8.99609375
2,1,2,large,2.5340318777607047,2.984375
2,1,2,large,8.863171012222711,4.984375
2,1,2,large,15.751366457639577,6.984375
2,1,2,large,6.222526493447265,8.984375
2,1,2,large,3.0560099277198134,10.984375
2,1,2,large,8.527496229295304,12.9921875
2,1,2,large,7.004414845695468,14.99609375
2,1,2,large,5.544901316978868,16.99609375
2,1,2,large,38.28365311236084,18.99609375
2,1,2,large,76.6653215163962,20.99609375
2,1,2,large,85.12135671325154,23.0078125
2,1,2,large,45.51180879462761,25.0078125
2,1,2,large,44.454417442625555,27.0078125
2,1,2,large,88.67806783604246,29.0078125
2,1,2,medium,53.764291606866905,31.0078125
2,1,2,medium,80.87689152725608,33.0234375
2,1,2,medium,98.1517529730749,35.0234375
2,0,3,large,54.372380036162696,3.00390625
2,0,3,large,45.770897679084094,5.01953125
2,0,3,large,42.735691237652716,7.02734375
2,0,3,large,50.27713435506031,9.01953125
2,0,3,large,60.12828473897487,11.03125
2,0,3,large,31.922922736635474,13.03125
2,0,3,large,37.341332255792295,15.03125
2,0,3,large,56.77446217234818,17.05859375
2,0,3,large,91.14260131927503,19.125
2,0,3,large,78.73965337717426,21.1875
2,0,3,large,67.31730107549184,23.1875
2,0,3,large,45.587468093113486,25.203125
2,0,3,large,69.21035805941386,27.203125
2,0,3,large,45.53944612829616,29.203125
2,0,3,medium,68.56958037292281,31.23046875
2,0,3,medium,97.2900244928233,33.2421875
2,0,3,medium,99.82766686114735,35.30859375
2,0,3,medium,90.52387995621615,37.3359375
2,0,3,medium,97.14340528341025,39.4296875
2,0,3,medium,99.75818034522553,41.45703125
2,0,3,medium,61.98470323760325,43.46875
2,0,3,medium,48.10480844420341,45.484375
2,0,3,medium,81.81097340265266,47.49609375
2,0,3,medium,98.55018781416244,49.53515625
2,0,3,medium,66.30600706291722,51.546875
2,0,3,medium,69.19846624210373,53.6015625
2,0,3,medium,96.6969189162747,55.6015625
2,0,3,medium,97.31195723319138,57.6171875
2,0,3,medium,99.53912744704316,59.6484375
2,1,3,large,0.0,2.9921875
2,1,3,large,0.49839963903293266,5.00390625
2,1,3,large,2.6816474624006137,7.0078125
2,1,3,large,4.789820226544975,9.00390625
2,1,3,large,2.0124770983389064,10.9921875
2,1,3,large,6.651648388427635,13.00390625
2,1,3,large,8.17390379651118,15.00390625
2,1,3,large,35.55623430082299,17.00390625
2,1,3,large,43.084145604722266,19.01953125
2,0,2,large,17.886961966789734,2.9921875
2,0,2,large,17.479820401322357,5.00390625
2,0,2,large,9.734049371640962,6.98828125
2,0,2,large,10.578566625492607,8.9921875
2,0,2,large,24.4069347195967,11.00390625
2,0,2,large,8.835020656088243,13.015625
2,0,2,large,3.6683130273340154,15.03125
2,0,2,large,10.914808409923577,17.03125
2,0,2,large,51.213510879003394,19.03125
2,0,2,large,53.57025258518246,21.08203125
2,0,2,large,27.44408805469945,23.08203125
2,0,2,large,48.17413516978776,25.12109375
2,0,2,large,90.9774728637393,27.12109375
2,0,2,large,52.08623365840863,29.12109375
2,0,2,medium,32.737784405450334,31.1875
2,0,2,medium,82.8387108125848,33.203125
2,0,2,medium,94.5236877473448,35.28125
2,0,2,medium,69.83499868455121,37.28125
2,0,2,medium,38.782470814124956,39.29296875
2,0,2,medium,38.278865559588496,41.29296875
2,0,2,medium,30.84508849491567,43.30078125
2,0,2,medium,13.110877160285026,45.30859375
2,0,2,medium,13.138114928641768,47.3203125
2,0,2,medium,63.54990429812119,49.375
2,0,2,medium,63.891016167985626,51.38671875
2,0,2,medium,32.9163103703211,53.3984375
2,0,2,medium,90.08493872430594,55.44921875
2,0,2,medium,82.86897027143931,57.453125
2,0,2,medium,27.817655513313905,59.4921875
2,0,2,small,82.62100192968211,61.53515625
2,1,1,large,0.8461656937190436,2.9921875
2,1,1,large,0.49216338546675137,4.9921875
2,1,1,large,0.2425262201801591,6.9921875
2,1,1,large,0.08096624964701205,8.9921875
2,1,1,large,0.03898088005491735,10.9921875
2,1,1,large,0.010275248423708623,12.9921875
2,1,1,large,0.05669280730204616,14.9921875
2,1,1,large,4.741927861492749,16.9921875
2,1,1,large,2.489529638193148,19.00390625
2,1,1,large,8.290151474274188,21.00390625
2,1,1,large,26.339200808021573,23.00390625
2,1,1,large,15.694779986367156,25.015625
2,1,1,large,6.443659870299624,27.015625
2,1,1,large,5.670572084323259,29.015625
2,1,1,medium,8.424310181256018,31.03125
2,1,1,medium,6.841628447468864,33.02734375
2,1,1,medium,9.836445448858397,35.03125
2,1,1,medium,5.632502465343606,37.03125
2,1,1,medium,8.08946887070353,39.03125
2,1,1,medium,2.241457285094506,41.03125
2,1,1,medium,1.5203124217325863,43.02734375
2,1,1,medium,6.626430058246054,45.04296875
2,0,2,large,8.527957186348566,2.9921875
2,0,2,large,11.109598429608896,4.9921875
2,0,2,large,5.066394128516942,6.9921875
2,0,2,large,5.926258078594639,8.9921875
2,0,2,large,6.593273807858806,11.00390625
2,0,2,large,2.7846767858383163,13.01171875
2,0,2,large,12.174616987858615,15.015625
2,0,2,large,59.25226555005071,17.03125
2,0,2,large,41.45289646055739,19.04296875
2,0,2,large,23.02434967411536,21.109375
2,0,2,large,51.08307841771183,23.15234375
2,0,2,large,61.394202912803124,25.17578125
2,0,2,large,21.63889918478731,27.19140625
2,0,2,large,59.65058176674531,29.1875
2,0,2,medium,87.37342325113696,31.23046875
2,0,2,medium,89.32813784702543,33.2421875
2,0,2,medium,65.16733267216983,35.2421875
2,0,2,medium,33.369674603845574,37.2421875
2,0,2,medium,78.16662429158717,39.26171875
2,0,2,medium,78.86238394923058,41.25390625
2,0,2,medium,32.78036215809605,43.26171875
2,0,2,medium,8.896659992954724,45.25390625
2,0,2,medium,4.059074997451477,47.2734375
2,0,2,medium,6.44926989027389,49.29296875
2,0,2,medium,2.3262178272310026,51.30859375
2,0,2,medium,12.725090852992091,53.3203125
2,0,2,medium,13.785587860000138,55.3359375
2,0,2,medium,7.081718198361775,57.33203125
2,0,2,medium,27.294686304310307,59.35546875
2,0,2,small,33.07384779374664,61.375
2,0,2,small,77.19257525739762,63.40234375
2,1,1,large,1.9974599169707548,2.984375
2,1,1,large,4.678965750505193,4.97265625
2,1,1,large,10.428297019719427,6.984375
2,1,1,large,6.04483575211814,8.984375
2,1,1,large,2.0254811602585816,10.984375
2,1,1,large,8.135102846935956,12.984375
2,1,1,large,4.4394511500810685,14.984375
2,1,1,large,2.1173920698797826,16.99609375
2,1,1,large,38.96917212682903,18.99609375
2,1,1,large,87.8131305356111,21.03125
2,1,1,large,59.30824355500037,23.0234375
2,1,1,large,16.610889112490987,25.03515625
2,1,1,large,6.115077387176488,27.03515625
2,1,1,large,8.09993751033262,29.03515625
2,1,1,medium,22.654121504901042,31.03515625
2,1,1,medium,10.395256579726965,33.0390625
2,1,1,medium,13.792064754449823,35.046875
2,1,1,medium,34.6580157457419,37.046875
2,1,1,medium,24.90153697681004,39.046875
2,1,1,medium,55.227153658841495,41.046875
2,1,1,medium,96.2355535259208,43.07421875
2,1,1,medium,98.427753537119,45.0859375
2,0,3,large,6.503958589650846,3.00390625
2,0,3,large,6.218293912399533,5.00390625
2,0,3,large,2.382211271017273,7.00390625
2,0,3,large,9.330984827730127,9.00390625
2,0,3,large,8.557632231634045,11.015625
2,0,3,large,2.2754625485640325,13.015625
2,0,3,large,3.88237050094863,15.03125
2,0,3,large,40.56200105480913,17.04296875
2,0,3,large,24.44735151635182,19.0546875
2,0,3,large,17.261758080273587,21.17578125
2,0,3,large,84.94671094675239,23.17578125
2,0,3,large,69.75309426038449,25.203125
2,0,3,large,20.440324968366514,27.203125
2,0,3,large,8.894399368286496,29.203125
2,0,3,medium,44.91297131359798,31.25390625
2,0,3,medium,27.40941225644025,33.26953125
2,0,3,medium,15.525640598399272,35.296875
2,0,3,medium,54.45107431296364,37.3203125
2,0,3,medium,49.67408799279225,39.33203125
2,0,3,medium,36.02619677582942,41.34765625
2,0,3,medium,10.880630888409295,43.359375
2,0,3,medium,7.992095454504189,45.359375
2,0,3,medium,2.976002836071304,47.359375
2,0,3,medium,9.161967391198726,49.40234375
2,0,3,medium,53.910892368660946,51.42578125
2,0,3,medium,91.82227007661399,53.44140625
2,0,3,medium,51.64758418855391,55.453125
2,0,3,medium,19.9141750894693,57.453125
2,0,3,medium,61.34286333188992,59.48046875
2,0,3,small,79.75890940097383,61.4921875
2,0,3,small,65.60609453310639,63.50390625
2,0,3,small,48.42640690952069,65.51953125
2,0,3,small,91.80229974346199,67.515625
2,0,3,small,87.07511201475086,69.53125
2,0,3,small,65.57992288846926,71.55078125
2,0,3,small,90.981327470165,73.546875
2,0,3,small,98.12601301991683,75.546875
2,0,3,small,89.41313256581321,77.5703125
2,0,3,small,57.33166859697198,79.59765625
2,0,3,small,93.44026317261098,81.59765625
2,0,3,small,99.56090159648383,83.625
2,0,3,small,99.71063213866252,85.63671875
2,0,3,small,99.74584085490764,87.64453125
2,1,3,large,16.96943239340083,2.984375
2,1,3,large,39.57758725086511,4.99609375
2,1,3,large,42.176446972307794,6.99609375
2,1,3,large,37.75793361831958,8.99609375
2,1,3,large,22.29517981286495,10.99609375
2,1,3,large,40.43412045414831,12.99609375
2,1,3,large,17.37069702444094,14.99609375
2,1,3,large,7.023090745033006,16.99609375
2,1,3,large,14.589470052433539,18.99609375
2,1,3,large,19.08814603435733,20.99609375
2,1,3,large,46.11591324060855,22.99609375
2,1,3,large,59.05845810008847,24.99609375
2,1,3,large,71.84282539270482,26.99609375
2,1,3,large,91.79770101988404,28.99609375
2,1,3,medium,50.45726486789813,31.0078125
2,1,3,medium,86.56508543432757,33.0078125
2,1,3,medium,98.78251565565843,35.02734375
2,1,3,medium,94.97586693563802,37.01953125
2,1,3,medium,98.49865495384337,39.01953125
2,1,3,medium,92.05378798462378,41.01953125
2,1,3,medium,89.42630198003842,43.03515625
2,1,3,medium,91.1103478576271,45.046875
2,1,3,medium,98.4719460265346,47.11328125
2,1,3,medium,98.15337846082927,49.1796875
2,1,3,medium,99.87936939678389,51.24609375
2,1,3,medium,99.99208004548215,53.2890625
2,0,1,large,15.950240773713276,2.98046875
2,0,1,large,21.901169119342313,4.98046875
2,0,1,large,20.46483339080452,6.98046875
2,0,1,large,23.27327074454329,8.98046875
2,0,1,large,21.515035184450625,10.98046875
2,0,1,large,12.637680607802437,12.98046875
2,0,1,large,13.289557618230242,14.99609375
2,0,1,large,31.012462726147447,16.99609375
2,0,1,large,66.26148420042453,18.99609375
2,0,1,large,58.15045548650407,21.0078125
2,0,1,large,77.68055772658565,23.0078125
2,0,1,large,96.75379728022456,25.01953125
2,0,1,large,84.32042374274477,27.03515625
2,0,1,large,47.213511832039245,29.046875
2,0,1,medium,27.548302299888636,31.046875
2,0,1,medium,38.056049193962735,33.05078125
2,0,1,medium,65.22303405663212,35.05859375
2,0,1,medium,62.86557256044461,37.0859375
2,0,1,medium,95.6120308552264,39.08984375
2,0,1,medium,95.16889415794307,41.1015625
2,0,1,medium,64.69633445183428,43.11328125
2,0,1,medium,46.63554000538809,45.11328125
2,0,1,medium,78.62825825086941,47.125
2,0,1,medium,92.44566367189037,49.15234375
2,0,1,medium,95.02853943932078,51.16796875
2,1,1,large,17.465230930569874,2.9921875
2,1,1,large,16.908943052794676,4.9921875
2,1,1,large,28.371818942736073,6.98046875
2,1,1,large,14.646985804755458,8.9921875
2,1,1,large,11.543254298588561,10.9921875
2,1,1,large,8.96343478063794,12.9921875
2,1,1,large,11.327489619678312,14.9921875
2,1,1,large,8.701813046776566,16.9921875
2,1,1,large,7.681777781168941,18.9921875
2,1,1,large,19.830050560902222,21.00390625
2,1,1,large,14.85869283710387,22.98828125
2,1,1,large,23.712790989491218,24.98828125
2,1,1,large,54.968027856030616,27.00390625
2,1,1,large,60.41272901758037,29.00390625
2,1,1,medium,20.06640402585395,31.00390625
2,1,1,medium,74.72262316911203,33.00390625
2,1,1,medium,96.54456794823292,35.00390625
2,0,2,large,23.899797799354822,2.9921875
2,0,2,large,20.459814210430466,4.98046875
2,0,2,large,16.44998315231233,7.0078125
2,0,2,large,34.13797829620876,9.00390625
2,0,2,large,26.5485892550842,11.00390625
2,0,2,large,10.27046423408564,13.015625
2,0,2,large,23.230185783622968,15.01953125
2,0,2,large,68.9554013643403,17.046875
2,0,2,large,80.90651486573422,19.0859375
2,0,2,large,69.73917492116406,21.09765625
2,0,2,large,95.1586853457247,23.109375
2,0,2,large,62.80308976434037,25.125
2,0,2,large,34.854620678890825,27.125
2,0,2,large,31.628625342995736,29.125
2,0,2,medium,30.216132856295314,31.13671875
2,0,2,medium,30.649284900631397,33.15234375
2,0,2,medium,42.58716143956374,35.1640625
2,0,2,medium,63.860878162164575,37.1640625
2,0,2,medium,67.42221193178958,39.17578125
2,0,2,medium,37.8207127821252,41.17578125
2,0,2,medium,55.208935975280944,43.19140625
2,0,2,medium,39.52836716393877,45.17578125
2,0,2,medium,31.333827864418506,47.17578125
2,0,2,medium,70.02400948551454,49.203125
2,0,2,medium,56.06809687062585,51.21484375
2,0,2,medium,75.10273079556893,53.23046875
2,0,2,medium,42.430981004476145,55.23046875
2,0,2,medium,18.224902380267036,57.234375
2,0,2,medium,28.165062847464498,59.2421875
2,0,2,small,39.176346113656464,61.26953125
2,0,2,small,88.99670591513546,63.26953125
2,0,2,small,68.28789669435963,65.26953125
2,1,3,large,0.7243151802044897,2.9921875
2,1,3,large,1.504448328760169,4.98046875
2,1,3,large,8.534101262665429,6.9921875
2,1,3,large,9.810004878888595,8.9921875
2,1,3,large,3.111518785479399,10.9921875
2,1,3,large,20.339355569395245,12.9921875
2,1,3,large,50.878531662176215,14.9921875
2,1,3,large,16.26626284831961,16.9921875
2,1,3,large,25.577003583818723,18.9921875
2,1,3,large,55.9620505908662,21.00390625
2,1,3,large,67.07300259935046,23.00390625
2,1,3,large,24.736122630984624,25.03125
2,1,3,large,23.79054458190607,27.00390625
2,1,3,large,57.30185481549864,29.00390625
2,1,3,medium,58.17128966975234,31.00390625
2,1,3,medium,27.607561310965693,33.0234375
2,1,3,medium,57.820707892775985,35.015625
2,1,3,medium,53.420593066664196,37.015625
2,1,3,medium,63.79203974142639,39.03125
2,1,3,medium,70.48543760899739,41.03125
2,1,3,medium,87.21081774285176,43.04296875
2,0,2,large,44.01074907879585,2.9921875
2,0,2,large,38.9166270465965,4.9765625
2,0,2,large,25.3888639774084,6.98046875
2,0,2,large,46.42005984952079,9.00390625
2,0,2,large,37.022223508528604,11.00390625
2,0,2,large,53.30882001660028,12.98828125
2,0,2,large,54.72851924995333,15.00390625
2,0,2,large,47.212150972535646,17.00390625
2,0,2,large,67.08041892652074,19.015625
2,0,2,large,77.79166522464078,21.04296875
2,0,2,large,89.98636433258199,23.04296875
2,0,2,large,89.09947770469537,25.0546875
2,0,2,large,39.01349792578391,27.0546875
2,0,2,large,11.690260005322727,29.0703125
2,0,2,medium,28.00996924194112,31.08203125
2,0,2,medium,92.66065787773158,33.1484375
2,0,2,medium,96.57416751128427,35.17578125
2,0,2,medium,68.91819079551192,37.203125
2,0,2,medium,95.44985496262134,39.2578125
2,1,3,large,13.084727879824447,2.984375
2,1,3,large,40.29172196345063,4.984375
2,1,3,large,28.32823541263954,6.984375
2,1,3,large,11.197267453210936,8.984375
2,1,3,large,30.162611179114204,10.984375
2,1,3,large,30.837379574218275,12.984375
2,1,3,large,11.649135803724135,14.984375
2,1,3,large,13.790097810002564,16.984375
2,1,3,large,36.89742709661888,19.0
2,1,3,large,45.22154737056502,20.99609375
2,1,3,large,27.25701663846894,23.01171875
2,1,3,large,13.897635314528944,25.0
2,1,3,large,11.612888222705628,26.99609375
2,1,3,large,17.46511177916016,28.99609375
2,1,3,medium,25.988043516398776,30.99609375
2,1,3,medium,44.09806190540787,33.01171875
2,1,3,medium,43.76720867090829,35.0078125
2,1,3,medium,26.95780368412524,37.0078125
3,0,2,large,38.49417300960127,2.9921875
3,0,2,large,38.500400538183065,4.9921875
3,0,2,large,33.852752750610264,6.98828125
3,0,2,large,32.40020009284657,8.9921875
3,0,2,large,32.78375605120439,10.984375
3,0,2,large,32.4565822678756,12.9921875
3,0,2,large,33.09909053746004,14.9921875
3,0,2,large,42.03480433859578,16.9921875
3,0,2,large,74.62349272195684,19.015625
3,0,2,large,84.0754990311791,21.03125
3,0,2,large,78.30708825694724,23.03125
3,0,2,large,62.05617951578409,25.04296875
3,0,2,large,48.56252157731891,27.0546875
3,0,2,large,60.76737694268834,29.08984375
3,0,3,large,22.274086853816275,2.98828125
3,0,3,large,33.555601418483974,4.9921875
3,0,3,large,22.62203781449461,6.9921875
3,0,3,large,30.48558793550295,8.9921875
3,0,3,large,28.849658564400887,10.98828125
3,0,3,large,27.466552744694717,12.98828125
3,0,3,large,27.784340690069463,14.98828125
3,0,3,large,32.264319078842945,16.98828125
3,0,3,large,60.892112002618475,19.00390625
3,0,3,large,80.97944301240611,21.04296875
3,0,3,large,76.38006976666563,23.0546875
3,0,3,large,57.42321389718755,25.0546875
3,0,3,large,36.757482171493876,27.0546875
3,0,3,large,62.75913808553854,29.0703125
3,0,3,medium,71.40699240854735,31.7890625
3,0,3,medium,97.71990430699698,33.81640625
3,0,3,medium,99.86212027931882,35.921875
3,1,1,large,31.554278925458913,2.9921875
3,1,1,large,36.976058833945245,4.98828125
3,1,1,large,54.458397964370526,6.98828125
3,1,1,large,77.92954735233462,8.9921875
3,1,1,large,40.27577129396367,10.98828125
3,1,1,large,31.02152379204282,12.98828125
3,1,1,large,36.68289713334599,14.98828125
3,1,1,large,55.04292358533604,16.98828125
3,1,1,large,70.61348739992319,19.00390625
3,1,1,large,54.471731791585,21.00390625
3,1,1,large,85.92333293633035,23.015625
3,1,1,large,95.52453613576508,25.02734375
3,1,1,large,84.78603898983391,27.0390625
3,1,1,large,97.71058272811823,29.0546875
3,1,1,medium,93.98852027239066,31.0546875
3,0,2,large,27.948554948333946,2.9921875
3,0,2,large,31.014077740068174,4.9921875
3,0,2,large,31.540251650109084,6.9921875
3,0,2,large,29.6638240491342,8.9921875
3,0,2,large,27.08478711765538,10.9921875
3,0,2,large,17.704059038560928,12.9921875
3,0,2,large,17.20933028022352,14.9921875
3,0,2,large,24.322734236528735,16.9921875
3,0,2,large,72.13463045740268,19.00390625
3,0,2,large,90.46346103125848,21.04296875
3,0,2,large,92.05696507442465,23.04296875
3,0,2,large,75.00092908980962,25.0703125
3,0,2,large,60.92358406825208,27.0703125
3,0,2,large,80.16111835108589,29.08203125
3,0,2,medium,79.45569783862862,31.13671875
3,0,2,medium,96.96552814467876,33.13671875
3,0,2,medium,99.80847105920694,35.2109375
3,0,2,medium,99.98724038138103,37.2421875
3,0,2,medium,99.93534570793454,39.296875
3,0,2,medium,99.9828327687784,41.29296875
3,0,2,medium,99.98017703448792,43.30859375
3,0,2,medium,97.87106609483848,45.30859375
3,0,2,medium,97.29195386790002,47.3203125
3,0,2,medium,99.06025869663638,49.40234375
3,0,2,medium,99.71485466947462,51.453125
3,0,2,medium,99.98251487722985,53.546875
3,0,2,medium,99.99881090756185,55.5625
3,0,2,medium,99.99992250559052,57.640625
3,0,2,medium,99.9506482305731,59.72265625
3,0,2,small,99.98897341214456,61.7734375
3,1,3,large,23.81156486575971,2.9921875
3,1,3,large,63.4861328644618,5.01953125
3,1,3,large,96.21500409487979,7.0859375
3,1,3,large,99.57934323158355,9.17578125
3,1,3,large,99.97085133113852,11.19140625
3,1,3,large,99.97977299476622,13.23046875
3,1,3,large,99.98935927743432,15.23046875
3,1,3,large,99.86636825388683,17.23046875
3,1,3,large,96.73537471204439,19.2421875
3,1,3,large,97.41981163602506,21.2421875
3,1,3,large,99.6130529360473,23.2421875
3,1,3,large,99.63030405660027,25.2421875
3,1,3,large,98.3860314565193,27.25390625
3,1,3,large,95.45805973086671,29.2578125
3,1,3,medium,98.94940430259777,31.25390625
3,1,3,medium,98.9099972227833,33.26953125
3,1,3,medium,99.7591513874582,35.296875
3,0,2,large,48.755611194329006,2.9921875
3,0,2,large,58.077420705258,4.9921875
3,0,2,large,58.14259552105335,6.9921875
3,0,2,large,54.716046814110754,8.98828125
3,0,2,large,55.37401502323579,10.98828125
3,0,2,large,55.394125231646186,12.9921875
3,0,2,large,55.39025459516665,14.98828125
3,0,2,large,63.88915604284079,16.98828125
3,0,2,large,91.49435973208126,19.00390625
3,0,2,large,98.1685641463149,21.02734375
3,0,2,large,95.28896252480071,23.04296875
3,0,2,large,89.28699599854522,25.0703125
3,0,2,large,76.13975310632205,27.06640625
3,0,2,large,79.75135022068571,29.08203125
3,0,2,medium,69.51595692417249,31.109375
3,0,2,medium,95.01538525545052,33.109375
3,0,2,medium,99.66011489018653,35.1328125
3,0,2,medium,98.79888823822543,37.1328125
3,0,2,medium,94.34138201676782,39.16015625
3,0,2,medium,99.01431288480542,41.171875
3,0,2,medium,99.93459461453854,43.2265625
3,0,2,medium,99.9955510277972,45.2421875
3,0,2,medium,99.99970030481393,47.265625
3,0,2,medium,99.99998064573974,49.3203125
3,0,2,medium,99.88897841267388,51.3203125
3,0,2,medium,99.05658934936235,53.359375
3,0,2,medium,99.44763063097821,55.359375
3,0,2,medium,99.95531852678889,57.359375
3,0,2,medium,99.53734951498265,59.38671875
3,0,2,small,97.18586778488822,61.41015625
3,0,2,small,99.62678178611702,63.4375
3,1,3,large,42.87000031439718,2.9921875
3,1,3,large,75.52650166345616,4.9921875
3,1,3,large,79.36564322642278,6.9921875
3,1,3,large,95.87838683376839,9.015625
3,1,3,large,96.5502830584598,11.015625
3,1,3,large,79.91406180067307,13.015625
3,1,3,large,76.80598796062019,15.015625
3,1,3,large,95.40247912741533,17.015625
3,1,3,large,90.99044559622227,19.03515625
3,1,3,large,89.0400444805272,21.03125
3,1,3,large,86.04222364282265,23.03125
3,1,3,large,98.21357136044611,25.03125
3,1,3,large,98.2186374778201,27.04296875
3,1,3,large,99.19658196096276,29.04296875
3,1,3,medium,99.74766421647831,31.05078125
3,1,3,medium,93.47063800128342,33.0546875
3,0,1,large,28.78888900444859,2.9921875
3,0,1,large,25.47257011201057,4.9921875
3,0,1,large,21.816591261093315,6.9921875
3,0,1,large,18.124105179702234,8.98046875
3,0,1,large,16.4168734599519,10.9921875
3,0,1,large,14.913024114103443,12.9921875
3,0,1,large,16.32876954575581,14.9921875
3,0,1,large,55.04785135739374,16.9921875
3,0,1,large,91.46687930363099,19.00390625
3,0,1,large,98.69204762315638,21.04296875
3,0,1,large,93.60628997063786,23.0546875
3,0,1,large,67.98327168448269,25.0703125
3,0,1,large,74.46881167844435,27.0703125
3,0,1,large,87.45073122392563,29.07421875
3,0,1,medium,75.9830612261628,31.109375
3,0,1,medium,96.44542150124246,33.125
3,0,1,medium,99.7560936947426,35.13671875
3,0,1,medium,99.0117527641758,37.13671875
3,0,1,medium,92.32848260449032,39.1640625
3,0,1,medium,98.61895619655095,41.1640625
3,0,1,medium,99.90103118096249,43.203125
3,0,1,medium,99.8319484459351,45.203125
3,0,1,medium,99.9784777608848,47.21484375
3,0,1,medium,99.99246034067707,49.29296875
3,0,1,medium,99.93727569770176,51.3203125
3,0,1,medium,99.56930444649036,53.38671875
3,0,1,medium,99.95480483439788,55.3984375
3,0,1,medium,99.99698910736869,57.4296875
3,0,1,medium,99.99979304098572,59.4375
3,0,1,small,99.99998597907944,61.45703125
3,0,1,small,99.99631313376156,63.48046875
3,0,1,small,99.8515044038569,65.4921875
3,0,1,small,99.07405990068476,67.51953125
3,0,1,small,99.78766562288482,69.51953125
3,0,1,small,99.98547312580955,71.53125
3,0,1,small,99.99899587677919,73.53515625
3,0,1,small,99.9898383547877,75.53515625
3,1,3,large,49.382893110541964,2.9921875
3,1,3,large,58.118391077385716,4.9921875
3,1,3,large,50.098320169281095,6.9921875
3,1,3,large,66.67344240516776,9.0
3,1,3,large,91.65795780053148,10.9921875
3,1,3,large,95.98670440476039,12.9921875
3,1,3,large,96.13458931305937,14.9921875
3,1,3,large,96.5881292403136,16.9921875
3,1,3,large,95.15079388733767,18.9921875
3,1,3,large,65.08896473229099,20.9921875
3,1,3,large,69.84187265292167,22.9921875
3,1,3,large,94.23343681985716,25.00390625
3,1,3,large,91.4135801995928,27.00390625
3,1,3,large,92.56413080622661,29.0
3,1,3,medium,96.75430005059587,31.015625
3,1,3,medium,80.68201789565674,33.015625
3,1,3,medium,76.10559702543449,35.02734375
3,1,3,medium,95.40487128738917,37.02734375
3,1,3,medium,99.40892825001532,39.02734375
3,1,3,medium,97.43519949838979,41.02734375
3,1,3,medium,99.5925338832759,43.0390625
3,1,3,medium,99.90274598607019,45.0390625
3,1,3,medium,99.98605363897084,47.0390625
3,1,3,medium,96.96764848054211,49.0546875
3,1,3,medium,99.11198719788389,51.0546875
3,0,2,large,45.177737501060264,2.9921875
3,0,2,large,49.47371898628805,4.9921875
3,0,2,large,44.35614013727136,6.9921875
3,0,2,large,52.27464735538418,9.00390625
3,0,2,large,53.044746972758006,11.00390625
3,0,2,large,55.66292173785018,13.01171875
3,0,2,large,55.6663987278135,15.00390625
3,0,2,large,63.11797978371819,17.00390625
3,0,2,large,94.94755805384148,19.01953125
3,0,2,large,99.10160857566834,21.05859375
3,0,2,large,96.96747533013647,23.0703125
3,0,2,large,96.39275382581863,25.17578125
3,0,2,large,98.97051458843936,27.19140625
3,0,2,large,99.60378756514984,29.1953125
3,0,2,medium,94.72003148288408,31.21484375
3,0,2,medium,95.34065394805071,33.23046875
3,0,2,medium,99.6930145433957,35.30859375
3,1,1,large,29.18884352599779,2.9921875
3,1,1,large,51.31393963348916,5.00390625
3,1,1,large,91.98334529556399,7.00390625
3,1,1,large,99.38028765486905,9.00390625
3,1,1,large,97.60721251309576,11.00390625
3,1,1,large,88.52724869372469,13.00390625
3,1,1,large,72.80029142091688,15.00390625
3,1,1,large,95.3200795547748,17.015625
3,1,1,large,95.77278445160104,19.03125
3,1,1,large,94.04400201282468,21.04296875
3,1,1,large,99.54403883099923,23.0703125
3,1,1,large,99.9220184131085,25.0703125
3,1,1,large,98.91731208779059,27.08203125
3,1,1,large,99.73708586642988,29.08203125
3,0,3,large,27.274060482280397,2.9921875
3,0,3,large,30.518423459702543,4.9921875
3,0,3,large,30.591175940205726,6.9921875
3,0,3,large,29.918672531460498,8.9921875
3,0,3,large,27.482733881251278,11.0
3,0,3,large,27.602250739763168,12.98046875
3,0,3,large,33.84120333356367,14.9921875
3,0,3,large,48.16154179588895,16.9921875
3,0,3,large,89.13133907497362,19.00390625
3,0,3,large,97.52633511796661,21.03125
3,0,3,large,95.81724698425202,23.04296875
3,0,3,large,79.64198864756412,25.0546875
3,0,3,large,85.85752909572572,27.0546875
3,0,3,large,96.72854590627571,29.0703125
3,0,3,medium,96.78398112279615,31.08203125
3,0,3,medium,97.3817627604885,33.09375
3,0,3,medium,99.8125857853028,35.12109375
3,0,3,medium,97.93076022873888,37.13671875
3,0,3,medium,89.71529187034332,39.1484375
3,0,3,medium,98.29552608839182,41.1640625
3,0,3,medium,99.88343616777811,43.17578125
3,0,3,medium,99.20553219278052,45.17578125
3,0,3,medium,97.24317288281028,47.203125
3,0,3,medium,99.77795473246391,49.28125
3,0,3,medium,99.97492759389652,51.296875
3,1,2,large,82.30855365882265,2.9921875
3,1,2,large,94.71513455945735,4.9921875
3,1,2,large,99.22557833243619,7.0703125
3,1,2,large,99.95007572643505,9.140625
3,1,2,large,99.99325019070785,11.16796875
3,1,2,large,99.25962860406533,13.1640625
3,1,2,large,95.62265303328661,15.1640625
3,1,2,large,98.07151978803023,17.1640625
3,1,2,large,99.85203244669216,19.1640625
3,1,2,large,99.5842517546412,21.17578125
3,1,2,large,99.7279093903003,23.17578125
3,1,2,large,99.9810942053927,25.17578125
3,1,2,large,99.78478849937278,27.1875
3,1,2,large,99.78764639709371,29.1875
3,1,2,medium,99.98517861713583,31.1875
3,1,2,medium,99.96514991298352,33.203125
3,1,2,medium,99.47623846296469,35.21484375
3,1,2,medium,99.59693872050696,37.296875
3,1,2,medium,99.97234198310267,39.30859375
3,1,2,medium,99.99814591721426,41.3359375
3,0,1,large,74.06607519332584,2.9921875
3,0,1,large,88.9223180310303,4.9921875
3,0,1,large,96.05068088156818,6.9921875
3,0,1,large,89.6424687173783,8.98046875
3,0,1,large,83.54603909920249,10.9921875
3,0,1,large,77.97321147080189,12.9921875
3,0,1,large,74.46254594992959,14.9921875
3,0,1,large,88.62435507664021,16.98828125
3,0,1,large,98.85203809444452,19.00390625
3,0,1,large,94.28366991079263,21.03125
3,0,1,large,92.63423058531922,23.03125
3,0,1,large,81.7145383745726,25.04296875
3,0,1,large,76.30594357745994,27.04296875
3,0,1,large,94.94899537932615,29.0546875
3,0,1,medium,86.67881656580519,31.078125
3,0,1,medium,97.91739437026608,33.10546875
3,0,1,medium,99.85676894115757,35.12109375
3,0,1,medium,99.76256698266468,37.12109375
3,0,1,medium,98.95598247656855,39.12109375
3,0,1,medium,99.27349840744576,41.12109375
3,0,1,medium,99.79017403985566,43.13671875
3,0,1,medium,99.04271330807083,45.13671875
3,0,1,medium,99.3921255839908,47.1484375
3,0,1,medium,99.77236200879034,49.1875
3,0,1,medium,99.90032380292871,51.19921875
3,0,1,medium,98.87030408249404,53.2265625
3,0,1,medium,95.42851021267603,55.2734375
3,0,2,large,16.982883717362192,2.9921875
3,0,2,large,17.518068101450964,4.9921875
3,0,2,large,29.520135540146967,6.9921875
3,0,2,large,29.692597929810173,8.9921875
3,0,2,large,29.888570860021012,10.98046875
3,0,2,large,27.52227478266765,12.9921875
3,0,2,large,22.704105300650397,14.9921875
3,0,2,large,36.79923406504231,16.9921875
3,0,2,large,86.64433680738408,19.00390625
3,0,2,large,97.72295836497456,21.0390625
3,0,2,large,96.30674213098004,23.046875
3,0,2,large,83.37424623789767,25.05859375
3,0,2,large,89.88984245224137,27.05859375
3,0,2,large,95.522141031003,29.05859375
3,0,2,medium,88.06669200121044,31.10546875
3,0,2,medium,95.8599746640357,33.09765625
3,0,2,medium,99.71138890181487,35.109375
3,0,2,medium,99.69556636810238,37.125
3,0,2,medium,92.63942559238983,39.13671875
3,0,2,medium,93.38077992139448,41.1640625
3,0,2,medium,99.50965423302969,43.22265625
3,0,2,medium,99.58093069135815,45.2421875
3,0,2,medium,99.95883733824125,47.2421875
3,0,2,medium,99.99734028089901,49.296875
3,0,2,medium,99.90880766167098,51.30859375
3,0,2,medium,98.10686267968825,53.34765625
3,0,2,medium,98.06554462799419,55.36328125
3,0,2,medium,99.61202858506499,57.375
3,0,2,medium,97.54173205472918,59.38671875
3,0,2,small,96.79391835397945,61.40234375
3,1,3,large,45.43774228839542,2.984375
3,1,3,large,82.99170506617463,5.0
3,1,3,large,97.95590598279637,7.0625
3,1,3,large,99.86075518471839,9.078125
3,1,3,large,99.96396633765818,11.078125
3,1,3,large,99.75956945294858,13.08984375
3,1,3,large,99.45220146890557,15.08984375
3,1,3,large,99.84224170461594,17.08984375
3,1,3,large,99.82716539488752,19.1171875
3,1,3,large,99.55937316630676,21.12890625
3,1,3,large,99.07734867058043,23.12890625
3,1,3,large,99.66421215134037,25.12890625
3,1,3,large,96.46544272145441,27.12890625
3,1,3,large,98.02053736154166,29.12890625
3,1,3,medium,99.77746288374496,31.140625
3,1,3,medium,97.03827261743922,33.140625
3,1,3,medium,91.2725790373301,35.15625
3,1,3,medium,99.19087208330413,37.15625
3,1,3,medium,99.94330370650712,39.15625
3,1,3,medium,99.88304962220305,41.15625
3,1,3,medium,99.26568186100117,43.16796875
3,1,3,medium,99.90847187404455,45.16796875
3,1,3,medium,99.86680686177628,47.16796875
3,1,3,medium,99.5095484718347,49.1796875
3,1,3,medium,99.62555819847991,51.1796875
3,1,3,medium,99.97451809831026,53.1953125
3,1,3,medium,99.99330945777163,55.1953125
3,1,3,medium,99.47997284921301,57.1953125
3,1,3,medium,99.92795941981802,59.1953125
3,1,3,small,99.99507017217968,61.20703125
3,0,3,large,71.25231016517282,2.9921875
3,0,3,large,79.30763157189566,5.00390625
3,0,3,large,75.94467994261746,6.98828125
3,0,3,large,75.76004213908446,9.00390625
3,0,3,large,76.20369489597101,11.00390625
3,0,3,large,70.96399604444744,13.00390625
3,0,3,large,58.467924556050974,15.00390625
3,0,3,large,58.28844762543931,17.00390625
3,0,3,large,80.72893705748885,19.01953125
3,0,3,large,91.94318094373014,21.04296875
3,0,3,large,90.54959007112058,23.04296875
3,0,3,large,86.59986251890162,25.05859375
3,0,3,large,93.14613548686489,27.0703125
3,0,3,large,96.76546879804445,29.0703125
3,0,3,medium,85.99861665535303,31.109375
3,0,3,medium,95.78428909722209,33.12109375
3,0,3,medium,99.71137401276293,35.13671875
3,0,3,medium,99.25428837700076,37.1484375
3,0,3,medium,90.34643272040384,39.1640625
3,0,3,medium,94.46742551413703,41.16015625
3,0,3,medium,99.49543328954888,43.16015625
3,0,3,medium,98.98232892819229,45.17578125
3,0,3,medium,98.90588405522908,47.17578125
3,0,3,medium,99.8880358465942,49.203125
3,0,3,medium,99.94782240037524,51.21484375
3,0,3,medium,97.20667812501415,53.2421875
3,0,3,medium,94.39859438567629,55.25390625
3,0,3,medium,99.48355163144397,57.25390625
3,0,3,medium,98.64380858523036,59.26953125
3,0,3,small,96.19879124505115,61.29296875
3,0,3,small,99.61100379153834,63.30859375
3,0,3,small,99.96466920494832,65.3203125
3,0,3,small,99.80177084129964,67.37109375
3,1,1,large,58.6486533756397,2.984375
3,1,1,large,68.2437531884915,4.98828125
3,1,1,large,62.18468291803751,6.984375
3,1,1,large,84.16940827769724,8.984375
3,1,1,large,91.45404945999208,10.984375
3,1,1,large,77.25577298100177,12.984375
3,1,1,large,95.74032473673425,14.984375
3,1,1,large,97.03285167704774,16.984375
3,1,1,large,87.93129268359176,18.984375
3,1,1,large,72.9087752628742,20.99609375
3,1,1,large,96.37804771525799,22.99609375
3,1,1,large,99.43373514981934,24.99609375
3,1,1,large,99.10600656107363,26.99609375
3,1,1,large,96.41370103691196,28.99609375
3,1,1,medium,98.25444483689452,31.0078125
3,1,1,medium,97.61197777471267,33.03515625
3,0,2,large,70.78211432276535,2.9921875
3,0,2,large,77.14173808273102,4.9921875
3,0,2,large,68.06013241289689,6.9921875
3,0,2,large,63.56782039463949,8.9921875
3,0,2,large,60.98824848429658,10.9921875
3,0,2,large,68.08288717025596,12.9921875
3,0,2,large,63.67799765175897,14.9921875
3,0,2,large,58.753428245651094,16.98828125
3,0,2,large,80.88805346253828,19.00390625
3,0,2,large,85.98858218539768,21.02734375
3,0,2,large,71.5783248780675,23.04296875
3,0,2,large,64.59808628301278,25.0859375
3,0,2,large,94.49073142369707,27.09765625
3,0,2,large,99.39237685693118,29.1640625
3,0,2,medium,97.90752143676178,31.203125
3,0,2,medium,98.14260130377852,33.21484375
3,0,2,medium,99.8733819063006,35.2421875
3,0,2,medium,99.56740904738541,37.2421875
3,0,2,medium,91.22695193865746,39.25390625
3,0,2,medium,94.41843103877241,41.26953125
3,0,2,medium,99.61445923064878,43.28125
3,0,2,medium,99.02576798022848,45.296875
3,0,2,medium,98.59220509480105,47.32421875
3,0,2,medium,99.90490188071894,49.375
3,0,2,medium,99.92073642907887,51.38671875
3,0,2,medium,99.9756457085519,53.4140625
3,0,2,medium,99.84611691030086,55.42578125
3,0,2,medium,99.98934508424158,57.43359375
3,0,2,medium,99.98911032612186,59.4921875
3,1,3,large,64.69791505567139,2.9921875
3,1,3,large,78.73777669607088,4.9921875
3,1,3,large,67.47234235041539,6.9921875
3,1,3,large,93.13342227163363,9.00390625
3,1,3,large,83.65386367684071,11.00390625
3,1,3,large,62.06457658762514,13.00390625
3,1,3,large,93.03929042418594,15.00390625
3,1,3,large,96.34749368316024,17.015625
3,1,3,large,81.93313595772948,19.015625
3,1,3,large,69.40185762288573,21.02734375
3,1,3,large,96.04659955940933,23.02734375
3,1,3,large,98.09209530874226,25.04296875
3,1,3,large,94.5308281896789,27.0546875
3,1,3,large,98.07114159738532,29.0546875
3,1,3,medium,96.36560310061313,31.0703125
3,1,3,medium,87.9676166041106,33.0703125
3,1,3,medium,96.57817891400981,35.0703125
3,1,3,medium,99.57452047011978,37.06640625
3,1,3,medium,99.92408363538277,39.08203125
3,1,3,medium,99.5304096524617,41.08203125
3,1,3,medium,96.54057628534329,43.08203125
3,1,3,medium,98.96238009371308,45.09375
3,1,3,medium,95.83417863286105,47.09375
3,1,3,medium,87.90133107453237,49.109375
3,1,3,medium,95.12411975839095,51.10546875
3,1,3,medium,99.60191010956133,53.10546875
3,1,3,medium,99.94910471768529,55.10546875
3,1,3,medium,98.98231391242385,57.1171875
3,1,3,medium,99.44237305825908,59.12109375
3,1,3,small,99.36215947140472,61.1328125
3,0,2,large,16.61228558214512,2.9921875
3,0,2,large,13.287775573395763,4.9921875
3,0,2,large,10.50171787787377,6.9921875
3,0,2,large,10.255694618061465,8.9765625
3,0,2,large,10.30039401047079,10.9921875
3,0,2,large,25.67253795680645,12.9921875
3,0,2,large,10.017418005617762,14.9921875
3,0,2,large,4.879176306030158,16.9921875
3,0,2,large,54.54134945672139,19.00390625
3,0,2,large,93.57251427344218,21.04296875
3,0,2,large,85.84824047475716,23.0390625
3,0,2,large,72.61604414787284,25.0546875
3,0,2,large,75.28398866724075,27.0546875
3,0,2,large,81.6739640581593,29.0703125
3,0,2,medium,72.19172649061608,31.109375
3,0,2,medium,94.38400230324123,33.12109375
3,0,2,medium,99.62921886143646,35.17578125
3,0,2,medium,99.95887513469978,37.17578125
3,0,2,medium,94.05801039505232,39.1875
3,0,2,medium,98.6660614697478,41.1875
3,0,2,medium,99.8177959353515,43.19921875
3,0,2,medium,97.72752104910626,45.21484375
3,0,2,medium,97.9615463754156,47.2265625
3,0,2,medium,99.85405137325299,49.26953125
3,0,2,medium,99.96225491503988,51.265625
3,0,2,medium,94.92524731608695,53.30859375
3,0,2,medium,96.97981343580997,55.30859375
3,0,2,medium,99.70036467264136,57.30859375
3,0,2,medium,99.73969099815979,59.33203125
3,1,1,large,75.93918423459678,2.984375
3,1,1,large,88.85393527855302,4.984375
3,1,1,large,91.7730894818753,6.984375
3,1,1,large,98.6401469023033,8.984375
3,1,1,large,99.35032565924402,10.984375
3,1,1,large,93.72953540264983,12.99609375
3,1,1,large,94.40291278425042,14.99609375
3,1,1,large,99.23786108304495,17.0
3,1,1,large,97.64357913843673,18.99609375
3,1,1,large,90.79602681484724,20.99609375
3,1,1,large,98.3251891651471,23.0078125
3,1,1,large,99.54286751113064,25.0078125
3,1,1,large,98.28854395740942,27.0078125
3,1,1,large,98.43007694137734,29.0078125
3,1,1,medium,99.316997247063,31.0078125
3,1,1,medium,97.40067730254088,33.0078125
3,1,1,medium,98.42226038559943,35.0234375
3,1,1,medium,99.59279924486776,37.0234375
3,1,1,medium,99.63781567924332,39.015625
3,1,1,medium,99.46038556046355,41.0234375
3,1,1,medium,99.46566226750909,43.0234375
3,1,1,medium,99.48503834193086,45.0234375
3,1,1,medium,99.63194952697562,47.0234375
3,1,1,medium,98.77882672168504,49.03515625
3,1,1,medium,99.60153642649868,51.03515625
3,1,1,medium,99.37263362053793,53.046875
3,1,1,medium,97.02680674172126,55.046875
3,1,1,medium,98.91393752944897,57.046875
3,1,1,medium,99.846147975093,59.0625
3,1,1,small,99.98963035737185,61.0859375
3,1,1,small,99.99151014079186,63.11328125
4,0,1,large,1.687642951888256,2.9921875
4,0,1,large,1.6352593433024145,4.99609375
4,0,1,large,1.2112211213942947,7.00390625
4,0,1,large,0.858022678868583,8.9921875
4,0,1,large,0.7238971075346475,11.00390625
4,0,1,large,0.5470637758848756,12.9921875
4,0,1,large,0.614096406626706,15.00390625
4,0,1,large,1.2340000380602176,17.00390625
4,0,1,large,2.8526504892198754,19.00390625
4,0,1,large,1.5393217309437235,21.03125
4,0,1,large,3.6212593894160467,23.04296875
4,1,1,large,0.7922398566808364,2.9921875
4,1,1,large,0.49020485766116345,5.00390625
4,1,1,large,0.6689686958502261,7.00390625
4,1,1,large,1.3588640385417252,9.00390625
4,1,1,large,0.6699076049221673,11.00390625
4,1,1,large,0.5167539489127664,13.00390625
4,1,1,large,1.15814147259009,15.00390625
4,1,1,large,1.1260533414211147,17.00390625
4,1,1,large,0.9383101770534139,19.00390625
4,1,1,large,1.4635526379903734,21.00390625
4,1,1,large,3.3143476258296785,23.00390625
4,1,1,large,4.417736068686568,25.00390625
4,1,1,large,1.4603520651445068,27.37890625
4,0,1,large,0.3275083074575946,2.9921875
4,0,1,large,0.4435615607081823,4.9921875
4,0,1,large,0.4804941871209727,6.9921875
4,0,1,large,0.5387607506416768,8.9921875
4,0,1,large,0.3806620971326517,10.9921875
4,0,1,large,1.10315601291405,12.9921875
4,0,1,large,0.7288291952199774,14.9921875
4,0,1,large,0.8563481097472916,16.9921875
4,0,1,large,2.8252645779230123,18.9921875
4,0,1,large,0.840796089920196,21.01953125
4,0,1,large,2.129654203124063,23.03125
4,1,3,large,0.4234284381641107,2.9921875
4,1,3,large,0.4337051303056769,4.9921875
4,1,3,large,0.4521994041440142,6.9765625
4,1,3,large,1.4433953211194503,8.9921875
4,1,3,large,1.3724711349222822,10.9921875
4,1,3,large,0.6794938262459533,12.9921875
4,1,3,large,1.303627794161032,14.9921875
4,1,3,large,2.463142316440031,16.9921875
4,1,3,large,11.71466144519254,18.9921875
4,1,3,large,15.960338497536124,20.98828125
4,1,3,large,33.72089864731262,23.00390625
4,1,3,large,18.31121378477777,25.00390625
4,1,3,large,12.283921006112562,27.00390625
4,1,3,large,16.070038310745566,29.00390625
4,1,3,medium,5.142433010305368,31.015625
4,1,3,medium,10.903988653973613,33.03125
4,1,3,medium,31.467788287599518,35.02734375
4,1,3,medium,51.96193299492022,37.02734375
4,1,3,medium,18.59032507539576,39.04296875
4,1,3,medium,35.49277525616567,41.04296875
4,1,3,medium,30.65006307136654,43.04296875
4,1,3,medium,26.510761654828976,45.04296875
4,1,3,medium,24.235854925479956,47.04296875
4,1,3,medium,53.70832257340181,49.0546875
4,1,3,medium,43.00661954207783,51.0546875
4,1,3,medium,23.355798206074915,53.06640625
4,1,3,medium,32.06978948892088,55.06640625
4,0,2,large,0.1661722242731284,3.00390625
4,0,2,large,1.257692002795559,4.9921875
4,0,2,large,1.405075690791417,6.9921875
4,0,2,large,1.0198037235414759,8.9921875
4,0,2,large,0.8334066642836027,10.9921875
4,0,2,large,0.7429221210791249,12.98828125
4,0,2,large,0.8737845961713634,15.00390625
4,0,2,large,1.4817695740455241,16.98828125
4,0,2,large,1.1076444213491472,18.98828125
4,0,2,large,0.5422825043356656,21.015625
4,0,2,large,19.650522503286155,23.03125
4,0,2,large,15.294925399503953,25.03125
4,0,2,large,6.578129139489929,27.04296875
4,0,2,large,3.200153405079267,29.0546875
4,0,2,medium,2.109133127410291,31.0546875
4,0,2,medium,16.60103750414939,33.0703125
4,0,2,medium,11.568965638384263,35.08203125
4,0,2,medium,23.465317335814696,37.08203125
4,0,2,medium,30.93562157493673,39.09375
4,0,2,medium,52.56392645921751,41.09375
4,0,2,medium,21.134313442691713,43.109375
4,0,2,medium,24.51235131742321,45.109375
4,0,2,medium,45.432263642940406,47.109375
4,0,2,medium,15.086197795039828,49.1484375
4,0,2,medium,6.500733426665123,51.16015625
4,0,2,medium,9.062904068740185,53.16015625
4,0,2,medium,8.27376776138729,55.17578125
4,0,2,medium,16.97828412088308,57.17578125
4,0,2,medium,17.61406024036338,59.1875
4,0,2,small,19.831272929171877,61.21484375
4,0,2,small,70.93607612765092,63.21484375
4,0,2,small,32.208795068362484,65.23046875
4,0,2,small,32.59351647955543,67.23828125
4,0,2,small,38.45546883902793,69.27734375
4,0,2,small,38.812469302519034,71.29296875
4,0,2,small,27.0674848137796,73.29296875
4,0,2,small,19.567965853926815,75.29296875
4,0,2,small,27.386576516387024,77.359375
4,1,2,large,1.90556494240286,2.9921875
4,1,2,large,4.565759195518707,4.9921875
4,1,2,large,4.100217121335287,6.9921875
4,1,2,large,2.525907206636853,8.9921875
4,1,2,large,2.4963136834361386,10.9921875
4,1,2,large,3.675011709896172,12.9921875
4,1,2,large,4.191002212102969,14.9921875
4,1,2,large,2.698496907169775,16.9921875
4,1,2,large,4.735892793069087,18.9921875
4,1,2,large,6.8209567010449845,20.9921875
4,1,2,large,7.153768864938845,22.9921875
4,1,2,large,3.1819426570240155,24.9921875
4,1,2,large,7.776969235975869,26.9921875
4,1,2,large,6.826090986471131,28.9921875
4,1,2,medium,3.2903762328433146,30.9921875
4,1,2,medium,7.004148636764185,32.99609375
4,0,3,large,0.5185501094667433,3.00390625
4,0,3,large,0.7291950517034388,5.00390625
4,0,3,large,0.6932105444977326,7.00390625
4,0,3,large,0.638005942238265,9.00390625
4,0,3,large,0.6202466795597685,11.01171875
4,0,3,large,0.5467840199981062,13.00390625
4,0,3,large,0.7503991466246682,15.00390625
4,0,3,large,1.6855855504786252,17.00390625
4,0,3,large,1.0634035104313986,19.01171875
4,0,3,large,0.4432426111056916,21.03125
4,0,3,large,18.818016625450277,23.04296875
4,0,3,large,25.333817652307914,25.05078125
4,0,3,large,22.465858072869217,27.0546875
4,0,3,large,7.66532806009166,29.0703125
4,0,3,medium,7.122037357189972,31.08203125
4,0,3,medium,46.02398471878351,33.08203125
4,0,3,medium,21.82835370497912,35.09375
4,0,3,medium,16.17916981670858,37.09375
4,0,3,medium,14.403522496273323,39.09375
4,0,3,medium,18.046184968471287,41.109375
4,0,3,medium,5.48544180297737,43.109375
4,0,3,medium,16.89035263090238,45.11328125
4,0,3,medium,63.88237987093877,47.1171875
4,0,3,medium,41.26554134228813,49.17578125
4,0,3,medium,18.17204025610937,51.19921875
4,0,3,medium,11.317821896662132,53.19921875
4,0,3,medium,14.51680244857706,55.21484375
4,0,3,medium,33.448559277299566,57.21484375
4,0,3,medium,17.75324987998599,59.23828125
4,0,3,small,22.542332987421155,61.25390625
4,0,3,small,58.167679336175425,63.29296875
4,0,3,small,19.55115832727453,65.3203125
4,1,2,large,1.6885967180591268,2.9921875
4,1,2,large,1.8600775773151974,4.9921875
4,1,2,large,2.6486185198916017,6.9921875
4,1,2,large,2.5087733064547733,8.98046875
4,1,2,large,2.5829638787217344,10.9921875
4,1,2,large,5.843149003691029,12.9921875
4,1,2,large,7.212795859843381,14.9921875
4,1,2,large,4.764291666705002,16.9921875
4,1,2,large,27.050996617311885,18.9921875
4,1,2,large,55.982139311929004,21.00390625
4,1,2,large,65.94936707221828,23.00390625
4,1,2,large,19.584133496343927,25.00390625
4,1,2,large,12.287774489201569,27.00390625
4,1,2,large,7.506216270575051,29.00390625
4,1,2,medium,3.503267730609559,31.00390625
4,1,2,medium,7.965646265214738,33.00390625
4,1,2,medium,31.449807195625887,35.015625
4,1,2,medium,69.40386101736792,37.01953125
4,1,2,medium,40.87247655304188,39.015625
4,1,2,medium,32.10722264502778,41.02734375
4,1,2,medium,42.23379372053444,43.02734375
4,0,1,large,4.675287163844487,2.9921875
4,0,1,large,6.152514444381904,4.9921875
4,0,1,large,3.9976770086621807,6.9921875
4,0,1,large,2.538592605402048,8.9921875
4,0,1,large,2.423995148441034,10.9921875
4,0,1,large,2.150325754791547,12.99609375
4,0,1,large,1.9659835023828518,14.9921875
4,0,1,large,2.8287252383191053,16.9921875
4,0,1,large,4.957944433615007,18.9921875
4,0,1,large,2.330604253885344,21.015625
4,0,1,large,36.013632369250026,23.03125
4,0,1,large,17.317143131182945,25.02734375
4,0,1,large,5.270135399053617,27.03125
4,0,1,large,2.588331012752114,29.03125
4,0,1,medium,8.107435072216003,31.0546875
4,0,1,medium,81.67332092396074,33.0546875
4,0,1,medium,36.916039873835004,35.0703125
4,0,1,medium,16.650341431869194,37.0703125
4,0,1,medium,14.335844384050858,39.08203125
4,0,1,medium,8.089328642664043,41.08203125
4,0,1,medium,3.146741657345253,43.08203125
4,0,1,medium,19.076019455147993,45.09375
4,0,1,medium,37.78414834438626,47.09375
4,0,1,medium,32.289778200463886,49.1328125
4,0,1,medium,39.82249762674357,51.1328125
4,0,1,medium,34.121278110562955,53.1328125
4,0,1,medium,17.87679852830579,55.1484375
4,0,1,medium,10.01851626349849,57.1484375
4,0,1,medium,7.6461038899940466,59.1484375
4,0,1,small,11.795616557660544,61.16015625
4,0,1,small,52.78296426491002,63.171875
4,0,1,small,31.67160320098939,65.1875
4,0,1,small,34.064033543813096,67.19921875
4,0,1,small,74.38776941203906,69.19921875
4,0,1,small,57.17479395366005,71.21484375
4,1,1,large,0.9949519673697786,3.00390625
4,1,1,large,0.7525034438631749,5.00390625
4,1,1,large,0.3729459595572089,7.00390625
4,1,1,large,0.34680084954557877,9.00390625
4,1,1,large,0.3759368929976516,11.00390625
4,1,1,large,0.4642681268462288,13.00390625
4,1,1,large,1.1249746247938408,15.00390625
4,1,1,large,1.1095268541303867,17.00390625
4,1,1,large,1.1366467252543022,19.00390625
4,1,1,large,2.365398938500689,21.00390625
4,1,1,large,2.355110683646798,23.00390625
4,1,1,large,1.7725271485525242,25.00390625
4,1,1,large,1.3781900102062656,27.00390625
4,1,1,large,1.3947489550656744,29.0078125
4,1,1,medium,2.524839542847185,31.0
4,1,1,medium,4.174165769490717,33.015625
4,1,1,medium,19.80837616926081,35.015625
4,1,1,medium,60.52064879465814,37.015625
4,1,1,medium,32.5576314403243,39.015625
4,1,1,medium,13.16837991471222,41.015625
4,0,3,large,1.0028044440633443,2.9921875
4,0,3,large,0.8900743772311615,4.9921875
4,0,3,large,1.0157503695148442,6.9921875
4,0,3,large,1.1209438226639366,8.9921875
4,0,3,large,1.05408068149992,10.9921875
4,0,3,large,0.9516674644715714,12.9921875
4,0,3,large,0.8664443342963637,14.9921875
4,0,3,large,1.5749845125393465,16.9921875
4,0,3,large,5.132183799371604,19.00390625
4,0,3,large,3.314210868337148,21.03125
4,0,3,large,49.73376815536089,23.03125
4,0,3,large,37.85210629055952,25.04296875
4,0,3,large,11.985835999012922,27.04296875
4,0,3,large,4.355445616725445,29.0546875
4,0,3,medium,6.625363826775089,31.08203125
4,0,3,medium,71.16731325429384,33.08203125
4,0,3,medium,67.85448656532377,35.109375
4,0,3,medium,37.92878860544967,37.109375
4,0,3,medium,16.689032780545062,39.109375
4,0,3,medium,20.167801180047917,41.12109375
4,0,3,medium,6.552669728175309,43.12109375
4,0,3,medium,7.5268565366494355,45.12890625
4,0,3,medium,11.11758731924833,47.13671875
4,0,3,medium,7.064478438334803,49.1640625
4,0,3,medium,15.899762314535307,51.16015625
4,0,3,medium,20.84932084104998,53.17578125
4,0,3,medium,12.063559161977379,55.1875
4,0,3,medium,7.399860988704873,57.1875
4,0,3,medium,33.61043476989279,59.1875
4,0,3,small,22.748166534267202,61.19921875
4,0,3,small,39.35636581493962,63.2265625
4,1,2,large,2.2198270671649123,3.00390625
4,1,2,large,3.6309347129909546,5.00390625
4,1,2,large,19.16815264561012,7.00390625
4,1,2,large,23.45902468381754,9.00390625
4,1,2,large,9.772920248640274,11.00390625
4,1,2,large,4.037136522941972,13.00390625
4,1,2,large,2.5915898455413773,15.00390625
4,1,2,large,1.8336073248361386,17.00390625
4,1,2,large,3.691315231692388,19.0
4,1,2,large,13.258869390752217,21.00390625
4,1,2,large,22.1102322269555,23.0
4,1,2,large,10.54891111436898,25.015625
4,1,2,large,14.121750859060093,27.015625
4,1,2,large,7.024679852527605,29.015625
4,1,2,medium,3.858316226087349,31.015625
4,1,2,medium,14.76230724003274,33.015625
4,1,2,medium,18.79601953107425,35.015625
4,1,2,medium,46.328068644626214,37.02734375
4,1,2,medium,20.43547063584491,39.02734375
4,0,3,large,0.6270858413496763,3.01171875
4,0,3,large,1.1097500996904994,5.00390625
4,0,3,large,1.4381106864486264,7.00390625
4,0,3,large,1.2482347564571494,9.00390625
4,0,3,large,1.2362363531965341,11.00390625
4,0,3,large,1.4882940293209308,13.00390625
4,0,3,large,1.5212025621411454,15.00390625
4,0,3,large,2.0230969767672287,17.00390625
4,0,3,large,2.222048727411246,19.015625
4,0,3,large,6.360082116987332,21.04296875
4,0,3,large,46.13049692765469,23.04296875
4,0,3,large,26.258799046402743,25.04296875
4,0,3,large,12.80992584760611,27.04296875
4,0,3,large,4.3482524560647455,29.0546875
4,0,3,medium,5.755169921966024,31.0703125
4,0,3,medium,73.91154297819745,33.0703125
4,0,3,medium,98.19172782938801,35.09375
4,0,3,medium,70.63938117157738,37.109375
4,0,3,medium,27.623092647535916,39.109375
4,0,3,medium,79.58500974467285,41.12109375
4,0,3,medium,45.75035552668547,43.12109375
4,0,3,medium,37.37164022115513,45.12109375
4,0,3,medium,53.26583981631167,47.12109375
4,0,3,medium,87.14753556505741,49.17578125
4,1,2,large,0.5501552384109055,2.99609375
4,1,2,large,0.5770389459315362,4.99609375
4,1,2,large,0.92663477149295,6.99609375
4,1,2,large,1.8463816754548457,8.9921875
4,1,2,large,1.7214627551233068,10.9921875
4,1,2,large,2.2300277634295713,12.9921875
4,1,2,large,1.4734306761529703,14.9921875
4,1,2,large,0.6192292066022721,16.9921875
4,1,2,large,14.549689756194905,18.9921875
4,1,2,large,33.53805787582919,20.99609375
4,1,2,large,73.42699186654866,23.00390625
4,1,2,large,43.53020488615843,25.0078125
4,1,2,large,15.608801426833123,27.00390625
4,1,2,large,9.536881123387504,29.00390625
4,1,2,medium,10.391830635642847,31.00390625
4,1,2,medium,29.92555672041902,33.00390625
4,1,2,medium,25.33729791980845,35.01953125
4,1,2,medium,61.493609789761216,37.01953125
4,1,2,medium,20.862335570526497,39.01953125
4,1,2,medium,14.953297503120123,41.03125
4,1,2,medium,9.184240821007807,43.03125
4,1,2,medium,21.831533203114727,45.03125
4,1,2,medium,27.40934146715219,47.03125
4,1,2,medium,40.53163257971602,49.03125
4,1,2,medium,60.757140379552666,51.03125
4,1,2,medium,92.72701286344878,53.04296875
4,1,2,medium,77.95330313631598,55.04296875
4,1,2,medium,71.77161204868499,57.04296875
4,1,2,medium,94.73748002514579,59.046875
4,1,2,small,89.03400742817982,61.05859375
4,0,1,large,0.6975256177763879,2.9921875
4,0,1,large,0.8147472056173595,4.9921875
4,0,1,large,1.2354746677748003,6.9921875
4,0,1,large,1.4338916042147059,8.9921875
4,0,1,large,1.5040768033213854,10.9921875
4,0,1,large,1.2034109776155357,12.9921875
4,0,1,large,0.5528789141560173,14.9921875
4,0,1,large,1.663894751543216,16.9921875
4,0,1,large,1.568558062089287,19.00390625
4,0,1,large,1.1834650677606786,21.04296875
4,0,1,large,10.40774408715869,23.04296875
4,0,1,large,12.740565699502774,25.04296875
4,0,1,large,5.703560348565037,27.05859375
4,0,1,large,4.117907323543225,29.0546875
4,0,1,medium,25.035066985258347,31.08203125
4,0,1,medium,87.69209517486352,33.08203125
4,0,1,medium,46.047363395272065,35.08203125
4,0,1,medium,30.55328545104924,37.09375
4,1,2,large,1.262495609838443,2.9921875
4,1,2,large,1.8399710864328391,4.9921875
4,1,2,large,5.322303561278292,6.9921875
4,1,2,large,7.074605654603837,8.9921875
4,1,2,large,5.647334147492111,10.9921875
4,1,2,large,4.265728690480996,12.9921875
4,1,2,large,2.2884490185256996,14.9921875
4,1,2,large,1.405598341542986,16.9921875
4,1,2,large,9.240897788840453,19.00390625
4,1,2,large,8.699682851475984,21.00390625
4,1,2,large,44.91062413793121,23.00390625
4,1,2,large,73.98148870168119,25.00390625
4,1,2,large,53.75465255088017,27.00390625
4,1,2,large,36.964262244066816,29.00390625
4,1,2,medium,27.772342650247317,31.00390625
4,1,2,medium,45.79220003408845,33.015625
4,1,2,medium,52.303209128148815,35.015625
4,1,2,medium,84.42684012363503,37.02734375
4,1,2,medium,50.109253734071615,39.02734375
4,1,2,medium,16.18270201719512,41.02734375
4,1,2,medium,5.2112086432217595,43.02734375
4,1,2,medium,24.718601888233678,45.02734375
4,1,2,medium,23.57644216196718,47.02734375
4,1,2,medium,19.20086333397772,49.0390625
4,1,2,medium,63.5146887894616,51.0390625
4,1,2,medium,26.784412046699792,53.0390625
4,1,2,medium,8.421526447831479,55.0390625
4,1,2,medium,31.14778698042038,57.0390625
4,0,1,large,0.7534212197501047,2.9921875
4,0,1,large,1.3441770976901817,4.9921875
4,0,1,large,0.9772102067122941,6.9921875
4,0,1,large,1.052240674080092,8.9921875
4,0,1,large,1.7448229786571887,10.9921875
4,0,1,large,1.7453560204286163,12.9921875
4,0,1,large,1.6847974996733035,14.9921875
4,0,1,large,1.7119856030855902,16.9921875
4,0,1,large,0.6609118548971548,19.00390625
4,0,1,large,0.4658717823923011,21.03125
4,0,1,large,12.164383275729802,23.04296875
4,0,1,large,16.034611248476455,25.04296875
4,0,1,large,6.4625320037415666,27.04296875
4,0,1,large,6.430418068101913,29.04296875
4,0,1,medium,13.85531259529787,31.0546875
4,0,1,medium,18.116499459144226,33.0703125
4,0,1,medium,16.99414254690527,35.08203125
4,0,1,medium,26.856229006910546,37.08203125
4,0,1,medium,24.804931583309,39.08203125
4,0,1,medium,24.21440768859354,41.09765625
4,0,1,medium,34.188728908561046,43.09375
4,0,1,medium,41.810000090509845,45.109375
4,0,1,medium,86.4745608675835,47.1328125
4,0,1,medium,37.77395667125201,49.17578125
4,0,1,medium,21.912810775850495,51.17578125
4,0,1,medium,25.134066553037023,53.203125
4,0,1,medium,67.35365349913862,55.21484375
4,0,1,medium,46.46843167913758,57.21484375
4,0,1,medium,28.889726702678033,59.2421875
4,0,1,small,82.8791347194498,61.25390625
4,0,1,small,91.47866163501985,63.28125
4,0,1,small,75.25377948442329,65.30859375
4,1,3,large,1.1195437353893805,2.9921875
4,1,3,large,4.0864233717872605,4.9921875
4,1,3,large,13.63708962961512,6.9921875
4,1,3,large,11.119395508003535,8.9921875
4,1,3,large,4.672142602407391,10.9921875
4,1,3,large,8.5362916674178,12.9921875
4,1,3,large,5.1633380016204296,14.9921875
4,1,3,large,3.24164995512748,16.9921875
4,1,3,large,12.258923163439741,18.9921875
4,1,3,large,24.249989403875126,20.9921875
4,1,3,large,9.930842715303541,22.9921875
4,1,3,large,4.0098827507002035,24.9921875
4,1,3,large,15.20403057717633,26.9921875
4,1,3,large,7.595134685648551,28.98828125
4,1,3,medium,4.462512572766067,31.0
4,1,3,medium,30.576913507458855,33.0
4,1,3,medium,53.57399294453649,35.00390625
4,1,3,medium,43.555933856177546,37.0
4,1,3,medium,25.89523358902212,39.00390625
4,1,3,medium,37.112793999546504,41.0
4,1,3,medium,75.23118587024325,43.015625
4,1,3,medium,73.46309982629889,45.015625
4,1,3,medium,72.68683049205296,47.015625
4,1,1,large,2.7930805638351495,2.9921875
4,1,1,large,9.288659892121599,4.9921875
4,1,1,large,28.62520278516412,6.9921875
4,1,1,large,28.562456097481284,8.9921875
4,1,1,large,24.897379397580742,10.9921875
4,1,1,large,8.887079381338712,12.9921875
4,1,1,large,16.59066042152068,14.9921875
4,1,1,large,83.16773795286268,17.00390625
4,1,1,large,61.94529320076424,19.00390625
4,1,1,large,39.38628482987981,21.00390625
4,1,1,large,59.652333943563505,23.00390625
4,1,1,large,66.52874091578762,25.015625
4,1,1,large,35.55456908949771,27.015625
4,1,1,large,37.829377301699665,29.015625
4,0,3,large,4.280837492838867,2.9921875
4,0,3,large,7.041901750761315,4.9921875
4,0,3,large,5.600662247931742,6.9921875
4,0,3,large,5.323042280109732,8.99609375
4,0,3,large,5.4928976928814865,10.9921875
4,0,3,large,4.646083983449248,12.9921875
4,0,3,large,3.321472794271432,14.9921875
4,0,3,large,2.105849598429903,16.98828125
4,0,3,large,0.7827490090094066,19.00390625
4,0,3,large,0.45415335268040824,21.015625
4,0,3,large,15.577240903959304,23.03125
4,0,3,large,21.588605116726775,25.03125
4,0,3,large,10.03148125044068,27.03125
4,0,3,large,4.124105493153534,29.03125
4,0,3,medium,11.845750039845282,31.05859375
4,0,3,medium,48.202891361843456,33.0546875
4,0,3,medium,38.84975249545294,35.08203125
4,0,3,medium,40.63136800485537,37.08203125
4,0,3,medium,35.25318487036724,39.08203125
4,0,3,medium,70.52370641499955,41.09765625
4,0,3,medium,24.652518257900326,43.09375
4,0,3,medium,24.313556233406793,45.09375
4,0,3,medium,42.59640554053067,47.109375
4,0,3,medium,16.964935614607114,49.1484375
4,0,3,medium,35.74279772696642,51.16015625
4,0,3,medium,53.81718221458681,53.17578125
4,0,3,medium,51.38007731445362,55.17578125
4,0,3,medium,16.769727949034703,57.17578125
4,0,3,medium,38.88862010558374,59.19921875
4,0,3,small,84.13962668603611,61.21484375
4,0,3,small,92.58263106695469,63.2265625
4,0,3,small,49.09903224598677,65.2265625
4,0,3,small,51.05827781776119,67.23828125
4,0,3,small,71.96388840095277,69.23828125
4,0,3,small,58.058439733511996,71.25390625
4,0,3,small,39.11344954124991,73.265625
4,0,3,small,27.440949591664793,75.265625
4,0,3,small,53.85769768497161,77.29296875
4,0,3,small,36.86951833258975,79.3203125
4,0,3,small,27.53010360914247,81.33203125
4,0,3,small,55.26276541379461,83.34375
4,0,3,small,53.47237692455379,85.34375
4,0,3,small,27.99959757832216,87.359375
4,1,2,large,0.3437736151372959,2.9921875
4,1,2,large,1.565669742631549,4.9921875
4,1,2,large,4.741414513573972,6.9921875
4,1,2,large,4.549836669523058,8.9921875
4,1,2,large,3.2842888727250124,10.9921875
4,1,2,large,11.317069407628054,12.9921875
4,1,2,large,5.356575429067867,14.9921875
4,1,2,large,3.2483259809131715,16.9921875
4,1,2,large,15.632025117955513,18.9921875
4,1,2,large,40.40365877850554,20.9921875
4,1,2,large,29.75815637165279,23.00390625
4,1,2,large,11.088281062396206,25.00390625
4,1,2,large,17.830857982716317,27.00390625
4,1,2,large,7.943130724473219,29.00390625
4,1,2,medium,3.036194607300102,31.00390625
4,1,2,medium,16.094342278003772,33.00390625
4,1,2,medium,27.705707878396453,35.00390625
4,1,2,medium,48.52517500677262,37.015625
4,1,2,medium,53.419305979476235,39.015625
4,1,2,medium,50.575011716969414,41.015625
4,1,2,medium,56.21895471646886,43.015625
4,1,2,medium,47.00827970466736,45.03125
4,1,2,medium,50.93000380441099,47.03125
4,1,2,medium,65.10123078011509,49.03515625
4,1,2,medium,69.75430058917124,51.02734375
4,1,2,medium,83.90535323050273,53.04296875
4,1,2,medium,57.47556610429611,55.04296875
4,1,2,medium,76.9246048006118,57.04296875
4,1,2,medium,74.02409522920634,59.04296875
4,1,2,small,30.339052167630367,61.04296875
4,1,2,small,41.29571753374528,63.0546875
4,0,1,large,1.6024195167144164,2.9921875
4,0,1,large,2.57769003763131,5.0
4,0,1,large,2.8535608990232744,6.9921875
4,0,1,large,1.839008079640155,8.9921875
4,0,1,large,0.8796765036393668,10.9921875
4,0,1,large,2.0171198321111055,12.9921875
4,0,1,large,1.6426399647218313,14.9921875
4,0,1,large,1.9755979186071695,16.9921875
4,0,1,large,1.5078493406182647,19.00390625
4,0,1,large,2.053469603622375,21.03125
4,0,1,large,19.40843715697737,23.03125
4,0,1,large,23.16487491729471,25.04296875
4,0,1,large,8.361322566246272,27.04296875
4,0,1,large,2.9737850991803043,29.0546875
4,0,1,medium,20.33453633482184,31.0703125
4,0,1,medium,25.72637997037871,33.0703125
4,0,1,medium,8.89244412556657,35.08203125
4,0,1,medium,16.62206596615713,37.08203125
4,0,1,medium,26.386194246586314,39.09375
4,0,1,medium,37.4344331979687,41.09375
4,0,1,medium,13.282140640671965,43.09375
4,0,1,medium,28.368246348398976,45.09375
4,0,1,medium,19.227239191289318,47.109375
4,0,1,medium,5.041296805134328,49.1328125
4,0,1,medium,6.11547370774228,51.1484375
4,0,1,medium,11.545477117257999,53.17578125
4,0,1,medium,27.55647168949269,55.171875
4,0,1,medium,9.630932820945688,57.17578125
4,0,1,medium,10.38419935951179,59.19921875
4,0,1,small,55.690097316834816,61.21484375
4,0,1,small,80.80224529117112,63.2265625
4,0,1,small,66.23527919637051,65.2265625
4,0,1,small,51.83172400767653,67.25390625
4,0,1,small,75.77120178256847,69.25390625
4,0,1,small,74.15767835122763,71.265625
4,0,1,small,51.86453167840054,73.28125
4,0,1,small,24.432486404631497,75.29296875
4,1,2,large,2.2746522326850473,2.9765625
4,1,2,large,7.055784211602843,4.98828125
4,1,2,large,9.523310219097931,6.9765625
4,1,2,large,3.6162113192203886,8.9765625
4,1,2,large,1.731141425035891,10.9765625
4,1,2,large,1.6966533359735583,12.9765625
4,1,2,large,1.6067888378388466,14.9765625
4,1,2,large,1.6556241897820523,16.9765625
4,1,2,large,15.300997297290339,18.9765625
4,1,2,large,20.4861102911121,20.9765625
4,1,2,large,9.162243557639023,22.9765625
4,1,2,large,2.889409469822769,24.98828125
4,1,2,large,3.8956799917994647,26.98828125
4,1,2,large,5.311448892086796,28.98828125
4,1,2,medium,2.23925680977908,30.98828125
5,0,3,large,51.70279326765265,2.984375
5,0,3,large,26.40134150272823,4.99609375
5,0,3,large,11.113785159914505,7.0234375
5,0,3,large,40.361865956210686,9.0234375
5,0,3,large,44.56564070789349,11.03515625
5,0,3,large,17.348404308961307,13.05078125
5,0,3,large,15.945887523927224,15.05078125
5,0,3,large,42.14515352941115,17.0625
5,0,3,large,47.44956793668877,19.07421875
5,0,3,large,60.72862352552602,21.1015625
5,0,3,large,64.6770981926606,23.11328125
5,0,3,large,64.21442713659808,25.140625
5,0,3,large,76.64115296458962,27.15234375
5,0,3,large,61.38223428416646,29.16796875
5,0,3,medium,72.09365591373091,31.1796875
5,0,3,medium,84.22618309994411,33.1953125
5,0,3,medium,96.20218536721178,35.24609375
5,0,3,medium,94.17384559070014,37.26953125
5,0,3,medium,89.86503010447373,39.30078125
5,0,3,medium,90.15962273668049,41.30078125
5,0,3,medium,84.0888651875206,43.3125
5,0,3,medium,84.15427266887099,45.328125
5,0,3,medium,48.68198463593393,47.33984375
5,0,3,medium,47.981742648112636,49.39453125
5,0,3,medium,76.131010292296,51.39453125
5,0,3,medium,72.3390026235316,53.421875
5,0,3,medium,44.28190330178748,55.43359375
5,0,3,medium,45.5146465654843,57.41796875
5,0,3,medium,56.04286673486312,59.4453125
5,0,3,small,53.23479750027402,61.47265625
5,0,3,small,45.38222024047784,63.484375
5,0,3,small,71.11615305276365,65.4921875
5,0,3,small,74.23909904628505,67.51171875
5,0,3,small,80.28447996681118,69.5234375
5,0,3,small,93.59910523490252,71.5234375
5,1,2,large,15.041988414746172,3.0078125
5,1,2,large,12.826573700943683,5.0078125
5,1,2,large,56.456374394807824,7.0078125
5,1,2,large,64.61204567461508,9.0078125
5,1,2,large,33.97622807641052,11.0078125
5,1,2,large,29.762172900404224,13.0078125
5,1,2,large,53.28954642847776,15.00390625
5,1,2,large,36.11875184397267,17.00390625
5,1,2,large,37.98176432085748,19.01953125
5,1,2,large,29.65692925051789,21.01953125
5,1,2,large,50.25859409007899,23.03125
5,1,2,large,46.42945767055751,25.02734375
5,1,2,large,31.333471092420265,27.03125
5,1,2,large,32.38086996604585,29.03125
5,1,2,medium,49.84841765680051,31.046875
5,1,2,medium,41.41526544819605,33.04296875
5,1,2,medium,83.96603142820615,35.05859375
5,1,2,medium,87.277515968861,37.0859375
5,1,2,medium,93.20391098086324,39.0859375
5,1,2,medium,90.97687765419303,41.09765625
5,1,2,medium,94.92473693304352,43.109375
5,0,2,large,13.900836583880714,2.9921875
5,0,2,large,37.03936609014006,4.9921875
5,0,2,large,24.762810984349603,6.9921875
5,0,2,large,10.152467223667848,8.9921875
5,0,2,large,32.3275375549358,10.9921875
5,0,2,large,36.32399521216113,12.9921875
5,0,2,large,25.081338216439587,14.9921875
5,0,2,large,24.46262992142396,16.9921875
5,0,2,large,28.080242943527885,19.00390625
5,0,2,large,37.81785244204177,21.0234375
5,0,2,large,85.22957231429719,23.015625
5,0,2,large,79.21972504408186,25.03125
5,0,2,large,80.53118893517988,27.04296875
5,0,2,large,52.27046025207275,29.0546875
5,0,2,medium,40.56138330618744,31.0703125
5,0,2,medium,50.22733856831626,33.0703125
5,0,2,medium,66.43313474077942,35.08203125
5,0,2,medium,68.57363297357591,37.08203125
5,0,2,medium,73.34144524877209,39.08203125
5,0,2,medium,58.36830201588381,41.08203125
5,0,2,medium,53.485835148443186,43.09375
5,0,2,medium,45.89789170488116,45.09375
5,0,2,medium,48.25043884251342,47.09375
5,0,2,medium,77.52838862324523,49.12109375
5,0,2,medium,86.60659918463251,51.1328125
5,0,2,medium,73.18747170510645,53.1484375
5,0,2,medium,61.2810896661955,55.1484375
5,0,2,medium,65.80266742469524,57.1484375
5,0,2,medium,66.77626644064205,59.17578125
5,0,2,small,87.72912885849186,61.1875
5,0,2,small,98.60850385284601,63.203125
5,0,2,small,90.49940231135606,65.203125
5,0,2,small,85.75498946857752,67.21484375
5,0,2,small,70.53058038535389,69.2265625
5,0,2,small,68.9010540215186,71.2265625
5,0,2,small,66.71512662261622,73.23828125
5,0,2,small,80.49846002526036,75.23828125
5,0,2,small,92.18066855330366,77.28125
5,0,2,small,82.17150701138686,79.30859375
5,0,2,small,74.07079850772648,81.33203125
5,1,1,large,5.940938716549502,2.9921875
5,1,1,large,4.473278385297385,4.9921875
5,1,1,large,25.25747550092857,6.9921875
5,1,1,large,33.23322697927303,8.9921875
5,1,1,large,25.395626500437135,10.98828125
5,1,1,large,29.814235268074434,12.98828125
5,1,1,large,21.711700662888862,14.9921875
5,1,1,large,17.77449574136842,17.00390625
5,1,1,large,22.749957332209682,19.00390625
5,1,1,large,28.789279702614465,21.01171875
5,1,1,large,21.598169164160122,23.00390625
5,1,1,large,43.30325030022122,25.00390625
5,1,1,large,29.803770364481167,27.00390625
5,1,1,large,25.902559005548447,29.0
5,0,1,large,65.72886845746123,3.00390625
5,0,1,large,67.16282367172367,5.01953125
5,0,1,large,45.66874218124375,7.03125
5,0,1,large,47.04145203619691,9.03515625
5,0,1,large,30.827493338023444,11.046875
5,0,1,large,28.453704919716436,13.046875
5,0,1,large,24.77746010764953,15.046875
5,0,1,large,32.057592596349295,17.0625
5,0,1,large,37.921289151535454,19.0625
5,0,1,large,26.4690075805744,21.07421875
5,0,1,large,40.5413166318273,23.0859375
5,0,1,large,44.61619950627235,25.1015625
5,0,1,large,55.866337303471724,27.09765625
5,0,1,large,26.466282476071136,29.109375
5,0,1,medium,24.524528857570317,31.109375
5,0,1,medium,64.30711799794949,33.109375
5,0,1,medium,63.154059503403474,35.125
5,0,1,medium,26.200522660089362,37.125
5,0,1,medium,48.787144195511516,39.13671875
5,0,1,medium,85.48162004411262,41.13671875
5,0,1,medium,76.60772203388603,43.140625
5,0,1,medium,44.361581009579936,45.1484375
5,0,1,medium,52.08611247251564,47.15234375
5,0,1,medium,88.50843496759289,49.17578125
5,0,1,medium,96.02392868551289,51.19140625
5,0,1,medium,93.0857195272092,53.203125
5,0,1,medium,96.17662873254406,55.23046875
5,0,1,medium,90.70890825189963,57.23046875
5,0,1,medium,86.46232116651416,59.2578125
5,0,1,small,84.68604686048228,61.28515625
5,0,1,small,95.91815217606258,63.296875
5,0,1,small,99.6820875947131,65.296875
5,1,3,large,20.39522484960463,2.9921875
5,1,3,large,30.034653819370696,4.9921875
5,1,3,large,44.01181221454566,6.9921875
5,1,3,large,34.03149328791624,8.9921875
5,1,3,large,18.708527304175316,10.9921875
5,1,3,large,12.445976157966715,12.9921875
5,1,3,large,19.236351908199328,14.9921875
5,1,3,large,42.50569923333397,16.99609375
5,1,3,large,41.21581165012194,18.9921875
5,1,3,large,63.17622325868379,21.00390625
5,1,3,large,86.85456686183443,23.00390625
5,1,3,large,83.53821159800083,25.00390625
5,1,3,large,53.78623675846605,27.00390625
5,1,3,large,24.761482182351234,29.00390625
5,1,3,medium,72.8953717129229,31.015625
5,1,3,medium,97.48835919587856,33.015625
5,1,3,medium,78.26123785112023,35.03125
5,1,3,medium,91.08932817698793,37.04296875
5,1,3,medium,90.4602305399733,39.04296875
5,1,3,medium,88.0919778588813,41.04296875
5,1,3,medium,99.0212397805476,43.09765625
5,0,3,large,9.269249073390736,2.984375
5,0,3,large,5.751551823111729,4.984375
5,0,3,large,1.8965672359591357,6.984375
5,0,3,large,7.805753174832039,8.984375
5,0,3,large,13.885012833127536,10.984375
5,0,3,large,4.906018332630543,12.984375
5,0,3,large,5.529276829594638,14.984375
5,0,3,large,13.62613567886346,16.99609375
5,0,3,large,6.779578679454439,18.99609375
5,0,3,large,3.7601607911488157,21.0234375
5,0,3,large,2.5346236752286533,23.0234375
5,0,3,large,40.19468204684533,25.0625
5,0,3,large,72.87800915827717,27.07421875
5,0,3,large,65.44698197775745,29.07421875
5,0,3,medium,37.524689168517824,31.08984375
5,0,3,medium,36.86447884722177,33.0859375
5,0,3,medium,82.08509212900884,35.1015625
5,0,3,medium,81.00804156414102,37.11328125
5,0,3,medium,77.80597628445169,39.12890625
5,0,3,medium,86.5914728646681,41.125
5,0,3,medium,71.9240801481491,43.15234375
5,0,3,medium,45.525153052953755,45.15234375
5,0,3,medium,46.23088719035111,47.15234375
5,0,3,medium,84.84845944496968,49.17578125
5,0,3,medium,94.49514112587453,51.203125
5,0,3,medium,79.65437850747811,53.234375
5,0,3,medium,96.43882773568572,55.24609375
5,0,3,medium,93.03310340043168,57.2578125
5,0,3,medium,97.96136462666931,59.296875
5,1,3,large,4.113282582456417,2.9921875
5,1,3,large,9.550710469081729,4.9921875
5,1,3,large,23.173233565992682,6.9921875
5,1,3,large,24.63947868550041,8.9921875
5,1,3,large,25.67690671336961,10.9921875
5,1,3,large,21.3493214019492,12.9921875
5,1,3,large,60.5100268016256,14.9921875
5,1,3,large,89.56726207212108,16.98828125
5,1,3,large,30.132982709558686,18.9921875
5,1,3,large,43.15225387877257,20.98828125
5,1,3,large,24.15400030135195,23.00390625
5,1,3,large,28.076705931936218,25.00390625
5,1,3,large,42.34324665066961,27.00390625
5,1,3,large,25.02294716591002,29.00390625
5,1,3,medium,20.662953850670885,31.015625
5,1,3,medium,48.88380686326606,33.015625
5,1,3,medium,74.83084885356915,35.04296875
5,1,3,medium,91.785715421385,37.10546875
5,1,3,medium,97.24910197316643,39.109375
5,1,3,medium,75.23279584644725,41.125
5,1,3,medium,73.2481754622448,43.1484375
5,0,2,large,30.942131708120698,2.984375
5,0,2,large,21.057583164949374,4.984375
5,0,2,large,8.66744992195296,6.984375
5,0,2,large,22.393033923761344,8.99609375
5,0,2,large,29.28893654221481,10.99609375
5,0,2,large,10.658531099984913,13.0078125
5,0,2,large,26.600305110789684,15.0078125
5,0,2,large,20.468077567335676,17.0078125
5,0,2,large,17.156411221224225,19.01953125
5,0,2,large,37.2686739908939,21.03515625
5,0,2,large,32.80697404718599,23.046875
5,0,2,large,35.0343834599819,25.05859375
5,0,2,large,30.408524445713418,27.07421875
5,0,2,large,21.925739347375277,29.07421875
5,0,2,medium,16.12058501620899,31.0859375
5,0,2,medium,21.01296447963624,33.08984375
5,0,2,medium,37.72374460605971,35.1015625
5,0,2,medium,25.872919124028844,37.1015625
5,0,2,medium,13.328494101095451,39.125
5,0,2,medium,36.21364109153572,41.12890625
5,0,2,medium,37.842037958162656,43.12890625
5,0,2,medium,21.307003269804028,45.12890625
5,0,2,medium,23.55890913162196,47.12890625
5,0,2,medium,74.30546675688294,49.16796875
5,0,2,medium,65.81530474317867,51.1796875
5,0,2,medium,52.64067698695285,53.1953125
5,0,2,medium,58.579377330304695,55.20703125
5,0,2,medium,49.97807851291056,57.2109375
5,0,2,medium,40.384543731633144,59.21875
5,0,2,small,40.2398202077168,61.24609375
5,0,2,small,88.7258068009931,63.2734375
5,0,2,small,87.71369836120894,65.2734375
5,0,2,small,35.08528906427385,67.30078125
5,0,2,small,53.213802633913794,69.30078125
5,0,2,small,41.26380174878155,71.296875
5,0,2,small,24.01695034536386,73.30078125
5,0,2,small,24.39444606936377,75.3125
5,0,2,small,84.17152876595577,77.3515625
5,0,2,small,98.85972999653235,79.38671875
5,0,2,small,98.78845912484536,81.390625
5,0,2,small,97.53572450084633,83.41796875
5,0,2,small,99.29516416303636,85.4296875
5,1,2,large,11.613021291558653,2.9921875
5,1,2,large,9.45253786286965,4.9921875
5,1,2,large,12.626407544719058,6.9921875
5,1,2,large,19.379006581762816,8.9921875
5,1,2,large,27.775276052214373,10.9921875
5,1,2,large,17.892104384944027,12.9921875
5,1,2,large,19.35487401793295,14.9921875
5,1,2,large,14.581566910814097,16.9921875
5,1,2,large,10.606111263087193,18.9921875
5,1,2,large,13.375387401450052,20.9921875
5,1,2,large,14.568774631775891,22.9921875
5,1,2,large,6.538992945457394,25.00390625
5,1,2,large,3.4450218561538275,27.00390625
5,1,2,large,4.207041387525449,29.00390625
5,1,2,medium,37.3587402039048,31.01171875
5,1,2,medium,81.81680112669964,33.015625
5,1,2,medium,71.28124826354949,35.015625
5,1,2,medium,35.62668787386359,37.015625
5,1,2,medium,14.144158707431076,39.015625
5,1,2,medium,83.93344994781563,41.03125
5,1,2,medium,45.1875869675094,43.03125
5,1,2,medium,34.79104126518935,45.03125
5,1,2,medium,85.38745923263534,47.03125
5,1,2,medium,48.63587132556739,49.04296875
5,1,2,medium,33.50578125074473,51.04296875
5,1,2,medium,14.329087921796937,53.04296875
5,1,2,medium,69.47868594986986,55.05859375
5,1,2,medium,94.86414389536267,57.06640625
5,1,2,medium,56.83472982836862,59.06640625
5,1,2,small,84.6610379062646,61.08203125
5,0,1,large,3.568312500592252,2.99609375
5,0,1,large,6.040604401566711,4.99609375
5,0,1,large,4.792842216168394,6.99609375
5,0,1,large,6.324830243593885,8.9921875
5,0,1,large,23.895830587083402,10.9921875
5,0,1,large,27.436096961264234,12.9921875
5,0,1,large,24.08733672165934,15.0078125
5,0,1,large,24.808917287446775,17.0078125
5,0,1,large,40.429306090258954,19.0078125
5,0,1,large,42.9510204573907,21.03125
5,0,1,large,15.100427021605517,23.03125
5,0,1,large,3.9951650827268006,25.046875
5,0,1,large,35.96791104545309,27.046875
5,0,1,large,25.225530157762737,29.05859375
5,0,1,medium,25.342456029929117,31.05859375
5,0,1,medium,55.914821012233105,33.07421875
5,0,1,medium,81.01691989811906,35.0859375
5,0,1,medium,84.92537669895452,37.0859375
5,0,1,medium,40.41803395207057,39.0859375
5,0,1,medium,60.60208886938146,41.09765625
5,0,1,medium,79.38554009884774,43.1015625
5,0,1,medium,69.9001464993753,45.10546875
5,0,1,medium,48.293533647193286,47.09765625
5,0,1,medium,83.62908333069447,49.13671875
5,0,1,medium,43.56690245270341,51.15234375
5,0,1,medium,13.558431967158992,53.171875
5,0,1,medium,58.24603291328799,55.1796875
5,0,1,medium,54.438753916648146,57.1796875
5,0,1,medium,27.444334891304464,59.19140625
5,0,1,small,58.63589021614241,61.21875
5,0,1,small,93.55879760476287,63.21875
5,0,1,small,81.30025927664755,65.23046875
5,0,1,small,34.93171043672825,67.2421875
5,0,1,small,60.50891852973335,69.2421875
5,0,1,small,77.58653651706865,71.25390625
5,0,1,small,88.07083720073446,73.2578125
5,0,1,small,73.90580134897627,75.2578125
5,0,1,small,86.30882605621053,77.28125
5,0,1,small,98.3825093961407,79.32421875
5,0,1,small,61.793903688473165,81.3359375
5,0,1,small,72.46853530014363,83.3515625
5,0,1,small,93.48253884999072,85.36328125
5,1,1,large,55.49509129587267,2.9921875
5,1,1,large,96.74264857577671,4.9921875
5,1,1,large,99.77366798119942,6.9921875
5,1,1,large,99.96893644379116,9.0
5,1,1,large,99.61861594791573,10.9921875
5,1,1,large,47.989936077484536,12.9921875
5,1,1,large,24.120086147587074,14.9921875
5,1,1,large,15.922800368923552,16.9921875
5,1,1,large,15.740370357450546,18.9921875
5,1,1,large,8.581643249575869,20.9921875
5,1,1,large,5.816587292848109,22.9921875
5,1,1,large,3.0269608729222273,24.99609375
5,1,1,large,6.614727945543748,26.9921875
5,1,1,large,8.20678858973612,29.00390625
5,1,1,medium,3.986091830551728,31.00390625
5,1,1,medium,3.8315970550084057,33.00390625
5,1,1,medium,1.0853882621429758,35.0078125
5,1,1,medium,10.19452339226704,37.01953125
5,1,1,medium,17.32205185421515,39.01953125
5,1,1,medium,35.210893218827266,41.015625
5,1,1,medium,26.891242803788636,43.01953125
5,1,1,medium,25.88729338352173,45.03125
5,1,1,medium,16.938488632855393,47.03125
5,1,1,medium,44.29425743656276,49.04296875
5,1,1,medium,43.03719153014243,51.0546875
5,1,1,medium,34.293686977067324,53.05859375
5,1,1,medium,35.99189643476354,55.05859375
5,1,1,medium,17.529528419780533,57.05859375
5,1,1,medium,4.943987891872721,59.0703125
5,1,1,small,53.104386870050824,61.0703125
5,1,1,small,67.3542092940524,63.09765625
5,0,1,large,6.871078726704864,2.98828125
5,0,1,large,10.4470098948525,4.98828125
5,0,1,large,12.734650006057844,6.98828125
5,0,1,large,15.783982083380344,8.98828125
5,0,1,large,10.134682288909687,10.98828125
5,0,1,large,17.231985178651648,12.98828125
5,0,1,large,14.065146648039933,14.98828125
5,0,1,large,9.558731374094979,16.984375
5,0,1,large,23.14516944363972,18.98828125
5,0,1,large,13.010001427559411,21.0
5,0,1,large,3.9784595765488993,23.01171875
5,0,1,large,2.029036486202725,25.02734375
5,0,1,large,41.077128343836435,27.0390625
5,0,1,large,26.432919193046118,29.05078125
5,0,1,medium,16.96841068767498,31.0546875
5,0,1,medium,56.76620129042706,33.0546875
5,0,1,medium,69.57418726552781,35.06640625
5,0,1,medium,25.664250030122687,37.07421875
5,0,1,medium,9.945352782067928,39.078125
5,0,1,medium,72.62427797475416,41.078125
5,0,1,medium,70.05788471904194,43.09375
5,0,1,medium,37.46977452854479,45.09375
5,0,1,medium,26.994612764719164,47.09375
5,0,1,medium,52.427697888820624,49.10546875
5,0,1,medium,68.3149447916044,51.1171875
5,0,1,medium,68.94914159670415,53.1171875
5,0,1,medium,34.91777814669629,55.16015625
5,0,1,medium,20.13394289595253,57.1328125
5,0,1,medium,9.025758186688691,59.1328125
5,0,1,small,16.779739953831772,61.14453125
5,0,3,large,7.471635049358671,2.9921875
5,0,3,large,13.932698524271718,4.9921875
5,0,3,large,11.008358970921979,6.9921875
5,0,3,large,8.719814002197865,8.9921875
5,0,3,large,11.39642547929585,10.9921875
5,0,3,large,6.203638144242055,12.9921875
5,0,3,large,3.6516750333675163,14.9921875
5,0,3,large,80.57933393862085,16.9921875
5,0,3,large,98.6704944745913,19.00390625
5,0,3,large,99.91086905417716,21.03125
5,0,3,large,97.01098682588585,23.04296875
5,0,3,large,35.498538668948896,25.0703125
5,0,3,large,37.8100163713696,27.0703125
5,0,3,large,30.49007436066689,29.0703125
5,0,3,medium,9.558648019076198,31.08203125
5,0,3,medium,45.274097336690346,33.09375
5,0,3,medium,94.6479583085582,35.12109375
5,0,3,medium,81.78085729461678,37.1328125
5,0,3,medium,41.846460443983446,39.1484375
5,0,3,medium,70.72826621443706,41.1484375
5,0,3,medium,76.09910330848075,43.17578125
5,0,3,medium,78.40168403699855,45.1875
5,0,3,medium,70.97012291290271,47.1875
5,0,3,medium,94.804751913559,49.2265625
5,1,2,large,28.85358810270271,2.9921875
5,1,2,large,31.342256725081718,4.9921875
5,1,2,large,30.26943189975254,6.9921875
5,1,2,large,41.8697232076536,8.9921875
5,1,2,large,63.255602220375074,10.9921875
5,1,2,large,51.49567156400659,12.9921875
5,1,2,large,32.1774624579016,14.9921875
5,1,2,large,26.34933592509246,16.9921875
5,1,2,large,39.083735204736186,18.9921875
5,1,2,large,81.76643592123489,20.9921875
5,1,2,large,85.79804682221219,22.98828125
5,1,2,large,76.77986570978317,25.00390625
5,1,2,large,55.22897759114262,27.00390625
5,1,2,large,46.989231252951754,29.00390625
5,1,2,medium,63.38872512465244,31.0
5,1,2,medium,91.5873716153913,33.015625
5,1,2,medium,95.31430575730398,35.02734375
5,1,2,medium,92.31838858492924,37.0390625
5,1,2,medium,96.59073776744427,39.0546875
5,1,2,medium,99.6390172214271,41.0546875
5,1,2,medium,99.96507884550849,43.06640625
5,0,2,large,3.262920387459213,2.984375
5,0,2,large,5.5164601002065385,4.98828125
5,0,2,large,38.62088108586287,6.984375
5,0,2,large,37.54141440806161,8.984375
5,0,2,large,38.90687154941566,10.984375
5,0,2,large,33.24350994583131,12.98046875
5,0,2,large,42.01612244680976,14.98046875
5,0,2,large,73.89555896216987,16.98046875
5,0,2,large,93.19664472172366,18.99609375
5,0,2,large,96.26160694494952,21.0234375
5,0,2,large,66.55800431085875,23.03515625
5,0,2,large,81.36113601224854,25.046875
5,0,2,large,94.05780409525752,27.046875
5,0,2,large,81.60905264638609,29.0625
5,0,2,medium,83.14890721273656,31.07421875
5,0,2,medium,90.57508830989201,33.07421875
5,0,2,medium,98.40836429832643,35.1015625
5,0,2,medium,87.46437146080582,37.1015625
5,0,2,medium,94.0422238782565,39.125
5,0,2,medium,85.2987870245875,41.125
5,0,2,medium,53.3659081971803,43.140625
5,0,2,medium,46.337739022347506,45.13671875
5,0,2,medium,62.08939079226511,47.140625
5,0,2,medium,91.98653230882007,49.19140625
5,0,2,medium,96.05803085167591,51.20703125
5,0,2,medium,89.61330921404402,53.20703125
5,0,2,medium,94.33923937793983,55.23046875
5,0,2,medium,70.9109276719054,57.24609375
5,0,2,medium,61.72454630707376,59.24609375
5,0,2,small,58.194492007928915,61.2578125
5,0,2,small,69.9020266346507,63.30078125
5,0,2,small,91.8904946689807,65.3359375
5,0,2,small,99.16205887551257,67.3515625
5,0,2,small,96.50072463120874,69.390625
5,1,1,large,4.6872681198314075,2.9921875
5,1,1,large,7.668991828935351,4.9921875
5,1,1,large,9.950650779153456,6.9921875
5,1,1,large,11.201822831077635,8.9921875
5,1,1,large,7.538061202717084,10.9921875
5,1,1,large,5.6580824579989315,12.9921875
5,1,1,large,14.999764608336024,14.98828125
5,1,1,large,35.05627228715398,16.9921875
5,1,1,large,19.747244428191067,18.9921875
5,1,1,large,8.759123243997863,20.9921875
5,1,1,large,59.87573575419282,22.9921875
5,1,1,large,74.94959183221673,24.9921875
5,1,1,large,36.68052936998276,26.9921875
5,1,1,large,69.18249181684736,28.9921875
5,1,1,medium,80.6920357638534,31.00390625
5,1,1,medium,78.09531627108485,33.0
5,1,1,medium,63.58748661569143,35.00390625
5,1,1,medium,56.63341740275236,37.00390625
5,1,1,medium,73.2689989840584,39.015625
5,1,1,medium,90.07534585523142,41.01953125
5,1,1,medium,91.02194071170288,43.015625
5,1,1,medium,57.927320267762624,45.03125
5,1,1,medium,60.76965268340592,47.02734375
5,1,1,medium,73.63103421689573,49.02734375
5,1,1,medium,82.11214771831366,51.046875
5,1,1,medium,98.39925422660612,53.1171875
5,1,1,medium,99.1298498383403,55.1328125
5,1,1,medium,91.09847001957358,57.1328125
5,1,1,medium,83.87568409270287,59.16015625
5,1,1,small,87.00854429728511,61.16015625
5,0,1,large,21.93609053136922,2.984375
5,0,1,large,23.295448623523097,4.984375
5,0,1,large,27.74848054489765,6.984375
5,0,1,large,31.32487849028385,8.984375
5,0,1,large,28.83241818249104,10.984375
5,0,1,large,27.826118370402973,12.984375
5,0,1,large,24.027272923756087,14.984375
5,0,1,large,33.15425443075958,16.984375
5,0,1,large,60.47293212030763,18.99609375
5,0,1,large,31.936096455529018,21.0234375
5,0,1,large,8.582935893919053,23.03515625
5,0,1,large,7.3664261640529745,25.05078125
5,0,1,large,70.23503179338758,27.0625
5,0,1,large,51.70153748529175,29.0625
5,0,1,medium,26.045741926820146,31.0859375
5,0,1,medium,87.66303885023206,33.08984375
5,0,1,medium,92.25096870898663,35.1015625
5,0,1,medium,92.23113269880216,37.1015625
5,0,1,medium,41.71169668041658,39.12890625
5,0,1,medium,73.84513020994366,41.12890625
5,0,1,medium,78.03294760403753,43.15625
5,0,1,medium,80.98140513581855,45.16796875
5,0,1,medium,43.88458323885807,47.15234375
5,0,1,medium,54.10827519905906,49.22265625
5,0,1,medium,73.74461869478493,51.22265625
5,0,1,medium,69.32757056725286,53.234375
5,0,1,medium,42.347479169312294,55.24609375
5,0,1,medium,34.59850990870502,57.25390625
5,0,1,medium,49.963519952460565,59.2578125
5,0,1,small,35.55690615218863,61.2734375
5,0,1,small,9.866648542213959,63.26953125
5,0,1,small,16.79904571346661,65.2734375
5,0,1,small,92.54281479371687,67.3125
5,0,1,small,96.96777692078004,69.33984375
5,0,2,large,16.281646616633637,2.984375
5,0,2,large,47.72690198251122,4.984375
5,0,2,large,50.30433786175053,6.99609375
5,0,2,large,33.73542757210923,8.99609375
5,0,2,large,26.826239500570907,10.99609375
5,0,2,large,58.28132486181024,12.99609375
5,0,2,large,51.61315498266136,14.99609375
5,0,2,large,41.0817329374319,16.99609375
5,0,2,large,66.54988268711008,19.0078125
5,0,2,large,80.73892592989773,21.03515625
5,0,2,large,60.12487346401066,23.03515625
5,0,2,large,64.42065147523007,25.05078125
5,0,2,large,61.84542976477285,27.05078125
5,0,2,large,33.31870968840209,29.0625
5,0,2,medium,26.97014014415474,31.1015625
5,0,2,medium,36.86421419052543,33.11328125
5,0,2,medium,89.25472791576404,35.140625
5,0,2,medium,97.46008288460463,37.140625
5,0,2,medium,87.53500206222381,39.16796875
5,0,2,medium,78.86518627635964,41.1796875
5,0,2,medium,56.797435949927234,43.1796875
5,0,2,medium,41.65329615122645,45.1953125
5,0,2,medium,79.09161464534895,47.1953125
5,0,2,medium,96.80740981565155,49.234375
5,0,2,medium,98.85005047342406,51.24609375
5,0,2,medium,64.43883567944957,53.2734375
5,0,2,medium,57.44751149166028,55.2734375
5,0,2,medium,34.51186190433546,57.26953125
5,0,2,medium,14.10420119268058,59.28515625
5,0,2,small,34.889453475092495,61.30078125
5,1,3,large,19.36529064801837,2.9921875
5,1,3,large,19.518310080796468,5.00390625
5,1,3,large,17.69868716937856,7.00390625
5,1,3,large,18.834144213738448,9.00390625
5,1,3,large,20.677260466080696,11.00390625
5,1,3,large,18.440331362847914,13.00390625
5,1,3,large,14.422759912004283,15.00390625
5,1,3,large,16.12890921291032,17.0078125
5,1,3,large,7.515822023040076,19.00390625
5,1,3,large,2.635324907366681,21.00390625
5,1,3,large,18.748668243619104,23.00390625
5,1,3,large,20.0196494941717,25.0
5,1,3,large,14.651707552135466,27.015625
5,1,3,large,15.560933153273629,29.015625
5,1,3,medium,54.373600173584926,31.02734375
5,1,3,medium,87.89961985474224,33.02734375
5,1,3,medium,82.93931810137069,35.04296875
5,0,1,large,1.943524946197467,2.9921875
5,0,1,large,2.9819887645699654,4.9921875
5,0,1,large,6.4096337681375335,6.9921875
5,0,1,large,7.778758332393732,8.9921875
5,0,1,large,8.285970697683414,10.9765625
5,0,1,large,13.226629215176692,12.98828125
5,0,1,large,15.817164059289368,14.9921875
5,0,1,large,8.801872297707355,16.9921875
5,0,1,large,9.34263393214459,18.98828125
5,0,1,large,34.83760524830781,21.015625
5,0,1,large,62.91199692953154,23.03125
5,0,1,large,35.3042085203554,25.04296875
5,0,1,large,35.650094849618625,27.0546875
5,0,1,large,22.49126856355153,29.0546875
5,0,1,medium,18.70999708262878,31.0703125
5,0,1,medium,19.70590494554496,33.0703125
5,0,1,medium,29.431943680617568,35.078125
5,0,1,medium,39.6210954138777,37.078125
5,0,1,medium,52.622462892332635,39.10546875
5,0,1,medium,81.38321491770054,41.10546875
5,0,1,medium,55.73829357054933,43.1171875
5,0,1,medium,28.290861020005664,45.1171875
5,0,1,medium,39.583375695974425,47.12109375
5,0,1,medium,88.15013906887384,49.16015625
5,0,1,medium,70.7091652991387,51.1875
5,0,1,medium,31.904559414105236,53.19921875
5,0,1,medium,66.99907031059294,55.19921875
5,0,1,medium,38.70702600306586,57.20703125
5,0,1,medium,25.685143855777838,59.21484375
5,0,1,small,61.91377242479925,61.2265625
5,0,1,small,93.4369004059637,63.25390625
5,0,1,small,99.54782430194048,65.26171875
5,0,1,small,97.05261530616328,67.265625
5,0,1,small,59.87391955282861,69.265625
5,0,1,small,37.56155004670609,71.28125
5,0,1,small,20.081914813647273,73.27734375
5,0,1,small,42.50866352784056,75.28125
5,0,1,small,91.98694664475383,77.3203125
5,0,1,small,98.0141128734945,79.34375
5,0,1,small,99.86195865069851,81.359375
5,0,1,small,99.93202857589306,83.3828125
5,1,2,large,15.418691561010995,3.00390625
5,1,2,large,9.597112402910998,5.00390625
5,1,2,large,15.278672179746568,7.00390625
5,1,2,large,44.849817594418596,9.00390625
5,1,2,large,40.01820443441747,11.00390625
5,1,2,large,89.26693383664634,13.00390625
5,1,2,large,99.25404943305253,15.00390625
5,1,2,large,99.27442738122768,17.00390625
5,1,2,large,50.42174093943467,19.00390625
5,1,2,large,40.6432065750922,21.00390625
5,1,2,large,69.09697773378987,23.015625
5,1,2,large,72.98912856768727,25.015625
5,1,2,large,51.76389787499336,27.015625
5,1,2,large,45.974086646897426,29.015625
5,1,2,medium,63.65564491777373,31.015625
5,1,2,medium,69.48780923641989,33.015625
5,1,2,medium,85.69900671403595,35.03125
5,1,2,medium,92.06811640165022,37.02734375
5,1,2,medium,77.60941564517495,39.02734375
5,1,2,medium,47.066954084869934,41.02734375
5,1,2,medium,31.79245365513642,43.02734375
5,1,2,medium,60.31930868254979,45.04296875
5,1,2,medium,96.75101212665703,47.0546875
5,0,3,large,8.471314064270484,2.9921875
5,0,3,large,10.748192576985996,4.9765625
5,0,3,large,12.812012670864057,6.9921875
5,0,3,large,13.158240544833891,8.9921875
5,0,3,large,12.718382751468162,10.9921875
5,0,3,large,12.716464546206012,12.9921875
5,0,3,large,10.604877700410682,14.9921875
5,0,3,large,24.280839220157844,16.98828125
5,0,3,large,70.1338244426344,19.00390625
5,0,3,large,78.98949093960697,21.03125
5,0,3,large,80.3038954298029,23.04296875
5,0,3,large,84.77979495844235,25.0546875
5,0,3,large,67.28350027891445,27.0546875
5,0,3,large,40.4557372860249,29.0546875
5,0,3,medium,57.710587094534915,31.0703125
5,0,3,medium,66.24393787164482,33.08203125
5,0,3,medium,50.021580942537405,35.09375
5,0,3,medium,57.681868894022706,37.09375
5,0,3,medium,48.99122591374868,39.09375
5,0,3,medium,67.60247055616722,41.09375
5,0,3,medium,41.40770523806545,43.09375
5,0,3,medium,36.80406921538398,45.09375
5,0,3,medium,59.94018164693465,47.09375
5,0,3,medium,95.0813826855659,49.1328125
5,0,3,medium,99.38662015651144,51.1484375
5,0,3,medium,75.28743495300965,53.171875
5,0,3,medium,82.88034036647869,55.171875
5,0,3,medium,72.27992742154699,57.171875
5,0,3,medium,44.32362783783444,59.203125
5,0,3,small,83.7094621054915,61.2109375
5,0,3,small,97.10678238448975,63.2265625
6,0,2,large,0.0,2.984375
6,0,2,large,5.164154098293887,5.01171875
6,0,2,large,2.9102673259882925,7.05078125
6,0,2,large,0.7503086125915357,9.08984375
6,0,2,large,2.5378318934604556,11.10546875
6,0,2,large,2.075373470728228,13.1171875
6,0,2,large,4.194416043916306,15.11328125
6,0,2,large,29.279875922235252,17.12890625
6,0,2,large,56.56996548673604,19.15625
6,0,2,large,74.5935450328092,21.1953125
6,0,2,large,27.03621182090455,23.1953125
6,0,2,large,7.332115025044286,25.22265625
6,0,2,large,2.9023054592623643,27.234375
6,0,2,large,1.6395904839026572,29.23828125
6,0,2,medium,1.0646179018521238,31.2890625
6,0,2,medium,5.672695470754199,33.328125
6,0,1,large,0.1998519570051699,2.984375
6,0,1,large,18.281573975977004,4.984375
6,0,1,large,11.677383816352528,6.99609375
6,0,1,large,4.071087619837135,9.0234375
6,0,1,large,14.464155560941558,11.03515625
6,0,1,large,30.743725648942494,13.05078125
6,0,1,large,9.177934164456333,15.05078125
6,0,1,large,13.159482025624449,17.046875
6,0,1,large,65.28211053429521,19.08984375
6,0,1,large,40.58704268294591,21.1171875
6,0,1,large,15.558418810083676,23.12890625
6,0,1,large,27.246046456675256,25.15625
6,0,1,large,35.47689319002089,27.15625
6,0,1,large,23.191218390707792,29.15625
6,0,1,medium,7.980592279329674,31.18359375
6,0,1,medium,29.658274571291532,33.19140625
6,0,1,medium,30.27522960634098,35.20703125
6,0,1,medium,27.245787295443467,37.22265625
6,0,1,medium,50.86357945102162,39.234375
6,0,1,medium,34.67637446164009,41.25
6,0,1,medium,9.495527522673012,43.26171875
6,0,1,medium,2.483693341524767,45.2734375
6,0,1,medium,0.9518362917832239,47.28515625
6,0,1,medium,2.2443510796050594,49.33984375
6,0,1,medium,0.7321848018118888,51.33984375
6,0,1,medium,19.072092859414404,53.33984375
6,0,1,medium,10.683347280924501,55.33984375
6,0,1,medium,10.706979262660955,57.35546875
6,0,1,medium,3.44031391504186,59.37890625
6,0,1,small,35.489475728646035,61.39453125
6,0,1,small,39.57675143086084,63.41796875
6,0,1,small,80.3673118547506,65.4453125
6,0,1,small,73.67856542921287,67.4609375
6,1,1,large,68.72298517162861,3.0078125
6,1,1,large,33.78043617272794,5.00390625
6,1,1,large,15.050251957836748,7.00390625
6,1,1,large,7.101305119935974,9.015625
6,1,1,large,5.622455501455595,11.015625
6,1,1,large,7.848236724439349,13.03125
6,1,1,large,28.720708377824533,15.03125
6,1,1,large,10.93553962052205,17.03125
6,1,1,large,3.5899862934116538,19.046875
6,1,1,large,6.511308192453401,21.046875
6,1,1,large,8.580212263482785,23.046875
6,1,1,large,2.289681556769236,25.0703125
6,1,1,large,1.6355949946524002,27.05859375
6,1,1,large,0.6537169941414114,29.05859375
6,1,1,medium,0.19645735558195565,31.0546875
6,1,1,medium,19.108608878485512,33.0703125
6,1,1,medium,16.23012147708441,35.0703125
6,1,1,medium,31.401483532759016,37.0859375
6,1,1,medium,15.183107096414103,39.09765625
6,1,1,medium,58.24145130196324,41.125
6,0,3,large,0.0012360247100018603,3.00390625
6,0,3,large,8.13210784982966,5.00390625
6,0,3,large,6.758978849582457,7.015625
6,0,3,large,1.8332153349673417,9.02734375
6,0,3,large,7.542288505169607,11.04296875
6,0,3,large,12.572995656663576,13.0546875
6,0,3,large,5.491270078883016,15.0546875
6,0,3,large,1.5699250314783542,17.06640625
6,0,3,large,18.193781785584907,19.09375
6,0,3,large,6.606299363536051,21.1328125
6,0,3,large,1.796084615068631,23.1484375
6,0,3,large,2.228078774163934,25.16015625
6,0,3,large,16.268266103907482,27.16015625
6,0,3,large,5.259320363096587,29.17578125
6,0,3,medium,2.3997330659687024,31.1875
6,0,3,medium,65.8820472680164,33.1875
6,0,3,medium,67.71536266179132,35.21484375
6,0,3,medium,24.248413805895606,37.22265625
6,0,3,medium,54.24290304263637,39.27734375
6,0,3,medium,33.81667767438664,41.29296875
6,0,3,medium,16.714199314838098,43.34765625
6,0,3,medium,63.311035518842885,45.37109375
6,0,3,medium,73.86574630187704,47.3984375
6,0,3,medium,68.57661845533819,49.4296875
6,0,3,medium,28.803606730103986,51.4609375
6,0,3,medium,38.90947582503789,53.484375
6,0,3,medium,18.57090961673893,55.48046875
6,0,3,medium,23.55796259378794,57.4921875
6,0,3,medium,52.99208007774449,59.51953125
6,0,3,small,44.14715127828497,61.51953125
6,0,3,small,17.899557498812456,63.53125
6,0,3,small,72.9830602996588,65.5546875
6,0,3,small,80.88209960927264,67.625
6,1,2,large,4.034480470807294,2.9921875
6,1,2,large,4.368668592723839,4.9921875
6,1,2,large,9.337355620921024,6.99609375
6,1,2,large,37.03853325687497,9.0078125
6,1,2,large,29.289900706193635,11.00390625
6,1,2,large,14.993702480172674,13.01953125
6,1,2,large,53.15721280745623,15.015625
6,1,2,large,51.40796816944674,17.015625
6,1,2,large,16.891078130860514,19.03125
6,1,2,large,36.38431753765836,21.03125
6,1,2,large,85.48778610889624,23.04296875
6,1,2,large,79.39111685197275,25.04296875
6,1,2,large,41.21391057967105,27.04296875
6,1,2,large,46.15191474294226,29.04296875
6,1,2,medium,40.82667629604639,31.0546875
6,1,2,medium,41.02220540371598,33.0546875
6,1,2,medium,47.281610528568606,35.0703125
6,1,2,medium,73.97298003446232,37.0703125
6,1,2,medium,67.29369449175373,39.0703125
6,1,2,medium,57.831480047449986,41.0703125
6,1,2,medium,68.34345050630712,43.08203125
6,0,1,large,0.49000400599235355,2.99609375
6,0,1,large,6.116212269538735,5.0234375
6,0,1,large,17.83174670588835,7.13671875
6,0,1,large,79.1972675126633,9.15625
6,0,1,large,32.12731999610313,11.16796875
6,0,1,large,42.32826536762324,13.18359375
6,0,1,large,13.887057109259032,15.18359375
6,0,1,large,9.414538760172343,17.18359375
6,0,1,large,70.23248021964821,19.2421875
6,0,1,large,38.53710772199018,21.26171875
6,0,1,large,10.182000841883742,23.28515625
6,0,1,large,4.54453716574473,25.30078125
6,0,1,large,6.941996697917251,27.30078125
6,0,1,large,3.8780379394511417,29.3125
6,0,1,medium,12.411098102273161,31.3359375
6,0,1,medium,61.0121721759329,33.328125
6,1,2,large,0.020980032231085494,3.0
6,1,2,large,0.4759413465329313,5.0
6,1,2,large,10.290519172521677,7.01171875
6,1,2,large,37.88427930549819,9.01171875
6,1,2,large,29.60788360445008,11.01171875
6,1,2,large,23.79173283484635,13.02734375
6,1,2,large,29.42733462981888,15.02734375
6,1,2,large,19.324050357590348,17.05078125
6,1,2,large,73.21972994310526,19.06640625
6,1,2,large,66.23103200740198,21.078125
6,1,2,large,58.06878156321574,23.078125
6,1,2,large,28.489856656131487,25.078125
6,1,2,large,30.562509807845817,27.08984375
6,1,2,large,68.67151821199377,29.10546875
6,0,2,large,5.190741249649199,2.98828125
6,0,2,large,72.66587795346635,5.0
6,0,2,large,44.726847793302746,7.0
6,0,2,large,22.93885470711707,9.0234375
6,0,2,large,75.01426800368782,11.03515625
6,0,2,large,76.40931924394106,13.05078125
6,0,2,large,44.97735033782095,15.05078125
6,0,2,large,29.07401259632244,17.0625
6,0,2,large,74.56451925947589,19.078125
6,0,2,large,30.49707073027193,21.12890625
6,0,2,large,9.060754662894004,23.12890625
6,0,2,large,59.29093223374496,25.18359375
6,0,2,large,88.86730099122992,27.1953125
6,0,2,large,48.754727646281886,29.2109375
6,0,2,medium,31.36449684504977,31.26171875
6,0,2,medium,85.74678686945539,33.2734375
6,0,2,medium,83.77103191124209,35.3125
6,0,2,medium,35.046623516044164,37.328125
6,0,2,medium,65.68099270195395,39.34375
6,0,2,medium,88.85692615431938,41.3671875
6,0,2,medium,51.828286322312195,43.3671875
6,0,2,medium,22.393916597009394,45.3671875
6,0,2,medium,36.20880253826436,47.3828125
6,0,2,medium,90.4799180351924,49.45703125
6,1,3,large,2.2354167013766295,3.00390625
6,1,3,large,1.319634345695022,5.00390625
6,1,3,large,33.56800350949442,7.00390625
6,1,3,large,87.41268831121198,9.015625
6,1,3,large,76.21723616231358,11.015625
6,1,3,large,69.03751137662486,13.03125
6,1,3,large,58.16438154990216,15.046875
6,1,3,large,19.50320636300622,17.03125
6,1,3,large,5.104243343026229,19.04296875
6,1,3,large,2.6982414304105355,21.04296875
6,1,3,large,14.6028041913731,23.04296875
6,1,3,large,4.866440073334719,25.04296875
6,1,3,large,2.461580363834548,27.0546875
6,1,3,large,17.037176385818046,29.0546875
6,1,3,medium,11.737950327840728,31.0546875
6,1,3,medium,22.931054642964604,33.0703125
6,1,3,medium,61.14483634249862,35.0703125
6,1,3,medium,59.04152446169063,37.0703125
6,1,3,medium,82.00778861188991,39.0703125
6,1,3,medium,88.10504545301225,41.08984375
6,1,3,medium,60.445740465470216,43.0859375
6,1,3,medium,77.71159295428114,45.09375
6,1,3,medium,29.88853244596493,47.09375
6,1,3,medium,90.29004020140633,49.1328125
6,0,1,large,0.0,3.00390625
6,0,1,large,9.150599062074118,5.00390625
6,0,1,large,5.458897675830583,7.00390625
6,0,1,large,1.4242311817489064,9.01953125
6,0,1,large,9.07035871901369,11.015625
6,0,1,large,34.18750630087473,13.03125
6,0,1,large,14.126712052390936,15.03125
6,0,1,large,10.059987859214463,17.046875
6,0,1,large,42.72355368574169,19.0703125
6,0,1,large,13.99265587106672,21.109375
6,1,3,large,2.7740996587082683e-05,2.98828125
6,1,3,large,0.00016341879121025655,4.98828125
6,1,3,large,0.9738449616459097,7.00390625
6,1,3,large,31.663790972162094,9.015625
6,1,3,large,22.463498530634215,11.015625
6,1,3,large,10.385688037339612,13.02734375
6,1,3,large,45.73014213937093,15.02734375
6,1,3,large,59.10410178788331,17.02734375
6,1,3,large,31.79028307677012,19.04296875
6,1,3,large,23.71980494594724,21.04296875
6,1,3,large,64.3527463879077,23.0546875
6,1,3,large,21.49705077422617,25.0546875
6,1,3,large,14.928087565663347,27.0546875
6,1,3,large,53.1819448227567,29.06640625
6,1,3,medium,59.84930729491364,31.06640625
6,1,3,medium,24.5461080460946,33.06640625
6,1,3,medium,71.4418269679915,35.078125
6,1,3,medium,81.47635581286984,37.08203125
6,1,3,medium,86.65117437127984,39.08203125
6,1,3,medium,39.112620101849714,41.09375
6,1,3,medium,83.95824434080106,43.12109375
6,1,3,medium,98.94295571882617,45.21484375
6,0,3,large,0.13409680219541326,2.9921875
6,0,3,large,14.642460403891484,4.9921875
6,0,3,large,8.44410704225223,6.9921875
6,0,3,large,3.887806217198981,8.9921875
6,0,3,large,29.927201525778525,11.00390625
6,0,3,large,47.37855203897953,13.01953125
6,0,3,large,17.046330076872092,15.01953125
6,0,3,large,25.065915273441057,17.01953125
6,0,3,large,88.98806401883866,19.0703125
6,0,3,large,60.51164060266534,21.109375
6,0,3,large,22.258203269838564,23.109375
6,0,3,large,33.82909357773299,25.13671875
6,0,3,large,74.98093949100297,27.13671875
6,0,3,large,30.60106716950276,29.13671875
6,0,3,medium,29.733005216142097,31.1640625
6,0,3,medium,70.29029393547466,33.17578125
6,0,3,medium,64.48389811739973,35.1875
6,0,3,medium,18.486724157543293,37.203125
6,0,3,medium,30.116522039309203,39.203125
6,0,3,medium,59.536231221616234,41.203125
6,0,3,medium,24.82548138735126,43.2109375
6,0,3,medium,6.769766843997079,45.21484375
6,0,3,medium,16.308005654749685,47.21484375
6,0,3,medium,62.48025580151453,49.2421875
6,0,3,medium,33.894900051728406,51.2578125
6,0,3,medium,73.60017484252464,53.296875
6,0,3,medium,81.4662452268538,55.3125
6,0,3,medium,95.45645206631076,57.3359375
6,0,3,medium,92.04064749768862,59.34765625
6,1,1,large,0.906470885246444,2.9921875
6,1,1,large,1.7057545730618089,4.9921875
6,1,1,large,25.692424670795088,6.9921875
6,1,1,large,34.96967041926911,9.00390625
6,1,1,large,70.47869509247502,11.01953125
6,1,1,large,35.042308031260404,13.015625
6,1,1,large,10.504099358627279,15.015625
6,1,1,large,3.743191913263293,17.01953125
6,1,1,large,22.932973401797717,19.03125
6,1,1,large,24.049836591375083,21.03125
6,1,1,large,58.40579703602687,23.03125
6,1,1,large,21.734273659193473,25.04296875
6,1,1,large,5.878785324093432,27.04296875
6,1,1,large,60.16888911265408,29.04296875
6,1,1,medium,64.83349143283344,31.04296875
6,1,1,medium,57.512336216811676,33.0546875
6,1,1,medium,91.66966938710603,35.08203125
6,1,1,medium,87.3586259837487,37.08203125
6,1,1,medium,81.26827406365868,39.10546875
6,1,1,medium,55.83912134974132,41.109375
6,1,1,medium,36.541319887614094,43.109375
6,0,1,large,0.0,3.0
6,0,1,large,34.01732439926556,5.015625
6,0,1,large,18.655086612759987,7.02734375
6,0,1,large,4.879115354269949,9.0390625
6,0,1,large,23.494816010633016,11.0390625
6,0,1,large,31.015144406796566,13.06640625
6,0,1,large,8.319577081502523,15.06640625
6,0,1,large,12.68175461962003,17.06640625
6,0,1,large,74.60897756878674,19.09375
6,0,1,large,26.920025794769792,21.1328125
6,0,1,large,7.713608774368061,23.1328125
6,0,1,large,47.91287457710332,25.16015625
6,0,1,large,85.28513741304731,27.171875
6,0,1,large,50.613728639448155,29.1875
6,0,1,medium,77.84770690526133,31.23828125
6,0,1,medium,96.93349459787561,33.265625
6,0,1,medium,83.71302142162278,35.27734375
6,0,1,medium,41.95997427312109,37.3125
6,0,1,medium,42.099865421016816,39.3046875
6,0,1,medium,77.62236956607029,41.31640625
6,0,1,medium,39.783448721185735,43.3203125
6,0,1,medium,18.338109761489697,45.34375
6,0,1,medium,70.57217156925803,47.34375
6,0,1,medium,78.34153980595589,49.41015625
6,0,1,medium,38.09179238499665,51.42578125
6,0,1,medium,72.1153084773461,53.44921875
6,0,1,medium,54.98318522141498,55.44921875
6,0,1,medium,46.382567333313276,57.46484375
6,0,1,medium,18.787588181944166,59.4765625
6,0,1,small,73.16480822041927,61.48828125
6,0,1,small,79.78599651961778,63.515625
6,0,1,small,62.62517746985741,65.52734375
6,0,1,small,73.07430452386635,67.54296875
6,0,1,small,75.37707812761964,69.54296875
6,0,1,small,58.7809751350209,71.5546875
6,0,1,small,17.122572080423645,73.5546875
6,0,1,small,40.23554705090657,75.5703125
6,1,3,large,4.01453809648625,2.99609375
6,1,3,large,27.98537317325406,4.9921875
6,1,3,large,31.178606059664897,6.9921875
6,1,3,large,9.91494145502119,9.00390625
6,1,3,large,2.669842132584831,11.00390625
6,1,3,large,16.40400642070644,13.0078125
6,1,3,large,8.679890370852274,15.00390625
6,1,3,large,4.3895474783503055,17.00390625
6,1,3,large,40.15408365873485,19.01953125
6,1,3,large,75.47737946945185,21.01953125
6,1,3,large,66.61695419108821,23.01953125
6,1,3,large,29.4874838620955,25.03125
6,1,3,large,33.68572186517098,27.03125
6,1,3,medium,15.948532497694735,29.03125
6,1,3,medium,34.76655231626877,31.04296875
6,1,3,medium,86.58791208550613,33.04296875
6,1,3,medium,77.41408147993982,35.04296875
6,1,3,medium,25.456018463868524,37.0546875
6,1,3,medium,54.588622704629834,39.0546875
6,1,3,medium,37.05440348524705,41.0546875
6,1,3,medium,22.88323423482815,43.05859375
6,1,3,medium,65.38858772955123,45.05859375
6,1,3,medium,59.5876525238465,47.0703125
6,1,3,medium,65.20899781652591,49.0703125
6,1,3,medium,52.23973731175238,51.0703125
6,1,3,medium,49.63311825213289,53.0703125
6,1,3,medium,57.388000199488246,55.0703125
6,1,3,medium,32.66381839840996,57.08203125
6,1,3,small,21.60241257502332,59.08203125
6,1,3,small,71.2864724631497,61.08203125
6,0,2,large,0.0658339240712599,2.984375
6,0,2,large,2.8711751157558916,4.984375
6,0,2,large,0.9146376120277004,6.984375
6,0,2,large,0.23919274682363656,8.99609375
6,0,2,large,12.209558097945347,10.99609375
6,0,2,large,29.406947488329315,13.0078125
6,0,2,large,8.289169515733139,15.0078125
6,0,2,large,8.563997892339383,17.0078125
6,0,2,large,55.616363474730136,19.046875
6,0,2,large,20.12092697490575,21.07421875
6,0,2,large,5.252622962896237,23.08984375
6,0,2,large,8.39964191120593,25.1015625
6,0,2,large,10.945711814495457,27.1015625
6,0,2,large,2.892192852802151,29.1015625
6,0,2,medium,7.8285942409011255,31.12890625
6,0,2,medium,54.01866976738902,33.12890625
6,0,2,medium,44.83671165999361,35.140625
6,0,2,medium,15.755349676756943,37.1484375
6,0,2,medium,22.032539843978245,39.15625
6,0,2,medium,48.4927683074748,41.15234375
6,0,2,medium,16.479440543695155,43.15234375
6,0,2,medium,5.048350854427143,45.15625
6,0,2,medium,29.60691110008931,47.16796875
6,0,2,medium,36.95285839581583,49.20703125
6,0,2,medium,9.802524104877843,51.21875
6,0,2,medium,13.367833309599959,53.21875
6,0,2,medium,28.220088894093784,55.21875
6,0,2,medium,19.3983390073684,57.21875
6,0,2,medium,8.985615696858442,59.24609375
6,0,2,small,38.98980180780253,61.2578125
6,0,2,small,79.02401204377631,63.2734375
6,0,2,small,43.07697683581742,65.2734375
6,0,2,small,11.882390356360748,67.2890625
6,0,2,small,37.249833591924876,69.30078125
6,1,2,large,0.042047379329250796,2.984375
6,1,2,large,1.915376937669734,4.984375
6,1,2,large,9.878498240784857,6.984375
6,1,2,large,28.70195418915189,8.99609375
6,1,2,large,13.364950875294847,10.99609375
6,1,2,large,5.610690039457403,12.99609375
6,1,2,large,10.331019502553577,14.99609375
6,1,2,large,11.921973835321017,16.99609375
6,1,2,large,3.4515324104789107,19.01171875
6,1,2,large,10.508619109780689,21.0078125
6,1,2,large,29.77732075846964,23.01171875
6,1,2,large,19.938374998796974,25.01171875
6,1,2,large,9.358945096876916,27.01171875
6,1,2,large,2.6939525407441662,29.01171875
6,1,2,medium,1.2726681409544183,31.0234375
6,0,3,large,1.2363420463895975,2.984375
6,0,3,large,33.910776119377516,4.99609375
6,0,3,large,50.722625849329056,7.05078125
6,0,3,large,13.527820611585616,9.125
6,0,3,large,71.25270594639599,11.12890625
6,0,3,large,81.12059020925551,13.1796875
6,0,3,large,35.433470305783416,15.1796875
6,0,3,large,11.847870624823454,17.21484375
6,0,3,large,67.1638905771705,19.27734375
6,0,3,large,26.551237463765336,21.328125
6,0,3,large,6.872580730000331,23.35546875
6,0,3,large,61.54025971921858,25.3828125
6,0,3,large,91.93321527749879,27.3828125
6,0,3,large,45.398708300114244,29.3828125
6,0,3,medium,33.378087498828705,31.421875
6,0,3,medium,85.90343803243317,33.421875
6,0,3,medium,70.8331420500264,35.43359375
6,0,3,medium,20.78447214932928,37.43359375
6,0,3,medium,20.28546490923673,39.4453125
6,0,3,medium,45.49817551712522,41.4453125
6,0,3,medium,12.913956392236344,43.4453125
6,0,3,medium,13.076909017697496,45.4609375
6,0,3,medium,61.574628841942214,47.47265625
6,0,3,medium,87.99792177284408,49.51171875
6,0,3,medium,29.111911432300875,51.52734375
6,0,3,medium,8.091233262716983,53.5390625
6,0,3,medium,14.36406801738218,55.55078125
6,0,3,medium,15.543450311505975,57.55078125
6,0,3,medium,6.911425399722162,59.578125
6,0,3,small,42.21098199824536,61.59375
6,1,2,large,21.773371520177484,2.99609375
6,1,2,large,73.94411200787972,5.0234375
6,1,2,large,96.03534153775541,7.08203125
6,1,2,large,88.43412281518349,9.10546875
6,1,2,large,53.32377514302732,11.1015625
6,1,2,large,18.81841796477399,13.1171875
6,1,2,large,46.31969789495203,15.1171875
6,1,2,large,45.678089498761814,17.12890625
6,1,2,large,12.869757136285205,19.12890625
6,1,2,large,3.686224254193333,21.140625
6,1,2,large,28.82692062370968,23.140625
6,1,2,large,90.46480692361554,25.16796875
6,1,2,large,94.63742095162095,27.1953125
6,1,2,large,71.84665172168266,29.1953125
6,1,2,medium,91.6419846984619,31.22265625
6,1,2,medium,99.41833438252479,33.2734375
6,1,2,medium,90.94734406634055,35.30078125
6,0,2,large,0.0,2.99609375
6,0,2,large,42.78996657519676,5.0078125
6,0,2,large,30.374500306373136,7.0234375
6,0,2,large,7.944412602299397,9.03515625
6,0,2,large,4.089140281253911,11.03515625
6,0,2,large,22.161514918253022,13.046875
6,0,2,large,10.895122080683741,15.0625
6,0,2,large,15.993921802887098,17.0625
6,0,2,large,71.26252942236682,19.0859375
6,0,2,large,28.24688800367326,21.11328125
6,0,2,large,22.737513553589665,23.1171875
6,0,2,large,75.71586405742977,25.12890625
6,0,2,large,30.250213872660808,27.125
6,0,2,large,8.04914527921083,29.12890625
6,0,2,medium,13.169018759727187,31.16796875
6,0,2,medium,64.04314620692489,33.1640625
6,0,2,medium,60.24940295799041,35.1953125
6,0,2,medium,17.175197814087863,37.20703125
6,0,2,medium,71.37933671669681,39.20703125
6,0,2,medium,71.58083700759332,41.21875
6,0,2,medium,29.584470204525857,43.21875
6,0,2,medium,12.494532129251095,45.22265625
6,0,2,medium,48.68748292993899,47.23046875
6,0,2,medium,79.54447602750209,49.28515625
6,0,2,medium,34.67581921898176,51.28515625
6,0,2,medium,10.664083594502806,53.30859375
6,0,2,medium,22.523712541955042,55.30859375
6,0,2,medium,6.699433537751351,57.3125
6,0,2,medium,2.999566898272459,59.33984375
6,0,2,small,33.028263117373854,61.36328125
6,1,1,large,0.19040569701989468,2.99609375
6,1,1,large,0.9876505853687336,4.98828125
6,1,1,large,16.87863830244897,6.98828125
6,1,1,large,71.07199100399987,9.00390625
6,1,1,large,35.9227186134602,11.015625
6,1,1,large,11.88046781779538,13.02734375
6,1,1,large,66.19111154069583,15.03125
6,1,1,large,51.32242813143596,17.02734375
6,1,1,large,15.422208256877278,19.04296875
6,1,1,large,18.71104196499606,21.04296875
6,1,1,large,69.62248478271954,23.04296875
6,1,1,large,44.51952648018825,25.0546875
6,1,1,large,14.166815414990433,27.0546875
6,1,1,large,17.038733917107226,29.0546875
6,1,1,medium,60.31286645546908,31.06640625
6,0,3,large,3.0458843492695062,2.99609375
6,0,3,large,71.5936768236499,4.99609375
6,0,3,large,28.254404305427553,7.0234375
6,0,3,large,7.34285889688016,9.046875
6,0,3,large,33.1130740407232,11.046875
6,0,3,large,36.93736650801645,13.07421875
6,0,3,large,10.19787893001967,15.07421875
6,0,3,large,2.6902141504541053,17.07421875
6,0,3,large,22.95082429411051,19.08984375
6,0,3,large,11.203355129087527,21.11328125
6,0,3,large,6.8918039931943165,23.11328125
6,0,3,large,72.2720833906223,25.11328125
6,0,3,large,42.906203357155164,27.12890625
6,0,3,large,53.200371167425736,29.12890625
6,0,3,medium,29.412683421316867,31.15625
6,0,3,medium,56.594828992691845,33.15625
6,0,3,medium,32.14796804251309,35.16796875
6,0,3,medium,12.530596347285975,37.1796875
6,0,3,medium,35.23537092379663,39.1953125
6,0,3,medium,57.922805417467956,41.1953125
6,0,3,medium,48.742869501562765,43.20703125
6,0,3,medium,82.93817649900978,45.21875
6,0,3,medium,76.2114902905177,47.234375
6,0,3,medium,69.39023826352144,49.3125
6,0,3,medium,41.4672924763167,51.3125
6,0,3,medium,11.145787005374181,53.33984375
6,0,3,medium,5.530973271792006,55.33984375
6,0,3,medium,1.969217847635757,57.33984375
6,0,3,medium,8.28524407554049,59.37890625
6,0,3,small,30.134652634814483,61.390625
6,0,3,small,71.2897659317892,63.42578125
6,0,3,small,81.21347477599879,65.43359375
6,0,3,small,88.00906953008075,67.47265625
6,0,3,small,79.31374076245996,69.484375
6,1,1,large,0.0,2.9921875
6,1,1,large,0.1955021529470877,4.9921875
6,1,1,large,0.8675280971967562,6.9921875
6,1,1,large,3.755611908136755,8.9921875
6,1,1,large,1.5939264075033064,11.0078125
6,1,1,large,0.42123160502234014,13.00390625
6,1,1,large,6.637298606839478,15.00390625
6,1,1,large,4.1241489169514765,17.01953125
6,1,1,large,1.0992278718128494,19.03125
6,1,1,large,57.892468199210356,21.046875
6,1,1,large,39.87187980323483,23.05859375
6,1,1,large,12.30789322985745,25.05859375
6,1,1,large,3.2109613993266306,27.07421875
6,1,1,large,48.32529667780095,29.07421875
6,1,1,medium,63.94977965117289,31.0703125
6,1,1,medium,26.655800990539035,33.0703125
6,1,1,medium,24.395174975582478,35.07421875
6,1,1,medium,63.61430591393862,37.078125
6,1,1,medium,40.68878503899853,39.08203125
6,1,1,medium,13.020620404202099,41.08203125
6,1,1,medium,34.36228053936663,43.09765625
6,1,1,medium,32.55467878855066,45.109375
7,0,1,large,0.44713799226325884,3.0
7,0,1,large,10.780507253132873,5.00390625
7,0,1,large,5.180127034167915,7.01953125
7,0,1,large,6.893778383301552,9.03125
7,0,1,large,7.41647618595238,11.02734375
7,0,1,large,3.7281133597652234,13.0390625
7,0,1,large,2.1499948034718344,15.0390625
7,0,1,large,2.8998786194405883,17.0390625
7,0,1,large,7.307289059847203,19.0546875
7,0,1,large,3.1772165177664196,21.08203125
7,0,1,large,3.9718162766957237,23.08203125
7,0,1,large,2.690147507651924,25.09375
7,0,1,large,1.1745605412517213,27.09375
7,0,1,large,0.5926069455685969,29.09375
7,0,1,medium,1.9987076863033129,31.10546875
7,0,1,medium,15.622309265772083,33.109375
7,0,1,medium,15.931681723650739,35.12109375
7,0,1,medium,11.578806788859307,37.12109375
7,0,1,medium,12.907419987429527,39.14453125
7,0,1,medium,26.846116742164753,41.16015625
7,0,1,medium,8.809729163603283,43.16015625
7,0,1,medium,2.304032325069782,45.171875
7,0,1,medium,48.4963698332822,47.171875
7,0,1,medium,79.26111850230511,49.2265625
7,0,1,medium,22.80790061219834,51.25390625
7,0,1,medium,14.62182729746346,53.27734375
7,0,1,medium,74.692882672644,55.27734375
7,0,1,medium,46.06699361110077,57.27734375
7,0,1,medium,12.72472530202468,59.31640625
7,0,1,small,72.86104952088036,61.3203125
7,0,1,small,93.02084216409307,63.33203125
7,0,1,small,35.33759513147696,65.34375
7,0,1,small,9.145110843591134,67.37109375
7,1,2,large,4.418683645397334,2.9921875
7,1,2,large,1.8450013001306136,4.9921875
7,1,2,large,0.4863370625342244,6.9921875
7,1,2,large,13.485681048524075,9.00390625
7,1,2,large,5.457324430066517,11.00390625
7,1,2,large,1.4238207205520137,13.01953125
7,1,2,large,1.7889261025530654,15.01953125
7,1,2,large,19.427558179440567,17.03125
7,1,2,large,28.92656685546091,19.03125
7,1,2,large,30.54187220448752,21.0390625
7,1,2,large,53.364757643735516,23.04296875
7,1,2,large,24.383783452160817,25.04296875
7,1,2,large,12.915995544372585,27.0546875
7,1,2,large,34.47153741897938,29.0546875
7,1,2,medium,44.697996379051595,31.0703125
7,1,2,medium,75.9136660727566,33.0703125
7,1,2,medium,75.17926380719777,35.06640625
7,1,2,medium,51.65769242361274,37.06640625
7,1,2,medium,27.257585350992482,39.08984375
7,1,2,medium,23.628320634205572,41.08203125
7,1,2,medium,29.178252087936666,43.09375
7,1,2,medium,16.210691396836474,45.09765625
7,1,2,medium,4.261936579346377,47.1015625
7,1,2,medium,1.117553285519354,49.109375
7,1,2,medium,52.8376683509145,51.109375
7,1,2,medium,60.922412628182805,53.109375
7,1,2,medium,17.185732236457255,55.12109375
7,0,3,large,21.605744937019338,2.98828125
7,0,3,large,34.84857510369855,4.98828125
7,0,3,large,28.62647474327624,7.00390625
7,0,3,large,8.395321464959201,9.015625
7,0,3,large,37.73797250528847,11.015625
7,0,3,large,25.831986147616817,13.015625
7,0,3,large,41.28357930668112,15.03125
7,0,3,large,39.58352597184293,17.03125
7,0,3,large,61.80838487536653,19.03125
7,0,3,large,63.883276189687436,21.08203125
7,0,3,large,40.33309459446259,23.09765625
7,0,3,large,56.12749981339549,25.1796875
7,0,3,large,59.76814289524707,27.1484375
7,0,3,large,23.748544240664742,29.1640625
7,0,3,medium,11.235958324284098,31.1875
7,0,3,medium,73.19073501783542,33.203125
7,0,3,medium,70.50937218359866,35.21484375
7,0,3,medium,18.899981197864346,37.2265625
7,0,3,medium,4.957079441562467,39.26953125
7,0,3,medium,78.14328109194898,41.26953125
7,0,3,medium,51.36414793190769,43.28515625
7,0,3,medium,13.574788294234072,45.28125
7,0,3,medium,56.112171372326756,47.28125
7,0,3,medium,62.935844153917486,49.33203125
7,0,3,medium,16.629079875509234,51.33203125
7,0,3,medium,9.953704183863548,53.35546875
7,0,3,medium,69.91533264961724,55.34765625
7,0,3,medium,48.79598811335894,57.35546875
7,0,3,medium,12.69370844023663,59.375
7,0,3,small,3.3204215096163647,61.38671875
7,0,3,small,57.6101475909056,63.40625
7,0,2,large,0.0,3.00390625
7,0,2,large,0.0,5.00390625
7,0,2,large,0.3345163442358422,7.015625
7,0,2,large,0.08726863421500203,9.03125
7,0,2,large,8.52632919008903,11.03125
7,0,2,large,16.3904852980391,13.03515625
7,0,2,large,4.491846692747972,15.04296875
7,0,2,large,1.1840379330629567,17.04296875
7,0,2,large,5.998302258232313,19.0703125
7,0,2,large,1.5527599990762746,21.09765625
7,0,2,large,0.4060975274617612,23.109375
7,0,2,large,0.10620116841305233,25.12109375
7,0,2,large,0.027994324058226897,27.12109375
7,0,2,large,0.007379223705232843,29.12109375
7,0,2,medium,0.0018905011199510774,31.1640625
7,0,2,medium,0.0004944176621257451,33.17578125
7,0,2,medium,0.0001303270807702147,35.17578125
7,0,2,medium,3.399502374486418e-05,37.19140625
7,0,2,medium,8.892246330263911e-06,39.203125
7,0,2,medium,53.150858422579006,41.21484375
7,0,2,medium,18.075823737095106,43.2265625
7,0,2,medium,4.727321459255672,45.23828125
7,0,2,medium,1.2461084076128555,47.23828125
7,0,2,medium,24.606981941953634,49.29296875
7,0,2,medium,6.486330017564342,51.29296875
7,0,2,medium,1.6787355944975517,53.3203125
7,0,2,medium,8.193294627829735,55.3359375
7,0,2,medium,12.26569198229341,57.34765625
7,0,2,medium,3.2078796398542613,59.359375
7,0,2,small,39.08741344702393,61.375
7,1,1,large,2.6710062532386805,2.9921875
7,1,1,large,13.163629733339024,4.9921875
7,1,1,large,37.46750558327394,6.9921875
7,1,1,large,65.35702104368998,9.00390625
7,1,1,large,21.196226963897168,11.00390625
7,1,1,large,5.587264766534688,13.00390625
7,1,1,large,23.57984597130553,15.01953125
7,1,1,large,7.093137555529873,17.015625
7,1,1,large,1.8697307598988553,19.015625
7,1,1,large,11.109131771483035,21.03125
7,1,1,large,54.25468538325916,23.03125
7,1,1,large,28.177248801786163,25.03125
7,1,1,large,16.00162350243315,27.03125
7,1,1,large,12.955537585891424,29.03125
7,1,1,medium,24.344973821445784,31.04296875
7,1,1,medium,7.561466032676718,33.04296875
7,1,1,medium,1.9774887571879687,35.0546875
7,1,1,medium,17.2996855162057,37.0546875
7,1,1,medium,4.560147592373909,39.0546875
7,1,1,medium,1.1895832215833844,41.0703125
7,1,1,medium,6.3855183752959785,43.0703125
7,1,1,medium,4.414444006487909,45.0703125
7,0,3,large,0.06148443739144868,2.984375
7,0,3,large,2.808309701735553,4.984375
7,0,3,large,1.5078230164809705,6.99609375
7,0,3,large,0.6119848376442563,8.99609375
7,0,3,large,2.9422210175852057,11.0078125
7,0,3,large,7.850261244884562,13.01171875
7,0,3,large,2.356198695633539,15.0078125
7,0,3,large,0.6210872330010087,17.0078125
7,0,3,large,10.144839127283058,19.0234375
7,0,3,large,5.207923687527858,21.07421875
7,0,3,large,1.3727937795574447,23.07421875
7,0,3,large,3.1262326064688573,25.08984375
7,0,3,large,17.69983949644343,27.08984375
7,0,3,large,5.017255984856975,29.1015625
7,0,3,medium,1.2984441916127758,31.12890625
7,0,3,medium,16.64770441983878,33.140625
7,0,3,medium,15.642528245516669,35.1796875
7,0,3,medium,4.080589228105195,37.1953125
7,0,3,medium,1.075631642354391,39.1953125
7,0,3,medium,53.876438673159385,41.20703125
7,0,3,medium,20.6954692326192,43.20703125
7,0,3,medium,5.412983644089827,45.21875
7,0,3,medium,1.57600059926814,47.21875
7,0,3,medium,7.797076817338214,49.28515625
7,0,3,medium,2.0391906146694394,51.296875
7,0,3,medium,0.6015694003636778,53.328125
7,0,3,medium,39.7385418837825,55.328125
7,0,3,medium,17.562953425480764,57.32421875
7,0,3,medium,4.581946489134822,59.33984375
7,0,3,small,9.568863748436332,61.3515625
7,1,2,large,7.388239994904649,3.00390625
7,1,2,large,9.873261257976194,4.9921875
7,1,2,large,6.219977800527081,7.0078125
7,1,2,large,11.80024035143926,9.00390625
7,1,2,large,8.757614741057045,11.00390625
7,1,2,large,2.284869351404272,13.01953125
7,1,2,large,0.8568180844800365,15.01953125
7,1,2,large,1.1310971434141839,17.015625
7,1,2,large,0.768723896335701,19.01953125
7,1,2,large,0.2010628428336211,21.03125
7,1,2,large,1.3822167031136843,23.04296875
7,1,2,large,1.722238909618284,25.04296875
7,1,2,large,0.45397724772692905,27.04296875
7,1,2,large,0.4805350210772723,29.04296875
7,1,2,medium,0.8083049731887888,31.05859375
7,1,2,medium,0.2136319585198318,33.0546875
7,1,2,medium,0.05572911584576446,35.0703125
7,1,2,medium,0.0146900354466633,37.0703125
7,0,2,large,0.11252774719867528,2.984375
7,0,2,large,3.612147110458144,4.99609375
7,0,2,large,12.373305831608263,7.0078125
7,0,2,large,9.468076571131132,9.0078125
7,0,2,large,22.668892655819278,11.01171875
7,0,2,large,13.626517140866731,13.0078125
7,0,2,large,3.8752206497169412,15.0078125
7,0,2,large,4.664628413395937,17.0078125
7,0,2,large,6.858467866847082,19.0234375
7,0,2,large,4.510778932095284,21.046875
7,0,2,large,1.1842728017538233,23.05859375
7,0,2,large,0.3089606142730543,25.07421875
7,0,2,large,11.345192027243847,27.07421875
7,0,2,large,3.651783490284279,29.07421875
7,0,2,medium,0.9378577175275398,31.11328125
7,0,2,medium,38.13773183014281,33.11328125
7,0,2,medium,10.631852220479415,35.125
7,0,2,medium,2.7953775306810877,37.12890625
7,0,2,medium,0.8340966260357874,39.140625
7,0,2,medium,23.1984603863139,41.140625
7,0,2,medium,13.744135155504466,43.140625
7,0,2,medium,3.5855704038234992,45.15625
7,0,2,medium,2.005249504675252,47.15625
7,0,2,medium,1.311239316379501,49.1953125
7,0,2,medium,0.34563893118245825,51.1953125
7,0,2,medium,0.09040869110604914,53.20703125
7,0,2,medium,2.5767145853892233,55.21875
7,0,2,medium,4.721289192902608,57.21875
7,0,2,medium,1.32974518327086,59.2265625
7,0,2,small,0.3459297726817888,61.24609375
7,0,2,small,6.5770442611207995,63.30078125
7,1,1,large,28.694211912552994,2.9921875
7,1,1,large,24.975177194291945,5.0
7,1,1,large,7.128799346406365,7.00390625
7,1,1,large,1.859909989252246,9.01953125
7,1,1,large,0.4864669768121774,11.03125
7,1,1,large,0.1282313028754995,13.03125
7,1,1,large,2.912935463307436,15.03125
7,1,1,large,8.44791609393442,17.03125
7,1,1,large,2.2268465054029005,19.03125
7,1,1,large,0.5824051669627303,21.04296875
7,1,1,large,5.947403037449857,23.05859375
7,1,1,large,2.3011948798958914,25.05859375
7,1,1,large,0.6018934404796733,27.0703125
7,1,1,large,10.28578509220297,29.0703125
7,1,1,medium,9.610230921144716,31.0859375
7,0,3,large,0.33426823378261933,2.98046875
7,0,3,large,4.00974808086918,4.99609375
7,0,3,large,1.4423097970849779,7.0078125
7,0,3,large,0.3801887347878745,9.0078125
7,0,3,large,0.2194675152683135,11.0078125
7,0,3,large,2.1495263699904523,13.0078125
7,0,3,large,0.687514656868561,15.0078125
7,0,3,large,0.18122689596316846,17.0078125
7,0,3,large,4.478608209429679,19.01953125
7,0,3,large,10.206811897674731,21.03515625
7,0,3,large,2.6694151558378643,23.046875
7,0,3,large,0.7036501955216072,25.046875
7,0,3,large,0.1840160746250885,27.05859375
7,0,3,large,23.179815435991642,29.0625
7,0,3,medium,6.06337841498188,31.07421875
7,0,3,medium,1.5982891975018938,33.07421875
7,0,3,medium,0.4158900071922005,35.09375
7,0,3,medium,0.1101983091978971,37.0859375
7,0,3,medium,0.029047958929757627,39.0859375
7,0,3,medium,6.909328828566845,41.0859375
7,0,3,medium,27.21858559384399,43.09765625
7,0,3,medium,7.1747412660952214,45.09765625
7,0,3,medium,35.99832823520945,47.125
7,0,3,medium,21.135786361813278,49.15234375
7,0,3,medium,5.527926077381826,51.1640625
7,0,3,medium,1.4418896443618634,53.1796875
7,0,3,medium,0.3771029639223199,55.19140625
7,0,3,medium,0.0994032620648816,57.19140625
7,0,3,medium,0.02620241539967036,59.19140625
7,0,3,small,0.0067832466635981345,61.21875
7,0,3,small,0.0017740773313639228,63.23046875
7,0,3,small,0.00046764170734351566,65.23046875
7,0,3,large,16.470288372060914,2.984375
7,0,3,large,66.70987537160127,4.984375
7,0,3,large,44.44837838422248,6.99609375
7,0,3,large,11.896044377116734,8.99609375
7,0,3,large,5.374161952596413,10.99609375
7,0,3,large,3.1433213813166523,12.99609375
7,0,3,large,5.83929915375948,14.99609375
7,0,3,large,6.35925890012725,17.0078125
7,0,3,large,5.23716952163131,19.0234375
7,0,3,large,1.5301813834086042,21.05078125
7,0,3,large,0.40441552929228164,23.046875
7,0,3,large,10.446606559625593,25.0625
7,0,3,large,44.00198865178851,27.0625
7,0,3,large,12.445213703002747,29.07421875
7,0,3,medium,3.246794650737682,31.08984375
7,0,3,medium,47.21853378673539,33.08984375
7,0,3,medium,35.037280653446466,35.11328125
7,0,3,medium,9.235726907606002,37.11328125
7,0,3,medium,51.35869283320558,39.12890625
7,0,3,medium,86.1766126463763,41.13671875
7,0,3,medium,36.74240425269666,43.140625
7,0,3,medium,10.758918082480175,45.140625
7,0,3,medium,16.62427050927358,47.140625
7,0,3,medium,45.31767615433837,49.1796875
7,0,3,medium,12.140902655325466,51.20703125
7,0,3,medium,3.150697149820077,53.23046875
7,1,3,large,2.390441655363353,2.9921875
7,1,3,large,10.039392399365841,4.9921875
7,1,3,large,5.840886822301638,6.9921875
7,1,3,large,5.847367013663149,8.9921875
7,1,3,large,4.1255684173215865,10.9921875
7,1,3,large,14.84332173425826,12.9921875
7,1,3,large,16.389491757367765,14.9921875
7,1,3,large,36.27008677884889,17.00390625
7,1,3,large,34.33420463821427,19.00390625
7,1,3,large,11.657918783190283,21.03125
7,1,3,large,44.63574829296627,23.04296875
7,1,3,large,13.085463504004506,25.0546875
7,1,3,large,3.4492907305733747,27.0546875
7,1,3,large,0.9092231651082451,29.0546875
7,1,3,medium,0.23718456474884694,31.0703125
7,1,3,medium,0.0620403088741802,33.08203125
7,1,3,medium,0.01622689359857133,35.09375
7,1,3,medium,0.0042328132965387035,37.109375
7,1,3,medium,0.0011069501471147039,39.12109375
7,1,3,medium,32.9426567736093,41.1640625
7,1,3,medium,90.42061208762236,43.1484375
7,1,3,medium,95.44337967344688,45.1484375
7,1,3,medium,34.47956392364799,47.15234375
7,1,3,medium,37.87401112355087,49.16015625
7,1,3,medium,20.220659830780683,51.16015625
7,1,3,medium,6.363616176803427,53.16015625
7,1,3,medium,21.44333243440375,55.16015625
7,1,3,medium,5.652401061372964,57.16015625
7,1,3,medium,1.4743980940992358,59.17578125
7,1,3,small,0.38864711804784036,61.17578125
7,0,3,large,0.0,2.99609375
7,0,3,large,0.0,5.0078125
7,0,3,large,0.0,7.0234375
7,0,3,large,0.0,9.01953125
7,0,3,large,1.8529165688766813,11.01953125
7,0,3,large,73.32470986351862,13.03515625
7,0,3,large,34.71209809973818,15.03515625
7,0,3,large,9.150009717083334,17.03515625
7,0,3,large,2.411916375154256,19.03515625
7,0,3,large,0.6193800165369922,21.07421875
7,0,3,large,0.16200785256777164,23.0859375
7,0,3,large,0.04193047823980316,25.11328125
7,0,3,large,0.011052754063835858,27.11328125
7,0,3,large,0.002883043452102829,29.12890625
7,0,3,medium,76.42108441879847,31.17578125
7,1,2,large,6.759920022459685,2.9921875
7,1,2,large,1.975868941092378,4.9921875
7,1,2,large,0.5208333981637018,6.9921875
7,1,2,large,0.13621556887190894,9.00390625
7,1,2,large,0.03590603412144084,11.00390625
7,1,2,large,0.00946472783549743,13.00390625
7,1,2,large,0.002494875170481379,15.00390625
7,1,2,large,0.000657641954894877,17.00390625
7,1,2,large,0.000172022655548962,19.015625
7,1,2,large,0.06200957662410297,21.015625
7,1,2,large,0.10689615958984075,23.015625
7,1,2,large,0.028177521743444,25.015625
7,1,2,large,0.007427514090765497,27.015625
7,1,2,large,0.001957871457640018,29.015625
7,1,2,medium,0.7800637400840884,31.03125
7,0,1,large,0.24228699721581026,2.9921875
7,0,1,large,0.5440545709585561,4.9921875
7,0,1,large,4.95243432186318,6.9921875
7,0,1,large,1.3770935700077649,9.00390625
7,0,1,large,0.35371540847460325,11.04296875
7,0,1,large,36.683918595874985,13.0546875
7,0,1,large,9.863541617247968,15.0546875
7,0,1,large,2.6000013419919297,17.0546875
7,0,1,large,7.120413239929479,19.0703125
7,0,1,large,1.8480489640857911,21.09375
7,0,1,large,0.4820667726893597,23.109375
7,0,1,large,0.12573402326979569,25.125
7,0,1,large,1.7000923387129632,27.13671875
7,0,1,large,0.7098080903701014,29.13671875
7,0,1,medium,0.18566063060774088,31.1484375
7,0,1,medium,0.04855930595314237,33.16015625
7,0,1,medium,5.972537450128918,35.17578125
7,0,1,medium,1.5618837814243482,37.1875
7,0,1,medium,0.40855771406591973,39.19921875
7,0,1,medium,0.10741783372974523,41.203125
7,0,1,medium,0.027877234894271127,43.2265625
7,0,1,medium,0.007348359336709737,45.2265625
7,0,1,medium,2.170359564827008,47.2265625
7,0,1,medium,71.59456847506306,49.265625
7,0,1,medium,20.296926754928617,51.28125
7,0,1,medium,5.252696010225488,53.30859375
7,0,1,medium,1.373878979572345,55.3203125
7,0,1,medium,0.36215056713262495,57.3203125
7,0,1,medium,0.09546185306314724,59.3203125
7,0,1,small,0.024518345950237976,61.359375
7,1,2,large,10.14632455705608,2.98828125
7,1,2,large,10.323308331278568,4.98828125
7,1,2,large,4.8724175891454315,6.9921875
7,1,2,large,1.6963294826446167,8.98828125
7,1,2,large,4.487768794773809,10.98828125
7,1,2,large,1.1829630108274398,12.98828125
7,1,2,large,1.7122175713105494,14.98828125
7,1,2,large,1.1729672691624544,16.98828125
7,1,2,large,0.3051789558573079,19.0078125
7,1,2,large,0.08223362879453383,21.0
7,1,2,large,5.980676525983394,23.00390625
7,1,2,large,2.562633759017954,25.0078125
7,1,2,large,0.6789665491000678,27.0
7,1,2,large,0.17897363921908885,29.0
7,1,2,medium,0.04657527769116793,31.01953125
7,1,2,medium,0.0121185136818274,33.0390625
7,1,2,medium,0.003194405524745978,35.0390625
7,1,2,medium,0.0008332203038802328,37.0546875
7,1,2,medium,0.00021963448752274545,39.0546875
7,1,2,medium,5.7895022342509963e-05,41.0546875
7,1,2,medium,1.514150864948599e-05,43.06640625
7,1,2,medium,3.991258346759028e-06,45.06640625
7,1,2,medium,1.0520842776861857e-06,47.06640625
7,1,2,medium,2.751988828599279e-07,49.078125
7,1,3,large,0.0,3.00390625
7,1,3,large,0.0,5.00390625
7,1,3,large,0.0,7.00390625
7,1,3,large,17.565867825222725,9.00390625
7,1,3,large,51.53771437469487,11.00390625
7,1,3,large,70.07139584550491,13.00390625
7,1,3,large,82.86991240009003,15.00390625
7,1,3,large,67.00061780437792,17.00390625
7,1,3,large,17.575836588267492,19.015625
7,1,3,large,52.523541135655016,21.015625
7,1,3,large,82.99779425352729,23.015625
7,1,3,large,28.54385200731565,25.02734375
7,1,3,large,7.524077699927242,27.02734375
7,1,3,large,22.214086925667612,29.02734375
7,1,3,medium,44.70061816120391,31.04296875
7,1,3,medium,11.782955019297226,33.04296875
7,1,3,medium,3.5810093084213737,35.0546875
7,1,3,medium,12.356416485756862,37.0546875
7,1,3,medium,3.1985659274921163,39.08203125
7,1,3,medium,0.843132824561396,41.08203125
7,1,3,medium,0.2205247988266318,43.09375
7,1,3,medium,0.05812970585424648,45.09375
7,1,3,medium,0.015043542192516308,47.12109375
7,1,3,medium,0.003934742531525365,49.1328125
7,0,3,large,0.0,2.97265625
7,0,3,large,0.0,4.97265625
7,0,3,large,14.779545667103704,6.97265625
7,0,3,large,3.8856754942014353,8.9765625
7,0,3,large,1.0269338404553667,10.97265625
7,0,3,large,9.306020023284546,12.97265625
7,0,3,large,5.611686384635583,14.97265625
7,0,3,large,65.65471845325723,16.97265625
7,0,3,large,59.57931550370304,19.02734375
7,0,3,large,15.582578580588189,21.0390625
7,0,3,large,4.075269773923486,23.05078125
7,0,3,large,36.170752848699024,25.05078125
7,0,3,large,20.803069415238028,27.05078125
7,0,3,large,5.426353713730233,29.06640625
7,0,3,medium,1.404767276707895,31.09375
7,0,3,medium,52.51542042084502,33.10546875
7,0,3,medium,23.262958205288186,35.1171875
7,0,3,medium,13.569195465693983,37.1171875
7,0,3,medium,21.41870437967805,39.12109375
7,0,3,medium,18.961874823578,41.1328125
7,0,3,medium,4.998295936803811,43.1328125
7,0,3,medium,1.3074030516792967,45.14453125
7,0,3,medium,58.03167367135205,47.14453125
7,0,3,medium,57.90657124217762,49.19921875
7,0,3,medium,15.264006457532453,51.19921875
7,0,3,medium,3.961497407250151,53.22265625
7,0,3,medium,1.044239379204011,55.22265625
7,0,3,medium,0.27238416626222006,57.23828125
7,0,3,medium,0.06995962507231657,59.27734375
7,0,3,small,0.326388480107149,61.2890625
7,0,3,small,36.26211133594485,63.3046875
7,0,3,small,9.583872326191107,65.30078125
7,1,2,large,0.0,2.98828125
7,1,2,large,0.0,4.98828125
7,1,2,large,0.0,6.984375
7,1,2,large,0.0,8.984375
7,1,2,large,0.0,10.984375
7,1,2,large,0.0,12.984375
7,1,2,large,0.0,14.984375
7,1,2,large,2.4433431889037394,16.984375
7,1,2,large,46.75466697125534,18.984375
7,1,2,large,52.063032498410564,20.984375
7,1,2,large,38.91370881632329,22.984375
7,1,2,large,29.3198420503993,24.984375
7,1,2,large,7.884916635950613,26.984375
7,1,2,large,2.0784414595176637,28.984375
7,1,2,medium,0.5478712204699301,30.984375
7,1,2,medium,0.14441728577184376,32.984375
7,1,2,medium,0.037767490444658464,34.99609375
7,0,2,large,0.0,2.9765625
7,0,2,large,0.0,4.98828125
7,0,2,large,0.0,7.00390625
7,0,2,large,0.0,9.00390625
7,0,2,large,0.0,11.00390625
7,0,2,large,62.22587135811682,13.00390625
7,0,2,large,20.497029909036264,15.00390625
7,0,2,large,35.245857110936015,17.015625
7,0,2,large,87.3268292143282,19.015625
7,0,2,large,77.74867146739436,21.04296875
7,0,2,large,20.607816495379737,23.0546875
7,0,2,large,5.293165744417847,25.09375
7,0,2,large,1.3952633418007436,27.09375
7,0,2,large,0.36108393537514266,29.12109375
7,0,2,medium,0.09274909396439651,31.16015625
7,1,1,large,0.0,3.00390625
7,1,1,large,0.0,5.00390625
7,1,1,large,0.0,7.00390625
7,1,1,large,0.0,9.015625
7,1,1,large,0.0,11.03125
7,1,1,large,0.0,13.03125
7,1,1,large,0.0,15.03125
7,1,1,large,21.884888470791424,17.03125
7,1,1,large,10.329697392095014,19.04296875
7,1,1,large,2.7228786701577308,21.04296875
7,1,1,large,0.7177430248899332,23.04296875
7,1,1,large,0.18919500726351113,25.04296875
7,1,1,large,0.04921687936664565,27.0625
7,1,1,large,0.013042425952337539,29.0546875
7,1,1,medium,0.0034379461551224556,31.0546875
7,1,1,medium,0.0008899422777633617,33.08203125
7,1,1,medium,0.00023458623750661323,35.08203125
7,0,1,large,0.0,2.99609375
7,0,1,large,31.694540854167574,4.99609375
7,0,1,large,22.9656462701053,7.0078125
7,0,1,large,6.053678631777867,9.0078125
7,0,1,large,1.583459246339297,11.01953125
7,0,1,large,78.56467917781319,13.01953125
7,0,1,large,70.26151359933313,15.01953125
7,0,1,large,18.657195750928363,17.01953125
7,0,1,large,53.73213467760489,19.03515625
7,0,1,large,79.17941967022657,21.046875
7,0,1,large,27.631025030445482,23.0625
7,0,1,large,7.116260540745251,25.09765625
7,0,1,large,31.21530946847762,27.140625
7,0,1,large,24.403311244646535,29.1796875
7,0,1,medium,6.153802672364119,31.24609375
7,0,1,medium,39.01666075875541,33.2578125
7,0,1,medium,82.21555134594124,35.3359375
8,0,1,large,11.234207281592013,3.0078125
8,0,1,large,74.30665315661922,5.03515625
8,0,1,large,71.83491314709488,7.046875
8,0,1,large,86.10814560214897,9.07421875
8,0,1,large,89.60002076847238,11.0703125
8,0,1,large,71.05090738066369,13.0859375
8,0,1,large,77.8779965038052,15.0859375
8,0,1,large,89.73244810018184,17.1015625
8,0,1,large,91.1433375290317,19.140625
8,0,1,large,63.68428544981933,21.16796875
8,0,1,large,77.24770581652629,23.1796875
8,0,1,large,67.75197305795947,25.19140625
8,0,1,large,88.90469836210079,27.19140625
8,0,1,large,92.01538955686874,29.20703125
8,0,1,medium,65.08448239959944,31.23046875
8,0,1,medium,87.75533304752032,33.24609375
8,0,1,medium,94.29570359778401,35.2578125
8,0,1,medium,86.0752920957683,37.26953125
8,0,1,medium,85.00821626972854,39.28515625
8,0,1,medium,95.42011653691743,41.296875
8,0,1,medium,84.69470496693714,43.30859375
8,0,1,medium,93.66154443204705,45.32421875
8,0,1,medium,99.22359966084558,47.3359375
8,0,1,medium,93.89644138661512,49.41796875
8,0,1,medium,96.87924902465684,51.41796875
8,0,1,medium,99.19676635557059,53.4453125
8,0,1,medium,97.81857698195208,55.45703125
8,0,1,medium,98.45981471712801,57.46875
8,0,1,medium,89.24935757591317,59.5078125
8,0,1,small,77.98192091117551,61.5234375
8,0,1,small,97.96606678563842,63.546875
8,0,1,small,99.80439247975121,65.58984375
8,0,1,small,98.30125586174964,67.6171875
8,0,1,small,99.86997321226286,69.65625
8,0,1,small,99.80272712145651,71.72265625
8,0,1,small,99.97773814505706,73.76171875
8,0,1,small,99.74054591048257,75.83203125
8,1,2,large,8.834112644899827,2.98828125
8,1,2,large,8.751287635840141,5.0078125
8,1,2,large,13.737607385063878,7.00390625
8,1,2,large,47.24773397765651,9.015625
8,1,2,large,50.285034415359625,11.03125
8,1,2,large,80.31011146935933,13.04296875
8,1,2,large,90.27640060248511,15.05859375
8,1,2,large,92.61033020382585,17.0625
8,1,2,large,94.95770332104848,19.0703125
8,1,2,large,94.39463305797364,21.0703125
8,1,2,large,90.77817743176266,23.08203125
8,1,2,large,76.27691509563415,25.08203125
8,1,2,large,80.34422848359578,27.08203125
8,1,2,large,88.9590357535443,29.08203125
8,1,2,medium,85.27403578758268,31.09375
8,0,2,large,2.686986791250914,2.984375
8,0,2,large,26.757383156171088,5.0
8,0,2,large,21.32817309810338,7.0234375
8,0,2,large,24.03299860649019,9.0234375
8,0,2,large,60.3305051878216,11.03515625
8,0,2,large,78.74925161659851,13.05078125
8,0,2,large,51.20122822052312,15.05078125
8,0,2,large,74.4072737006604,17.0625
8,0,2,large,94.63582875886101,19.08984375
8,0,2,large,83.58666864529928,21.11328125
8,0,2,large,64.07948184023093,23.12890625
8,0,2,large,79.72427126574833,25.15625
8,0,2,large,72.23664552810861,27.16015625
8,0,2,large,64.08821348282967,29.16796875
8,0,2,medium,83.90862546557334,31.1875
8,0,2,medium,89.71616925474419,33.1796875
8,0,2,medium,77.96726068191899,35.20703125
8,0,2,medium,93.93613294707839,37.22265625
8,0,2,medium,97.02675671636459,39.22265625
8,0,2,medium,88.9764233966186,41.234375
8,0,2,medium,65.03402408784167,43.234375
8,0,2,medium,88.88763599771747,45.24609375
8,0,2,medium,81.62771255867443,47.26171875
8,0,2,medium,73.99416869521762,49.2890625
8,0,2,medium,84.38118233736343,51.3125
8,0,2,medium,94.66615643827004,53.328125
8,0,2,medium,84.51052668697733,55.32421875
8,0,2,medium,64.30108240451315,57.328125
8,0,2,medium,80.83826040240687,59.3515625
8,0,2,small,83.19096191877283,61.36328125
8,0,2,small,82.46075991255906,63.37890625
8,0,2,small,67.5928435506401,65.40625
8,0,2,small,96.80616806403043,67.43359375
8,0,2,small,99.15659480459242,69.4296875
8,1,1,large,17.602778301639994,2.98828125
8,1,1,large,14.480711289168807,5.015625
8,1,1,large,31.58407191851685,7.01171875
8,1,1,large,62.18778713237229,9.02734375
8,1,1,large,61.62971801542113,11.02734375
8,1,1,large,86.56775793952974,13.0390625
8,1,1,large,85.53466490295861,15.0390625
8,1,1,large,63.27493917072171,17.0390625
8,1,1,large,88.94690188425734,19.0546875
8,1,1,large,85.22368293285396,21.0546875
8,1,1,large,72.19481309405793,23.05078125
8,1,1,large,59.012663388075495,25.06640625
8,1,1,large,86.62066782428145,27.06640625
8,1,1,large,86.38777984388659,29.06640625
8,0,3,large,13.675224017244238,2.99609375
8,0,3,large,60.26366700887714,5.0234375
8,0,3,large,87.4985140164563,7.03515625
8,0,3,large,84.36597644285663,9.0625
8,0,3,large,75.01739886245534,11.08203125
8,0,3,large,94.26174340055016,13.0859375
8,0,3,large,78.0471006743132,15.1015625
8,0,3,large,64.54629310388606,17.1015625
8,0,3,large,92.48084965661997,19.140625
8,0,3,large,86.68176752739906,21.1640625
8,0,3,large,93.12075691677606,23.1796875
8,0,3,large,81.00411412627356,25.19140625
8,0,3,large,60.887384764375504,27.19140625
8,0,3,large,38.75110214098546,29.21875
8,0,3,medium,31.10307514046213,31.234375
8,0,3,medium,86.08126820239634,33.23046875
8,0,3,medium,96.68772521237514,35.25390625
8,0,3,medium,96.5914329891992,37.2734375
8,0,3,medium,79.77591502734029,39.28515625
8,0,3,medium,95.02721595107104,41.28515625
8,0,3,medium,90.231482172074,43.3125
8,0,3,medium,82.1172008173131,45.3125
8,0,3,medium,92.75292764628672,47.33984375
8,0,3,medium,86.94485707532593,49.36328125
8,0,3,medium,88.92132928563007,51.37890625
8,0,3,medium,69.9931423655287,53.390625
8,0,3,medium,49.385500123639225,55.390625
8,0,3,medium,59.42611705647059,57.40234375
8,0,3,medium,54.10267773110789,59.4296875
8,0,3,small,43.00357646092592,61.44140625
8,0,3,small,90.20837036432378,63.47265625
8,0,3,small,63.78439876216435,65.46875
8,0,3,small,57.99430361723511,67.484375
8,0,3,small,55.68844976878579,69.49609375
8,0,3,small,84.56967861561813,71.5078125
8,0,3,small,47.681442278574764,73.5234375
8,0,3,small,54.154560602575614,75.53515625
8,0,3,small,95.55613412240793,77.58984375
8,0,3,small,93.5673700686857,79.62890625
8,0,3,small,91.36012307148619,81.65625
8,0,3,small,96.22666537674993,83.70703125
8,0,3,small,99.50948593310413,85.734375
8,1,3,large,13.558836023930581,3.0078125
8,1,3,large,22.85671058649961,5.03515625
8,1,3,large,50.55655868160121,7.0625
8,1,3,large,89.71802635841695,9.0859375
8,1,3,large,99.16459746387446,11.125
8,1,3,large,98.44387839666375,13.15234375
8,1,3,large,86.4768766124767,15.15234375
8,1,3,large,85.3587183994257,17.15234375
8,1,3,large,90.91544231017157,19.1640625
8,1,3,large,85.69706775282046,21.1796875
8,1,3,large,95.11901043750507,23.1796875
8,1,3,large,95.18816314780882,25.19140625
8,1,3,large,93.50915600561606,27.20703125
8,1,3,large,85.07017110570172,29.203125
8,1,3,medium,61.742755850888614,31.203125
8,1,3,medium,79.9373974173609,33.21875
8,0,1,large,10.68516598053738,2.9921875
8,0,1,large,67.72480142311576,5.015625
8,0,1,large,88.245303081983,7.03125
8,0,1,large,78.37482153735675,9.03125
8,0,1,large,62.37444431724203,11.05859375
8,0,1,large,88.21572555490818,13.07421875
8,0,1,large,87.95598053572051,15.08203125
8,0,1,large,64.86903119523038,17.0859375
8,0,1,large,93.43759473386243,19.125
8,0,1,large,92.41042460964059,21.1640625
8,0,1,large,93.20513682513361,23.203125
8,0,1,large,63.25357193662202,25.21875
8,0,1,large,86.29061498658135,27.21484375
8,0,1,large,82.32440239551667,29.2265625
8,0,1,medium,68.78552903706061,31.2890625
8,0,1,medium,74.77582238522189,33.28125
8,0,1,medium,76.72852177943774,35.296875
8,0,1,medium,50.46714916917421,37.30859375
8,0,1,medium,27.655426097120056,39.32421875
8,0,1,medium,54.54913533543635,41.32421875
8,0,1,medium,44.71244970208603,43.3203125
8,0,1,medium,49.961932294367344,45.3359375
8,0,1,medium,70.63047407776085,47.35546875
8,0,1,medium,95.64633853434634,49.44140625
8,0,1,medium,79.27140561864132,51.4453125
8,0,1,medium,39.65213164464791,53.453125
8,0,1,medium,24.022032353329962,55.46875
8,0,1,medium,31.256070556644726,57.46875
8,0,1,medium,26.801948520542993,59.4921875
8,1,3,large,13.202531151697837,3.00390625
8,1,3,large,20.017593684427673,5.00390625
8,1,3,large,10.195050666127146,7.01953125
8,1,3,large,22.89854735702974,9.015625
8,1,3,large,19.23945936873678,11.03125
8,1,3,large,14.789146646524198,13.04296875
8,1,3,large,22.605491371239125,15.04296875
8,1,3,large,19.350122370135185,17.04296875
8,1,3,large,17.006679982211374,19.05859375
8,1,3,large,10.503101887771168,21.0703125
8,1,3,large,46.40439171986328,23.0703125
8,1,3,large,37.73471508776547,25.1015625
8,1,3,large,25.04892291316886,27.08203125
8,1,3,large,53.74660457007688,29.1484375
8,1,3,medium,86.45281036845373,31.21484375
8,1,3,medium,62.75603837842238,33.23046875
8,1,3,medium,23.307025398680484,35.2421875
8,1,3,medium,42.29821482848847,37.296875
8,1,3,medium,62.522483861417015,39.3203125
8,1,3,medium,26.381959787784524,41.3359375
8,1,3,medium,13.263211439617264,43.34765625
8,1,3,medium,21.557755073804675,45.35546875
8,1,3,medium,13.472962799341019,47.359375
8,1,3,medium,7.910385325455069,49.375
8,1,3,medium,14.776041417423219,51.37109375
8,0,2,large,18.183927097423055,2.99609375
8,0,2,large,36.891226194522844,4.99609375
8,0,2,large,66.38338567663791,7.0078125
8,0,2,large,56.59114885578298,9.0234375
8,0,2,large,32.5931825016101,11.03515625
8,0,2,large,41.39085743578683,13.03515625
8,0,2,large,33.845585503013766,15.05078125
8,0,2,large,30.385486305339974,17.046875
8,0,2,large,49.1782215649614,19.07421875
8,0,2,large,85.76977699437245,21.14453125
8,0,2,large,57.08318282291761,23.17578125
8,0,2,large,30.11266107819784,25.20703125
8,0,2,large,65.24528667024445,27.22265625
8,0,2,large,62.80350250762907,29.234375
8,0,2,medium,33.90276763622341,31.2734375
8,0,2,medium,41.63706842318835,33.2890625
8,0,2,medium,63.97793128695831,35.31640625
8,0,2,medium,55.17633960481177,37.328125
8,0,2,medium,29.868519734356266,39.33984375
8,0,2,medium,65.25204673622962,41.33984375
8,0,2,medium,51.66352052983973,43.33984375
8,0,2,medium,33.57259120105659,45.3515625
8,0,2,medium,61.55124679621393,47.3671875
8,0,2,medium,91.29775575899018,49.40625
8,0,2,medium,80.24044519921549,51.41796875
8,0,2,medium,39.871527641716256,53.4453125
8,0,2,medium,28.06163453457053,55.45703125
8,0,2,medium,34.573280968275746,57.45703125
8,0,2,medium,25.40124236290748,59.5
8,0,2,small,24.368487671816723,61.51171875
8,0,2,small,60.46671490303251,63.52734375
8,1,1,large,28.08371451085216,3.0
8,1,1,large,72.14432536157877,5.03125
8,1,1,large,51.97061579098313,7.03515625
8,1,1,large,72.40951765653995,9.046875
8,1,1,large,44.017025983673044,11.046875
8,1,1,large,32.1463584148551,13.046875
8,1,1,large,39.96833404112782,15.05859375
8,1,1,large,68.3320385746488,17.05859375
8,1,1,large,74.9444786660192,19.07421875
8,1,1,large,62.33697291871581,21.0859375
8,1,1,large,78.99470410521651,23.0859375
8,1,1,large,87.72297648387791,25.09765625
8,1,1,large,77.65523193111392,27.09765625
8,1,1,large,52.59977633452888,29.140625
8,0,3,large,40.17884255266132,3.0078125
8,0,3,large,92.53548469938413,5.03515625
8,0,3,large,52.0457930991991,7.046875
8,0,3,large,23.29218915543641,9.05859375
8,0,3,large,13.33642989441299,11.05859375
8,0,3,large,12.312186296646397,13.07421875
8,0,3,large,6.596654427734626,15.07421875
8,0,3,large,18.169338241013016,17.0703125
8,0,3,large,42.88508307843434,19.0859375
8,0,3,large,34.75619235191763,21.12890625
8,0,3,large,49.082833931095344,23.140625
8,0,3,large,44.72933516661328,25.16015625
8,0,3,large,83.64667244122454,27.1875
8,0,3,large,89.39351455620553,29.1796875
8,0,3,medium,91.61368747256756,31.21875
8,0,3,medium,93.85680060599604,33.21875
8,0,3,medium,91.91902820268459,35.24609375
8,0,3,medium,87.46974620860905,37.24609375
8,0,3,medium,89.22843401610517,39.24609375
8,0,3,medium,92.16660916362369,41.26953125
8,0,3,medium,84.40088426439593,43.26953125
8,0,3,medium,59.782362728764085,45.28515625
8,0,3,medium,87.78973640922995,47.30859375
8,0,3,medium,98.14613667791045,49.37890625
8,0,3,medium,85.66964027151221,51.390625
8,0,3,medium,71.63915142885722,53.40625
8,0,3,medium,84.2165244517804,55.4140625
8,0,3,medium,65.19954709062674,57.4140625
8,0,3,medium,41.93095861002043,59.453125
8,0,3,small,53.957637282036636,61.45703125
8,0,3,small,95.65343399227146,63.49609375
8,1,2,large,12.45875177594984,2.9921875
8,1,2,large,85.16684635287419,5.03125
8,1,2,large,65.21160072719718,7.03125
8,1,2,large,82.27771881841164,9.04296875
8,1,2,large,88.260520797042,11.0546875
8,1,2,large,63.59514382235638,13.0546875
8,1,2,large,62.71214439975344,15.05859375
8,1,2,large,65.50845600843087,17.0546875
8,1,2,large,75.18278017282778,19.0703125
8,1,2,large,95.30688671681735,21.08203125
8,1,2,large,93.57851731658515,23.09375
8,1,2,large,90.11722069097135,25.09375
8,1,2,large,71.42659164254826,27.09765625
8,1,2,large,62.928774644112316,29.109375
8,1,2,medium,77.10101423093262,31.12109375
8,1,2,medium,90.22462717203118,33.125
8,1,2,medium,88.22887167036319,35.13671875
8,1,2,medium,97.73997076503609,37.1328125
8,1,2,medium,96.54407130837298,39.1484375
8,1,2,medium,73.0906622609237,41.16015625
8,0,2,large,0.0,2.99609375
8,0,2,large,14.05946035265214,5.01171875
8,0,2,large,17.285662402738524,7.01953125
8,0,2,large,21.747795611863644,9.03515625
8,0,2,large,32.409579361476354,11.03515625
8,0,2,large,67.54635760449855,13.03515625
8,0,2,large,53.37807121422532,15.05078125
8,0,2,large,44.344294618449275,17.0625
8,0,2,large,57.88587600163998,19.0703125
8,0,2,large,34.91515641619297,21.1015625
8,0,2,large,16.11087508975676,23.12890625
8,0,2,large,21.496620374964937,25.1796875
8,0,2,large,29.136254965325556,27.1953125
8,0,2,large,47.54508839722588,29.1953125
8,0,2,medium,66.00276853363587,31.2578125
8,0,2,medium,84.80539846226858,33.26171875
8,0,2,medium,94.9442717700121,35.2890625
8,0,2,medium,97.15286690902963,37.30078125
8,0,2,medium,84.93687960160972,39.328125
8,0,2,medium,92.88520306505282,41.33984375
8,0,2,medium,97.46256702620856,43.37890625
8,0,2,medium,95.83486305927204,45.39453125
8,0,2,medium,98.76272975886047,47.41796875
8,0,2,medium,89.84814791941722,49.47265625
8,0,2,medium,71.21801756928765,51.47265625
8,0,2,medium,88.9829615895573,53.5
8,0,2,medium,95.37872651119645,55.5
8,0,2,medium,80.40539427512513,57.5
8,0,2,medium,81.64412989996517,59.52734375
8,0,2,small,42.613054420883294,61.5390625
8,0,2,small,93.37980411233077,63.5625
8,0,2,small,99.25359216675135,65.59375
8,0,2,small,98.199233342469,67.64453125
8,0,2,small,99.68825778287908,69.64453125
8,1,3,large,3.8250351191299763,2.9921875
8,1,3,large,6.755272177697935,4.9921875
8,1,3,large,29.583727611341516,6.9921875
8,1,3,large,72.61460251253555,8.9921875
8,1,3,large,63.25816792143544,11.00390625
8,1,3,large,54.35915033399773,13.00390625
8,1,3,large,28.88062956596164,15.00390625
8,1,3,large,68.58383692358369,17.00390625
8,1,3,large,72.42202828219916,19.015625
8,1,3,large,95.81284927888524,21.0546875
8,1,3,large,97.88088551019126,23.125
8,1,3,large,85.39776522766289,25.17578125
8,1,3,large,98.42718066372993,27.203125
8,1,3,large,78.15862587658381,29.203125
8,1,3,medium,51.35872586912947,31.2265625
8,1,3,medium,39.418808030608176,33.23046875
8,1,3,medium,52.31335143732895,35.23828125
8,1,3,medium,88.40469042064876,37.30859375
8,0,2,large,9.928091539937817,2.9921875
8,0,2,large,65.57156489737599,5.0078125
8,0,2,large,63.103418429709244,7.01953125
8,0,2,large,78.72305555871995,9.0625
8,0,2,large,96.02535486935759,11.08984375
8,0,2,large,93.18733629285569,13.140625
8,0,2,large,74.21480653437506,15.15234375
8,0,2,large,94.51161092609082,17.1640625
8,0,2,large,97.15437988114573,19.20703125
8,0,2,large,66.53238588849744,21.25
8,0,2,large,32.97039898596782,23.2734375
8,0,2,large,92.46990136737512,25.296875
8,0,2,large,85.21287797665973,27.3203125
8,0,2,large,39.45311788152358,29.3125
8,0,2,medium,17.395493606067813,31.40234375
8,0,2,medium,77.40814527261568,33.4296875
8,0,2,medium,96.90936226572585,35.49609375
8,0,2,medium,48.04707252716616,37.52734375
8,0,2,medium,49.67363561415277,39.55078125
8,0,2,medium,92.02012578583034,41.5625
8,0,2,medium,64.12064930469377,43.5625
8,0,2,medium,39.06927083287429,45.57421875
8,0,2,medium,72.58741825929968,47.6015625
8,0,2,medium,45.29769084280542,49.66796875
8,0,2,medium,16.03061289493542,51.6796875
8,0,2,medium,49.70149284578302,53.7109375
8,0,2,medium,81.630258322466,55.70703125
8,0,2,medium,57.291266484379356,57.70703125
8,0,2,medium,77.99330155217237,59.734375
8,0,1,large,18.30025987688085,2.99609375
8,0,1,large,27.29859337262552,5.02734375
8,0,1,large,24.24415986824644,7.05078125
8,0,1,large,35.80404715346497,9.078125
8,0,1,large,65.85225429227955,11.078125
8,0,1,large,56.371036698010556,13.078125
8,0,1,large,36.742513809826335,15.08984375
8,0,1,large,24.50056042298437,17.08984375
8,0,1,large,56.81495300532452,19.1171875
8,0,1,large,90.33464655331389,21.15625
8,0,1,large,87.75149184656681,23.15625
8,0,1,large,95.73946496652512,25.2109375
8,0,1,large,95.62966944704309,27.2109375
8,0,1,large,70.84008351965232,29.22265625
8,0,1,medium,71.26293861381339,31.265625
8,0,1,medium,96.63139193677291,33.2734375
8,0,1,medium,91.08882324977391,35.328125
8,0,1,medium,79.5114001222105,37.33984375
8,0,1,medium,95.89391322126033,39.33984375
8,0,1,medium,98.95559918256399,41.35546875
8,0,1,medium,94.69939947867493,43.35546875
8,0,1,medium,87.51892350022086,45.3671875
8,0,1,medium,90.2931652004831,47.3671875
8,0,1,medium,95.91449714051802,49.39453125
8,0,1,medium,91.58049414522876,51.421875
8,0,1,medium,96.48335219911596,53.44921875
8,0,1,medium,97.58376277582823,55.44921875
8,0,1,medium,93.67257632400984,57.4609375
8,0,1,medium,92.87916861592676,59.47265625
8,0,1,small,93.04049784627472,61.4921875
8,1,3,large,7.602827178395403,3.00390625
8,1,3,large,24.87474700842597,5.00390625
8,1,3,large,19.424887610650778,7.015625
8,1,3,large,33.928614039502605,9.03125
8,1,3,large,14.922739859935263,11.04296875
8,1,3,large,29.20742175715897,13.04296875
8,1,3,large,72.61422769880946,15.078125
8,1,3,large,58.477165785233964,17.06640625
8,1,3,large,43.363785110017986,19.06640625
8,1,3,large,92.0326221212267,21.0859375
8,1,3,large,61.39616317526937,23.0859375
8,1,3,large,38.45487313582845,25.109375
8,1,3,large,63.42221969590661,27.09375
8,1,3,large,84.68472596572025,29.1015625
8,0,2,large,0.089261503888507,2.9921875
8,0,2,large,13.415459954031558,5.02734375
8,0,2,large,78.25652579521963,7.046875
8,0,2,large,90.1058907812012,9.05859375
8,0,2,large,59.13307666520484,11.0703125
8,0,2,large,69.00730211773403,13.0859375
8,0,2,large,44.67357885415097,15.0859375
8,0,2,large,27.41851155030682,17.0859375
8,0,2,large,82.75899958866445,19.11328125
8,0,2,large,82.2986949131671,21.1640625
8,0,2,large,33.080378494407064,23.20703125
8,0,2,large,80.44775326630551,25.2421875
8,0,2,large,94.71421131627102,27.2421875
8,0,2,large,80.48077453714639,29.2578125
8,0,2,medium,60.74254802193217,31.28125
8,0,2,medium,83.33437538389006,33.296875
8,0,2,medium,93.39190197555409,35.30859375
8,0,2,medium,76.90037134422359,37.32421875
8,0,2,medium,82.77242469532038,39.33984375
8,0,2,medium,91.75001546078504,41.3359375
8,0,2,medium,89.13365577490198,43.3515625
8,0,2,medium,94.53924690503148,45.3515625
8,0,2,medium,96.48512558513721,47.36328125
8,0,2,medium,93.91076929121101,49.40234375
8,0,2,medium,73.6169799107043,51.40234375
8,0,2,medium,92.75851738022091,53.453125
8,0,2,medium,98.85428696397977,55.453125
8,0,2,medium,94.86725252888598,57.453125
8,0,2,medium,96.91658951237822,59.484375
8,0,2,small,96.19687922978723,61.49609375
8,1,3,large,0.06540650953584791,2.9921875
8,1,3,large,1.0854339222348754,4.9921875
8,1,3,large,0.4998858975112739,6.9921875
8,1,3,large,7.033696376296854,8.9921875
8,1,3,large,7.080161723042179,10.9921875
8,1,3,large,5.801824558384037,13.00390625
8,1,3,large,16.28889764527856,15.00390625
8,1,3,large,44.095355929926704,17.00390625
8,1,3,large,39.698382376501236,19.01953125
8,1,3,large,79.73842896875917,21.015625
8,1,3,large,95.00847687446606,23.02734375
8,1,3,large,83.10474648991132,25.03125
8,1,3,large,48.36432847271122,27.04296875
8,1,3,large,75.42164582180702,29.0546875
8,1,3,medium,91.33793171544998,31.08203125
8,1,3,medium,88.67991604335278,33.09765625
8,1,3,medium,99.19717823430004,35.1484375
8,1,3,medium,98.5685276265086,37.21875
8,1,3,medium,99.73115427373509,39.26953125
8,1,3,medium,98.45516136287563,41.3203125
8,0,2,large,0.2058473205431439,2.9921875
8,0,2,large,17.614866833150252,5.00390625
8,0,2,large,9.941211260695983,7.01953125
8,0,2,large,11.179905029451202,9.03125
8,0,2,large,13.323253690724322,11.03125
8,0,2,large,25.86419369141256,13.03125
8,0,2,large,32.99948152911753,15.03125
8,0,2,large,40.26398061441091,17.03125
8,0,2,large,81.42355481022115,19.04296875
8,0,2,large,90.05843579275853,21.08203125
8,0,2,large,70.10927228577637,23.09765625
8,0,2,large,73.64781223589512,25.13671875
8,0,2,large,95.40699937029422,27.1484375
8,0,2,large,92.82705547700289,29.1484375
8,0,2,medium,97.4798204827938,31.17578125
8,0,2,medium,99.26963682227769,33.203125
8,0,2,medium,91.93843505754393,35.25390625
8,0,2,medium,88.029636297433,37.26953125
8,0,2,medium,92.87967314270848,39.26953125
8,0,2,medium,97.90677819324299,41.28125
8,0,2,medium,88.11049808832405,43.29296875
8,0,2,medium,86.09918794282865,45.29296875
8,0,2,medium,97.68716369582285,47.29296875
8,0,2,medium,97.20385065057629,49.36328125
8,0,2,medium,80.69092702760085,51.38671875
8,0,2,medium,90.25587068744105,53.3984375
8,0,2,medium,93.74511074498413,55.40234375
8,0,2,medium,96.6844528140665,57.4140625
8,0,2,medium,90.36448712217299,59.42578125
8,0,2,small,97.83021568126988,61.44140625
8,1,1,large,36.57321730903258,3.0
8,1,1,large,35.43994500510961,5.0
8,1,1,large,39.14590629141888,7.02734375
8,1,1,large,91.97372131746309,9.0546875
8,1,1,large,98.87497622031398,11.12109375
8,1,1,large,98.56337407435866,13.1328125
8,1,1,large,92.47828553778027,15.12109375
8,1,1,large,75.23349313014965,17.1328125
8,1,1,large,64.90308415077392,19.1328125
8,1,1,large,71.97154478648021,21.1328125
8,1,1,large,79.7809100721562,23.1328125
8,1,1,large,77.7629151506041,25.1484375
8,1,1,large,81.16837661968187,27.14453125
8,1,1,large,87.67221819855158,29.16015625
8,1,1,medium,97.72890788810928,31.2109375
8,1,1,medium,69.1170643859889,33.22265625
8,0,1,large,2.4328239352395205,2.9921875
8,0,1,large,17.306940020861198,5.00390625
8,0,1,large,25.563278448690586,7.01953125
8,0,1,large,10.985513265430452,9.03125
8,0,1,large,34.01990090479053,11.04296875
8,0,1,large,71.88976092196472,13.0703125
8,0,1,large,66.29001530546196,15.0703125
8,0,1,large,21.610160064647655,17.0703125
8,0,1,large,70.95830839479962,19.09765625
8,0,1,large,77.02124664409871,21.13671875
8,0,1,large,35.50763187940889,23.13671875
8,0,1,large,72.67361498468749,25.1875
8,0,1,large,97.6094369746302,27.1875
8,0,1,large,77.33802801498888,29.87109375
8,0,1,medium,87.58096767554873,31.89453125
8,0,1,medium,98.67129258561266,33.91015625
8,0,1,medium,90.5554687390712,35.921875
8,0,1,medium,57.156307498503764,37.9375
8,0,1,medium,76.06375763179253,39.9609375
8,0,1,medium,85.18910027905338,41.9765625
8,0,1,medium,73.86870769692857,43.98828125
8,0,1,medium,84.1810643185992,45.98828125
8,0,1,medium,92.7659567785612,47.98828125
8,0,1,medium,91.63593726803418,50.02734375
8,0,1,medium,87.81192731348669,52.0390625
8,0,1,medium,96.61265723240649,54.0546875
8,0,1,medium,98.39299110636108,56.06640625
8,0,1,medium,99.85492334046357,58.08203125
8,0,1,medium,98.74270524047033,60.12109375
8,0,1,small,92.3862715103509,62.1328125
8,0,1,small,94.57367441326886,64.1484375
8,0,1,small,91.39758564850253,66.171875
8,0,1,small,96.62871975702473,68.2109375
8,0,1,small,99.7683526086056,70.25390625
8,1,3,large,1.512854427504308,2.984375
8,1,3,large,0.7511356843867479,4.98828125
8,1,3,large,1.1015054552228283,6.98828125
8,1,3,large,1.170814323987546,8.98828125
8,1,3,large,0.40138146034894906,11.0
8,1,3,large,5.308698342736282,13.0
8,1,3,large,14.574583499503262,15.0
8,1,3,large,12.839874866919406,17.0
8,1,3,large,4.472348972314492,19.01171875
8,1,3,large,1.184899437072351,21.01171875
8,1,3,large,9.050827830451905,23.01171875
8,1,3,large,17.31182969972843,25.01171875
8,1,3,large,16.136236870997905,27.01171875
8,1,3,large,8.937955940013607,29.01171875
8,1,3,medium,32.83513535074929,31.01171875
8,1,3,medium,41.805080832735726,33.01171875
8,1,3,medium,71.25435118571644,35.02734375
8,1,3,medium,80.77696193246959,37.0234375
8,1,3,medium,87.07776416591346,39.0390625
8,1,3,medium,93.28314067942787,41.0390625
8,1,3,medium,92.76762266311485,43.05078125
8,1,3,medium,96.02769081840088,45.0546875
8,1,3,medium,80.84656095012856,47.078125
8,1,3,medium,87.6857045465423,49.10546875
8,1,3,medium,69.76325937847757,51.1015625
8,1,3,medium,80.44017949935076,53.1171875
8,1,3,medium,85.53211312252768,55.12109375
8,1,3,medium,73.61149175660371,57.1171875
8,1,3,medium,80.45526978658623,59.14453125
9,0,3,large,44.35063651297248,3.0
9,0,3,large,54.915410815296084,5.0
9,0,3,large,61.42882250233896,7.015625
9,0,3,large,69.02536795126372,9.02734375
9,0,3,large,49.599546040569805,11.02734375
9,0,3,large,62.55988964318892,13.04296875
9,0,3,large,54.470560349824154,15.04296875
9,0,3,large,38.45018524298705,17.04296875
9,0,3,large,51.44846767822017,19.04296875
9,0,3,large,43.968447660331286,21.08203125
9,0,3,large,70.15950116726134,23.09375
9,0,3,large,82.1340610920288,25.109375
9,0,3,large,73.46726378997316,27.12109375
9,0,3,large,34.70809793885834,29.12109375
9,0,3,medium,78.69255410647096,31.16015625
9,0,3,medium,63.998648058052964,33.16015625
9,0,3,medium,51.18526410672124,35.171875
9,0,3,medium,79.84284907471474,37.1875
9,0,3,medium,60.769697138570855,39.18359375
9,0,3,medium,62.62464372033605,41.18359375
9,0,3,medium,59.86683516596334,43.1953125
9,0,3,medium,48.91808141306015,45.1953125
9,0,3,medium,60.26206347451583,47.19921875
9,0,3,medium,85.97631496106975,49.22265625
9,0,3,medium,86.28394425788974,51.25
9,0,3,medium,98.78302484684572,53.3203125
9,1,1,large,63.65949119232098,3.0
9,1,1,large,82.19370370085815,5.0
9,1,1,large,55.64112556615602,7.01171875
9,1,1,large,69.5936619450951,9.01171875
9,1,1,large,68.49794635930795,11.01171875
9,1,1,large,32.171770423837344,13.01953125
9,1,1,large,41.26991583923364,15.01171875
9,1,1,large,76.0966683968794,17.01171875
9,1,1,large,61.10626806646314,19.0078125
9,1,1,large,36.4143913766557,21.0234375
9,1,1,large,75.79063317669768,23.02734375
9,1,1,large,91.14210266764151,25.02734375
9,1,1,large,90.92134441516193,27.0234375
9,1,1,large,50.84510822928689,29.0234375
9,1,1,medium,72.03189505722953,31.0390625
9,0,1,large,11.66057532754161,2.9921875
9,0,1,large,53.001044980392365,4.9921875
9,0,1,large,77.96354238352751,7.00390625
9,0,1,large,50.01319947473593,9.01953125
9,0,1,large,23.46168497975103,11.01953125
9,0,1,large,69.47676894489615,13.015625
9,0,1,large,71.3208772110033,15.03125
9,0,1,large,73.38610897959458,17.03125
9,0,1,large,80.15125239488741,19.04296875
9,0,1,large,67.77439751782491,21.08203125
9,0,1,large,72.61847128564558,23.08203125
9,0,1,large,86.44893002130809,25.12109375
9,0,1,large,84.03110089982746,27.12109375
9,0,1,large,71.30629885368319,29.12109375
9,0,1,medium,84.99296609098354,31.19140625
9,0,1,medium,78.70244815681001,33.2265625
9,0,1,medium,76.95724692595951,35.2421875
9,0,1,medium,97.15469903458289,37.2421875
9,0,1,medium,97.59816505605376,39.26953125
9,0,1,medium,84.23964372643779,41.26953125
9,0,1,medium,70.71711343987971,43.28125
9,0,1,medium,59.07536673152861,45.28125
9,0,1,medium,82.82939616501069,47.28125
9,0,1,medium,98.45573606386947,49.3359375
9,0,1,medium,98.12021584436258,51.3359375
9,1,2,large,44.18704725835483,2.98828125
9,1,2,large,49.413297023844365,4.98828125
9,1,2,large,24.074372165850974,6.98828125
9,1,2,large,32.83254716968342,8.98828125
9,1,2,large,63.451299504588356,10.98828125
9,1,2,large,36.66419453061677,12.98828125
9,1,2,large,53.2622012481233,14.98828125
9,1,2,large,73.87976237912336,16.9921875
9,1,2,large,40.69868720115493,18.98828125
9,1,2,large,29.311118891422126,21.00390625
9,1,2,large,68.87561479474459,23.00390625
9,1,2,large,86.2499266516125,25.00390625
9,1,2,large,92.78825808008142,27.015625
9,1,2,large,65.00867096198607,29.015625
9,1,2,medium,83.09206970877173,31.02734375
9,1,2,medium,91.81781394488074,33.02734375
9,1,2,medium,99.01194704566248,35.04296875
9,1,2,medium,87.77866188422274,37.04296875
9,1,2,medium,89.29837323223448,39.04296875
9,1,2,medium,92.66954807313617,41.04296875
9,1,2,medium,66.70325871306085,43.0546875
9,1,2,medium,72.43235505182221,45.0546875
9,1,2,medium,97.61475848762744,47.0546875
9,1,2,medium,98.50441796275639,49.06640625
9,1,2,medium,86.4950180665988,51.06640625
9,1,2,medium,90.39071577882561,53.06640625
9,1,2,medium,99.11029351526562,55.06640625
9,1,2,medium,98.9317095114179,57.08203125
9,1,2,medium,99.05937401379066,59.09375
9,0,3,large,10.405493213373774,2.98828125
9,0,3,large,33.01135420979204,4.984375
9,0,3,large,59.794433599269944,6.984375
9,0,3,large,74.01981324257153,9.0
9,0,3,large,40.3756181248355,11.0
9,0,3,large,54.00493417480288,13.015625
9,0,3,large,34.07882219826808,15.015625
9,0,3,large,82.24275062048288,17.02734375
9,0,3,large,71.09911755189731,19.0390625
9,0,3,large,44.94654444053878,21.06640625
9,0,3,large,89.05547927780951,23.078125
9,0,3,large,86.46509188969459,25.09375
9,0,3,large,59.01803337020911,27.09375
9,0,3,large,90.61161208175177,29.10546875
9,0,3,medium,85.12016852351852,31.1171875
9,0,3,medium,95.84409765284077,33.16015625
9,0,3,medium,84.03740325689527,35.1796875
9,0,3,medium,88.59767898275814,37.18359375
9,0,3,medium,88.33723050045273,39.1953125
9,0,3,medium,59.68940316712073,41.1953125
9,0,3,medium,63.876672931477714,43.2109375
9,0,3,medium,62.903024732584605,45.2109375
9,0,3,medium,70.47365438728835,47.2109375
9,0,3,medium,63.39226906054355,49.25
9,0,3,medium,78.78424219137918,51.265625
9,0,3,medium,94.27868208258793,53.27734375
9,0,3,medium,84.41349365782202,55.3046875
9,0,3,medium,58.79991963587109,57.31640625
9,0,3,medium,92.42885871947149,59.34375
9,0,3,small,70.55715608262145,61.37109375
9,0,3,small,71.4444797215229,63.3828125
9,0,3,small,95.60098288455984,65.41015625
9,1,2,large,44.50908509046606,2.9921875
9,1,2,large,46.83640905955572,5.00390625
9,1,2,large,49.03214622112378,7.0078125
9,1,2,large,81.54721926652137,9.0078125
9,1,2,large,70.06376822634587,11.0078125
9,1,2,large,64.70026700234231,13.0078125
9,1,2,large,82.5626496282859,15.00390625
9,1,2,large,82.31923299163779,17.015625
9,1,2,large,72.30480521768195,19.01953125
9,1,2,large,72.77531575270282,21.01953125
9,1,2,large,76.84340477586724,23.01953125
9,1,2,large,68.06476874703131,25.01953125
9,1,2,large,61.447644288965435,27.01953125
9,1,2,large,71.41135932972841,29.01953125
9,1,2,medium,51.10047288165546,31.01953125
9,1,2,medium,70.19544071527832,33.03125
9,0,3,large,16.71757862851679,2.984375
9,0,3,large,63.037817445532475,4.984375
9,0,3,large,82.84284641571969,6.984375
9,0,3,large,67.88401102257751,8.98828125
9,0,3,large,58.942563181423104,10.99609375
9,0,3,large,83.65296964413979,12.99609375
9,0,3,large,34.42552631964804,14.9921875
9,0,3,large,35.75355605348946,16.9921875
9,0,3,large,62.36095601204218,19.0234375
9,0,3,large,49.70787572322491,21.05078125
9,0,3,large,88.90421462542838,23.07421875
9,0,3,large,87.44324695481205,25.1015625
9,0,3,large,60.507440525085876,27.1015625
9,0,3,large,38.13726736930004,29.1015625
9,0,3,medium,77.61213229846022,31.140625
9,0,3,medium,53.529994212054675,33.140625
9,0,3,medium,65.40757419170129,35.16796875
9,0,3,medium,87.08635113242008,37.1953125
9,0,3,medium,80.91028401889112,39.20703125
9,0,3,medium,35.74503458543505,41.20703125
9,0,3,medium,49.5614470747865,43.22265625
9,0,3,medium,82.58124656619557,45.24609375
9,0,3,medium,54.35210306542393,47.24609375
9,0,3,medium,50.71755620621669,49.2890625
9,0,3,medium,80.28399720630561,51.30078125
9,0,3,medium,91.34139420203135,53.31640625
9,0,3,medium,53.6021637691577,55.32421875
9,0,3,medium,34.63163389715206,57.328125
9,0,3,medium,72.9567831002332,59.33984375
9,0,3,small,78.1969830604566,61.36328125
9,0,3,small,59.53503430367968,63.39453125
9,0,3,small,90.97760320035465,65.40625
9,1,3,large,53.472899132587926,2.98046875
9,1,3,large,50.42488754068623,4.984375
9,1,3,large,39.05871533576122,6.984375
9,1,3,large,61.22286555908706,8.984375
9,1,3,large,64.89018249268942,10.984375
9,1,3,large,40.895108393705144,12.984375
9,1,3,large,41.834234642830474,14.9921875
9,1,3,large,27.17408458795061,16.984375
9,1,3,large,46.4528064489895,19.00390625
9,1,3,large,55.528913876921244,20.99609375
9,1,3,large,66.38122947158499,22.99609375
9,1,3,large,55.454125221511696,24.99609375
9,1,3,large,71.11936191129344,27.0078125
9,1,3,large,55.42012000913037,29.0078125
9,1,3,medium,64.24721786863284,31.0078125
9,1,3,medium,74.9052861607583,33.0078125
9,1,3,medium,85.51446667383851,35.0234375
9,1,3,medium,92.30038394132296,37.0234375
9,1,3,medium,96.0972384216833,39.046875
9,1,3,medium,99.420629855378,41.07421875
9,1,3,medium,90.42718414884914,43.08984375
9,1,3,medium,93.57819828005827,45.1015625
9,1,3,medium,93.01345637739935,47.1015625
9,1,3,medium,93.47829315817984,49.11328125
9,0,1,large,33.65141686035509,2.984375
9,0,1,large,25.119285959340708,4.984375
9,0,1,large,48.16791685162388,6.984375
9,0,1,large,47.099329176861495,8.984375
9,0,1,large,50.49022511362553,10.99609375
9,0,1,large,41.84031039961283,13.0
9,0,1,large,31.504270784072567,14.99609375
9,0,1,large,35.944377424752204,16.99609375
9,0,1,large,60.69352680513663,19.01171875
9,0,1,large,70.11000828596168,21.0234375
9,0,1,large,81.36585074349507,23.03515625
9,0,1,large,46.40794979231287,25.03515625
9,0,1,large,21.603351285274233,27.03515625
9,0,1,large,27.632383546458932,29.05078125
9,0,1,medium,39.09254806188622,31.0625
9,0,1,medium,31.044089089540655,33.07421875
9,0,1,medium,58.12617428416865,35.08984375
9,0,1,medium,83.7049066567886,37.08984375
9,0,1,medium,77.49396590302312,39.1171875
9,0,1,medium,66.2811485198688,41.1171875
9,0,1,medium,58.3948086520218,43.12890625
9,0,1,medium,62.14190174902195,45.12890625
9,0,1,medium,35.93573434875787,47.12890625
9,0,1,medium,50.148147646702164,49.15234375
9,0,1,medium,74.7231361483347,51.1796875
9,0,1,medium,64.12093237539858,53.21875
9,0,1,medium,40.387047011818346,55.234375
9,0,1,medium,33.23757147458085,57.234375
9,0,1,medium,55.01056937804609,59.2734375
9,0,1,small,28.471296339414884,61.2890625
9,0,1,small,17.11230590098571,63.328125
9,0,1,small,43.0915234961762,65.35546875
9,0,1,small,47.30101617739615,67.3515625
9,1,2,large,11.953373493884094,2.9921875
9,1,2,large,52.482672486619,4.9921875
9,1,2,large,41.224214581150164,6.99609375
9,1,2,large,63.96604610516937,9.00390625
9,1,2,large,73.82540106838456,11.015625
9,1,2,large,58.72009212011605,13.015625
9,1,2,large,43.26051870888851,15.015625
9,1,2,large,62.59537316184107,17.015625
9,1,2,large,60.94792090345262,19.03515625
9,1,2,large,59.19602465289087,21.04296875
9,1,2,large,54.34708592411705,23.04296875
9,1,2,large,51.87326351596418,25.05859375
9,1,2,large,57.08032134590774,27.0703125
9,1,2,large,63.44109293630882,29.0703125
9,1,2,medium,68.58114912601953,31.06640625
9,1,2,medium,94.3400665313284,33.08203125
9,0,1,large,27.22054827502718,2.98046875
9,0,1,large,65.28415457030272,4.984375
9,0,1,large,78.78951582197591,6.99609375
9,0,1,large,63.05776417860211,9.0078125
9,0,1,large,40.24662694155341,11.01953125
9,0,1,large,34.64522238716087,13.01953125
9,0,1,large,39.835205766665325,15.01953125
9,0,1,large,44.15992853526714,17.01953125
9,0,1,large,49.962663738381394,19.046875
9,0,1,large,38.316512363835365,21.07421875
9,0,1,large,83.04235635264988,23.07421875
9,0,1,large,50.9652231516242,25.09375
9,0,1,large,18.721692707025944,27.0859375
9,0,1,large,15.104261584690406,29.0859375
9,0,1,medium,56.57053144314919,31.11328125
9,0,1,medium,40.224235258738275,33.1171875
9,0,1,medium,44.67542200649039,35.140625
9,0,1,medium,85.38872590003855,37.140625
9,0,1,medium,71.37256417981607,39.15234375
9,0,1,medium,42.08379258004574,41.15234375
9,0,1,medium,61.29422937253069,43.15234375
9,0,1,medium,82.12498283817105,45.1640625
9,0,1,medium,51.73035507609182,47.1640625
9,0,1,medium,41.717585153317174,49.19140625
9,0,1,medium,84.58860251097454,51.21875
9,1,2,large,20.044526253346895,2.98828125
9,1,2,large,50.630866779113475,4.99609375
9,1,2,large,36.478992490054054,6.98828125
9,1,2,large,36.948997384366194,8.98828125
9,1,2,large,70.76746765612137,10.98828125
9,1,2,large,71.75962594564905,13.00390625
9,1,2,large,53.998770889248505,15.00390625
9,1,2,large,49.81321190743398,17.0
9,1,2,large,78.10846511019528,19.015625
9,1,2,large,60.66903074663695,21.01953125
9,1,2,large,65.94743113615732,23.02734375
9,1,2,large,65.13472361818779,25.02734375
9,1,2,large,72.08169919114953,27.02734375
9,1,2,large,70.3415280874085,29.02734375
9,1,2,medium,53.90380431520297,31.04296875
9,1,2,medium,83.86324931768873,33.06640625
9,1,2,medium,79.11060419250697,35.109375
9,0,2,large,68.46043910737886,2.984375
9,0,2,large,78.36171864145827,4.984375
9,0,2,large,83.48424302896407,6.984375
9,0,2,large,68.18488670074152,8.984375
9,0,2,large,67.06992812985135,10.984375
9,0,2,large,83.17035778231812,12.99609375
9,0,2,large,82.73171398748991,14.99609375
9,0,2,large,77.9693458691871,16.99609375
9,0,2,large,66.4433051793876,19.01171875
9,0,2,large,64.45648533247697,21.03515625
9,0,2,large,90.31362282691443,23.046875
9,0,2,large,86.68339914545143,25.046875
9,0,2,large,34.871544014136994,27.0625
9,0,2,large,10.153012401005288,29.0625
9,0,2,medium,20.480534497187243,31.08984375
9,0,2,medium,70.46735829951987,33.109375
9,0,2,medium,72.3817428877827,35.16796875
9,1,3,large,39.2997709563395,2.9921875
9,1,3,large,76.95677010754281,5.00390625
9,1,3,large,62.16411640768822,7.00390625
9,1,3,large,83.03702846425676,9.00390625
9,1,3,large,52.05069796165834,11.00390625
9,1,3,large,44.12643116961273,13.00390625
9,1,3,large,65.24612310572262,15.00390625
9,1,3,large,85.25318385853419,17.01171875
9,1,3,large,91.85790137587307,19.00390625
9,1,3,large,79.35299968051456,21.01171875
9,1,3,large,74.0761682084962,23.00390625
9,1,3,large,74.73778760436731,25.00390625
9,1,3,large,86.23164169723937,27.015625
9,1,3,large,86.1363575461357,29.015625
9,1,3,medium,88.50336445351503,31.015625
9,1,3,medium,99.06274053386268,33.015625
9,0,1,large,36.24542710305769,2.9921875
9,0,1,large,25.674280491395457,4.98828125
9,0,1,large,53.00645079955522,6.9921875
9,0,1,large,67.66866177115567,8.98828125
9,0,1,large,32.80418970171329,11.0
9,0,1,large,57.40972963794086,13.0
9,0,1,large,70.13476888717176,15.0
9,0,1,large,46.723063855761,17.0
9,0,1,large,49.96429723094856,19.02734375
9,0,1,large,72.1799145507897,21.06640625
9,0,1,large,77.85629493648018,23.06640625
9,0,1,large,52.65886549570145,25.08203125
9,0,1,large,66.94874162638402,27.08203125
9,0,1,large,55.7846242292363,29.09375
9,0,1,medium,48.97833914605909,31.10546875
9,0,1,medium,29.198585828979695,33.10546875
9,0,1,medium,66.36941631751483,35.12109375
9,0,1,medium,89.97932882135564,37.1328125
9,0,1,medium,82.2044424567627,39.1328125
9,0,1,medium,53.43997896791853,41.1328125
9,0,1,medium,59.4724690890132,43.14453125
9,0,1,medium,88.12253679629973,45.1484375
9,0,1,medium,64.35510099991973,47.16015625
9,0,1,medium,60.471414076526784,49.19921875
9,0,1,medium,92.0244467620071,51.2109375
9,0,1,medium,82.18150707448865,53.21484375
9,0,1,medium,57.01147924630649,55.2109375
9,0,1,medium,24.491704700406732,57.22265625
9,0,1,medium,71.2523898799706,59.25
9,0,1,small,50.2955915734092,61.265625
9,0,1,small,69.91814837255535,63.28125
9,0,1,small,92.38059852057019,65.29296875
9,1,1,large,27.319166774768096,2.9921875
9,1,1,large,54.67921360464008,4.9921875
9,1,1,large,29.233010772119407,6.9921875
9,1,1,large,43.11243018208655,8.9921875
9,1,1,large,55.334946030022095,10.9921875
9,1,1,large,72.93743554212145,12.9921875
9,1,1,large,68.57554395060632,14.9921875
9,1,1,large,69.06048769059255,17.0078125
9,1,1,large,83.32808717982289,19.0078125
9,1,1,large,61.34317347499716,21.01953125
9,1,1,large,48.983640518413566,23.01953125
9,1,1,large,66.79713947720603,25.01953125
9,1,1,large,86.50291674333268,27.01953125
9,1,1,large,75.30275095555075,29.03125
9,1,1,medium,68.0838399717603,31.03515625
9,1,1,medium,72.48407285093558,33.0390625
9,1,1,medium,55.598433586860345,35.046875
9,1,1,medium,52.602593042684205,37.046875
9,1,1,medium,48.2841879793058,39.05859375
9,1,1,medium,42.88982363669292,41.0859375
9,1,1,medium,27.770501101426426,43.125
10,0,1,large,1.4983341911931838,2.984375
10,0,1,large,2.4650971160243023,5.04296875
10,0,1,large,2.637436331411223,7.078125
10,0,1,large,0.7056451852778545,9.1171875
10,0,1,large,8.505926756036413,11.12890625
10,0,1,large,16.81264600885219,13.18359375
10,0,1,large,4.878378236840302,15.1953125
10,0,1,large,1.3315823738034214,17.19921875
10,0,1,large,0.7689877214405091,19.234375
10,0,1,large,4.069286877621533,21.2734375
10,0,1,large,2.856305460407779,23.31640625
10,0,1,large,3.261669844306983,25.34375
10,0,1,large,0.893294311857004,27.35546875
10,0,1,large,1.9105145397989596,29.35546875
10,0,1,medium,0.6781585095287369,31.39453125
10,0,1,medium,0.7389075327484094,33.41015625
10,0,1,medium,11.192706076094218,35.4375
10,0,1,medium,75.92936354754606,37.44921875
10,0,1,medium,45.920534684838174,39.44921875
10,0,1,medium,18.129770366513434,41.4609375
10,0,1,medium,7.084239584185906,43.4765625
10,0,1,medium,34.08260110353807,45.484375
10,0,1,medium,31.838321629637342,47.48828125
10,0,1,medium,9.145047019737847,49.5546875
10,0,1,medium,8.69007230535821,51.5703125
10,0,1,medium,10.851672532034776,53.59375
10,0,1,medium,6.600371731813494,55.62109375
10,0,1,medium,25.143209241731526,57.6484375
10,0,1,medium,69.41817331700375,59.71875
10,0,1,small,46.19697683392517,61.75390625
10,0,1,small,71.39081218997526,63.765625
10,0,1,small,90.62839342283876,65.83203125
10,0,1,small,94.09470426020414,67.8984375
10,0,1,small,92.73827395230383,69.92578125
10,0,1,small,77.74096381073575,71.97265625
10,0,1,small,54.14259492844366,74.03125
10,0,1,small,63.26521999300475,76.03125
10,0,1,small,58.27294296162561,78.07421875
10,0,1,small,60.44715095899662,80.11328125
10,0,1,small,81.28153654921138,82.109375
10,0,1,small,68.09508466768827,84.125
10,0,1,small,51.839173805452724,86.125
10,0,1,small,64.84676706645624,88.140625
10,1,2,large,16.394417726006232,2.98046875
10,1,2,large,11.820399319584816,4.9921875
10,1,2,large,4.395133170785684,6.9921875
10,1,2,large,18.970793339374875,8.9921875
10,1,2,large,17.639894567440884,11.00390625
10,1,2,large,12.92045655550006,13.015625
10,1,2,large,27.776652099932363,15.015625
10,1,2,large,29.145359758203515,17.015625
10,1,2,large,15.52926349413404,19.015625
10,1,2,large,13.271665942699936,21.04296875
10,1,2,large,11.428676363028181,23.04296875
10,1,2,large,49.22472534938615,25.0546875
10,1,2,large,74.02920280548454,27.0546875
10,1,2,large,73.49682209325631,29.0703125
10,0,1,large,1.1205274706068242,2.99609375
10,0,1,large,5.467356789306553,5.05078125
10,0,1,large,27.324627388041684,7.10546875
10,0,1,large,26.116415388925105,9.12890625
10,0,1,large,13.858742130112795,11.1328125
10,0,1,large,9.369713427692668,13.14453125
10,0,1,large,7.75089822657697,15.15625
10,0,1,large,3.1612058697088434,17.171875
10,0,1,large,1.4965726905980041,19.2109375
10,0,1,large,2.7306504222130235,21.26171875
10,0,1,large,1.4806226301923455,23.27734375
10,0,1,large,7.101843612571435,25.2890625
10,0,1,large,3.26717819201806,27.2890625
10,0,1,large,1.9067871510380996,29.2890625
10,0,1,medium,1.4745813943170734,31.33984375
10,0,1,medium,2.8931916297135887,33.35546875
10,0,1,medium,13.467457212408839,35.3828125
10,0,1,medium,5.212265065158846,37.39453125
10,0,1,medium,29.61694786597788,39.41015625
10,0,1,medium,15.581543994382832,41.421875
10,0,1,medium,22.075444836933386,43.421875
10,0,1,medium,6.634370018835692,45.43359375
10,0,1,medium,4.498929339276897,47.4375
10,0,1,medium,31.26962578223283,49.515625
10,0,1,medium,15.408931575713785,51.5390625
10,0,1,medium,70.04661090648253,53.58203125
10,0,1,medium,95.93633964294419,55.66015625
10,0,1,medium,37.83459909348257,57.67578125
10,0,1,medium,10.066604294185534,59.69921875
10,0,1,small,3.376258783784135,61.7265625
10,0,1,small,28.959872467989705,63.73828125
10,0,1,small,90.58023129420955,65.8046875
10,1,2,large,14.558625086159333,2.9921875
10,1,2,large,9.320924114923098,4.9921875
10,1,2,large,4.6927878622314,7.00390625
10,1,2,large,7.817635990263236,9.01953125
10,1,2,large,17.343765452074713,11.015625
10,1,2,large,18.105582203940692,13.03125
10,1,2,large,46.65026107664197,15.03125
10,1,2,large,71.07915509054214,17.03125
10,1,2,large,56.440361899003825,19.04296875
10,1,2,large,60.54891131636802,21.0546875
10,1,2,large,72.23325388944298,23.0546875
10,1,2,large,66.8514756029166,25.0546875
10,1,2,large,55.70420967388103,27.0546875
10,1,2,large,56.52635286301746,29.0703125
10,1,2,medium,80.8448704480277,31.08203125
10,1,2,medium,98.32408655954009,33.12109375
10,0,3,large,3.219637855160875,3.0078125
10,0,3,large,37.49105916847452,5.0234375
10,0,3,large,29.345629147115663,7.03515625
10,0,3,large,8.771824401193065,9.03515625
10,0,3,large,18.269874383976536,11.046875
10,0,3,large,26.372180203800504,13.046875
10,0,3,large,43.753146443479736,15.0625
10,0,3,large,32.445454648179386,17.0625
10,0,3,large,19.05585051121038,19.07421875
10,0,3,large,7.861260381611473,21.11328125
10,0,3,large,3.0984538218904056,23.12890625
10,0,3,large,65.25839016208795,25.125
10,0,3,large,50.62611539179339,27.140625
10,0,3,large,19.395167758836823,29.140625
10,0,3,medium,23.11356525562222,31.15234375
10,0,3,medium,29.77997199413889,33.16796875
10,0,3,medium,15.73842629398861,35.1796875
10,0,3,medium,8.739363875443624,37.1953125
10,0,3,medium,33.8938623881794,39.2109375
10,0,3,medium,30.967728584979977,41.20703125
10,0,3,medium,34.02652205751141,43.21875
10,0,3,medium,15.156799906903283,45.21875
10,0,3,medium,70.07197415637577,47.24609375
10,0,3,medium,50.16148624287503,49.30078125
10,0,3,medium,82.89722370218888,51.33984375
10,0,3,medium,81.03859390264672,53.3671875
10,0,3,medium,98.60923843406022,55.41796875
10,0,3,medium,98.00971742269988,57.4609375
10,0,3,medium,87.94055440385972,59.484375
10,1,3,large,26.984263994369698,3.00390625
10,1,3,large,35.13442267917549,4.9921875
10,1,3,large,52.95395786037457,6.9921875
10,1,3,large,71.92840477956857,8.9921875
10,1,3,large,81.39343601541722,11.00390625
10,1,3,large,74.39197622422802,13.01953125
10,1,3,large,85.27846379028215,15.015625
10,1,3,large,92.20018463475766,17.015625
10,1,3,large,82.08184006548983,19.03125
10,1,3,large,83.918026414666,21.03125
10,1,3,large,55.74270114303127,23.04296875
10,1,3,large,71.1699339605567,25.04296875
10,1,3,large,71.10305403637312,27.046875
10,1,3,large,67.73082263674252,29.0625
10,1,3,medium,88.05897762231095,31.09375
10,1,3,medium,98.44268083483755,33.12109375
10,1,3,medium,95.253897598579,35.1484375
10,1,3,medium,94.76495716716806,37.17578125
10,1,3,medium,99.44911006529848,39.2421875
10,0,1,large,5.1630621009930575,2.98828125
10,0,1,large,5.420227750335966,4.9921875
10,0,1,large,48.53961368333214,6.98828125
10,0,1,large,42.9399583029325,8.98828125
10,0,1,large,12.565870789999316,10.98828125
10,0,1,large,17.759506247473013,12.9921875
10,0,1,large,30.40066238381681,14.98828125
10,0,1,large,61.58346680906576,16.9765625
10,1,3,large,36.00392447394831,3.00390625
10,1,3,large,23.59273479458667,5.00390625
10,1,3,large,49.3886465314265,7.015625
10,1,3,large,60.791780428585895,9.015625
10,1,3,large,65.84938812135181,11.015625
10,1,3,large,61.92406157706352,13.015625
10,1,3,large,52.559119029533946,15.015625
10,1,3,large,73.45873002384414,17.03125
10,1,3,large,85.3173963085857,19.04296875
10,1,3,large,88.07604542631861,21.04296875
10,1,3,large,44.713376930586804,23.0390625
10,1,3,large,33.61465011853896,25.04296875
10,1,3,large,51.02309656627944,27.04296875
10,1,3,large,56.49189259137121,29.0390625
10,1,3,medium,48.54073141836211,31.0390625
10,1,3,medium,81.97604673196835,33.078125
10,0,3,large,14.018551257296767,3.01171875
10,0,3,large,37.30535424190768,5.05078125
10,0,3,large,43.252091369101535,7.0625
10,0,3,large,13.282885737075098,9.08984375
10,0,3,large,5.3521505107923435,11.08984375
10,0,3,large,40.05459640606598,13.1171875
10,0,3,large,74.49292847136414,15.12890625
10,0,3,large,88.06612125472861,17.12890625
10,0,3,large,50.23982183969012,19.18359375
10,0,3,large,64.56705808014402,21.2265625
10,0,3,large,62.76511303309889,23.23828125
10,0,3,large,71.97167123820479,25.2734375
10,0,3,large,76.56081134301904,27.2890625
10,0,3,large,59.18382139002536,29.2890625
10,0,3,medium,92.60357681277493,31.33984375
10,0,3,medium,68.41520253999909,33.35546875
10,0,3,medium,67.96283516107157,35.3671875
10,0,3,medium,60.58691482703392,37.39453125
10,0,3,medium,90.02334028442286,39.39453125
10,0,3,medium,71.86864407826978,41.3984375
10,0,3,medium,81.50855172065485,43.41796875
10,0,3,medium,98.3053314399813,45.41796875
10,0,3,medium,96.05971862072063,47.41796875
10,0,3,medium,87.93432549271353,49.47265625
10,0,3,medium,72.98879470332136,51.484375
10,0,3,medium,88.29925061559351,53.50390625
10,0,3,medium,93.42415294382192,55.515625
10,0,3,medium,87.03119935478017,57.51171875
10,0,3,medium,97.9009642672975,59.578125
10,0,3,small,98.41946937991224,61.59375
10,0,3,small,95.971784513003,63.60546875
10,0,3,small,94.62151266409381,65.6171875
10,0,3,small,90.77638773777397,67.6328125
10,0,3,small,96.43166414326491,69.6328125
10,0,3,small,85.74522562164407,71.65625
10,0,3,small,97.22501276897077,73.671875
10,1,1,large,46.12979926928202,2.9921875
10,1,1,large,60.7363866528665,4.9921875
10,1,1,large,83.93911235861918,6.9921875
10,1,1,large,91.95845996599536,8.9921875
10,1,1,large,77.02502793328631,11.01171875
10,1,1,large,85.3998255731255,13.0078125
10,1,1,large,87.96083526399204,15.0078125
10,1,1,large,93.4111669390085,17.01953125
10,1,1,large,64.57513951732687,19.01953125
10,1,1,large,84.73425816277137,21.03125
10,1,1,large,82.5502741075205,23.03125
10,1,1,large,72.76703387470455,25.05078125
10,1,1,large,85.07078248694461,27.05859375
10,1,1,large,91.57707397620305,29.05859375
10,1,1,medium,86.34746933637965,31.07421875
10,1,1,medium,96.39508657822654,33.1015625
10,0,2,large,34.72160602839607,2.99609375
10,0,2,large,40.40080501023008,5.0234375
10,0,2,large,16.307021222216335,7.05078125
10,0,2,large,7.908555039698136,9.0625
10,0,2,large,7.894771162938495,11.0625
10,0,2,large,19.85513744445698,13.07421875
10,0,2,large,53.004149679836445,15.08984375
10,0,2,large,64.35632259655077,17.08984375
10,0,2,large,73.07522475057873,19.1015625
10,0,2,large,73.06131383913683,21.140625
10,0,2,large,32.2338741468451,23.16796875
10,0,2,large,50.72217484238152,25.1796875
10,0,2,large,30.21886452764847,27.1796875
10,0,2,large,31.666627536195936,29.19140625
10,0,2,medium,63.54982247630797,31.2734375
10,0,2,medium,71.02866747098108,33.2734375
10,0,2,medium,82.36593704737058,35.30078125
10,0,2,medium,94.28748933579013,37.30078125
10,0,2,medium,98.99275756320125,39.3125
10,0,2,medium,67.28365586188019,41.328125
10,0,2,medium,47.60144239819131,43.33984375
10,0,2,medium,89.82573298273374,45.33984375
10,0,2,medium,82.44609900187788,47.3515625
10,0,2,medium,59.06833505154154,49.390625
10,0,2,medium,88.51194213398091,51.39453125
10,0,2,medium,96.8982517472538,53.40625
10,0,2,medium,88.28520798976655,55.41796875
10,0,2,medium,74.94875429590346,57.41796875
10,0,2,medium,59.841107059320436,59.41796875
10,0,2,small,95.6269308239075,61.45703125
10,0,2,small,82.95327745380042,63.47265625
10,1,2,large,29.500610534693735,2.9765625
10,1,2,large,44.3432821880507,4.9921875
10,1,2,large,82.60277543192362,6.9921875
10,1,2,large,93.48255077569364,8.9921875
10,1,2,large,60.18402809886785,11.00390625
10,1,2,large,31.116368641011494,13.00390625
10,1,2,large,9.337907049326619,15.00390625
10,1,2,large,3.9135543508371358,17.015625
10,1,2,large,7.885920674151415,19.03125
10,1,2,large,42.06016894558752,21.04296875
10,1,2,large,53.05853379325248,23.0546875
10,1,2,large,55.7662407635451,25.0546875
10,1,2,large,49.3933005323988,27.0703125
10,1,2,large,84.99007642337581,29.0703125
10,1,2,medium,55.34097678242022,31.08203125
10,1,2,medium,80.94810555623552,33.08203125
10,0,1,large,31.20898838564783,3.00390625
10,0,1,large,46.881968052082414,5.01953125
10,0,1,large,24.008475915585386,7.03125
10,0,1,large,6.757744294122286,9.046875
10,0,1,large,25.257524486106053,11.05859375
10,0,1,large,51.782927674743966,13.0703125
10,0,1,large,45.17888749300974,15.0703125
10,0,1,large,36.2466690177771,17.08203125
10,0,1,large,78.19975093036606,19.13671875
10,0,1,large,40.635917945317175,21.17578125
10,0,1,large,13.436380451351559,23.19140625
10,0,1,large,76.227332232198,25.203125
10,0,1,large,70.94809912497651,27.203125
10,0,1,large,24.98848147663513,29.21875
10,0,1,medium,39.59057720359334,31.2265625
10,0,1,medium,56.82429938546386,33.23828125
10,0,1,medium,36.246523905636266,35.26953125
10,0,1,medium,24.139051755609696,37.26953125
10,0,1,medium,90.25106305937442,39.28125
10,0,1,medium,54.26910793652455,41.28125
10,0,1,medium,26.93910873745004,43.28125
10,0,1,medium,13.263672016316452,45.28125
10,0,1,medium,44.89634778438406,47.296875
10,0,1,medium,48.00396933623199,49.375
10,0,1,medium,27.646869178799058,51.38671875
10,0,1,medium,58.26311534116127,53.42578125
10,0,1,medium,32.68901399781024,55.4296875
10,0,1,medium,20.969565065405767,57.42578125
10,0,1,medium,11.343406718966031,59.46875
10,0,1,small,62.897510255440984,61.5
10,0,1,small,81.9766095768677,63.5078125
10,0,1,small,46.558658650279135,65.5078125
10,0,1,small,32.43468896726416,67.51953125
10,0,1,small,59.27700370295009,69.51953125
10,0,1,small,70.28085700415195,71.546875
10,0,1,small,75.8361971817419,73.546875
10,0,1,small,90.95748529202477,75.55859375
10,0,1,small,84.38168813368338,77.59765625
10,0,1,small,91.26503755622281,79.61328125
10,1,3,large,31.60802716127712,2.98046875
10,1,3,large,20.766393799084284,4.9921875
10,1,3,large,10.325946846764044,6.9921875
10,1,3,large,12.825714525875698,9.00390625
10,1,3,large,7.120475109390389,11.05859375
10,1,3,large,49.866395045173576,13.06640625
10,1,3,large,45.42028703447412,15.05859375
10,1,3,large,29.517123912463177,17.0703125
10,1,3,large,16.43160103402596,19.0703125
10,1,3,large,25.645945572545678,21.0703125
10,1,3,large,21.353614076142847,23.0859375
10,1,3,large,9.267981132934995,25.09765625
10,1,3,large,41.31227222424795,27.09765625
10,1,3,large,40.72776328287583,29.09765625
10,1,3,medium,21.363107851062082,31.109375
10,0,1,large,0.6252844736486265,2.984375
10,0,1,large,8.389975331224303,4.984375
10,0,1,large,50.00414020267648,6.99609375
10,0,1,large,19.05699738721946,9.01171875
10,0,1,large,27.40276249191532,11.0234375
10,0,1,large,23.938363647242248,13.03515625
10,0,1,large,16.034739368837148,15.03515625
10,0,1,large,48.254460403800664,17.05078125
10,0,1,large,54.5843376245597,19.07421875
10,0,1,large,45.31300937152895,21.11328125
10,0,1,large,13.872435809792327,23.12890625
10,0,1,large,23.02510147525452,25.12890625
10,0,1,large,19.405667152516706,27.140625
10,0,1,large,9.93067396067544,29.140625
10,0,1,medium,10.741558743048007,31.171875
10,0,1,medium,26.57673113948271,33.16796875
10,0,1,medium,38.451848030769966,35.1796875
10,0,1,medium,21.20257125806615,37.1796875
10,0,1,medium,35.67509311989178,39.1953125
10,0,1,medium,60.54952344884799,41.1953125
10,0,1,medium,39.75370834078843,43.20703125
10,0,1,medium,21.514066095216087,45.20703125
10,0,1,medium,26.367573015796445,47.20703125
10,0,1,medium,36.25740434666857,49.24609375
10,0,1,medium,13.383750563859861,51.2578125
10,0,1,medium,4.771831949850137,53.2734375
10,0,1,medium,1.717333683825685,55.29296875
10,0,1,medium,2.6194791060809366,57.28515625
10,0,1,medium,6.335969867202982,59.32421875
10,0,1,small,45.435806788764374,61.33984375
10,0,1,small,70.98337369097587,63.37890625
10,0,1,small,95.2460251551645,65.390625
10,0,1,small,89.00383247150826,67.40625
10,0,1,small,84.01980347688408,69.41796875
10,0,1,small,81.55673847086742,71.43359375
10,0,1,small,98.1728803422571,73.45703125
10,0,1,small,98.85359626274273,75.47265625
10,1,3,large,35.954034891727595,3.00390625
10,1,3,large,39.119440892907974,5.00390625
10,1,3,large,17.576412705535624,7.00390625
10,1,3,large,8.357407520907287,9.00390625
10,1,3,large,27.894709392954173,11.015625
10,1,3,large,50.104938962669465,13.015625
10,1,3,large,59.88054874159356,15.015625
10,1,3,large,48.64349990120307,17.015625
10,1,3,large,33.68510442466422,19.015625
10,1,3,large,68.66125568956545,21.02734375
10,1,3,large,43.36181228001674,23.02734375
10,1,3,large,42.17756106102228,25.04296875
10,1,3,large,32.186594316608435,27.04296875
10,1,3,large,63.963781274736704,29.04296875
10,1,3,medium,74.56792878098562,31.0546875
10,1,3,medium,79.85549009434175,33.0546875
10,1,3,medium,84.85619246808571,35.0703125
10,1,3,medium,93.38379217599372,37.06640625
10,1,3,medium,95.61549416049485,39.06640625
10,0,2,large,40.63359065705843,3.0
10,0,2,large,19.409808273061593,4.9921875
10,0,2,large,32.658055825725526,6.9921875
10,0,2,large,37.53775560091141,9.0078125
10,0,2,large,54.226129740498926,11.00390625
10,0,2,large,35.367358579648055,13.0078125
10,0,2,large,58.641136332240805,15.00390625
10,0,2,large,54.352442662255044,17.01171875
10,0,2,large,78.90388033038293,19.01953125
10,0,2,large,66.41579442612534,21.03125
10,0,2,large,53.58679374310633,23.04296875
10,0,2,large,30.60397653860656,25.04296875
10,0,2,large,72.7854351155664,27.05859375
10,0,2,large,87.24627252073086,29.05859375
10,0,2,medium,87.31913069212996,31.0703125
10,0,2,medium,83.67949021799062,33.0703125
10,0,2,medium,81.8547490516176,35.08203125
10,0,2,medium,51.82756210769264,37.08203125
10,0,2,medium,27.3476956078421,39.09765625
10,0,2,medium,54.44987787775018,41.09765625
10,0,2,medium,48.84738561633547,43.09765625
10,0,2,medium,23.381254714942678,45.109375
10,0,2,medium,52.15842256674275,47.109375
10,0,2,medium,23.123108457000605,49.13671875
10,0,2,medium,22.348670650508723,51.1484375
10,0,2,medium,40.45244058714902,53.16015625
10,0,2,medium,25.15779263316427,55.17578125
10,0,2,medium,10.08091890121014,57.17578125
10,0,2,medium,18.926407472850357,59.203125
10,0,2,small,41.47507953819715,61.203125
10,0,2,small,40.71171780602211,63.21484375
10,0,2,small,48.22510782913439,65.21484375
10,0,2,small,65.44093088162892,67.23046875
10,0,2,small,78.5902464816697,69.2265625
10,0,2,small,80.70272487122628,71.2421875
10,0,2,small,65.01109517313282,73.2421875
10,0,2,small,79.61368985585375,75.2421875
10,0,2,small,88.93803646760074,77.26953125
10,0,2,small,71.96345662851118,79.30859375
10,0,2,small,83.60561201957974,81.3046875
10,0,2,small,98.12783091148029,83.3203125
10,0,2,small,86.72729566661219,85.3203125
10,0,2,small,74.63701272045905,87.3203125
10,1,2,large,34.35520133537321,2.9921875
10,1,2,large,39.607779907323845,4.9921875
10,1,2,large,41.972500627417524,6.9921875
10,1,2,large,59.480345163999125,9.00390625
10,1,2,large,57.35651111358135,11.00390625
10,1,2,large,57.07397180470808,13.00390625
10,1,2,large,81.61753645083274,15.015625
10,1,2,large,58.75926897617673,17.015625
10,1,2,large,48.109734327976525,19.03125
10,1,2,large,79.06383556574262,21.03125
10,1,2,large,77.70376971606963,23.03125
10,1,2,large,81.57377495251421,25.04296875
10,1,2,large,41.66846478877807,27.04296875
10,1,2,large,75.63330077785473,29.04296875
10,1,2,medium,92.28641505857073,31.04296875
10,1,2,medium,84.18783436022642,33.0546875
10,0,1,large,9.279519649718814,2.98828125
10,0,1,large,37.46838831458215,5.00390625
10,0,1,large,39.657330846055,7.015625
10,0,1,large,11.750141368855827,9.03125
10,0,1,large,37.412850119378305,11.04296875
10,0,1,large,34.753423715849365,13.04296875
10,0,1,large,15.53579896056261,15.04296875
10,0,1,large,55.695057293799294,17.04296875
10,0,1,large,56.083366319943664,19.0546875
10,0,1,large,53.16185989217088,21.09375
10,0,1,large,14.373720955719545,23.09765625
10,0,1,large,24.87676677778317,25.12109375
10,0,1,large,57.61459073817434,27.12109375
10,0,1,large,19.36782314026229,29.12109375
10,0,1,medium,12.49042249024948,31.16015625
10,0,1,medium,75.11551617923803,33.17578125
10,0,1,medium,60.99513223782397,35.1875
10,0,1,medium,18.737144145307543,37.203125
10,0,1,medium,78.09621484812207,39.21484375
10,0,1,medium,90.27658480620808,41.21484375
10,0,1,medium,81.49480379287527,43.2265625
10,0,1,medium,80.93733007664552,45.2265625
10,0,1,medium,81.47307821789389,47.2265625
10,0,1,medium,57.96505860905464,49.28125
10,0,1,medium,19.585748669519123,51.29296875
10,0,1,medium,64.29771802589998,53.3203125
10,0,1,medium,78.5778845405776,55.3203125
10,0,1,medium,46.24043644949815,57.3203125
10,0,1,medium,24.223988313452995,59.33203125
10,0,1,small,81.21469067267991,61.359375
10,0,1,small,93.84512728830822,63.38671875
10,0,1,small,65.37586885220145,65.41015625
10,0,1,small,94.84606134926403,67.46484375
10,0,1,small,98.466986487551,69.4765625
10,0,1,small,95.99072064483468,71.50390625
10,0,1,small,98.75194817630177,73.53125
10,0,1,small,96.33776950343992,75.53125
10,0,1,small,94.71297710134516,77.546875
10,1,3,large,21.273850195190597,2.9921875
10,1,3,large,18.093501535938838,4.98828125
10,1,3,large,12.889279798398533,6.9921875
10,1,3,large,31.913303363184227,8.9921875
10,1,3,large,22.478632032938485,11.00390625
10,1,3,large,10.72146789114344,13.00390625
10,1,3,large,40.91385188404007,15.00390625
10,1,3,large,76.57700336065614,17.00390625
10,1,3,large,77.81213446070527,19.03125
10,1,3,large,63.602588878353174,21.03125
10,1,3,large,59.36633226485102,23.04296875
10,1,3,large,73.03536915152436,25.04296875
10,1,3,large,84.49870235643593,27.04296875
10,1,3,large,87.24586680274649,29.04296875
10,1,3,medium,60.75812149025763,31.0546875
10,1,3,medium,76.24634099300557,33.0546875
10,1,3,medium,94.22070673509572,35.08203125
10,0,3,large,0.018895722107912974,2.984375
10,0,3,large,49.129415335562435,5.0
10,0,3,large,41.97411056227099,7.01171875
10,0,3,large,14.475607521995924,9.0234375
10,0,3,large,53.254456253700276,11.03515625
10,0,3,large,35.84783577507159,13.03515625
10,0,3,large,28.45691137288956,15.05078125
10,0,3,large,26.493015753711592,17.05078125
10,0,3,large,56.92676693346651,19.0625
10,0,3,large,53.2810296256946,21.08984375
10,0,3,large,19.659863345855978,23.10546875
10,0,3,large,26.671472578077225,25.1171875
10,0,3,large,42.18885948195731,27.1171875
10,0,3,large,41.5614028551638,29.1171875
10,0,3,medium,15.547575097420514,31.14453125
10,0,3,medium,54.15502451505317,33.15625
10,0,3,medium,65.2667188780998,35.18359375
10,0,3,medium,23.225913025945143,37.1953125
10,0,3,medium,83.08061567100698,39.22265625
10,0,3,medium,93.06644939932377,41.25
10,0,3,medium,43.718934477620124,43.26171875
10,0,3,medium,69.92764444166899,45.26171875
10,0,3,medium,52.675804318112085,47.27734375
10,0,3,medium,40.16939325116289,49.328125
10,0,3,medium,14.013986601371293,51.33984375
10,0,3,medium,61.97852692577642,53.35546875
10,0,3,medium,73.38846522180464,55.3671875
10,0,3,medium,29.756912250924543,57.3671875
10,0,3,medium,56.21015399170048,59.39453125
10,0,3,small,95.50850739117762,61.40625
10,0,3,small,76.76436425766944,63.421875
10,0,3,small,92.21047797503627,65.41796875
10,0,3,small,46.940297081263054,67.4453125
10,0,3,small,85.14863513632734,69.4609375
10,1,2,large,20.284940691592453,2.9921875
10,1,2,large,19.369964991231363,4.9921875
10,1,2,large,9.900930405768948,6.9921875
10,1,2,large,22.01586170979361,8.9921875
10,1,2,large,23.51719979488923,10.9921875
10,1,2,large,60.369011513268866,13.00390625
10,1,2,large,43.14892742603552,15.00390625
10,1,2,large,30.354198437965188,17.00390625
10,1,2,large,12.36814064026374,19.01953125
10,1,2,large,58.18704475352079,21.03125
10,1,2,large,64.2272206444715,23.04296875
10,1,2,large,85.26443206434637,25.046875
10,1,2,large,62.09330268505625,27.04296875
10,1,2,large,39.557317280874386,29.04296875
10,1,2,medium,35.52398411955754,31.05859375
10,1,2,medium,19.199078040610193,33.05859375
10,1,2,medium,45.566009115289916,35.05859375
10,1,2,medium,25.8684280749134,37.07421875
10,1,2,medium,51.14168231209696,39.0703125
10,1,2,medium,42.86995078390412,41.0703125
10,1,2,medium,87.88107351985911,43.0703125
10,1,2,medium,96.09915065384347,45.0703125
10,0,1,large,8.553846306468401,2.9921875
10,0,1,large,23.05820949395273,5.04296875
10,0,1,large,16.64214101183785,7.109375
10,0,1,large,37.7109966545299,9.109375
10,0,1,large,69.48095638821852,11.125
10,0,1,large,63.58153157943151,13.125
10,0,1,large,71.60215814733283,15.125
10,0,1,large,62.42711292079505,17.125
10,0,1,large,62.59906114994335,19.1484375
10,0,1,large,71.83525233305141,21.17578125
10,0,1,large,25.339795380868882,23.19140625
10,0,1,large,67.92971719315972,25.203125
10,0,1,large,82.41162501303688,27.203125
10,0,1,large,35.90291477031678,29.21484375
10,0,1,medium,72.28988308306563,31.23046875
10,0,1,medium,61.60795525492969,33.23046875
10,0,1,medium,57.84740902381237,35.2421875
10,0,1,medium,37.33289059975068,37.25390625
10,0,1,medium,55.669953541392815,39.28125
10,0,1,medium,26.72514677505623,41.28125
10,0,1,medium,43.4170870343262,43.29296875
10,0,1,medium,53.399968151769215,45.29296875
10,0,1,medium,67.87410776672789,47.30859375
10,0,1,medium,55.56621185098369,49.35546875
10,0,1,medium,27.68635854957452,51.34765625
10,0,1,medium,82.44655368930692,53.359375
10,0,1,medium,98.30334564382514,55.359375
10,0,1,medium,91.90996318243528,57.37109375
10,0,1,medium,87.72623123677027,59.375
10,0,1,small,99.04915294666776,61.4140625
10,1,2,large,71.07596488538458,3.00390625
10,1,2,large,39.60137690800371,5.00390625
10,1,2,large,17.45811336667871,7.00390625
10,1,2,large,26.672560328667423,9.00390625
10,1,2,large,28.513491493128072,11.01953125
10,1,2,large,35.98124765904623,13.01953125
10,1,2,large,17.789264252147184,15.03125
10,1,2,large,28.06361104853528,17.03125
10,1,2,large,24.32282949856618,19.03125
10,1,2,large,18.67043464374939,21.03125
10,1,2,large,27.459153559490886,23.04296875
10,1,2,large,39.810065617584826,25.04296875
10,1,2,large,20.15345070927917,27.04296875
10,1,2,large,14.017103953167002,29.04296875
10,1,2,medium,14.075581072508534,31.05859375
10,1,2,medium,7.887774797033982,33.0703125
10,1,2,medium,66.8158426154944,35.08203125
10,1,2,medium,97.49120157766535,37.09765625
11,0,2,large,0.5558942832834307,2.98828125
11,0,2,large,78.66679107092581,5.00390625
11,0,2,large,54.40986405916297,7.08203125
11,0,2,large,80.71647640697884,9.11328125
11,0,2,large,95.72666235084665,11.12109375
11,0,2,large,88.77271810696664,13.13671875
11,0,2,large,31.792526248014003,15.1484375
11,0,2,large,10.549399219137635,17.1484375
11,0,2,large,28.79653848202007,19.17578125
11,0,2,large,40.92490265824521,21.203125
11,0,2,large,71.67126481835663,23.19921875
11,0,2,large,61.51731409030876,25.203125
11,0,2,large,34.35000229395935,27.21484375
11,0,2,large,16.223585004449504,29.21484375
11,0,2,medium,45.28736936422128,31.23828125
11,0,2,medium,86.39046888645973,33.25
11,0,2,medium,93.78705468607961,35.265625
11,0,2,medium,79.5704572055927,37.265625
11,0,2,medium,39.221929240807704,39.28125
11,0,2,medium,44.22616779384925,41.28125
11,0,2,medium,30.097894741302937,43.28125
11,0,2,medium,19.66001619052156,45.28125
11,0,2,medium,34.079627061455525,47.3046875
11,0,2,medium,52.91354699498102,49.34765625
11,0,2,medium,52.93742235744043,51.34765625
11,0,2,medium,40.387507947388784,53.359375
11,0,2,medium,40.93656435630034,55.359375
11,0,2,medium,67.98112520936346,57.359375
11,0,2,medium,64.80343807919765,59.38671875
11,0,2,small,65.64085009704316,61.3984375
11,0,2,small,93.0740497780767,63.41015625
11,0,2,small,78.64996974268973,65.42578125
11,0,2,small,79.04770274398886,67.4375
11,0,2,small,94.24801521123702,69.4453125
11,1,3,large,0.0,2.9921875
11,1,3,large,0.004587797752594802,4.9921875
11,1,3,large,0.001300119562928908,6.9921875
11,1,3,large,0.05495282015548885,9.00390625
11,1,3,large,6.364828747371455,11.00390625
11,1,3,large,5.489637742917082,13.00390625
11,1,3,large,1.5957284573109223,15.00390625
11,1,3,large,0.8524115813909021,17.00390625
11,1,3,large,1.3255528353199257,19.00390625
11,1,3,large,1.0024006518076207,21.00390625
11,1,3,large,0.46342945280170167,23.00390625
11,1,3,large,2.023571921004744,25.00390625
11,1,3,large,1.822723293855688,27.00390625
11,1,3,large,1.7095770952694054,29.00390625
11,1,3,medium,0.6423763363790516,31.00390625
11,1,3,medium,4.043234341751846,33.015625
11,1,3,medium,2.8675175368567487,35.0234375
11,1,3,medium,2.853923787500581,37.015625
11,1,3,medium,19.304425910657734,39.015625
11,1,3,medium,13.650656589726392,41.03125
11,1,3,medium,28.30745007752045,43.02734375
11,1,3,medium,38.9484094878058,45.03515625
11,1,3,medium,25.500804758595493,47.02734375
11,1,3,medium,33.429009632754784,49.04296875
11,1,3,medium,68.75925459368227,51.04296875
11,1,3,medium,84.02760796950068,53.04296875
11,1,3,medium,63.29702376452673,55.0546875
11,1,3,medium,50.713408200344716,57.0546875
11,1,3,medium,60.15773093753154,59.0546875
11,1,3,small,71.67802352956058,61.0546875
11,0,1,large,0.5300225691294339,2.98046875
11,0,1,large,5.749697531748325,4.99609375
11,0,1,large,42.89268725437806,7.0078125
11,0,1,large,67.76587041000147,9.01953125
11,0,1,large,49.181139694922095,11.0234375
11,0,1,large,66.21644019837589,13.03515625
11,0,1,large,81.24134060298262,15.03515625
11,0,1,large,54.28351203600093,17.03515625
11,0,1,large,70.55305632517761,19.05859375
11,0,1,large,66.4544846071309,21.07421875
11,0,1,large,93.96167206563047,23.07421875
11,0,1,large,66.81494628488461,25.0859375
11,0,1,large,28.046731584000337,27.0859375
11,0,1,large,69.72400690727751,29.0859375
11,0,1,medium,61.31840001075649,31.109375
11,0,1,medium,90.88252353191875,33.109375
11,0,1,medium,70.08949238462867,35.125
11,0,1,medium,65.33773842526298,37.125
11,0,1,medium,79.8052435034816,39.13671875
11,0,1,medium,88.16694666100351,41.15234375
11,0,1,medium,75.71993645613101,43.15234375
11,0,1,medium,68.71010828070325,45.15234375
11,0,1,medium,82.92452121375378,47.15234375
11,0,1,medium,82.42756588034318,49.17578125
11,0,1,medium,79.87428784294114,51.17578125
11,0,1,medium,96.7412715434563,53.19140625
11,0,1,medium,95.88819644665814,55.19140625
11,0,1,medium,94.43427423868044,57.19140625
11,0,1,medium,94.67589109717466,59.203125
11,0,1,small,94.92892989336428,61.21875
11,0,1,small,99.29936248604456,63.2578125
11,1,1,large,0.0,2.9921875
11,1,1,large,0.0,4.9921875
11,1,1,large,0.12819341105474324,6.9921875
11,1,1,large,0.049632655369346065,8.9921875
11,1,1,large,0.13609000722131104,10.9921875
11,1,1,large,0.040610082035141215,12.9921875
11,1,1,large,0.010764754372078546,14.9921875
11,1,1,large,0.033317918724775665,17.00390625
11,1,1,large,1.1996365433443616,19.015625
11,1,1,large,15.82048306471431,21.02734375
11,1,1,large,63.76505036021717,23.04296875
11,1,1,large,33.766748183082285,25.04296875
11,1,1,large,14.153234316543076,27.04296875
11,1,1,large,9.614565856996386,29.0390625
11,1,1,medium,18.092871367065698,31.0546875
11,1,1,medium,24.719032231973642,33.0546875
11,1,1,medium,36.87393191458855,35.0546875
11,1,1,medium,57.01634511252618,37.06640625
11,1,1,medium,90.12210382473452,39.08203125
11,1,1,medium,98.6187377183239,41.09375
11,1,1,medium,98.475410841816,43.09375
11,1,1,medium,86.03026591811286,45.109375
11,1,1,medium,94.2230806495297,47.12109375
11,0,2,large,0.03264311770819882,2.984375
11,0,2,large,22.270666153458972,4.99609375
11,0,2,large,13.717967114279013,6.99609375
11,0,2,large,9.159828931898272,8.99609375
11,0,2,large,9.946496881567287,11.01171875
11,0,2,large,23.94849266935183,13.01171875
11,0,2,large,20.937604124772236,15.01171875
11,0,2,large,7.995300499615428,17.01171875
11,0,2,large,10.361546958370338,19.0234375
11,0,2,large,13.032018504030448,21.03515625
11,0,2,large,12.67363217187698,23.05078125
11,0,2,large,9.134876470807326,25.05078125
11,0,2,large,3.947716236514918,27.0546875
11,0,2,large,5.044787274386073,29.05078125
11,0,2,medium,16.804077280632825,31.0625
11,0,2,medium,81.81133039382252,33.07421875
11,0,2,medium,80.0660653639537,35.07421875
11,0,2,medium,49.04664773006312,37.08984375
11,0,2,medium,71.09900028399113,39.1015625
11,0,2,medium,89.97025328506801,41.1015625
11,0,2,medium,85.21119680844241,43.1015625
11,0,2,medium,91.0590279339398,45.1015625
11,0,2,medium,98.71523438439488,47.11328125
11,0,2,medium,99.41451227936912,49.140625
11,0,2,medium,98.32546375913212,51.15234375
11,0,2,medium,99.86101893703746,53.1640625
11,0,2,medium,99.93671044323872,55.16796875
11,0,2,medium,99.85213974870194,57.1796875
11,0,2,medium,99.53960286917258,59.19140625
11,0,2,small,99.64575246249251,61.20703125
11,1,3,large,0.3230410005638692,2.9921875
11,1,3,large,0.0923333013707841,4.9921875
11,1,3,large,2.379322212896559,7.00390625
11,1,3,large,2.9108915292409927,9.00390625
11,1,3,large,8.638664685815364,11.00390625
11,1,3,large,6.990731173899949,13.00390625
11,1,3,large,7.411114258429922,15.00390625
11,1,3,large,4.601098852591704,17.00390625
11,1,3,large,36.64350436254637,19.00390625
11,1,3,large,35.54421534628151,21.015625
11,1,3,large,85.1377636063234,23.0546875
11,1,3,large,96.75737313865638,25.05859375
11,1,3,large,92.97799747869021,27.05859375
11,1,3,large,93.50923977447151,29.0546875
11,0,3,large,0.23912897485048912,2.99609375
11,0,3,large,39.58184940193621,5.01171875
11,0,3,large,24.51076974217766,7.03515625
11,0,3,large,39.95639921904163,9.0625
11,0,3,large,71.07785136359105,11.0703125
11,0,3,large,39.8328496814533,13.078125
11,0,3,large,17.1452472593708,15.07421875
11,0,3,large,32.89650948445974,17.08984375
11,0,3,large,76.80892303663572,19.11328125
11,0,3,large,51.088463388419434,21.140625
11,0,3,large,86.50916806536539,23.140625
11,0,3,large,64.0199257951208,25.140625
11,0,3,large,85.51425369579196,27.140625
11,0,3,large,64.09720653850671,29.15234375
11,0,3,medium,67.21440450579786,31.1796875
11,0,3,medium,90.99741476567378,33.1953125
11,0,3,medium,76.47168628221974,35.1953125
11,0,3,medium,78.30896962578493,37.20703125
11,0,3,medium,94.89372202896828,39.20703125
11,0,3,medium,95.59971634687156,41.21484375
11,0,3,medium,78.82128186564248,43.20703125
11,0,3,medium,92.09723679583925,45.21875
11,0,3,medium,99.19315596056921,47.234375
11,0,3,medium,91.40963016430767,49.265625
11,0,3,medium,95.70878131336022,51.2734375
11,0,3,medium,98.41235373420108,53.28515625
11,0,3,medium,99.56356418688884,55.28515625
11,0,3,medium,99.27937179711904,57.28515625
11,0,3,medium,96.89566425874006,59.296875
11,0,3,small,97.89938743624958,61.3125
11,0,3,small,99.63860972895745,63.32421875
11,0,3,small,97.42868985108075,65.32421875
11,0,3,small,98.49464960875332,67.32421875
11,0,3,small,99.70629410875165,69.32421875
11,0,3,small,97.30757969568967,71.3359375
11,0,3,small,94.84919776340024,73.3359375
11,0,3,small,98.44669689937136,75.3359375
11,0,3,small,99.54084708011314,77.359375
11,0,3,small,95.76633753068211,79.37890625
11,0,3,small,99.24373700564486,81.390625
11,0,3,small,98.69899050806009,83.390625
11,0,3,small,99.31499841769977,85.40234375
11,0,3,small,98.90920296027815,87.40234375
11,1,1,large,0.0,2.9921875
11,1,1,large,0.0,4.9921875
11,1,1,large,0.0008414002506105721,6.9921875
11,1,1,large,0.57922666656837,8.9921875
11,1,1,large,4.488215476664393,11.0078125
11,1,1,large,2.386857888449527,13.0078125
11,1,1,large,4.371208534453911,15.00390625
11,1,1,large,20.259695199476372,17.0078125
11,1,1,large,18.906124870438816,19.0078125
11,1,1,large,14.255093691513274,21.00390625
11,1,1,large,15.499981511761963,23.00390625
11,1,1,large,31.950619339271945,25.00390625
11,1,1,large,27.618875561246973,27.00390625
11,1,1,large,37.41613057341128,29.02734375
11,0,2,large,0.015299826216532423,2.98828125
11,0,2,large,1.7240115115174488,5.0
11,0,2,large,0.6095085064577708,7.0
11,0,2,large,19.549857335648447,9.01171875
11,0,2,large,73.3377479372609,11.01171875
11,0,2,large,61.94247082492786,13.02734375
11,0,2,large,63.13056762135936,15.02734375
11,0,2,large,55.935242664927415,17.02734375
11,0,2,large,73.08448987965343,19.0546875
11,0,2,large,46.684492662002455,21.06640625
11,0,2,large,58.52828678408722,23.06640625
11,0,2,large,30.03728788525745,25.078125
11,0,2,large,13.13348262385521,27.078125
11,0,2,large,5.788734022284547,29.09375
11,0,2,medium,20.757593368069216,31.10546875
11,0,2,medium,69.48080177283748,33.11328125
11,0,2,medium,38.54219221092512,35.1171875
11,0,2,medium,22.13164234295796,37.1328125
11,0,2,medium,57.8701931899226,39.1328125
11,0,2,medium,87.35081048457312,41.14453125
11,0,2,medium,62.51709454711388,43.14453125
11,0,2,medium,41.87863980024701,45.14453125
11,0,2,medium,81.39395980773715,47.15625
11,0,2,medium,79.34938302907798,49.18359375
11,0,2,medium,82.82040216533181,51.1953125
11,0,2,medium,96.50957893948636,53.1953125
11,0,2,medium,89.24959482719952,55.2109375
11,0,2,medium,79.23850665266983,57.2109375
11,0,2,medium,68.06895661632765,59.2109375
11,0,2,small,64.04781005179431,61.25
11,0,2,small,97.1184314414293,63.3046875
11,0,2,small,60.79855762317063,65.40234375
11,0,2,small,64.16839637704929,67.41015625
11,0,2,small,85.78041972129508,69.421875
11,0,2,small,87.72698545866652,71.421875
11,0,2,small,54.86421233067055,73.421875
11,0,2,small,65.23033768386261,75.421875
11,0,2,small,95.04532369886051,77.44921875
11,0,2,small,83.08515628304853,79.48828125
11,0,2,small,87.81600201881128,81.48828125
11,0,2,small,69.73759704886153,83.5
11,0,2,small,85.27298484038488,85.515625
11,0,2,small,86.23943123969647,87.53515625
11,1,2,large,0.17989856825769818,2.9921875
11,1,2,large,0.047544353584675916,4.9921875
11,1,2,large,0.4016771441032466,6.9921875
11,1,2,large,5.009979953600096,8.98828125
11,1,2,large,7.635456205956293,10.9921875
11,1,2,large,22.080041159474455,13.00390625
11,1,2,large,60.73091246820373,15.00390625
11,1,2,large,85.79996849552364,17.00390625
11,1,2,large,78.47010602250376,19.00390625
11,1,2,large,69.25301039812568,21.015625
11,1,2,large,93.49013732423043,23.015625
11,1,2,large,85.04756590706248,25.0390625
11,1,2,large,61.28459680904129,27.03125
11,1,2,large,84.44707389851888,29.03125
11,1,2,medium,86.11818675123342,31.02734375
11,1,2,medium,75.61381198940931,33.02734375
11,1,2,medium,81.61147228018129,35.04296875
11,1,2,medium,91.61052906912181,37.0546875
11,1,2,medium,96.45818255220193,39.0703125
11,1,2,medium,91.02191079187192,41.08203125
11,0,1,large,0.0,2.984375
11,0,1,large,1.5703743200100222,4.99609375
11,0,1,large,0.7076641883127521,7.015625
11,0,1,large,1.03474728349429,9.0234375
11,0,1,large,57.59267469035071,11.0234375
11,0,1,large,56.13596708512291,13.05078125
11,0,1,large,26.460020036946915,15.05078125
11,0,1,large,20.030114530137215,17.05078125
11,0,1,large,37.642947075141244,19.078125
11,0,1,large,21.405489253886884,21.08984375
11,0,1,large,50.839045016387466,23.1015625
11,0,1,large,27.719580364359338,25.1015625
11,0,1,large,23.595231853751052,27.1171875
11,0,1,large,18.98391775282535,29.1171875
11,0,1,medium,36.04333614942263,31.12890625
11,0,1,medium,76.7941611435774,33.12890625
11,0,1,medium,66.40051820816248,35.140625
11,0,1,medium,75.29859542338022,37.140625
11,0,1,medium,73.84822312066251,39.15625
11,0,1,medium,69.653088628221,41.15625
11,0,1,medium,52.473102584923225,43.15625
11,0,1,medium,43.78337621044878,45.15234375
11,0,1,medium,87.95665000759685,47.16796875
11,0,1,medium,94.41831474526724,49.1953125
11,0,1,medium,85.33978566438391,51.20703125
11,0,1,medium,90.52237717153793,53.21875
11,0,1,medium,96.13773362597797,55.234375
11,0,1,medium,94.5361051240074,57.234375
11,0,1,medium,83.39340846496181,59.24609375
11,0,1,small,75.98576963696473,61.2734375
11,1,3,large,0.0,2.9921875
11,1,3,large,0.0,4.9921875
11,1,3,large,0.0,6.9921875
11,1,3,large,0.0,8.9921875
11,1,3,large,0.015787340457164734,10.9921875
11,1,3,large,0.09146513203099901,13.0
11,1,3,large,0.2931119360361757,14.9921875
11,1,3,large,2.9433562946454828,16.9921875
11,1,3,large,3.322461301056997,19.00390625
11,1,3,large,17.043815369860585,21.00390625
11,1,3,large,60.632592021886,23.01953125
11,1,3,large,45.82418045860745,25.01953125
11,1,3,large,29.15093809748496,27.01953125
11,1,3,large,48.99380818792338,29.03125
11,1,3,medium,67.60254054432153,31.04296875
11,0,2,large,0.9612639360031114,2.984375
11,0,2,large,47.744419395224824,4.99609375
11,0,2,large,30.15574151663609,6.99609375
11,0,2,large,29.962342552810142,9.01171875
11,0,2,large,27.494898633486734,11.01171875
11,0,2,large,37.242086194326454,13.01171875
11,0,2,large,43.951129975840274,15.01171875
11,0,2,large,58.988993808778076,17.0078125
11,0,2,large,68.7400435067776,19.03515625
11,0,2,large,73.49434192555012,21.05078125
11,0,2,large,92.93822085549732,23.05078125
11,0,2,large,96.13152419281678,25.05078125
11,0,2,large,92.81805911504551,27.05078125
11,0,2,large,82.74724500396029,29.0625
11,0,2,medium,84.60470715247777,31.09765625
11,0,2,medium,98.78300451047201,33.08984375
11,0,2,medium,98.85137617117795,35.1015625
11,0,2,medium,98.84672852202252,37.1015625
11,0,2,medium,99.1741894576632,39.1015625
11,0,2,medium,99.83230555049721,41.11328125
11,0,2,medium,96.34056599075221,43.11328125
11,0,2,medium,94.19192682881832,45.11328125
11,0,2,medium,99.04541944831114,47.140625
11,0,2,medium,99.84565811230186,49.171875
11,0,2,medium,98.17312526174605,51.16796875
11,0,2,medium,89.97469689822184,53.1796875
11,0,2,medium,94.80044627789165,55.1953125
11,0,2,medium,95.80418934483627,57.1953125
11,0,2,medium,81.73790804662974,59.20703125
11,1,3,large,0.2589467847037217,2.984375
11,1,3,large,0.6038945706765797,4.984375
11,1,3,large,3.351056055274337,6.99609375
11,1,3,large,26.327793867004587,8.99609375
11,1,3,large,35.86478314512347,10.99609375
11,1,3,large,45.19979364125761,12.99609375
11,1,3,large,62.84314990054236,15.0078125
11,1,3,large,80.70122872241576,17.0078125
11,1,3,large,80.12415546474861,19.0078125
11,1,3,large,88.77293358844402,21.0234375
11,1,3,large,92.2485422240641,23.0234375
11,1,3,large,83.45317086445309,25.0234375
11,1,3,large,51.91138156433609,27.0234375
11,1,3,large,19.392442374307166,29.01953125
11,1,3,medium,16.74818027736665,31.01953125
11,1,3,medium,23.66609667740017,33.03515625
11,1,3,medium,39.46177232629262,35.03515625
11,1,3,medium,74.27379798233537,37.03515625
11,1,3,medium,83.1866640813916,39.046875
11,1,3,medium,77.73848619766966,41.046875
11,1,3,medium,74.97073124546613,43.046875
11,1,3,medium,88.27797055916281,45.046875
11,1,3,medium,84.90522036740856,47.046875
11,1,3,medium,59.382426382477824,49.05859375
11,1,3,medium,86.28908900289088,51.0859375
11,1,3,medium,96.72298729650888,53.0859375
11,1,3,medium,88.2526152387133,55.09765625
11,1,3,medium,95.35208042436781,57.09765625
11,0,1,large,0.16164641552092607,2.98828125
11,0,1,large,8.093971345412438,4.984375
11,0,1,large,17.196748212304634,6.984375
11,0,1,large,30.04755754377118,8.984375
11,0,1,large,16.883356312976538,11.0
11,0,1,large,20.198740095892518,12.99609375
11,0,1,large,27.872462556144477,14.99609375
11,0,1,large,37.77372290435591,16.99609375
11,0,1,large,82.90784709529467,19.01171875
11,0,1,large,56.24924800145926,21.0234375
11,0,1,large,30.95609012922921,23.0234375
11,0,1,large,43.03928874519876,25.0390625
11,0,1,large,73.5321876872706,27.0390625
11,0,1,large,72.61891203363737,29.03515625
11,0,1,medium,67.30069243647858,31.06640625
11,0,1,medium,95.35587309991296,33.078125
11,0,1,medium,98.24365934606494,35.08984375
11,0,1,medium,97.7555062950035,37.08984375
11,0,1,medium,96.57055346120437,39.08984375
11,0,1,medium,98.31805892451806,41.08984375
11,0,1,medium,97.72908280125418,43.1015625
11,0,1,medium,95.83674863398238,45.1015625
11,0,1,medium,94.7363770596567,47.1015625
11,0,1,medium,90.0810186016819,49.14453125
11,0,1,medium,94.50087476881674,51.14453125
11,0,1,medium,95.44162098535469,53.15625
11,0,1,medium,93.66441976230936,55.16796875
11,0,1,medium,92.04862860409386,57.16796875
11,0,1,medium,86.28899309069877,59.16796875
11,0,1,small,87.54438304595658,61.19140625
11,0,1,small,97.2034331585899,63.19921875
11,0,1,small,92.75610847305293,65.20703125
11,0,1,small,91.13564385090261,67.20703125
11,0,1,small,95.55515076496438,69.21875
11,0,1,small,98.67831178102531,71.21875
11,0,1,small,92.83373621113304,73.234375
11,0,1,small,97.33523839194355,75.234375
11,0,1,small,99.4572479074515,77.2734375
11,0,1,small,93.81464130067978,79.2890625
11,0,1,small,97.78468369137951,81.30078125
11,1,1,large,9.404322306012812,2.99609375
11,1,1,large,12.970618668365484,4.99609375
11,1,1,large,24.680498790514896,6.99609375
11,1,1,large,29.428051747723508,8.99609375
11,1,1,large,48.89053560252228,10.99609375
11,1,1,large,37.84866823801359,12.99609375
11,1,1,large,40.259985203272244,14.99609375
11,1,1,large,37.96873707438081,17.0078125
11,1,1,large,35.094538209773,19.0078125
11,1,1,large,48.200383658167354,21.0078125
11,1,1,large,80.49580198052763,23.0078125
11,1,1,large,74.91882376503673,25.0078125
11,1,1,large,69.92962308964304,27.0078125
11,1,1,large,73.15884690373515,29.01953125
11,1,1,medium,52.512102723356485,31.01953125
11,1,1,medium,73.47489728034975,33.01953125
11,1,1,medium,79.84523899070646,35.01953125
11,1,1,medium,93.30358091612077,37.03515625
11,1,1,medium,97.53215426372319,39.03125
11,1,1,medium,90.85553558410675,41.03125
11,0,2,large,0.03927585109065635,2.98046875
11,0,2,large,18.904571495620107,4.99609375
11,0,2,large,11.081321458763485,7.0078125
11,0,2,large,6.238802870207522,9.0234375
11,0,2,large,49.07334281719179,11.01953125
11,0,2,large,61.019895731267354,13.03515625
11,0,2,large,50.15096034581516,15.03515625
11,0,2,large,52.931595777828136,17.03515625
11,0,2,large,59.28820409399176,19.0625
11,0,2,large,42.246808942312924,21.07421875
11,0,2,large,56.47357910258269,23.07421875
11,0,2,large,59.711889717289466,25.0859375
11,0,2,large,51.38869024190443,27.0859375
11,0,2,large,33.00375374568934,29.0859375
11,0,2,medium,54.18747695350271,31.09765625
11,0,2,medium,81.80029289668666,33.109375
11,0,2,medium,57.08898420946876,35.125
11,0,2,medium,57.44051245522265,37.125
11,0,2,medium,40.651349827411984,39.13671875
11,0,2,medium,77.05044179142294,41.13671875
11,0,2,medium,77.71805978415284,43.13671875
11,0,2,medium,86.37666295174692,45.13671875
11,0,2,medium,97.47826457514448,47.15234375
11,0,2,medium,98.20008961188617,49.1640625
11,0,2,medium,83.04487415921841,51.17578125
11,0,2,medium,82.6190462803805,53.19140625
11,0,2,medium,74.53783462766317,55.19140625
11,0,2,medium,68.55703178036755,57.19140625
11,0,2,medium,62.549985968073415,59.21875
11,0,2,small,70.65163690944347,61.23046875
11,0,2,small,89.43202813116964,63.28515625
11,1,3,large,0.007626295015557852,2.9921875
11,1,3,large,0.0020103396527067804,4.9921875
11,1,3,large,0.1036817675450345,6.9921875
11,1,3,large,4.818428804879046,8.9921875
11,1,3,large,6.789569639555944,10.9921875
11,1,3,large,9.639637093417678,12.9921875
11,1,3,large,10.151073504204744,14.9921875
11,1,3,large,38.871271108081615,17.00390625
11,1,3,large,75.88464197276835,19.015625
11,1,3,large,93.40081304379686,21.015625
11,1,3,large,90.66385287947563,23.03125
11,1,3,large,76.80398410961942,25.03125
11,1,3,large,78.46873756093942,27.03125
11,1,3,large,88.62642370617593,29.03125
11,1,3,medium,76.17809032940399,31.03125
11,1,3,medium,74.84665688475965,33.02734375
11,1,3,medium,65.2807652900691,35.04296875
11,1,3,medium,71.28053674855592,37.04296875
11,1,3,medium,62.97712814209529,39.04296875
11,1,3,medium,53.7136029105656,41.0546875
11,1,3,medium,76.98215266017446,43.0703125
11,1,3,medium,92.07554232806108,45.06640625
11,1,3,medium,85.42877398037838,47.06640625
11,1,3,medium,72.51218057604837,49.08203125
11,1,3,medium,81.57876500752594,51.08203125
11,1,3,medium,76.21654838437661,53.08203125
11,1,3,medium,84.92409286772,55.09375
11,1,3,medium,86.88064378555657,57.09375
11,0,3,large,7.473400134619887,2.984375
11,0,3,large,37.23044799661271,4.984375
11,0,3,large,47.132456524642215,6.984375
11,0,3,large,26.967622650424737,8.984375
11,0,3,large,57.30894345614987,10.99609375
11,0,3,large,76.05395973683935,12.99609375
11,0,3,large,82.0622992489776,14.99609375
11,0,3,large,78.73211565217662,17.0
11,0,3,large,80.92540049601443,19.01171875
11,0,3,large,58.09885226233251,21.0234375
11,0,3,large,55.320051458840496,23.02734375
11,0,3,large,63.39213897825376,25.0234375
11,0,3,large,76.3881636630478,27.03515625
11,0,3,large,88.07472854241719,29.04296875
11,0,3,medium,78.25409822123495,31.046875
11,0,3,medium,86.13063067831266,33.0625
11,0,3,medium,93.97296385582521,35.0625
11,0,3,medium,93.37758311362856,37.0625
11,0,3,medium,89.77402415177076,39.07421875
11,0,3,medium,99.02566638796117,41.07421875
11,0,3,medium,97.59484832185944,43.07421875
11,0,3,medium,95.70283472443357,45.07421875
11,0,3,medium,96.82416275413736,47.0859375
11,0,3,medium,91.00550894677241,49.1015625
11,0,3,medium,86.26206720506991,51.11328125
11,0,3,medium,95.05886640859802,53.12890625
11,0,3,medium,95.73532353322283,55.12890625
11,0,3,medium,95.29227805867824,57.125
11,0,3,medium,93.11969986767882,59.140625
11,0,3,small,92.70063228096541,61.15234375
11,0,3,small,99.03835046654125,63.16796875
11,0,3,small,92.85510646552018,65.1796875
11,0,3,small,96.98773173406771,67.19140625
11,0,3,small,99.39539955111249,69.1953125
11,0,3,small,98.78307566036159,71.203125
11,0,3,small,79.82886084718763,73.21875
11,0,3,small,92.04333877332556,75.21875
11,0,3,small,98.88599811124602,77.2578125
11,0,3,small,86.46204173264299,79.28515625
11,0,3,small,92.08473058373984,81.30078125
11,0,3,small,95.14633102169452,83.3125
11,1,1,large,0.0,3.00390625
11,1,1,large,0.0,5.00390625
11,1,1,large,1.1800169766781598e-05,7.00390625
11,1,1,large,16.454000272126436,9.00390625
11,1,1,large,31.591295568420378,11.00390625
11,1,1,large,19.031021126642038,13.00390625
11,1,1,large,20.126696612593967,15.00390625
11,1,1,large,23.401914527904367,17.00390625
11,1,1,large,40.63579547816691,19.015625
11,1,1,large,49.612884391977246,21.015625
11,1,1,large,68.91135836222446,23.015625
11,1,1,large,67.41996392408261,25.015625
11,1,1,large,76.60544302497104,27.015625
11,1,1,large,66.83274945823617,29.015625
11,1,1,medium,47.02921253398628,31.02734375
11,1,1,medium,39.35075064127536,33.02734375
11,1,1,medium,58.53924290887043,35.02734375
11,1,1,medium,67.6008334941974,37.02734375
11,1,1,medium,71.4347919678979,39.0546875
11,1,1,medium,82.75582187457327,41.06640625
11,1,1,medium,62.78398464276907,43.06640625
11,1,1,medium,57.66141432812596,45.06640625
11,1,1,medium,39.43633125182887,47.078125
11,1,1,medium,72.02905825160668,49.09375
11,0,3,large,0.5533269718864705,3.0
11,0,3,large,49.906205737032316,4.99609375
11,0,3,large,80.24948705071542,7.0
11,0,3,large,77.2864724133357,9.0
11,0,3,large,95.3935746468815,11.01171875
11,0,3,large,98.547442590733,13.01171875
11,0,3,large,94.05027660750258,15.015625
11,0,3,large,87.84374008182184,17.01171875
11,0,3,large,88.10563835450037,19.0234375
11,0,3,large,92.12053039608459,21.0390625
11,0,3,large,95.36862959312062,23.0390625
11,0,3,large,97.0315070468326,25.0390625
11,0,3,large,98.20275632887632,27.05078125
11,0,3,large,91.91404465505062,29.0625
11,0,3,medium,94.1699147832127,31.078125
11,0,3,medium,99.52534751502355,33.078125
11,0,3,medium,99.04397855005884,35.08984375
11,0,3,medium,99.06829944196272,37.08984375
11,0,3,medium,96.31793647545243,39.1015625
11,0,3,medium,98.81419629088191,41.12890625
11,0,3,medium,92.11687454305049,43.140625
11,0,3,medium,92.41021832900847,45.140625
11,0,3,medium,97.76135713091335,47.15625
11,0,3,medium,97.18260785049569,49.1953125
11,0,3,medium,92.51791022564917,51.20703125
11,0,3,medium,97.15202167693042,53.20703125
11,0,3,medium,96.65916534046988,55.22265625
11,0,3,medium,95.17918614097019,57.21875
11,0,3,medium,91.63903575064364,59.234375
11,0,3,small,97.19472504721472,61.24609375
11,0,3,small,98.1224844541444,63.26171875
11,0,3,small,91.75610371911878,65.2734375
11,1,2,large,0.25250768536941604,2.9921875
11,1,2,large,0.11343116901243039,4.9921875
11,1,2,large,2.0559153631102602,6.9921875
11,1,2,large,14.27244355808774,8.9921875
11,1,2,large,27.062496537229187,10.9921875
11,1,2,large,40.06288899125874,13.0078125
11,1,2,large,83.3243794492644,15.0078125
11,1,2,large,93.9405614310897,17.01171875
11,1,2,large,58.72428982952603,19.0078125
11,1,2,large,70.35132854819041,21.01953125
11,1,2,large,97.3871837699266,23.01953125
11,1,2,large,95.70260018141731,25.03125
11,1,2,large,79.98386548255874,27.03125
11,1,2,large,84.46461506549846,29.046875
11,1,2,medium,91.33122132239303,31.0390625
11,1,2,medium,96.34414641692169,33.046875
11,1,2,medium,80.52053190367856,35.046875
11,0,1,large,3.2525524104384917,2.9765625
11,0,1,large,22.666932252088536,4.9765625
11,0,1,large,20.617375895086923,6.984375
11,0,1,large,9.813956194071237,8.9765625
11,0,1,large,11.949856356948828,10.9765625
11,0,1,large,10.334175130049275,12.9765625
11,0,1,large,7.800538689879036,14.9765625
11,0,1,large,19.09728768553954,16.9765625
11,0,1,large,38.81474731578655,19.00390625
11,0,1,large,22.743968755662024,21.015625
11,0,1,large,62.50318447516429,23.015625
11,0,1,large,44.86757763808962,25.02734375
11,0,1,large,72.15527689673873,27.04296875
11,0,1,large,62.45030878842492,29.0546875
11,0,1,medium,33.7541252449046,31.06640625
11,0,1,medium,87.45472236501188,33.08203125
11,0,1,medium,89.5948888126926,35.09375
11,0,1,medium,91.66315179022014,37.09375
11,0,1,medium,93.81052255638545,39.10546875
11,0,1,medium,99.36855904268101,41.12109375
11,0,1,medium,96.41241120716815,43.13671875
11,0,1,medium,93.34553219891112,45.1328125
11,0,1,medium,99.43707627645816,47.1328125
11,0,1,medium,99.90639497803467,49.16015625
11,0,1,medium,98.75141569433049,51.19921875
11,0,1,medium,96.20728567404888,53.19921875
11,0,1,medium,95.76335141024545,55.19921875
11,0,1,medium,95.68447339936306,57.19921875
11,0,1,medium,90.82868392964356,59.21484375
11,0,1,small,97.60145312139386,61.23828125
11,0,1,small,99.75381658524583,63.25390625
11,0,1,small,90.83832715884792,65.265625
11,1,2,large,0.2826532044874406,2.9921875
11,1,2,large,0.1738090603619033,4.9921875
11,1,2,large,0.0556748299271448,6.9921875
11,1,2,large,6.437123402204588,8.9921875
11,1,2,large,14.091175263667802,10.9921875
11,1,2,large,20.0602841899208,12.98828125
11,1,2,large,33.42118379199189,14.98828125
11,1,2,large,28.995186403535612,17.00390625
11,1,2,large,23.011012269274097,19.00390625
11,1,2,large,39.39402424617399,21.00390625
11,1,2,large,69.5240250201706,23.015625
11,1,2,large,39.59070167142049,25.015625
11,1,2,large,20.808495986095874,27.015625
11,1,2,large,54.553161502940185,29.015625
11,1,2,medium,44.948707007196006,31.015625
12,0,2,large,0.9054230425826499,2.9921875
12,0,2,large,1.2642828224538611,4.9921875
12,0,2,large,1.2650913772733208,7.00390625
12,0,2,large,1.274222583324561,8.9921875
12,0,2,large,1.312108425025808,11.0078125
12,0,2,large,1.2997306879900212,13.0078125
12,0,2,large,2.0794943074989023,15.00390625
12,0,2,large,11.830646059037042,17.00390625
12,0,2,large,35.0456318460794,19.015625
12,0,2,large,42.04642203655065,21.046875
12,0,2,large,36.255517932508745,23.046875
12,0,2,large,43.64491642317434,25.07421875
12,0,2,large,74.52736890631503,27.07421875
12,0,2,large,62.03349403937287,29.0859375
12,0,2,medium,63.04102128167419,31.11328125
12,0,2,medium,88.35869332068035,33.11328125
12,0,2,medium,70.36668150699639,35.125
12,0,2,medium,35.33708332234593,37.13671875
12,0,2,medium,39.26232229934733,39.13671875
12,0,2,medium,57.25386015426109,41.13671875
12,0,2,medium,48.06887687429379,43.15625
12,0,2,medium,47.476493523834954,45.15234375
12,0,2,medium,78.58443903511557,47.1640625
12,0,2,medium,70.8102188420077,49.203125
12,0,2,medium,38.90398550371395,51.203125
12,0,2,medium,40.32061790250191,53.21875
12,0,2,medium,35.12281832284852,55.21875
12,0,2,medium,54.96608250890746,57.23046875
12,0,2,medium,74.7216436423506,59.2421875
12,0,2,small,84.75882932111926,61.26953125
12,0,2,small,93.63828479045401,63.28125
12,0,2,small,59.972795830116354,65.28125
12,0,2,small,56.51840057871246,67.30859375
12,0,2,small,69.45307331769749,69.30859375
12,0,2,small,92.00383330862233,71.34765625
12,0,2,small,85.64853804663721,73.34765625
12,0,2,small,73.54810129252317,75.36328125
12,0,2,small,95.53688460491568,77.4140625
12,0,2,small,96.76009584498746,79.44140625
12,1,1,large,0.9564677890511339,2.9921875
12,1,1,large,1.0597015508855936,4.9921875
12,1,1,large,1.0092225380696158,6.9921875
12,1,1,large,0.9473520246049257,8.9921875
12,1,1,large,0.8777198999897028,10.9921875
12,1,1,large,1.0649171695789081,12.9921875
12,1,1,large,1.1868743008272995,14.9921875
12,1,1,large,2.5213281558268847,16.9921875
12,1,1,large,24.82297889488288,18.9921875
12,1,1,large,25.21085445704189,20.98828125
12,1,1,large,23.806666570470593,22.98828125
12,1,1,large,16.396741531624173,25.00390625
12,1,1,large,9.350111693817922,27.00390625
12,1,1,large,5.5099915555465575,29.00390625
12,1,1,medium,13.14054622865033,31.00390625
12,1,1,medium,15.427335704843696,33.0
12,1,1,medium,25.64958911652459,35.015625
12,1,1,medium,55.81641294979811,37.015625
12,1,1,medium,46.357211018223275,39.03125
12,1,1,medium,29.74784312920122,41.02734375
12,1,1,medium,13.18738586809177,43.02734375
12,1,1,medium,40.885279566388036,45.02734375
12,1,1,medium,23.12586846832623,47.02734375
12,1,1,medium,29.94153612314198,49.0390625
12,1,1,medium,68.83814399012874,51.0546875
12,1,1,medium,32.12507662998673,53.0546875
12,1,1,medium,34.920926494172676,55.0546875
12,1,1,medium,56.14965880106348,57.06640625
12,1,1,medium,32.39123427150029,59.06640625
12,1,1,small,39.751566587526426,61.06640625
12,1,1,small,31.934553802452548,63.06640625
12,1,1,small,33.5794163375564,65.078125
12,1,1,small,61.95780449841482,67.078125
12,1,1,small,36.62108425942978,69.078125
12,1,1,small,38.132219883187,71.078125
12,0,3,large,0.7040963790821027,3.00390625
12,0,3,large,0.8830298651194105,5.00390625
12,0,3,large,0.9263759444729298,7.00390625
12,0,3,large,0.7960952633744667,9.00390625
12,0,3,large,0.8687460441229194,11.00390625
12,0,3,large,0.8810670599943675,13.00390625
12,0,3,large,1.2115096688999991,15.01171875
12,0,3,large,8.921880981502042,17.0
12,0,3,large,32.44658639879306,19.015625
12,0,3,large,34.7902056756828,21.04296875
12,0,3,large,23.637892472699438,23.04296875
12,0,3,large,13.029924840324936,25.0703125
12,0,3,large,33.42418382267732,27.08203125
12,0,3,large,17.695820667638216,29.08203125
12,0,3,medium,8.796740677273565,31.09375
12,0,3,medium,39.34741129187431,33.09375
12,0,3,medium,36.483995455233966,35.10546875
12,0,3,medium,30.34477081719126,37.11328125
12,0,3,medium,29.98297741794743,39.10546875
12,0,3,medium,20.48452601511854,41.12109375
12,0,3,medium,15.999019185281574,43.12109375
12,0,3,medium,21.1614522383399,45.1171875
12,0,3,medium,41.556903664769386,47.1328125
12,0,3,medium,41.2070740217312,49.16015625
12,0,3,medium,24.41094926662435,51.171875
12,0,3,medium,28.616052055631094,53.171875
12,0,3,medium,29.239725265049724,55.19921875
12,0,3,medium,38.62436073591326,57.19921875
12,0,3,medium,49.204183519884864,59.2265625
12,0,3,small,46.03822113943122,61.25390625
12,0,3,small,92.4187940725208,63.27734375
12,0,3,small,85.9776129730125,65.29296875
12,0,3,small,69.41534016208922,67.31640625
12,0,3,small,74.90415275751086,69.34375
12,0,3,small,63.61086870942369,71.37109375
12,0,3,small,62.68801984688457,73.38671875
12,1,3,large,1.0875662775258244,2.9921875
12,1,3,large,1.3395979489977619,4.9921875
12,1,3,large,1.4383118962680532,6.9921875
12,1,3,large,1.4854323223253545,8.9921875
12,1,3,large,1.5401535875346508,10.9921875
12,1,3,large,1.5401550524122831,12.9921875
12,1,3,large,1.989258541455452,14.9921875
12,1,3,large,1.6519908904530243,16.98828125
12,1,3,large,14.900527894794394,18.98828125
12,1,3,large,37.091490704404336,20.98828125
12,1,3,large,38.24235344728703,22.98828125
12,1,3,large,17.603375706363998,24.98828125
12,1,3,large,6.069341486847011,27.00390625
12,1,3,large,3.583656661633123,29.0
12,1,3,medium,19.719703034303233,31.0
12,1,3,medium,57.600800925346576,33.0
12,1,3,medium,45.456778453385695,35.015625
12,1,3,medium,63.570901681499144,37.01953125
12,1,3,medium,67.01951209838043,39.015625
12,1,3,medium,55.23894221570312,41.015625
12,1,3,medium,30.856189500646636,43.015625
12,1,3,medium,62.807779078159776,45.02734375
12,1,3,medium,86.79647875188212,47.02734375
12,1,3,medium,65.24978432186634,49.0390625
12,1,3,medium,71.01653608461395,51.0390625
12,1,3,medium,95.22342156060515,53.0546875
12,1,3,medium,90.5810665743297,55.0546875
12,1,3,medium,81.52085991534216,57.0546875
12,1,3,medium,75.58942974704217,59.05859375
12,0,2,large,0.05369975943406514,2.9921875
12,0,2,large,0.06504586423216457,4.9921875
12,0,2,large,0.04770293591433444,6.9921875
12,0,2,large,0.015637473930286104,8.9921875
12,0,2,large,0.07817367502814648,10.9921875
12,0,2,large,0.07842464563393248,12.9921875
12,0,2,large,0.2762527409098214,14.9921875
12,0,2,large,9.651318629186111,16.9921875
12,0,2,large,40.08991442891171,19.00390625
12,0,2,large,35.15047458920438,21.015625
12,0,2,large,25.4324663095546,23.015625
12,0,2,large,10.831399496527728,25.02734375
12,0,2,large,3.862440100643931,27.02734375
12,0,2,large,7.871635920227515,29.04296875
12,0,2,medium,32.27187985891183,31.05859375
12,0,2,medium,54.36004511442469,33.0546875
12,0,2,medium,34.29526684757131,35.06640625
12,0,2,medium,30.963404704259467,37.06640625
12,0,2,medium,14.593100516286293,39.08203125
12,0,2,medium,32.03608927805831,41.08203125
12,0,2,medium,29.640698919533357,43.09375
12,0,2,medium,27.641240385727812,45.09375
12,0,2,medium,18.95324826718319,47.09375
12,0,2,medium,16.42607029403046,49.1328125
12,0,2,medium,22.828395044395347,51.13671875
12,0,2,medium,18.80668424567151,53.16015625
12,0,2,medium,26.089134923480486,55.16015625
12,0,2,medium,32.399662313270035,57.16796875
12,0,2,medium,29.918598241118183,59.19921875
12,0,2,small,68.00262470967621,61.2265625
12,0,2,small,95.42001715245691,63.265625
12,0,2,small,76.97894437756887,65.265625
12,0,2,small,43.565570046450446,67.27734375
12,0,2,small,52.99330390410407,69.29296875
12,0,2,small,30.101293193611045,71.3203125
12,0,2,small,60.070537323145246,73.3203125
12,0,2,small,40.35904268739286,75.3203125
12,0,2,small,75.64527252074497,77.359375
12,0,2,small,83.72096123462799,79.38671875
12,0,2,small,37.40747286173049,81.3984375
12,0,2,small,24.673353294775424,83.42578125
12,0,2,small,21.495710086307604,85.4375
12,0,2,small,55.3083758200017,87.453125
12,1,2,large,0.9245318710284356,2.9921875
12,1,2,large,0.553807068102957,4.9921875
12,1,2,large,0.605101586172632,6.9921875
12,1,2,large,0.9026589100877316,8.9921875
12,1,2,large,0.83723154034717,10.9921875
12,1,2,large,1.1262807784883733,12.98828125
12,1,2,large,0.8943365814756037,14.98828125
12,1,2,large,2.129788693555122,16.98828125
12,1,2,large,8.220061185634073,18.98828125
12,1,2,large,33.10856268929035,20.98828125
12,1,2,large,52.79135571468905,23.00390625
12,1,2,large,17.486822050901104,25.00390625
12,1,2,large,17.92804890293916,27.00390625
12,1,2,large,9.356783366268397,29.00390625
12,1,2,medium,15.041215724348694,31.015625
12,1,2,medium,46.950363055661285,33.02734375
12,1,2,medium,66.80152804195401,35.04296875
12,1,2,medium,47.73597814180347,37.046875
12,1,2,medium,33.25796017377268,39.04296875
12,1,2,medium,51.50737626321186,41.0546875
12,1,2,medium,72.46218084143452,43.06640625
12,1,2,medium,81.98440658905007,45.06640625
12,0,3,large,0.04525147177182881,2.9921875
12,0,3,large,0.02641024264134239,4.9921875
12,0,3,large,0.25301667272836653,6.9921875
12,0,3,large,0.7490939835102143,8.9921875
12,0,3,large,0.8301908020909181,10.9921875
12,0,3,large,0.737890604561191,12.9921875
12,0,3,large,1.7447060964597474,14.9921875
12,0,3,large,13.768031022554108,16.9921875
12,0,3,large,36.28753678006101,19.015625
12,0,3,large,29.576646318442258,21.04296875
12,0,3,large,25.335465103134336,23.04296875
12,0,3,large,57.410992411286635,25.0703125
12,0,3,large,32.196358319704245,27.0703125
12,0,3,large,30.384339136864455,29.09765625
12,0,3,medium,58.54946031573462,31.109375
12,0,3,medium,85.87756580655815,33.109375
12,0,3,medium,71.42066199418569,35.12109375
12,0,3,medium,57.9274724998953,37.140625
12,0,3,medium,43.27793746452045,39.1484375
12,0,3,medium,77.84885987109232,41.1875
12,0,3,medium,84.72998499918029,43.19921875
12,0,3,medium,34.0487719528613,45.19921875
12,0,3,medium,80.57029736290635,47.21484375
12,0,3,medium,80.65104566370641,49.28125
12,1,1,large,0.6936790560795554,2.9921875
12,1,1,large,0.7867034279556135,4.9921875
12,1,1,large,1.0465338511172133,6.9921875
12,1,1,large,1.1370684405544544,8.9921875
12,1,1,large,1.1980133756227622,10.9921875
12,1,1,large,1.615500912104482,12.9921875
12,1,1,large,2.0475204825208957,14.98828125
12,1,1,large,6.8335447186235445,16.9921875
12,1,1,large,26.317829010715077,18.98828125
12,1,1,large,16.512669291781236,20.98828125
12,1,1,large,26.107158049628442,22.98828125
12,1,1,large,13.89376726733805,24.98828125
12,1,1,large,25.67849239272803,26.98828125
12,1,1,large,16.159319421669352,29.00390625
12,1,1,medium,49.18570021806775,31.00390625
12,0,3,large,0.3001821674051118,2.9921875
12,0,3,large,0.49665706524811226,4.9921875
12,0,3,large,0.5462441085158624,6.9921875
12,0,3,large,2.0105160415072048,8.9921875
12,0,3,large,2.763632949295557,10.9921875
12,0,3,large,2.636289615913544,12.9921875
12,0,3,large,2.818815514545512,14.9921875
12,0,3,large,13.092417824327761,16.98828125
12,0,3,large,24.022303956330063,19.00390625
12,0,3,large,19.487046811769556,21.03125
12,0,3,large,19.18734212945541,23.03125
12,0,3,large,25.920748338900673,25.04296875
12,0,3,large,13.093963690836269,27.04296875
12,0,3,large,18.824917383315302,29.04296875
12,0,3,medium,21.403936977748817,31.06640625
12,0,3,medium,35.83875964314724,33.06640625
12,0,3,medium,44.54416205032115,35.08203125
12,0,3,medium,40.72597157493547,37.08203125
12,0,3,medium,24.993241694258693,39.09375
12,0,3,medium,22.275500716432173,41.09375
12,0,3,medium,30.494209975299846,43.109375
12,0,3,medium,46.88589639688011,45.10546875
12,0,3,medium,21.825185863446713,47.109375
12,0,3,medium,20.23146655134495,49.1484375
12,0,3,medium,45.169785661530405,51.1484375
12,0,3,medium,34.3865161544183,53.16015625
12,0,3,medium,22.950143771203244,55.17578125
12,0,3,medium,39.90388016347151,57.1875
12,0,3,medium,57.431372784240764,59.19921875
12,0,3,small,35.78904950534679,61.21484375
12,0,3,small,48.74417056711145,63.2265625
12,0,3,small,46.192104911486965,65.2265625
12,0,3,small,61.328900990047444,67.23828125
12,0,3,small,35.740936746560195,69.23828125
12,0,3,small,34.78859233127598,71.25390625
12,0,3,small,45.38669140880588,73.25390625
12,0,3,small,34.42230486811282,75.25390625
12,0,3,small,35.971211432894755,77.28125
12,0,3,small,20.930357971185117,79.3046875
12,0,3,small,43.93986936196819,81.3203125
12,0,3,small,48.63784307133399,83.33203125
12,0,3,small,58.10711929523722,85.34375
12,0,3,small,73.43313559578142,87.34375
12,1,1,large,0.003055860088490468,3.00390625
12,1,1,large,0.013800706649375825,5.00390625
12,1,1,large,0.03374001848886395,7.00390625
12,1,1,large,0.1976295553129403,9.00390625
12,1,1,large,0.1891822477950162,11.00390625
12,1,1,large,0.13898905274467163,13.00390625
12,1,1,large,0.13315032468545024,15.00390625
12,1,1,large,0.7185389037865499,17.00390625
12,1,1,large,27.064962319128636,19.00390625
12,1,1,large,20.851010140636532,21.00390625
12,1,1,large,24.743669039003528,23.00390625
12,1,1,large,8.829295955132782,25.00390625
12,1,1,large,2.8138558815092782,27.00390625
12,1,1,large,3.5182879429382012,29.00390625
12,1,1,medium,14.67458379179367,31.00390625
12,1,1,medium,20.989059118511104,33.00390625
12,1,1,medium,8.743612489193515,35.015625
12,0,3,large,1.23434107567137,2.9921875
12,0,3,large,1.4327028314654466,4.9921875
12,0,3,large,1.333963771643659,6.9921875
12,0,3,large,1.3848677624846935,8.9921875
12,0,3,large,1.4479385819630124,10.9921875
12,0,3,large,1.1304281388119775,12.9921875
12,0,3,large,1.4048435387406988,14.9921875
12,0,3,large,5.7299952912876755,16.9921875
12,0,3,large,6.13363883606742,19.00390625
12,0,3,large,13.091348232809406,21.015625
12,0,3,large,19.823963066648858,23.015625
12,0,3,large,22.570774949668124,25.03125
12,0,3,large,11.103558096309218,27.03125
12,0,3,large,15.137246159481947,29.04296875
12,0,3,medium,15.890873438296309,31.0546875
12,0,3,medium,22.8290863982768,33.0546875
12,0,3,medium,51.982447124380414,35.08203125
12,1,1,large,0.8455614139000454,2.9921875
12,1,1,large,1.847535819857287,4.9921875
12,1,1,large,2.3522344622879032,6.9921875
12,1,1,large,2.1407776246289605,8.9921875
12,1,1,large,2.0253979765839505,10.9921875
12,1,1,large,2.1456070282455766,12.9921875
12,1,1,large,2.252036084771732,14.9921875
12,1,1,large,2.142940153143555,16.98828125
12,1,1,large,10.324008703061995,18.98828125
12,1,1,large,20.483817591235457,20.98828125
12,1,1,large,8.535707751216258,22.98828125
12,1,1,large,6.501161503997067,24.98828125
12,1,1,large,3.018823406411885,26.98828125
12,1,1,large,2.7583403124272503,28.98828125
12,1,1,medium,5.612372484232337,30.98828125
12,1,1,medium,15.198322037900919,32.98828125
12,1,1,medium,15.175008788634784,34.98828125
12,1,1,medium,12.169381291104266,37.0
12,0,2,large,0.8619965930770681,2.9921875
12,0,2,large,1.4906486686826457,4.9921875
12,0,2,large,2.1822366867303318,6.9921875
12,0,2,large,1.463463403948511,8.9921875
12,0,2,large,1.3453276360306279,10.9921875
12,0,2,large,1.6991930852088013,12.9921875
12,0,2,large,1.8532187934825037,14.9921875
12,0,2,large,21.077476489405804,16.9921875
12,0,2,large,34.64749863540503,19.00390625
12,0,2,large,14.079023756381396,21.015625
12,0,2,large,30.270651130464792,23.03125
12,0,2,large,80.27709657533364,25.0546875
12,0,2,large,94.260478733539,27.08203125
12,0,2,large,45.55348335049541,29.09765625
12,0,2,medium,30.623886308859852,31.12109375
12,0,2,medium,85.26694914738698,33.13671875
12,0,2,medium,58.8948856097136,35.13671875
12,0,2,medium,27.92853653498083,37.13671875
12,0,2,medium,14.10934032654256,39.16015625
12,0,2,medium,58.01671698681349,41.16015625
12,0,2,medium,43.49252947492978,43.17578125
12,0,2,medium,32.61278893750493,45.17578125
12,0,2,medium,39.757701699754094,47.1875
12,0,2,medium,35.53731257415917,49.21484375
12,0,2,medium,19.827971597513695,51.21484375
12,0,2,medium,24.743565196628435,53.2265625
12,0,2,medium,17.1899477375339,55.23828125
12,0,2,medium,16.630717224090084,57.2421875
12,0,2,medium,37.971625200098465,59.25390625
12,0,2,small,33.14621500317368,61.265625
12,0,2,small,94.27270825494804,63.3125
12,0,2,small,97.62168672153445,65.33203125
12,0,2,small,73.5289589975026,67.34765625
12,0,2,small,51.73136456024192,69.34765625
12,1,1,large,1.6603711227703615,3.00390625
12,1,1,large,1.9060381456441018,5.00390625
12,1,1,large,2.223151519310332,7.00390625
12,1,1,large,1.807974667270991,9.00390625
12,1,1,large,1.2380897837002867,11.00390625
12,1,1,large,1.5835508976611223,13.00390625
12,1,1,large,1.3447146193902082,15.00390625
12,1,1,large,2.4816866447961665,17.00390625
12,1,1,large,12.454122690939947,19.00390625
12,1,1,large,12.151297989817252,21.00390625
12,1,1,large,18.02891447502162,23.00390625
12,1,1,large,13.528824008603234,25.00390625
12,1,1,large,16.853449969198312,27.015625
12,1,1,large,12.346087946246314,29.015625
12,1,1,medium,8.125704176164138,31.01953125
12,1,1,medium,20.31731024716234,33.015625
12,1,1,medium,17.008139683053265,35.015625
12,1,1,medium,16.738620627950983,37.015625
12,1,1,medium,12.157575232611379,39.015625
12,1,1,medium,38.49491131415972,41.02734375
12,1,1,medium,20.932523035369783,43.02734375
12,1,1,medium,17.08915508212034,45.02734375
12,1,1,medium,27.27125054873899,47.02734375
12,1,1,medium,19.63353636973535,49.0390625
12,1,1,medium,57.263838103135804,51.0390625
12,1,1,medium,72.97203909274782,53.05078125
12,1,1,medium,59.60996951211271,55.05078125
12,1,1,medium,40.42496323068386,57.05078125
12,1,1,medium,22.47474640957104,59.05078125
12,1,1,small,50.2816827821894,61.06640625
12,0,2,large,0.8225952313170841,2.9921875
12,0,2,large,4.6540182223297135,4.9921875
12,0,2,large,1.749473161577034,6.9921875
12,0,2,large,1.0148295861275236,8.9921875
12,0,2,large,1.6343344067357712,10.9921875
12,0,2,large,1.6977374011044093,12.9921875
12,0,2,large,1.5265213458649516,14.9921875
12,0,2,large,16.24227796354962,16.9921875
12,0,2,large,37.03462901993262,19.00390625
12,0,2,large,20.254970513287187,21.015625
12,0,2,large,19.866175273989292,23.015625
12,0,2,large,10.514316881044024,25.03125
12,0,2,large,5.357721731079108,27.03125
12,0,2,large,14.238055114986086,29.04296875
12,0,2,medium,24.172774331724852,31.0546875
12,0,2,medium,40.4091488039472,33.0703125
12,0,2,medium,43.48582620948154,35.0703125
12,0,2,medium,28.73739843803768,37.08203125
12,0,2,medium,22.204837193244174,39.08203125
12,0,2,medium,23.57554870191015,41.08203125
12,0,2,medium,47.56597876888898,43.1015625
12,0,2,medium,50.981085875487295,45.09375
12,0,2,medium,51.56463056304682,47.109375
12,0,2,medium,60.606775434323914,49.1328125
12,0,2,medium,42.85557747328241,51.1484375
12,0,2,medium,17.43245198843537,53.16015625
12,0,2,medium,11.252297194634524,55.17578125
12,0,2,medium,22.46917706800562,57.1796875
12,0,2,medium,20.983939977882116,59.1875
12,0,2,small,32.587909878289445,61.19921875
12,0,2,small,64.95441717888207,63.21484375
12,0,2,small,27.007932017527963,65.21484375
12,0,2,small,18.569202724985793,67.2265625
12,0,2,small,56.11471251308529,69.23828125
12,0,2,small,72.20453757889683,71.23828125
12,0,2,small,37.201007570013815,73.23828125
12,0,2,small,41.319188691522335,75.25
12,0,2,small,89.31057056136945,77.27734375
12,0,2,small,34.524347630912104,79.3046875
12,1,3,large,2.0802710284426906,2.9921875
12,1,3,large,1.3232577418725344,4.9921875
12,1,3,large,1.7289445421655036,6.9921875
12,1,3,large,1.126817876826761,8.9921875
12,1,3,large,1.064664120225682,10.9921875
12,1,3,large,2.4862928446969956,12.9921875
12,1,3,large,3.1634914925714974,14.9921875
12,1,3,large,3.002151272485854,16.9921875
12,1,3,large,15.108456381781474,18.9921875
12,1,3,large,24.173138316736452,20.9921875
12,1,3,large,31.619281686419015,22.9921875
12,1,3,large,13.009680123337693,24.9921875
12,1,3,large,9.870429512672729,26.9921875
12,1,3,large,13.10471077779938,29.0078125
12,1,3,medium,34.31985950144053,31.00390625
12,1,3,medium,30.970552587806054,33.00390625
12,1,3,medium,24.02199732237751,35.01953125
12,1,3,medium,21.09274652700537,37.015625
12,1,3,medium,15.399630280456929,39.01953125
12,1,3,medium,17.311715254611585,41.015625
12,1,3,medium,11.899056786427098,43.015625
12,1,3,medium,47.37689961893416,45.03125
12,1,3,medium,37.81546556540533,47.03125
12,1,3,medium,31.708962354007006,49.03125
12,1,3,medium,18.614453048682407,51.03125
12,1,3,medium,9.146834900670774,53.03125
12,1,3,medium,14.958475438899303,55.03125
12,1,3,medium,19.30886299746333,57.02734375
12,1,3,medium,11.184389682877294,59.03125
12,1,3,small,41.91680959205334,61.05078125
13,0,1,large,86.13587453013572,3.01171875
13,0,1,large,98.58505465542271,5.03515625
13,0,1,large,99.90277651922545,7.05078125
13,0,1,large,99.54857524768505,9.078125
13,0,1,large,93.32522918171408,11.08984375
13,0,1,large,98.05791818172257,13.1015625
13,0,1,large,99.84344622756629,15.1015625
13,0,1,large,99.79206023212261,17.1015625
13,0,1,large,98.37372646595449,19.15625
13,0,1,large,99.8520192586593,21.1953125
13,0,1,large,97.04246101471998,23.22265625
13,0,1,large,97.92774879580065,25.25
13,0,1,large,99.24164416202487,27.24609375
13,0,1,large,99.70010869994537,29.26171875
13,0,1,medium,99.81803626948447,31.30078125
13,0,1,medium,99.9876214171818,33.31640625
13,0,1,medium,99.99917445120337,35.34765625
13,0,1,medium,99.99994203772056,37.33984375
13,0,1,medium,99.55127639809112,39.3671875
13,0,1,medium,99.96185231967351,41.37890625
13,0,1,medium,99.99736267984389,43.3828125
13,0,1,medium,99.99981952485325,45.39453125
13,0,1,medium,99.99525560631884,47.39453125
13,1,2,large,82.42406425005444,2.9921875
13,1,2,large,98.69824489826522,4.9921875
13,1,2,large,99.46696824438118,7.00390625
13,1,2,large,99.87637843883022,9.00390625
13,1,2,large,99.38462600501182,11.00390625
13,1,2,large,99.88680543711853,13.00390625
13,1,2,large,98.70107728539827,15.01953125
13,0,1,large,85.1750726221934,2.984375
13,0,1,large,85.7998391212513,5.0078125
13,0,1,large,98.77370694256281,7.10546875
13,0,1,large,98.46664965931585,9.18359375
13,0,1,large,99.52332883848727,11.22265625
13,0,1,large,99.96857073518339,13.26171875
13,0,1,large,99.51342810886084,15.26171875
13,0,1,large,98.15895907778591,17.26171875
13,0,1,large,94.24043817456578,19.2890625
13,0,1,large,98.84199333216706,21.328125
13,0,1,large,97.7506118690419,23.35546875
13,0,1,large,93.556768675567,25.3828125
13,0,1,large,98.55587154409814,27.40625
13,0,1,large,99.37506565154312,29.40625
13,0,1,medium,99.85613106193031,31.44921875
13,0,1,medium,92.14303023813129,33.47265625
13,0,1,medium,97.26265831920658,35.484375
13,0,1,medium,99.05373316908255,37.484375
13,0,1,medium,99.870715389857,39.5
13,0,1,medium,99.9773661470829,41.49609375
13,0,1,medium,99.95512796932407,43.51171875
13,0,1,medium,99.99675421766204,45.51171875
13,0,1,medium,99.96687973741484,47.5234375
13,1,2,large,56.90848395685417,2.9921875
13,1,2,large,94.10021394216798,5.04296875
13,1,2,large,96.81692121104587,7.0703125
13,1,2,large,96.79189913126424,9.1640625
13,1,2,large,96.81562439185006,11.20703125
13,1,2,large,99.3491492532138,13.21875
13,1,2,large,99.94621330689687,15.21875
13,1,2,large,98.74461183989851,17.22265625
13,1,2,large,99.36175113905115,19.234375
13,1,2,large,99.92945974186853,21.23046875
13,1,2,large,99.99551435787558,23.296875
13,0,3,large,85.09390074162067,2.9765625
13,0,3,large,90.81962623537024,5.00390625
13,0,3,large,98.41961505325477,7.02734375
13,0,3,large,92.86557777104917,9.0546875
13,0,3,large,71.20321416230706,11.0546875
13,0,3,large,83.06498288387128,13.06640625
13,0,3,large,98.25542635465051,15.08203125
13,0,3,large,97.68315911800447,17.09375
13,0,3,large,87.78953250242787,19.12109375
13,0,3,large,98.51493024335839,21.17578125
13,0,3,large,82.8745737993872,23.203125
13,0,3,large,90.63994570019744,25.23046875
13,0,3,large,90.80858901948201,27.2265625
13,0,3,large,99.36717541900694,29.25390625
13,0,3,medium,99.25497530935762,31.30859375
13,0,3,medium,99.94696473872493,33.34765625
13,0,3,medium,99.99650312541257,35.38671875
13,1,3,large,85.80064226784505,2.9921875
13,1,3,large,99.03101827179214,5.015625
13,1,3,large,99.85973283415484,7.02734375
13,0,1,large,84.01642578219727,2.99609375
13,0,1,large,86.849808929903,5.03515625
13,0,1,large,98.4481715051274,7.07421875
13,0,1,large,95.10503650759644,9.1015625
13,0,1,large,99.34146895947968,11.1015625
13,0,1,large,99.3439371007933,13.1171875
13,0,1,large,98.60009178265994,15.12109375
13,0,1,large,99.53248553975021,17.1171875
13,0,1,large,94.67277146593445,19.16796875
13,0,1,large,99.15156621495592,21.2109375
13,0,1,large,87.22891955381453,23.20703125
13,0,1,large,98.27535334834553,25.25
13,0,1,large,99.88016559850314,27.25
13,0,1,large,99.98322945055051,29.26171875
13,0,1,medium,99.9005114374646,31.2890625
13,0,1,medium,99.95855862916406,33.3828125
13,0,1,medium,99.99730897566619,35.4375
13,0,1,medium,99.9486795084241,37.46484375
13,0,1,medium,99.99554821775659,39.54296875
13,0,1,medium,99.99971089238849,41.59375
13,1,2,large,84.8403405470479,2.984375
13,1,2,large,97.46862666992882,5.01171875
13,1,2,large,98.71805515720256,7.078125
13,1,2,large,99.92139109232642,9.171875
13,1,2,large,99.9950815587755,11.25
13,1,2,large,99.94351344099874,13.31640625
13,0,2,large,84.75842779968718,3.0
13,0,2,large,97.35385613367887,5.02734375
13,0,2,large,99.80359391534357,7.06640625
13,0,2,large,99.70081067274779,9.078125
13,0,2,large,99.97863696051922,11.078125
13,0,2,large,99.99856860574542,13.10546875
13,0,2,large,99.95910089220706,15.10546875
13,0,2,large,99.8875842192923,17.10546875
13,0,2,large,96.23723384796148,19.1328125
13,0,2,large,99.52702694586367,21.18359375
13,0,2,large,91.60543783642579,23.21484375
13,0,2,large,84.59725558340861,25.2421875
13,0,2,large,97.16267451779319,27.27734375
13,0,2,large,95.79857870574173,29.29296875
13,0,2,medium,98.7118770612985,31.3203125
13,0,2,medium,99.91049677261972,33.3203125
13,0,2,medium,99.99418909561749,35.37109375
13,0,2,medium,99.99961648058444,37.41015625
13,0,2,medium,99.99997561071363,39.4765625
13,0,2,medium,99.99999842444247,41.53125
13,0,2,medium,99.9999998998022,43.59765625
13,0,2,medium,99.99999999352747,45.65234375
13,0,2,medium,99.99999999956421,47.67578125
13,0,2,medium,99.99999999997281,49.7578125
13,0,2,medium,99.95921271807748,51.76953125
13,0,2,medium,99.99380605780311,53.796875
13,0,2,medium,99.99956962351939,55.796875
13,0,2,medium,99.74756474862103,57.80859375
13,0,2,medium,93.7933752260198,59.859375
13,0,2,small,99.45178501483427,61.875
13,1,3,large,85.50834864455385,2.9921875
13,1,3,large,98.99251503750293,4.9921875
13,1,3,large,99.87706602824315,7.00390625
13,1,3,large,99.85536249515981,9.00390625
13,1,3,large,99.73205177653244,11.015625
13,1,3,large,99.80833644741088,13.015625
13,1,3,large,99.98695418551867,15.03125
13,1,3,large,99.79053006836361,17.03125
13,1,3,large,99.49216420993547,19.03125
13,1,3,large,99.74941810191994,21.02734375
13,1,3,large,99.79862021468062,23.04296875
13,1,3,large,99.96273050646383,25.0625
13,1,3,large,99.55238222550301,27.0546875
13,1,3,large,99.94094172761672,29.08203125
13,1,3,medium,99.99589642741148,31.08203125
13,1,3,medium,99.99972948335922,33.12109375
13,1,3,medium,99.99998158537909,35.13671875
13,1,3,medium,99.99999875943644,37.16015625
13,0,3,large,84.17535520363205,2.9765625
13,0,3,large,96.54715089028309,5.015625
13,0,3,large,99.70849984831287,7.02734375
13,0,3,large,98.78926491956184,9.0546875
13,0,3,large,72.76202650657896,11.06640625
13,0,3,large,82.21722329057764,13.09375
13,0,3,large,96.29406010636697,15.109375
13,0,3,large,97.80349649609008,17.1328125
13,0,3,large,98.18061398143512,19.16015625
13,0,3,large,99.81967372994504,21.21484375
13,0,3,large,80.77650619476013,23.2265625
13,0,3,large,92.12140448537858,25.23828125
13,0,3,large,99.02146048035401,27.25
13,0,3,large,99.86104479639286,29.25390625
13,0,3,medium,99.84515832074155,31.296875
13,0,3,medium,99.9891838711572,33.29296875
13,0,3,medium,99.99927564107497,35.3203125
13,0,3,medium,99.99368557650806,37.33203125
13,0,3,medium,99.99763734425734,39.34765625
13,0,3,medium,99.9998358345249,41.34765625
13,0,3,medium,99.99998877227615,43.359375
13,0,3,medium,99.99999921985892,45.359375
13,0,3,medium,99.9110353105477,47.4375
13,0,3,medium,99.96641440871264,49.53125
13,0,3,medium,99.9976663572059,51.53125
13,0,3,medium,99.99984926209768,53.5859375
13,0,3,medium,99.99998968808335,55.59765625
13,0,3,medium,99.9999993022382,57.6171875
13,0,3,medium,99.99999995275704,59.63671875
13,0,3,small,99.99999999688386,61.67578125
13,1,1,large,85.56368062229112,2.9765625
13,1,1,large,98.99239472212389,4.9921875
13,1,1,large,99.92064546024943,6.98828125
13,1,1,large,99.78981681409105,8.98828125
13,1,1,large,99.95071308966361,11.00390625
13,1,1,large,99.97733659819477,13.00390625
13,1,1,large,99.9666435758518,15.00390625
13,1,1,large,99.99438071688247,17.0
13,1,1,large,99.99961735742383,19.015625
13,1,1,large,99.9999738193915,21.02734375
13,1,1,large,99.99999818088091,23.02734375
13,1,1,large,99.99999987360128,25.02734375
13,1,1,large,99.99999999121732,27.02734375
13,1,1,large,99.99999999938964,29.02734375
13,1,1,medium,99.99999999995813,31.0390625
13,1,1,medium,99.99999999999709,33.06640625
13,0,2,large,85.271136921509,2.99609375
13,0,2,large,97.79788689991699,5.0234375
13,0,2,large,99.41157055389604,7.03515625
13,0,2,large,94.9680405977926,9.0625
13,0,2,large,99.2732000049595,11.0625
13,0,2,large,99.94949942799582,13.0625
13,0,2,large,99.83595897518991,15.07421875
13,0,2,large,99.97061164503913,17.07421875
13,0,2,large,99.87175405722431,19.1015625
13,0,2,large,99.99003298033523,21.15234375
13,0,2,large,99.99544113884548,23.15625
13,0,2,large,99.99943193737818,25.1953125
13,0,2,large,99.9999611267578,27.20703125
13,0,2,large,99.99901047464061,29.21875
13,0,2,medium,99.98677337856326,31.234375
13,0,2,medium,89.26297313973805,33.24609375
13,0,2,medium,96.05609718781083,35.2734375
13,0,2,medium,99.7098613887604,37.28515625
13,0,2,medium,99.905152096369,39.328125
13,0,2,medium,99.99361127172878,41.3515625
13,0,2,medium,99.9591104271588,43.3671875
13,0,2,medium,99.69305606495051,45.37890625
13,0,2,medium,99.70810640661114,47.40234375
13,0,2,medium,99.88680677248328,49.5
13,0,2,medium,99.99279995997932,51.56640625
13,0,2,medium,99.99953237998,53.6171875
13,0,2,medium,99.99996930293116,55.66015625
13,0,2,medium,99.9999979759918,57.69921875
13,0,2,medium,99.96132537284375,59.8046875
13,1,1,large,85.81217767949047,2.98828125
13,1,1,large,99.02998702525875,5.0
13,1,1,large,99.9333833159606,7.01171875
13,1,1,large,99.29732609112013,9.02734375
13,1,1,large,99.89423105305076,11.02734375
13,1,1,large,99.8142700738751,13.0390625
13,1,1,large,99.95869900931041,15.046875
13,1,1,large,99.99714552016253,17.05078125
13,1,1,large,99.99980874192579,19.078125
13,1,1,large,99.99998764858856,21.1328125
13,1,1,large,99.72645148300441,23.1328125
13,1,1,large,99.97497343515235,25.1875
13,1,1,large,99.28742261874376,27.265625
13,0,2,large,85.7043065493016,2.984375
13,0,2,large,98.46291419794044,5.0078125
13,0,2,large,99.77718406007676,7.0234375
13,0,2,large,99.18470183288326,9.05078125
13,0,2,large,82.8365653740829,11.05078125
13,0,2,large,92.540453557024,13.0625
13,0,2,large,99.33385270240812,15.07421875
13,0,2,large,98.23292832488823,17.07421875
13,0,2,large,94.53586896350339,19.12890625
13,0,2,large,98.98219859418873,21.15234375
13,0,2,large,96.70792736856058,23.16796875
13,0,2,large,98.59609764496616,25.203125
13,0,2,large,99.39959094197324,27.21484375
13,0,2,large,99.956209704787,29.234375
13,0,2,medium,99.9957894893473,31.26171875
13,0,2,medium,99.99971782889094,33.2890625
13,0,2,medium,99.999981107444,35.31640625
13,0,2,medium,99.99999870705864,37.328125
13,0,2,medium,99.9999999115362,39.33984375
13,0,2,medium,99.99999999394865,41.3515625
13,1,3,large,85.88800333843304,2.9921875
13,1,3,large,99.06391863066426,5.02734375
13,1,3,large,99.9363050844326,7.04296875
13,1,3,large,99.99564446605271,9.0546875
13,1,3,large,99.99969736246938,11.0546875
13,1,3,large,99.99997897169985,13.0546875
13,1,3,large,99.9999985388811,15.0546875
13,1,3,large,99.99999989847637,17.0546875
13,1,3,large,99.99999999309128,19.0703125
13,1,3,large,99.99999999951989,21.0703125
13,1,3,large,99.99999999996643,23.06640625
13,1,3,large,99.99999999999763,25.06640625
13,1,3,large,99.99999999999977,27.08203125
13,1,3,large,99.99999999999984,29.09765625
13,0,1,large,85.22349518492706,2.984375
13,0,1,large,96.33811365201484,5.01171875
13,0,1,large,99.49685927082231,7.0390625
13,0,1,large,94.46951595192994,9.06640625
13,0,1,large,98.94371003050449,11.078125
13,0,1,large,98.48130879876351,13.078125
13,0,1,large,99.47118799906224,15.08984375
13,0,1,large,99.41384825936636,17.08984375
13,0,1,large,98.9608430940257,19.1171875
13,0,1,large,99.92431383082618,21.15625
13,0,1,large,99.30143013350036,23.19140625
13,0,1,large,99.1212989710374,25.25
13,0,1,large,99.75834549203518,27.29296875
13,0,1,large,98.42221835717802,29.2890625
13,0,1,medium,99.40339136578982,31.34375
13,0,1,medium,99.95919292390555,33.35546875
13,0,1,medium,99.99729472880892,35.390625
13,0,1,medium,99.9998110699257,37.38671875
13,0,1,medium,99.99998727208371,39.41015625
13,0,1,medium,99.99999913413063,41.42578125
13,0,1,medium,99.99999994168844,43.44921875
13,0,1,medium,99.99999999603045,45.46484375
13,0,1,medium,99.99999999972981,47.48046875
13,0,1,medium,99.9999999999823,49.52734375
13,0,1,medium,99.99999999999869,51.52734375
13,0,1,medium,99.9999999999998,53.5546875
13,0,1,medium,99.99999999999984,55.58203125
13,0,1,medium,99.99999999999984,57.5859375
13,0,1,medium,99.99999999999984,59.6015625
13,0,1,small,99.99999999999984,61.65625
13,0,1,small,99.99999999999984,63.6484375
13,1,3,large,85.73529246675287,2.984375
13,1,3,large,98.94086034655483,4.984375
13,1,3,large,99.56621688768514,7.00390625
13,1,3,large,99.96069563957266,9.01171875
13,1,3,large,99.97309370039723,11.0078125
13,1,3,large,99.99156698910747,13.0078125
13,1,3,large,99.96537091659893,15.01171875
13,1,3,large,99.98550621340463,17.0078125
13,1,3,large,99.99901325529322,19.0234375
13,1,3,large,99.99993496969523,21.0625
13,1,3,large,99.99999570727101,23.1015625
13,1,3,large,99.99999970172632,25.1015625
13,1,3,large,99.99999997927486,27.1015625
13,1,3,large,99.9999999986332,29.140625
13,1,3,medium,99.99999999991022,31.18359375
13,1,3,medium,99.99999999999426,33.26171875
13,0,2,large,84.51110358490048,2.98046875
13,0,2,large,98.86245300620054,5.0078125
13,0,2,large,99.25894020590701,7.0078125
13,0,2,large,99.13130533652061,9.0234375
13,0,2,large,99.90382780398662,11.0234375
13,0,2,large,99.97411085842677,13.03515625
13,0,2,large,99.97051439857194,15.03515625
13,0,2,large,99.99524992614032,17.03515625
13,0,2,large,99.99297708620264,19.05078125
13,0,2,large,99.99945591878878,21.08984375
13,0,2,large,99.40643927635904,23.08984375
13,0,2,large,99.40960531928545,25.1015625
13,0,2,large,99.9457785946257,27.1015625
13,0,2,large,99.99629196155135,29.11328125
13,0,2,medium,99.99975155112902,31.140625
13,0,2,medium,96.05964603995693,33.140625
13,0,2,medium,98.98158812862184,35.16796875
13,0,2,medium,99.93035978714285,37.1796875
13,0,2,medium,99.99526099902258,39.1953125
13,0,2,medium,99.9996757041822,41.20703125
13,0,2,medium,99.99997746680728,43.20703125
13,0,2,medium,99.9999984343159,45.20703125
13,0,2,medium,99.9999998951138,47.234375
13,0,2,medium,99.99999999308089,49.2734375
13,0,2,medium,99.99999999951915,51.2734375
13,0,2,medium,99.99999999996703,53.28515625
13,0,2,medium,99.99999999999761,55.28515625
13,0,2,medium,99.99999999999974,57.28515625
13,0,2,medium,99.99999999999984,59.3125
13,0,2,small,99.99999999999984,61.32421875
13,0,2,small,99.99999999999984,63.3515625
13,0,2,small,99.99999999999984,65.36328125
13,0,2,small,99.99999999999984,67.36328125
13,0,2,small,99.99999999999984,69.3671875
13,0,2,small,99.99999999999984,71.37890625
13,0,2,small,99.99999999999984,73.390625
13,0,2,small,99.99999999999984,75.390625
13,1,1,large,85.73635202054794,2.984375
13,1,1,large,99.03968176966032,5.0078125
13,1,1,large,99.90248073221608,7.0234375
13,1,1,large,99.99331191935083,9.046875
13,1,1,large,99.9691533046805,11.046875
13,1,1,large,99.99750331157487,13.07421875
13,1,1,large,99.99731688441142,15.07421875
13,1,1,large,99.98429355485715,17.07421875
13,1,1,large,99.99896402862971,19.11328125
13,1,1,large,99.99993058704189,21.140625
13,1,1,large,99.99999558520508,23.20703125
13,1,1,large,99.99999971921804,25.2734375
13,1,1,large,99.99999998119378,27.30078125
13,1,1,large,99.99999999877838,29.3515625
13,0,1,large,85.58530173087874,2.99609375
13,0,1,large,98.23550916201597,5.0234375
13,0,1,large,99.88013406818165,7.046875
13,0,1,large,98.4391297751258,9.08984375
13,0,1,large,99.87113619989888,11.1015625
13,0,1,large,99.9915453504261,13.14453125
13,0,1,large,99.99942157444139,15.15625
13,0,1,large,99.82355756563734,17.16796875
13,0,1,large,97.70864446792116,19.234375
13,0,1,large,99.82881833525536,21.2734375
13,0,1,large,99.98871846411801,23.3125
13,0,1,large,99.95942407351859,25.328125
13,0,1,large,99.88927968932366,27.328125
13,0,1,large,99.81325334407717,29.34375
13,0,1,medium,99.55912901009073,31.3671875
13,0,1,medium,99.96979804627546,33.3828125
13,0,1,medium,99.99799679852808,35.41796875
13,0,1,medium,99.99986154666712,37.421875
13,0,1,medium,99.99999086666173,39.4609375
13,0,1,medium,99.99999938500011,41.484375
13,0,1,medium,99.99925378235595,43.484375
13,0,1,medium,99.99951526415003,45.484375
13,0,1,medium,99.9999668560274,47.49609375
13,0,1,medium,99.99999790315388,49.56640625
13,0,1,medium,99.99999985942594,51.59375
13,0,1,medium,99.99999999120043,53.671875
13,0,1,medium,98.99719282681835,55.6953125
13,0,1,medium,99.85499784933819,57.72265625
13,0,1,medium,96.2090789174336,59.765625
13,0,1,small,99.57481967124502,61.7890625
13,0,1,small,99.94554026643621,63.8046875
13,0,1,small,99.99479388702326,65.81640625
13,0,1,small,99.9996688558395,67.8828125
13,0,1,small,99.99997780395552,69.91015625
13,1,3,large,85.66052636160538,2.98046875
13,1,3,large,99.03968176966032,5.0078125
13,1,3,large,99.9079837574663,7.0078125
13,1,3,large,99.84256858782851,9.01953125
13,1,3,large,99.9890611221514,11.01953125
13,1,3,large,99.99923992901452,13.01953125
13,1,3,large,99.99994718764471,15.01953125
13,1,3,large,99.99999636803058,17.02734375
13,1,3,large,99.99999974763817,19.02734375
13,1,3,large,99.99999998264657,21.03515625
13,1,3,large,99.99999999881311,23.046875
13,1,3,large,99.99999999991749,25.046875
13,1,3,large,99.9999999999942,27.046875
13,1,3,large,99.99999999999952,29.046875
13,1,3,medium,99.99999999999983,31.05859375
13,1,3,medium,99.99999999999984,33.1015625
13,0,3,large,85.5385983136807,2.984375
13,0,3,large,98.58515456136664,4.99609375
13,0,3,large,99.8908583304756,7.0234375
13,0,3,large,97.23185570028247,9.03515625
13,0,3,large,92.24262552703493,11.05078125
13,0,3,large,97.91273581777725,13.0625
13,0,3,large,99.85713680627977,15.07421875
13,0,3,large,99.99005714843955,17.07421875
13,0,3,large,98.7023813946,19.11328125
13,0,3,large,99.87488376770048,21.16796875
13,0,3,large,97.28065775997268,23.18359375
13,0,3,large,97.35024216695984,25.20703125
13,0,3,large,95.41593751617785,27.20703125
13,0,3,large,99.61131024659116,29.20703125
13,0,3,medium,99.97437670612803,31.24609375
13,0,3,medium,99.34682440836855,33.24609375
13,0,3,medium,99.85191921523592,35.2890625
13,0,3,medium,99.98971083601472,37.2890625
13,0,3,medium,99.9992963550944,39.30078125
13,0,3,medium,98.20709553529221,41.3125
13,0,3,medium,99.78044044606918,43.3125
13,0,3,medium,99.9850491901603,45.328125
13,0,3,medium,99.99896116613368,47.328125
13,0,3,medium,99.99993358957269,49.390625
13,0,3,medium,99.99999538557422,51.390625
13,0,3,medium,99.99999969245306,53.421875
13,0,3,medium,99.9999999785169,55.41796875
13,0,3,medium,99.99999999853877,57.43359375
13,0,3,medium,99.94441861435651,59.4453125
13,0,3,small,99.96040673635693,61.45703125
13,0,3,small,99.98611511836151,63.484375
13,0,3,small,99.99903523050385,65.484375
13,0,3,small,99.99993668500838,67.52734375
13,0,3,small,99.999995669,69.5390625
13,0,3,small,99.99999971002102,71.56640625
13,0,3,small,99.99999997985114,73.56640625
13,0,3,small,99.99999999862099,75.578125
13,1,2,large,85.64647269603385,2.984375
13,1,2,large,99.01833272675628,4.99609375
13,1,2,large,99.86774578624416,6.99609375
13,1,2,large,99.80657921587711,9.0078125
13,1,2,large,99.98656045638087,11.0078125
13,1,2,large,99.99906617412643,13.0078125
13,1,2,large,99.92377654163892,15.01953125
13,1,2,large,99.991236623735,17.03515625
13,1,2,large,99.99940064883842,19.046875
13,1,2,large,99.99995924055298,21.0625
13,1,2,large,99.9999972103509,23.07421875
13,1,2,large,99.99999980616548,25.07421875
13,1,2,large,99.99999998653166,27.07421875
13,1,2,large,99.99999999906407,29.07421875
13,1,2,medium,99.99999999993486,31.07421875
13,1,2,medium,99.99999999999537,33.07421875
13,1,2,medium,99.99999999999957,35.11328125
13,1,2,medium,99.99999999999983,37.1796875
14,0,3,large,0.005268927836325468,2.984375
14,0,3,large,0.781282968055703,4.984375
14,0,3,large,0.24946478408414238,6.99609375
14,0,3,large,0.06524924007206043,9.0078125
14,0,3,large,0.4181071623603527,11.0234375
14,0,3,large,1.0845228963983065,13.05078125
14,0,3,large,0.30746318116764904,15.0625
14,0,3,large,0.13027992544528486,17.0703125
14,0,3,large,5.149110511335856,19.0859375
14,0,3,large,4.182206656331418,21.16796875
14,0,3,large,1.9683231752460078,23.1953125
14,0,3,large,1.1132715638566022,25.22265625
14,0,3,large,1.013166542410226,27.2265625
14,0,3,large,0.2918176155502667,29.24609375
14,0,3,medium,0.08984380597662148,31.2734375
14,0,3,medium,3.9181812119833506,33.2890625
14,0,3,medium,35.16446970785472,35.2890625
14,0,3,medium,14.45724524620336,37.30078125
14,0,3,medium,5.022795054824609,39.328125
14,0,3,medium,2.158897323148874,41.33984375
14,0,3,medium,12.723495008935117,43.3515625
14,0,3,medium,5.358548594414055,45.3515625
14,0,3,medium,6.163783874292056,47.37890625
14,0,3,medium,10.425591713838497,49.41796875
14,0,3,medium,71.74693460999663,51.4375
14,0,3,medium,30.951206723877018,53.43359375
14,0,3,medium,79.1599821309054,55.4296875
14,0,3,medium,90.69802655990613,57.4296875
14,0,3,medium,75.02564219206883,59.45703125
14,0,3,small,47.968328944239026,61.484375
14,1,2,large,1.692334785929015e-05,2.9921875
14,1,2,large,4.925413664235995e-06,4.9921875
14,1,2,large,0.0016185830781196013,6.9921875
14,1,2,large,0.6075273140490606,9.00390625
14,1,2,large,0.19238369798041444,11.00390625
14,1,2,large,0.13543175515103026,13.015625
14,1,2,large,1.7241620565844822,15.015625
14,1,2,large,0.9408104471205048,17.015625
14,1,2,large,0.24551793805896344,19.03125
14,1,2,large,0.17161296870163908,21.04296875
14,1,2,large,0.5069533780256399,23.0546875
14,1,2,large,0.1371768291673043,25.06640625
14,1,2,large,1.147862340682029,27.08203125
14,1,2,large,3.4565088376169895,29.08203125
14,1,2,medium,4.737541360983137,31.08203125
14,1,2,medium,11.439642033049704,33.109375
14,1,2,medium,23.99963818434695,35.16015625
14,1,2,medium,43.69793599559955,37.17578125
14,1,2,medium,65.46244369871569,39.1875
14,1,2,medium,76.96409783067831,41.21484375
14,1,2,medium,50.737884387373086,43.2421875
14,1,2,medium,32.48561632340969,45.25390625
14,1,2,medium,57.978231831413446,47.28125
14,0,3,large,0.0,2.984375
14,0,3,large,0.4068276197539511,4.984375
14,0,3,large,0.45969637449575174,6.99609375
14,0,3,large,0.12196333560717361,9.01171875
14,0,3,large,0.19423868601640193,11.015625
14,0,3,large,0.2515812308886666,13.0234375
14,0,3,large,0.067508714390655,15.0234375
14,0,3,large,0.06576024197634134,17.03515625
14,0,3,large,3.979819288878526,19.078125
14,0,3,large,1.5624307519857419,21.12890625
14,0,3,large,0.4086927317630033,23.140625
14,0,3,large,0.3578105390856707,25.15625
14,0,3,large,0.4669299174350211,27.16796875
14,0,3,large,0.1256699778855132,29.16796875
14,0,3,medium,0.03252481209942361,31.1953125
14,0,3,medium,0.06646416779571104,33.20703125
14,0,3,medium,0.20411570788021155,35.234375
14,0,3,medium,0.4098629050045971,37.25
14,0,3,medium,1.3365925691938032,39.26171875
14,0,3,medium,3.9301447030702445,41.2734375
14,0,3,medium,2.306994132567792,43.2734375
14,0,3,medium,0.6324066716656994,45.2734375
14,0,3,medium,1.215335238516018,47.2734375
14,0,3,medium,1.382071357139758,49.3125
14,0,3,medium,0.9056151326470563,51.328125
14,0,3,medium,0.4737479623508791,53.33984375
14,0,3,medium,0.7622312688315205,55.3671875
14,0,3,medium,3.310240032608925,57.3671875
14,0,3,medium,2.10786529391978,59.37890625
14,0,3,small,17.850500422950425,61.41796875
14,0,3,small,66.91983903713408,63.41796875
14,0,3,small,76.09985745516778,65.4453125
14,0,3,small,63.69580199988829,67.47265625
14,0,3,small,68.83043147903075,69.47265625
14,0,3,small,89.45950667786704,71.5
14,0,3,small,86.22325565192709,73.51171875
14,0,3,small,85.8310455628546,75.5234375
14,0,3,small,91.38402885701609,77.5625
14,1,1,large,0.0,2.9921875
14,1,1,large,0.0,4.9921875
14,1,1,large,0.012261458932641377,6.9921875
14,1,1,large,3.3612194834125035,8.9921875
14,1,1,large,55.26787457360822,10.9921875
14,1,1,large,16.0997500126355,12.9921875
14,1,1,large,4.412696466523421,14.9921875
14,1,1,large,1.4609812300199032,17.00390625
14,1,1,large,0.4023139885769933,19.00390625
14,1,1,large,0.44753583392780283,21.00390625
14,1,1,large,1.2093329066214544,23.015625
14,1,1,large,0.501544760971466,25.015625
14,1,1,large,0.13510937761518338,27.015625
14,1,1,large,0.27094275118116673,29.015625
14,1,1,medium,1.737316800887323,31.03125
14,0,1,large,0.012901963462260161,2.9921875
14,0,1,large,4.267657170440525,4.984375
14,0,1,large,9.385861287807085,7.0078125
14,0,1,large,6.05956536999708,9.0234375
14,0,1,large,15.548642071171315,11.03515625
14,0,1,large,38.905093786198336,13.0625
14,0,1,large,48.73405804085969,15.07421875
14,0,1,large,65.77829716395432,17.07421875
14,0,1,large,69.11778315334175,19.0859375
14,0,1,large,88.22585829718176,21.11328125
14,0,1,large,82.02096931742628,23.125
14,0,1,large,68.18491757110661,25.125
14,0,1,large,50.33369716516019,27.140625
14,0,1,large,30.350330263203748,29.140625
14,0,1,medium,36.4739591664343,31.15234375
14,0,1,medium,46.906715746313864,33.15234375
14,0,1,medium,67.2476192868285,35.1796875
14,0,1,medium,51.83398397758368,37.1796875
14,0,1,medium,32.60541657310314,39.19140625
14,0,1,medium,43.6153835212203,41.19921875
14,0,1,medium,69.92500368733089,43.20703125
14,0,1,medium,82.7943110797975,45.20703125
14,0,1,medium,46.19606209450802,47.21875
14,0,1,medium,66.39191518467423,49.2734375
14,0,1,medium,96.17251009346191,51.28515625
14,0,1,medium,72.58144427721284,53.3125
14,0,1,medium,66.84260644322916,55.32421875
14,0,1,medium,55.80628725299489,57.32421875
14,0,1,medium,75.35559121170063,59.36328125
14,1,2,large,0.08375206476853048,2.9921875
14,1,2,large,0.05890768178283089,4.9921875
14,1,2,large,0.022100612142088208,6.9921875
14,1,2,large,0.12788866978546815,8.9921875
14,1,2,large,0.11930683302630597,10.9921875
14,1,2,large,0.03153257769370071,12.9921875
14,1,2,large,0.008311897237471303,14.9921875
14,1,2,large,0.00219678774835657,16.98828125
14,1,2,large,0.0016407176791667156,18.9921875
14,1,2,large,0.05597154406039992,21.00390625
14,1,2,large,1.0868249355359358,23.00390625
14,1,2,large,0.9628999931834441,25.00390625
14,1,2,large,0.3469004473413573,27.00390625
14,1,2,large,0.5095677022942935,29.00390625
14,1,2,medium,1.319947030264719,31.00390625
14,1,2,medium,1.8889670150070164,33.015625
14,1,2,medium,5.359817111521007,35.015625
14,1,2,medium,19.327703257578328,37.015625
14,1,2,medium,18.86646070800463,39.02734375
14,1,2,medium,17.997594343096914,41.03125
14,1,2,medium,68.10387636795195,43.04296875
14,0,1,large,0.0,2.99609375
14,0,1,large,0.49852906737657615,4.99609375
14,0,1,large,0.7097723834083802,6.99609375
14,0,1,large,0.198044601148327,8.99609375
14,0,1,large,0.08506084342927142,11.0078125
14,0,1,large,1.0499598891645674,13.0078125
14,0,1,large,0.3495654052372895,15.0234375
14,0,1,large,0.09226267685550055,17.0234375
14,0,1,large,4.45111701941198,19.05078125
14,0,1,large,3.6686794106853444,21.08984375
14,0,1,large,2.1780542795898206,23.08984375
14,0,1,large,1.0327985661360302,25.11328125
14,0,1,large,2.960561949738401,27.12890625
14,0,1,large,4.541414601576723,29.12890625
14,0,1,medium,4.720240075499008,31.1796875
14,0,1,medium,4.3036894582040155,33.21875
14,0,1,medium,71.99346271782403,35.31640625
14,0,1,medium,79.45681635459891,37.328125
14,0,1,medium,33.384696809341946,39.33984375
14,0,1,medium,33.949395333649434,41.33984375
14,0,1,medium,30.513891841987203,43.33984375
14,0,1,medium,21.174223576110897,45.3515625
14,0,1,medium,13.61115922044708,47.3515625
14,0,1,medium,6.253367735063673,49.39453125
14,0,1,medium,14.072423237730113,51.40625
14,0,1,medium,10.488155768612206,53.42578125
14,0,1,medium,6.535234883000027,55.41796875
14,0,1,medium,33.63121998288694,57.43359375
14,0,1,medium,27.531430460714862,59.47265625
14,0,1,small,36.44061691225066,61.5
14,0,1,small,66.65479025952263,63.5390625
14,1,2,large,24.441663646430307,3.00390625
14,1,2,large,36.02030164838687,5.00390625
14,1,2,large,65.8086742098348,7.00390625
14,1,2,large,81.43629376235418,9.01953125
14,1,2,large,69.24762850231633,11.01953125
14,1,2,large,77.25101051417066,13.01953125
14,1,2,large,85.49025459239233,15.03125
14,1,2,large,83.0914988745173,17.03125
14,1,2,large,91.67315057052522,19.04296875
14,1,2,large,96.27606587413187,21.05859375
14,1,2,large,96.89632997211302,23.0546875
14,1,2,large,99.04303654093972,25.0703125
14,1,2,large,99.76271895398693,27.0703125
14,1,2,large,96.87507320663345,29.0703125
14,1,2,medium,97.95508686672258,31.08203125
14,1,2,medium,99.64325953655236,33.09765625
14,0,3,large,0.05754855814479028,2.984375
14,0,3,large,2.651017339721677,4.99609375
14,0,3,large,1.5728764424299864,7.0
14,0,3,large,1.0501714974246685,8.99609375
14,0,3,large,1.5183127375619654,11.01953125
14,0,3,large,3.221318328701465,13.01171875
14,0,3,large,1.5224938861567963,15.02734375
14,0,3,large,1.5307453982665509,17.02734375
14,0,3,large,6.037819048938232,19.0390625
14,0,3,large,11.229703514406522,21.10546875
14,0,3,large,4.681525480110063,23.1171875
14,0,3,large,3.4910301244321875,25.15625
14,0,3,large,12.526320191472074,27.171875
14,0,3,large,18.282116561744296,29.18359375
14,0,3,medium,26.767757367183354,31.265625
14,0,3,medium,78.62650719065363,33.27734375
14,0,3,medium,48.111399691567875,35.3046875
14,0,3,medium,39.47519489293766,37.3125
14,0,3,medium,63.11435197633092,39.33203125
14,0,3,medium,92.25046328895591,41.37109375
14,1,2,large,0.36260447689010067,3.0078125
14,1,2,large,1.0262688503009012,5.0078125
14,1,2,large,40.59480020417209,7.0078125
14,1,2,large,80.82074388842501,9.0078125
14,1,2,large,61.39316426103575,11.0078125
14,1,2,large,55.45198747541319,13.0078125
14,1,2,large,56.561012871284014,15.00390625
14,1,2,large,64.84945012446002,17.01953125
14,1,2,large,51.47080911143675,19.03125
14,1,2,large,71.30330379008741,21.046875
14,1,2,large,61.01951724732887,23.046875
14,1,2,large,36.10844679447684,25.046875
14,1,2,large,24.690559514584425,27.05859375
14,1,2,large,40.94715689900616,29.05859375
14,1,2,medium,28.355552077364436,31.0703125
14,1,2,medium,26.478500021310033,33.0703125
14,1,2,medium,41.048285014837056,35.08984375
14,1,2,medium,52.984222971130194,37.08203125
14,1,2,medium,53.90256786849652,39.08203125
14,1,2,medium,79.45827316602481,41.08984375
14,1,2,medium,96.20928349175442,43.09765625
14,1,2,medium,97.88747556307831,45.13671875
14,1,2,medium,88.34599762965979,47.203125
14,0,3,large,0.0,3.0
14,0,3,large,8.729290792489468,4.9921875
14,0,3,large,59.42561886025516,7.0078125
14,0,3,large,28.978422853318875,9.0078125
14,0,3,large,19.894701479344228,11.03515625
14,0,3,large,19.877970455615376,13.03125
14,0,3,large,18.135205044661674,15.046875
14,0,3,large,48.60021582888761,17.046875
14,0,3,large,62.842108231858944,19.05859375
14,0,3,large,80.6308990788317,21.11328125
14,0,3,large,86.58241317841293,23.140625
14,0,3,large,48.374202834193596,25.19140625
14,0,3,large,47.711401572728874,27.19140625
14,0,3,large,34.62142814948228,29.203125
14,0,3,medium,27.515562049430088,31.2578125
14,0,3,medium,77.07656653290294,33.26953125
14,0,3,medium,92.4900469060567,35.3125
14,0,3,medium,95.63862326067755,37.3125
14,0,3,medium,76.71044309924417,39.33984375
14,0,3,medium,46.72568954037337,41.33984375
14,0,3,medium,39.325476675409746,43.3515625
14,0,3,medium,73.49712505679332,45.3515625
14,0,3,medium,41.66685565461259,47.36328125
14,0,3,medium,38.5856250361056,49.41796875
14,0,3,medium,92.74833179329526,51.4453125
14,0,3,medium,98.99955801341494,53.484375
14,0,3,medium,87.92726288762265,55.49609375
14,0,3,medium,84.4077850064524,57.49609375
14,0,3,medium,97.287584699598,59.5390625
14,0,3,small,69.17318225907789,61.55078125
14,0,3,small,89.90434500144138,63.5625
14,0,3,small,99.26300077532626,65.57421875
14,1,1,large,8.658296084285274,2.9921875
14,1,1,large,7.711921569281012,4.9921875
14,1,1,large,21.613097588633348,6.9921875
14,1,1,large,60.68952174338241,8.9921875
14,1,1,large,58.16106532755433,11.00390625
14,1,1,large,94.56421460081094,13.0546875
14,1,1,large,96.65389162405498,15.0703125
14,1,1,large,92.63155884137507,17.0703125
14,1,1,large,84.67450969276247,19.0703125
14,1,1,large,88.12829738312863,21.08203125
14,1,1,large,95.02986748958102,23.08203125
14,1,1,large,90.33677365888964,25.0859375
14,1,1,large,82.41872547892416,27.09375
14,1,1,large,92.45153475970088,29.09375
14,1,1,medium,90.23759658031159,31.09375
14,1,1,medium,85.19421400571537,33.10546875
14,1,1,medium,97.81254743334517,35.12109375
14,1,1,medium,99.75961293323766,37.1875
14,1,1,medium,99.9735600159186,39.2421875
14,1,1,medium,99.32133331050971,41.25390625
14,1,1,medium,99.84335529657292,43.3359375
14,1,1,medium,99.9381429568626,45.359375
14,0,1,large,64.73101601981699,2.9921875
14,0,1,large,34.478427178702795,4.9921875
14,0,1,large,9.031494931733018,7.00390625
14,0,1,large,2.412696576454858,9.00390625
14,0,1,large,0.9372596888535225,11.00390625
14,0,1,large,0.5376269907295863,13.00390625
14,0,1,large,0.18148041075169868,15.00390625
14,0,1,large,1.2001998233395041,17.00390625
14,0,1,large,3.465192700359335,19.015625
14,0,1,large,1.367503559215324,21.04296875
14,0,1,large,2.237289480913957,23.04296875
14,0,1,large,3.7596733901237567,25.0546875
14,0,1,large,52.229692695648495,27.08203125
14,0,1,large,91.38601672457011,29.08203125
14,0,1,medium,54.50654762712706,31.1484375
14,0,1,medium,42.95325949389158,33.1484375
14,0,1,medium,77.02515971789742,35.1875
14,0,1,medium,79.58446282469643,37.1875
14,0,1,medium,81.48210392021184,39.203125
14,0,1,medium,74.77884045792327,41.19921875
14,0,1,medium,84.2334176980493,43.21484375
14,0,1,medium,92.00470366842728,45.21484375
14,0,1,medium,76.71829766916554,47.2265625
14,0,1,medium,90.18216260500493,49.26953125
14,0,1,medium,91.33074720381353,51.27734375
14,0,1,medium,78.98773420733723,53.30078125
14,0,1,medium,87.43572075518324,55.30859375
14,0,1,medium,84.15181308977174,57.30859375
14,0,1,medium,63.24053018911977,59.3359375
14,1,2,large,3.9820439202423925,2.984375
14,1,2,large,1.8253435242724396,4.9921875
14,1,2,large,7.865765185355622,6.9921875
14,1,2,large,19.030085948459273,9.00390625
14,1,2,large,42.76291925777351,11.00390625
14,1,2,large,73.66462652495228,13.00390625
14,1,2,large,89.1265087613223,15.00390625
14,1,2,large,90.97299436102776,17.015625
14,1,2,large,70.94648612999542,19.015625
14,1,2,large,73.17019956141654,21.03515625
14,1,2,large,80.473841192218,23.02734375
14,1,2,large,70.9427569152454,25.04296875
14,1,2,large,64.31525652828489,27.04296875
14,1,2,large,66.89179720182781,29.04296875
14,1,2,medium,66.74660306989486,31.04296875
14,1,2,medium,89.93193321594403,33.04296875
14,0,3,large,0.27793818474181536,2.9921875
14,0,3,large,11.135664043750912,4.9921875
14,0,3,large,10.816521339366638,7.015625
14,0,3,large,13.295611778493987,9.02734375
14,0,3,large,16.669632275839938,11.02734375
14,0,3,large,14.44324167459751,13.04296875
14,0,3,large,9.011614449220886,15.0546875
14,0,3,large,8.737588748966493,17.0546875
14,0,3,large,9.578442988898303,19.09375
14,0,3,large,14.975795766492418,21.13671875
14,0,3,large,12.062568102293774,23.1484375
14,0,3,large,7.434149729284969,25.1640625
14,0,3,large,6.888028787356003,27.1640625
14,0,3,large,23.249415523220623,29.1796875
14,0,3,medium,18.259710013563115,31.21484375
14,0,3,medium,49.12443751461929,33.21484375
14,0,3,medium,61.61880185804293,35.2421875
14,0,3,medium,38.16750601030166,37.25390625
14,0,3,medium,19.36679061213586,39.28125
14,0,3,medium,23.025470331709492,41.28125
14,0,3,medium,10.64885652322074,43.30859375
14,0,3,medium,10.914090074491662,45.30859375
14,0,3,medium,13.141615760007138,47.3203125
14,0,3,medium,11.623518162847514,49.375
14,0,3,medium,32.12021225532449,51.38671875
14,0,3,medium,74.91391694004244,53.40234375
14,0,3,medium,72.46975551491892,55.40234375
14,0,3,medium,30.9923920273117,57.4140625
14,0,3,medium,33.12054775371047,59.4140625
14,0,3,small,26.473134857166237,61.4375
14,0,3,small,60.05829178717147,63.4375
14,0,3,small,78.25441511249596,65.46484375
14,0,3,small,84.48795586182304,67.48046875
14,0,3,small,73.22996580368546,69.48046875
14,0,3,small,46.13765344301404,71.4921875
14,0,3,small,38.53196067643124,73.4921875
14,0,3,small,67.58033989215622,75.50390625
14,0,3,small,95.9386189751526,77.53125
14,0,3,small,98.77703273403077,79.55859375
14,0,3,small,96.52693570903826,81.5703125
14,0,3,small,96.44521157071871,83.5859375
14,0,3,small,98.4570131343648,85.61328125
14,0,3,small,97.71750917032759,87.625
14,1,3,large,0.52313916477955,3.0
14,1,3,large,0.4070169449951604,4.9921875
14,1,3,large,3.285425867667445,6.9921875
14,1,3,large,16.153789698159777,8.9921875
14,1,3,large,27.451016311812282,10.9921875
14,1,3,large,22.316668135535604,12.9921875
14,1,3,large,14.489631047839946,15.00390625
14,1,3,large,7.16937840349582,17.015625
14,1,3,large,10.827171865105754,19.015625
14,1,3,large,19.186372246458056,21.03125
14,1,3,large,38.53422371710957,23.03125
14,1,3,large,38.32059278711421,25.03125
14,1,3,large,34.142514576927624,27.0390625
14,1,3,large,55.93960050493507,29.0390625
14,0,2,large,0.5677411823386591,2.984375
14,0,2,large,15.052356244389916,4.99609375
14,0,2,large,74.51821644791079,7.0078125
14,0,2,large,68.88636844515848,9.0234375
14,0,2,large,70.24425442229104,11.0234375
14,0,2,large,74.70015522004357,13.0390625
14,0,2,large,64.63362049674654,15.03515625
14,0,2,large,54.25532288607437,17.046875
14,0,2,large,85.98569878626326,19.07421875
14,0,2,large,89.91792736680011,21.14453125
14,0,2,large,40.11652675527867,23.16796875
14,0,2,large,49.65030738320827,25.1953125
14,0,2,large,81.15435849818624,27.1953125
14,0,2,large,73.41868742932385,29.2109375
14,0,2,medium,51.25679979223186,31.2734375
14,0,2,medium,67.67074695188656,33.2890625
14,0,2,medium,95.43423862494956,35.3125
14,0,2,medium,91.51676036470576,37.328125
14,0,2,medium,78.71172373679342,39.37109375
14,0,2,medium,93.08053163198298,41.3671875
14,0,2,medium,97.84545083093086,43.3828125
14,0,2,medium,95.32019828861033,45.39453125
14,0,2,medium,75.1136409779515,47.40625
14,0,2,medium,83.15857975527638,49.4375
14,0,2,medium,70.83971168253382,51.4609375
14,0,2,medium,30.7922137608263,53.48828125
14,0,2,medium,20.522017937222152,55.50390625
14,0,2,medium,24.67323434041149,57.5390625
14,0,2,medium,18.159790859381197,59.5703125
14,0,2,small,8.257430450106115,61.578125
14,1,1,large,0.00012939163050710873,2.9921875
14,1,1,large,0.19075280007063966,4.9921875
14,1,1,large,14.226483680048783,6.98828125
14,1,1,large,23.980811598932213,9.00390625
14,1,1,large,41.246545859876136,11.00390625
14,1,1,large,23.618465106364244,13.00390625
14,1,1,large,28.852514642197747,15.00390625
14,1,1,large,57.45289071961851,17.00390625
14,1,1,large,52.133939657086934,19.015625
14,1,1,large,33.395913611547016,21.015625
14,1,1,large,21.49322870629391,23.02734375
14,1,1,large,8.715936334308802,25.02734375
14,1,1,large,6.639848721199424,27.02734375
14,1,1,large,52.30446294349389,29.02734375
14,0,2,large,6.862059176838976,3.0
14,0,2,large,16.210760440560342,5.0
14,0,2,large,29.31332972333582,7.01171875
14,0,2,large,33.782606931522736,9.01171875
14,0,2,large,42.22986764728786,11.015625
14,0,2,large,34.182089380898915,13.01171875
14,0,2,large,27.856018814417624,15.01171875
14,0,2,large,20.63415926012584,17.015625
14,0,2,large,14.674350914811066,19.02734375
14,0,2,large,53.141887252845684,21.0703125
14,0,2,large,89.56743053256554,23.06640625
14,0,2,large,93.42039926859744,25.09375
14,0,2,large,94.58653988837105,27.10546875
14,0,2,large,87.5647130975248,29.10546875
14,0,2,medium,41.05826540703787,31.14453125
14,0,2,medium,68.34360454392723,33.16015625
14,0,2,medium,94.00204763796575,35.171875
14,0,2,medium,86.21583372324758,37.1875
14,0,2,medium,90.05563913276525,39.2109375
14,0,2,medium,94.5843372226095,41.2109375
14,0,2,medium,97.60234158017472,43.22265625
14,0,2,medium,98.55894838055467,45.2265625
14,0,2,medium,99.46690885597341,47.2265625
14,0,2,medium,99.65469464037864,49.27734375
14,0,2,medium,82.8478869206543,51.27734375
14,0,2,medium,57.73979087752423,53.2890625
14,0,2,medium,35.052325283778416,55.3046875
14,0,2,medium,31.902424578730027,57.3046875
14,0,2,medium,60.72444613590083,59.31640625
14,0,2,small,65.4804178558287,61.359375
14,0,2,small,90.56219220625839,63.41015625
14,0,2,small,99.29495397780221,65.48828125
14,0,2,small,99.94486925181742,67.54296875
14,0,2,small,91.53104246948632,69.59375
14,0,2,small,91.9657899949668,71.703125
14,1,3,large,7.509356099430425,2.9921875
14,1,3,large,31.26557684254155,4.9921875
14,1,3,large,14.531488273465564,6.9921875
14,1,3,large,7.371937132725415,8.9921875
14,1,3,large,9.362235595797685,11.00390625
14,1,3,large,48.39000530065389,13.04296875
14,1,3,large,73.11282084906529,15.0703125
14,1,3,large,33.8374031271992,17.0703125
14,1,3,large,25.42890002871934,19.078125
14,1,3,large,35.87847366109711,21.0859375
14,1,3,large,75.9586312834075,23.08203125
14,1,3,large,78.8284896171489,25.08203125
14,1,3,large,71.55272535629314,27.08203125
14,1,3,large,85.76072475571294,29.08203125
14,1,3,medium,68.67524470850796,31.08203125
14,1,3,medium,66.66313570273628,33.08203125
14,1,3,medium,82.94339315549658,35.109375
14,1,3,medium,80.08910747566213,37.125
14,1,3,medium,96.04230512948628,39.1484375
14,1,3,medium,90.45659667044639,41.1484375
14,1,3,medium,81.84437466775213,43.1484375
14,1,3,medium,98.53325427377287,45.1640625
14,1,3,medium,97.84784261805109,47.16015625
14,1,3,medium,98.32514358634995,49.203125
14,1,3,medium,97.50088032212804,51.22265625
14,1,3,medium,99.62684098243871,53.2421875
14,0,1,large,0.0,2.9921875
14,0,1,large,0.0,4.9921875
14,0,1,large,0.0,6.9921875
14,0,1,large,0.0,8.9921875
14,0,1,large,0.0,10.9921875
14,0,1,large,0.0,12.9921875
14,0,1,large,0.0,14.9921875
14,0,1,large,0.028095195746211724,16.9921875
14,0,1,large,2.8460062844969176,19.04296875
14,0,1,large,39.80766046356116,21.13671875
14,0,1,large,20.87650767064393,23.1484375
14,0,1,large,16.627584429106083,25.19140625
14,0,1,large,32.5745134286496,27.19140625
14,0,1,large,20.79432638284289,29.1875
14,0,1,medium,11.392797631681365,31.26953125
14,0,1,medium,60.52999258616306,33.26953125
14,0,1,medium,77.58494380915602,35.29296875
14,0,1,medium,46.91842898000949,37.29296875
14,0,1,medium,48.55153873919626,39.3203125
14,0,1,medium,24.600072177249807,41.3203125
14,0,1,medium,10.499493134991074,43.3203125
14,0,1,medium,3.72178038714435,45.3203125
14,0,1,medium,33.23334849030137,47.3203125
14,0,1,medium,94.86220208627392,49.375
14,0,1,medium,85.1251420699321,51.38671875
14,0,1,medium,77.38205309927326,53.40234375
14,0,1,medium,90.37271291721903,55.40234375
14,0,1,medium,93.2655300324548,57.4140625
14,0,1,medium,92.64311604321415,59.42578125
14,0,1,small,47.175141277785045,61.453125
14,0,1,small,66.77529076019235,63.4921875
14,1,3,large,11.130608976335026,2.9921875
14,1,3,large,11.195395623095102,4.9921875
14,1,3,large,70.75255118612952,7.04296875
14,1,3,large,96.12374364314284,9.0703125
14,1,3,large,69.66331611748805,11.0703125
14,1,3,large,42.97734236475188,13.0703125
14,1,3,large,38.46657656057563,15.0703125
14,1,3,large,32.90810423000744,17.08203125
14,1,3,large,12.421932151250004,19.08203125
14,1,3,large,5.767497113895237,21.109375
14,1,3,large,23.314352249322685,23.109375
14,1,3,large,24.865133412771534,25.109375
14,1,3,large,27.12464424248527,27.109375
14,1,3,large,68.37179606444687,29.109375
14,1,3,medium,89.96654081692616,31.13671875
14,0,1,large,30.708349235483535,2.98828125
14,0,1,large,46.33946190795808,4.984375
14,0,1,large,65.26789037182846,6.99609375
14,0,1,large,28.25441407814602,8.99609375
14,0,1,large,12.974701212011865,11.00390625
14,0,1,large,57.78149146948022,13.0078125
14,0,1,large,58.69910930270203,15.0078125
14,0,1,large,29.608357085179698,17.0078125
14,0,1,large,62.90276663507136,19.03515625
14,0,1,large,70.98987837756212,21.05859375
14,0,1,large,29.045035637391308,23.07421875
14,0,1,large,22.29283340136803,25.0703125
14,0,1,large,44.63234437925876,27.07421875
14,0,1,large,66.16663513521766,29.0859375
14,0,1,medium,34.405964163590184,31.11328125
14,0,1,medium,51.16393986304901,33.12890625
14,0,1,medium,82.52253486302493,35.15234375
14,0,1,medium,55.244622101981335,37.15234375
14,0,1,medium,53.1534872701972,39.16796875
14,0,1,medium,93.68814123659942,41.16796875
14,0,1,medium,97.15001766378359,43.1796875
14,0,1,medium,95.84534708767163,45.19140625
14,0,1,medium,96.64551201962225,47.19140625
14,0,1,medium,91.68140502034646,49.23046875
14,0,1,medium,66.0324727629329,51.23046875
14,0,1,medium,32.70062442897056,53.24609375
14,0,1,medium,79.76174346951177,55.2578125
14,0,1,medium,73.94162755547481,57.2578125
14,0,1,medium,27.144040547409183,59.28515625
14,0,1,small,11.382422417746508,61.30859375
14,0,1,small,62.5590449102856,63.3359375
14,0,1,small,62.861752239848656,65.36328125
14,0,1,small,79.6035900474393,67.40625
14,0,1,small,97.45651068021238,69.41796875
14,0,1,small,98.42470439508763,71.41796875
14,0,1,small,88.2317275490613,73.484375
14,1,2,large,16.479559181003182,2.9921875
14,1,2,large,15.479848725312639,4.9921875
14,1,2,large,31.848861034987774,6.9921875
14,1,2,large,85.52755539071316,8.9921875
14,1,2,large,90.15712710669969,11.00390625
14,1,2,large,94.44228333812217,13.00390625
14,1,2,large,95.68748100057468,15.01953125
14,1,2,large,97.41849251684863,17.01953125
14,1,2,large,94.93111476533676,19.03125
15,1,1,large,10.3569115964585,2.9921875
15,1,1,large,10.544925027156493,4.9921875
15,1,1,large,18.64497577169891,6.9921875
15,1,1,large,33.92864109871756,8.98828125
15,1,1,large,34.469771958278436,10.98828125
15,1,1,large,36.3662947534561,12.98828125
15,1,1,large,50.935397258339854,15.00390625
15,1,1,large,56.54863647438175,17.00390625
15,1,1,large,61.77647639529832,19.00390625
15,1,1,large,58.19542893007286,21.00390625
15,1,1,large,54.21997519119283,23.00390625
15,1,1,large,35.74440647231414,25.015625
15,1,1,large,34.87503513744594,27.015625
15,1,1,large,34.804159303273096,29.015625
15,1,1,medium,30.936941193955562,31.02734375
15,1,1,medium,47.62768406907969,33.02734375
15,1,1,medium,68.90324752158114,35.04296875
15,1,1,medium,71.35656069921387,37.05078125
15,1,1,medium,41.26043012015433,39.04296875
15,1,1,medium,39.08786905897248,41.04296875
15,1,1,medium,64.97383822381013,43.0546875
15,1,1,medium,52.53252930773458,45.0546875
15,1,1,medium,28.084593105597737,47.0546875
15,1,1,medium,43.22448760642966,49.06640625
15,1,1,medium,47.24937833793201,51.06640625
15,1,1,medium,52.67555647463707,53.08203125
15,1,1,medium,76.08395911805088,55.08203125
15,1,1,medium,93.46461425722603,57.08203125
15,0,3,large,0.8818073549323316,2.9921875
15,0,3,large,20.0789056816366,4.98828125
15,0,3,large,34.47517610273994,7.00390625
15,0,3,large,37.41573485823115,9.00390625
15,0,3,large,36.79430939794591,11.00390625
15,0,3,large,26.99565632904106,13.00390625
15,0,3,large,15.491584472203819,15.00390625
15,0,3,large,15.87600283032204,17.00390625
15,0,3,large,29.50154973559907,19.015625
15,0,3,large,36.821896445289156,21.04296875
15,0,3,large,27.269697446317963,23.04296875
15,0,3,large,22.16418660033743,25.0546875
15,0,3,large,14.72304339652684,27.05859375
15,0,3,large,12.544645669951603,29.0703125
15,0,3,medium,16.95154710528796,31.0703125
15,0,3,medium,45.40721501165262,33.08203125
15,0,3,medium,83.40636258331287,35.09765625
15,0,3,medium,52.549021406886226,37.109375
15,0,3,medium,37.64409951617118,39.12109375
15,0,3,medium,75.28167387391747,41.13671875
15,0,3,medium,59.14443668730196,43.13671875
15,0,3,medium,33.322399850516526,45.1328125
15,0,3,medium,46.03267076266992,47.13671875
15,0,3,medium,64.87479804980103,49.17578125
15,0,3,medium,56.18089372111362,51.203125
15,1,2,large,2.3896842946240695,2.9921875
15,1,2,large,9.48025240104754,4.9921875
15,1,2,large,10.109910266931813,6.9921875
15,1,2,large,25.440498121812325,8.9921875
15,1,2,large,19.197563650989217,10.9921875
15,1,2,large,17.332734000567484,12.9921875
15,1,2,large,19.82585578522705,14.9921875
15,1,2,large,33.59028089038003,17.00390625
15,1,2,large,17.48439323622099,19.00390625
15,1,2,large,11.648309136318172,21.00390625
15,1,2,large,42.87568600309982,23.00390625
15,1,2,large,39.968700302061855,25.015625
15,1,2,large,36.976950417918,27.015625
15,1,2,large,16.881715506941774,29.015625
15,1,2,medium,16.808485370882753,31.03125
15,1,2,medium,36.70101501148332,33.02734375
15,1,2,medium,24.322596520091857,35.02734375
15,1,2,medium,68.52776899008632,37.02734375
15,1,2,medium,73.71647781835223,39.0546875
15,1,2,medium,79.29415409033675,41.0546875
15,0,3,large,21.43665015260393,2.984375
15,0,3,large,59.89990828608661,4.984375
15,0,3,large,79.22471777066602,7.0078125
15,0,3,large,29.013582869926747,9.0078125
15,0,3,large,30.183862498548518,11.0234375
15,0,3,large,73.97795934240622,13.02734375
15,0,3,large,44.51460238656753,15.03515625
15,0,3,large,21.3359941920058,17.04296875
15,0,3,large,90.09795834676956,19.0625
15,0,3,large,82.10398020450563,21.1015625
15,0,3,large,27.400871383241533,23.1015625
15,0,3,large,32.02259470803471,25.140625
15,0,3,large,65.40646315877112,27.140625
15,0,3,large,37.21256629386683,29.140625
15,0,3,medium,19.406008066980775,31.15234375
15,0,3,medium,63.194049374373805,33.16796875
15,0,3,medium,89.92565488645997,35.1953125
15,0,3,medium,59.31520939890929,37.22265625
15,0,3,medium,84.06657072238046,39.23046875
15,0,3,medium,93.69453465973925,41.24609375
15,0,3,medium,57.324246565713565,43.26171875
15,0,3,medium,51.472552475813096,45.26171875
15,0,3,medium,78.74464609846922,47.2734375
15,0,3,medium,63.41995752581346,49.3125
15,0,3,medium,30.364776835752718,51.32421875
15,0,3,medium,15.953885740881285,53.3515625
15,0,3,medium,75.60078402680388,55.3671875
15,0,3,medium,97.83130506642176,57.37890625
15,1,2,large,3.959125050588955,2.9921875
15,1,2,large,9.374189953707482,4.9921875
15,1,2,large,24.374315135413916,6.9921875
15,1,2,large,39.454463500687496,8.9921875
15,1,2,large,38.585507023444876,10.9921875
15,1,2,large,38.33183866579101,13.00390625
15,1,2,large,30.435247739131423,15.00390625
15,1,2,large,81.02314229459316,17.00390625
15,1,2,large,58.21963575749934,19.00390625
15,1,2,large,35.31542497559782,21.015625
15,1,2,large,55.753378244717034,23.015625
15,1,2,large,55.611311922578125,25.015625
15,1,2,large,83.18880170988382,27.015625
15,1,2,large,63.38731018067753,29.015625
15,1,2,medium,94.00600651147063,31.04296875
15,1,2,medium,99.10774844335845,33.08203125
15,1,2,medium,99.7565779572092,35.08203125
15,0,2,large,84.1446471300529,2.984375
15,0,2,large,95.05745557519865,4.99609375
15,0,2,large,49.05555770088647,6.99609375
15,0,2,large,36.9307397779948,8.99609375
15,0,2,large,91.41047401855334,11.0078125
15,0,2,large,69.92601582239638,13.0078125
15,0,2,large,72.70998883055995,15.0078125
15,0,2,large,96.39212611916304,17.0078125
15,0,2,large,99.6499542516406,19.0234375
15,0,2,large,94.59436843093613,21.0625
15,0,2,large,75.35698211342398,23.08203125
15,0,2,large,65.82938070612926,25.07421875
15,0,2,large,50.13459842227836,27.09375
15,0,2,large,35.674033882455234,29.1015625
15,0,2,medium,81.01829266940811,31.1015625
15,0,2,medium,82.84715810946062,33.1015625
15,0,2,medium,80.01685791707392,35.11328125
15,0,2,medium,88.22356249632614,37.11328125
15,0,2,medium,69.80994175963765,39.11328125
15,0,2,medium,50.84766617265639,41.11328125
15,0,2,medium,51.31664070726737,43.125
15,0,2,medium,67.05386911632968,45.125
15,0,2,medium,56.03845303730564,47.140625
15,0,2,medium,64.14225258814092,49.1796875
15,0,2,medium,47.75787190320153,51.19140625
15,0,2,medium,61.082343192140286,53.20703125
15,0,2,medium,60.0607636135885,55.23046875
15,0,2,medium,48.894739245306454,57.23046875
15,0,2,medium,19.335761032055988,59.24609375
15,0,2,small,45.400547613819754,61.2578125
15,0,2,small,83.12584257078277,63.26953125
15,1,3,large,1.849129096459879,2.9921875
15,1,3,large,0.6468497861393332,4.9921875
15,1,3,large,8.691642060857749,6.9921875
15,1,3,large,11.430639293815155,8.99609375
15,1,3,large,8.534792352463644,10.9921875
15,1,3,large,6.965319906181138,12.9921875
15,1,3,large,11.29135756802522,14.9921875
15,1,3,large,10.87510064541159,16.9921875
15,1,3,large,7.728609923313289,19.00390625
15,1,3,large,6.165946418053624,21.015625
15,1,3,large,51.19435924101286,23.015625
15,1,3,large,87.63169844422035,25.046875
15,1,3,large,58.92965489975886,27.04296875
15,1,3,large,23.51525913185195,29.04296875
15,1,3,medium,29.973400929681056,31.04296875
15,1,3,medium,79.41379046107173,33.0546875
15,0,2,large,0.0,2.984375
15,0,2,large,0.0,4.984375
15,0,2,large,0.015037371726714186,6.984375
15,0,2,large,0.003963808151944201,8.984375
15,0,2,large,0.008023044022760446,10.984375
15,0,2,large,0.15134301025680175,12.984375
15,0,2,large,0.039893584377511976,14.984375
15,0,2,large,3.652471128674864,16.984375
15,0,2,large,8.345209763434244,19.01171875
15,0,2,large,3.3653761885149014,21.05078125
15,0,2,large,3.577261850405835,23.05078125
15,0,2,large,2.732178680906033,25.078125
15,0,2,large,2.957432199328242,27.08984375
15,0,2,large,1.1613416829981598,29.08984375
15,0,2,medium,0.40386203757946953,31.1015625
15,0,2,medium,42.4112371225091,33.11328125
15,0,2,medium,69.10918226369574,35.12890625
15,0,2,medium,22.459099429103834,37.12890625
15,0,2,medium,8.846338042834308,39.140625
15,0,2,medium,19.640107779496844,41.14453125
15,0,2,medium,27.099146398701016,43.14453125
15,0,2,medium,10.883574885129725,45.14453125
15,0,2,medium,55.67953660972108,47.15625
15,0,2,medium,89.06486947772189,49.18359375
15,0,2,medium,43.89783779895673,51.1953125
15,0,2,medium,12.126081536387963,53.22265625
15,0,2,medium,14.9253443641538,55.22265625
15,0,2,medium,10.35104325809067,57.22265625
15,0,2,medium,2.9197815751586322,59.234375
15,0,2,small,7.193452204943123,61.24609375
15,0,2,small,67.90959532564672,63.26171875
15,0,2,small,64.42693765031348,65.2734375
15,1,3,large,3.08424253330203,2.9921875
15,1,3,large,2.992059631398173,4.9921875
15,1,3,large,6.513894220560575,6.9921875
15,1,3,large,9.494005286085136,8.9921875
15,1,3,large,16.735748557263978,10.9921875
15,1,3,large,21.576159842094157,12.9921875
15,1,3,large,33.28956746088668,15.00390625
15,1,3,large,25.13825375360972,17.00390625
15,1,3,large,13.490898758576924,19.00390625
15,1,3,large,22.970749495816918,21.015625
15,1,3,large,43.71924314832736,23.015625
15,1,3,large,48.53749424607931,25.015625
15,1,3,large,56.14701767252505,27.03125
15,1,3,large,38.935684662006295,29.02734375
15,1,3,medium,33.923888678597265,31.03125
15,1,3,medium,50.830614856273655,33.04296875
15,1,3,medium,29.156301291474072,35.046875
15,1,3,medium,31.095265167108185,37.04296875
15,1,3,medium,23.42119410663778,39.04296875
15,1,3,medium,65.22307988123848,41.0546875
15,1,3,medium,70.00280425089923,43.0546875
15,1,3,medium,49.91268597068408,45.0546875
15,1,3,medium,40.27867065350122,47.0546875
15,1,3,medium,40.79699532903345,49.06640625
15,1,3,medium,45.051311368659384,51.06640625
15,1,3,medium,46.91521069417257,53.08203125
15,1,3,medium,29.317351977505858,55.0859375
15,1,3,medium,28.037776274560876,57.08203125
15,1,3,medium,17.012725225097753,59.08203125
15,1,3,small,22.794383687485336,61.08203125
15,1,3,small,88.38827949081477,63.09375
15,1,3,small,75.52864491943168,65.09375
15,0,1,large,0.16044864827442495,2.9921875
15,0,1,large,27.174132138156303,4.9921875
15,0,1,large,57.93609435589989,6.9921875
15,0,1,large,34.278186071293064,8.9921875
15,0,1,large,15.636465129057784,10.9921875
15,0,1,large,6.674177473414042,12.9921875
15,0,1,large,19.45051959377245,15.00390625
15,0,1,large,10.270880611283074,17.00390625
15,0,1,large,18.65284859712985,19.00390625
15,0,1,large,61.82749451962366,21.03125
15,0,1,large,69.98535292545029,23.05859375
15,0,1,large,38.65379654658085,25.05859375
15,0,1,large,10.612333509883332,27.05859375
15,0,1,large,3.0088781671076115,29.0703125
15,0,1,medium,1.3071212581318905,31.08203125
15,0,1,medium,22.93128210552385,33.09765625
15,0,1,medium,37.865082708700996,35.109375
15,0,1,medium,23.333350089090466,37.109375
15,0,1,medium,41.75601159718779,39.125
15,0,1,medium,59.726698406562534,41.125
15,0,1,medium,55.71460521088114,43.13671875
15,0,1,medium,61.59820800469332,45.13671875
15,0,1,medium,75.9604669881002,47.1484375
15,0,1,medium,83.7398563578171,49.203125
15,0,1,medium,53.5588522074094,51.21484375
15,0,1,medium,53.76396158059016,53.2265625
15,0,1,medium,33.46626804189179,55.2421875
15,0,1,medium,21.1715875857559,57.25390625
15,0,1,medium,8.408185888091465,59.25390625
15,0,1,small,80.98848908133829,61.29296875
15,1,1,large,10.813528979426476,2.9921875
15,1,1,large,25.851622594745237,5.00390625
15,1,1,large,47.42301731377903,7.00390625
15,1,1,large,21.492468475353185,9.00390625
15,1,1,large,79.81191148534998,11.00390625
15,1,1,large,83.04544528568968,13.00390625
15,1,1,large,94.32483378445825,15.00390625
15,1,1,large,98.10296739762245,17.00390625
15,1,1,large,95.77121761026636,19.00390625
15,1,1,large,96.96936202788365,21.00390625
15,1,1,large,66.80381651834443,23.00390625
15,1,1,large,80.42339886909907,25.00390625
15,1,1,large,87.04955430746759,27.00390625
15,1,1,large,97.449856579342,29.0
15,1,1,medium,63.479248714585715,31.015625
15,1,1,medium,80.69698904455626,33.015625
15,1,1,medium,96.67228733841873,35.015625
15,1,1,medium,67.7112181317788,37.01953125
15,1,1,medium,63.01722058308174,39.015625
15,1,1,medium,94.96508470267531,41.02734375
15,1,1,medium,62.12009962563296,43.02734375
15,1,1,medium,88.01227614610593,45.02734375
15,1,1,medium,97.30015744939331,47.02734375
15,1,1,medium,98.64173032005314,49.02734375
15,1,1,medium,70.8120026587464,51.02734375
15,1,1,medium,52.617023335721576,53.0390625
15,1,1,medium,90.78100726028568,55.0546875
15,0,3,large,0.0,2.9921875
15,0,3,large,3.577669254840468,4.9921875
15,0,3,large,24.579139744942495,6.9921875
15,0,3,large,17.617495558728734,8.99609375
15,0,3,large,9.368550625748142,10.9921875
15,0,3,large,36.23656850815126,13.01171875
15,0,3,large,21.08975678931037,15.00390625
15,0,3,large,8.550689066916895,17.00390625
15,0,3,large,13.609445475991508,19.00390625
15,0,3,large,46.687466071810846,21.03125
15,0,3,large,16.69980694426004,23.03125
15,0,3,large,24.201746706260487,25.04296875
15,0,3,large,17.327093301905336,27.04296875
15,0,3,large,4.998161030305833,29.046875
15,0,3,medium,3.002623422864742,31.0703125
15,0,3,medium,60.16206188865481,33.08984375
15,0,3,medium,86.8473477817258,35.08203125
15,0,3,medium,47.234236898444905,37.08203125
15,0,3,medium,56.142764350077016,39.08203125
15,0,3,medium,87.99298229687533,41.08203125
15,0,3,medium,65.85935805993643,43.09375
15,0,3,medium,24.571765733730302,45.09375
15,0,3,medium,39.26368266178794,47.09375
15,0,3,medium,94.17456750801996,49.12109375
15,0,3,medium,50.98552496959934,51.1328125
15,0,3,medium,45.474523617187614,53.1484375
15,0,3,medium,54.094440657494935,55.1484375
15,0,3,medium,30.65815280148653,57.16015625
15,0,3,medium,28.536283915917814,59.16015625
15,0,3,small,74.67623299712936,61.17578125
15,0,3,small,97.24889542011441,63.203125
15,0,3,small,99.81171154100025,65.21484375
15,1,2,large,6.906828455184965,2.9921875
15,1,2,large,4.607075460112528,4.9921875
15,1,2,large,18.62821250862159,7.00390625
15,1,2,large,48.07517120675348,9.00390625
15,1,2,large,18.293021732729606,11.00390625
15,1,2,large,13.543828664242442,13.00390625
15,1,2,large,22.08432023683944,15.00390625
15,1,2,large,25.299173271571988,17.01953125
15,1,2,large,8.059361529487058,19.01953125
15,1,2,large,4.44534928308405,21.03125
15,1,2,large,54.421228524570196,23.03125
15,1,2,large,49.83910542679676,25.04296875
15,1,2,large,68.20162449548751,27.04296875
15,1,2,large,34.32540500666017,29.05859375
15,1,2,medium,23.183103048412715,31.05859375
15,1,2,medium,32.29324384579658,33.05859375
15,1,2,medium,22.935013268622683,35.0546875
15,1,2,medium,6.800016030020691,37.0703125
15,1,2,medium,7.9997494524735355,39.0703125
15,1,2,medium,7.86237940656273,41.0703125
15,1,2,medium,5.659885324603467,43.0703125
15,1,2,medium,1.8007247150927304,45.06640625
15,1,2,medium,18.345936331591442,47.06640625
15,1,2,medium,22.049229624875867,49.08203125
15,1,2,medium,8.484550292604865,51.08203125
15,1,2,medium,4.316300788442739,53.08203125
15,1,2,medium,2.2419280381832922,55.08203125
15,1,2,medium,27.031739850413192,57.08203125
15,1,2,medium,70.93950154075436,59.109375
15,1,2,small,97.79182333566135,61.12109375
15,0,1,large,0.0,2.9921875
15,0,1,large,1.0128154615786955,4.9921875
15,0,1,large,14.17965547385672,6.9921875
15,0,1,large,14.22298106728844,8.9921875
15,0,1,large,8.746146715396296,10.9921875
15,0,1,large,44.21638921310319,13.00390625
15,0,1,large,31.960710418754786,15.00390625
15,0,1,large,9.527720593653466,17.00390625
15,0,1,large,44.014177918009864,19.00390625
15,0,1,large,95.4512601120131,21.04296875
15,0,1,large,96.33768753238834,23.08203125
15,0,1,large,54.325360311229595,25.08203125
15,0,1,large,17.70597033939497,27.09765625
15,0,1,large,8.44853607108122,29.09375
15,0,1,medium,2.225374448918507,31.09765625
15,0,1,medium,12.46062588876947,33.109375
15,0,1,medium,83.52168607823975,35.12109375
15,0,1,medium,52.196093296441056,37.12109375
15,0,1,medium,15.013154987430681,39.13671875
15,0,1,medium,25.958962808516343,41.1328125
15,0,1,medium,13.966123960067454,43.1328125
15,0,1,medium,6.361149428191252,45.1484375
15,0,1,medium,72.9944401982861,47.1484375
15,0,1,medium,96.27655151041186,49.1875
15,0,1,medium,47.750970205357525,51.203125
15,0,1,medium,22.909743645853986,53.23046875
15,0,1,medium,32.205107499653174,55.2265625
15,0,1,medium,33.06429907355583,57.2265625
15,0,1,medium,9.52383716955204,59.25390625
15,0,1,small,16.5202135042791,61.26953125
15,0,1,small,88.82013594865367,63.30859375
15,0,1,small,73.28277144382048,65.3125
15,0,1,small,30.917427486233304,67.3203125
15,0,1,small,83.10594695406863,69.33203125
15,0,1,small,95.18281816239136,71.34765625
15,0,1,small,60.34860628526886,73.359375
15,0,1,small,61.185419847279874,75.359375
15,0,1,small,95.85550064147054,77.3984375
15,0,1,small,87.46735227666012,79.42578125
15,0,1,small,83.04928845850706,81.453125
15,0,1,small,67.76398737242889,83.46484375
15,0,1,small,51.17182416745105,85.46484375
15,0,1,small,22.571968815447995,87.46484375
15,1,3,large,0.008818756525761057,2.984375
15,1,3,large,0.022800098410169736,4.984375
15,1,3,large,1.0797435996602154,6.984375
15,1,3,large,5.781631239474198,8.984375
15,1,3,large,6.751318701325782,10.984375
15,1,3,large,5.279201008366583,12.984375
15,1,3,large,16.29110938534165,14.984375
15,1,3,large,10.338688798434447,16.984375
15,1,3,large,8.64893277287194,18.984375
15,1,3,large,24.63956803726215,21.0
15,1,3,large,65.23964454400154,23.00390625
15,1,3,large,59.6267970228962,25.01171875
15,1,3,large,23.658082831530486,27.01171875
15,1,3,large,6.984154659654617,29.01953125
15,1,3,medium,2.420432741942472,31.0078125
15,1,3,medium,3.2278057637156756,33.0078125
15,1,3,medium,16.21952601813489,35.0078125
15,1,3,medium,54.86599608302262,37.0078125
15,1,3,medium,53.69674846835064,39.0234375
15,1,3,medium,18.09498593458072,41.0234375
15,1,3,medium,26.183378874873917,43.0234375
15,1,3,medium,39.78562620106721,45.0234375
15,1,3,medium,24.469518104063912,47.0234375
15,1,3,medium,25.648775075320014,49.03515625
15,1,3,medium,33.46860899686919,51.03515625
15,1,3,medium,32.36467658316252,53.03515625
15,1,3,medium,9.825300187633164,55.046875
15,1,3,medium,4.307384966339992,57.046875
15,1,3,medium,24.279637049233827,59.046875
15,1,3,small,12.63600838159201,61.046875
15,1,3,small,28.03710295662221,63.046875
15,1,3,small,33.69603686094455,65.0625
15,0,2,large,0.0063816735843225045,2.9921875
15,0,2,large,0.7729002521684297,4.9921875
15,0,2,large,11.461756185658855,7.00390625
15,0,2,large,11.279910102520127,9.00390625
15,0,2,large,3.5685428117373426,11.00390625
15,0,2,large,7.502555326134089,13.00390625
15,0,2,large,3.324231227871525,15.00390625
15,1,1,large,81.25909337538329,2.9921875
15,1,1,large,93.31864278405033,4.9921875
15,1,1,large,96.68567269998034,6.9921875
15,1,1,large,80.847924398611,8.9921875
15,1,1,large,60.391949524149,11.00390625
15,1,1,large,43.70851477925695,13.00390625
15,1,1,large,37.34195700810009,15.00390625
15,1,1,large,48.16319600909722,17.015625
15,1,1,large,24.365244917368265,19.015625
15,1,1,large,41.59498156130537,21.03125
15,1,1,large,50.8250075502673,23.03125
15,1,1,large,27.5282681245218,25.03125
15,1,1,large,38.69615773291982,27.04296875
15,1,1,large,39.566343183687415,29.04296875
15,1,1,medium,83.81383385463607,31.04296875
15,1,1,medium,85.93455062653194,33.0703125
15,0,2,large,84.8726345369899,2.984375
15,0,2,large,98.57019152408574,4.984375
15,0,2,large,99.57785056259698,7.03515625
15,0,2,large,80.01575292474269,9.05078125
15,0,2,large,36.13493992332497,11.05078125
15,0,2,large,33.542382658096,13.05078125
15,0,2,large,63.5998105799692,15.05078125
15,0,2,large,69.38291311027002,17.05078125
15,0,2,large,89.08274587631891,19.07421875
15,0,2,large,91.29838423039504,21.1015625
15,0,2,large,88.29888461773015,23.11328125
15,0,2,large,66.03035487986084,25.12890625
15,0,2,large,39.86612390663109,27.12890625
15,0,2,large,30.852959762299474,29.140625
15,0,2,medium,48.75753316462873,31.15234375
15,0,2,medium,69.26501386496818,33.16796875
15,0,2,medium,63.18582869508397,35.1796875
15,0,2,medium,69.3457995084336,37.1953125
15,0,2,medium,78.41851815985622,39.20703125
15,0,2,medium,81.78916193004649,41.21875
15,0,2,medium,77.9060466479263,43.25390625
15,0,2,medium,58.781873368200706,45.26171875
15,0,2,medium,68.77851161876538,47.2734375
15,0,2,medium,73.3416777509955,49.3125
15,0,2,medium,64.75065196336314,51.328125
15,0,2,medium,60.99270943896775,53.328125
15,0,2,medium,39.23701053573545,55.33984375
15,0,2,medium,32.27723879847207,57.33984375
15,0,2,medium,39.194441192509856,59.3515625
15,0,2,small,48.266379812592845,61.37890625
15,0,2,small,87.54523649595629,63.37890625
15,1,3,large,0.0,2.9921875
15,1,3,large,0.0,4.9921875
15,1,3,large,3.959343575287087,6.9921875
15,1,3,large,20.771978756334196,9.00390625
15,1,3,large,23.34135351565094,11.00390625
15,1,3,large,21.496910882701997,13.00390625
15,1,3,large,36.39361626865514,15.00390625
15,1,3,large,30.98773287206808,17.00390625
15,1,3,large,41.917042071123696,19.00390625
15,1,3,large,28.427623596932914,21.015625
15,1,3,large,33.124987696851356,23.015625
15,1,3,large,24.693735035467064,25.015625
15,1,3,large,20.374041253838268,27.015625
15,1,3,large,36.058961126612076,29.015625
15,1,3,medium,50.377429658803315,31.02734375
15,1,3,medium,36.694420687585634,33.02734375
15,1,3,medium,52.62907250025813,35.02734375
15,1,3,medium,64.14292420349145,37.04296875
15,1,3,medium,89.88076147002079,39.06640625
15,1,3,medium,99.04833231017744,41.08203125
15,0,3,large,0.692133098953293,2.9921875
15,0,3,large,43.9427252603165,4.99609375
15,0,3,large,87.75901700965503,7.00390625
15,0,3,large,87.93288093544274,9.00390625
15,0,3,large,78.10279985235121,11.03125
15,0,3,large,97.14398788074791,13.05078125
15,0,3,large,98.92170729711789,15.04296875
15,0,3,large,94.30967063129097,17.0546875
15,0,3,large,96.9673019372377,19.0703125
15,0,3,large,98.6177653885745,21.13671875
15,0,3,large,93.86685107268389,23.1484375
15,0,3,large,69.62642613606562,25.1484375
15,0,3,large,43.486211097066715,27.1484375
15,0,3,large,41.919269567023804,29.1484375
15,0,3,medium,58.13911525955874,31.19140625
15,0,3,medium,92.96044419165753,33.1953125
15,0,3,medium,92.22447377851664,35.21484375
15,0,3,medium,88.13016947388022,37.21875
15,0,3,medium,83.3430963258829,39.23046875
15,0,3,medium,78.24359856200101,41.23046875
15,0,3,medium,87.89845348180593,43.2421875
15,0,3,medium,98.08831245856462,45.24609375
15,0,3,medium,89.18069852502887,47.25390625
15,0,3,medium,74.57227752595868,49.28125
15,0,3,medium,74.85738175339986,51.29296875
15,0,3,medium,95.1476907523223,53.30859375
15,0,3,medium,92.61456160134126,55.3359375
15,0,3,medium,99.41154260226185,57.359375
15,0,3,medium,99.81719533432117,59.359375
15,0,3,small,88.51811965637023,61.38671875
15,0,3,small,97.89324636873957,63.4140625
15,0,3,small,99.8536154868238,65.4140625
15,1,1,large,6.031264334370684,2.99609375
15,1,1,large,6.01107117523655,4.99609375
15,1,1,large,1.7559923835926945,6.99609375
15,1,1,large,0.4592919558662175,9.0078125
15,1,1,large,0.12106804512590953,11.0078125
15,1,1,large,8.54360044159423,13.0078125
15,1,1,large,20.710915699237468,15.0078125
15,1,1,large,17.179081728357172,17.0078125
15,1,1,large,32.463271497104344,19.0078125
15,1,1,large,64.64874194576221,21.0234375
15,1,1,large,37.713177817603736,23.0234375
15,1,1,large,16.870190200875378,25.0234375
15,1,1,large,18.053374096204443,27.0234375
15,1,1,large,13.538012799310074,29.03515625
15,1,1,medium,22.32539018672668,31.03515625
15,1,1,medium,72.09182090086364,33.0546875
15,1,1,medium,95.46215984590899,35.0625
15,0,1,large,6.145759264563971,2.984375
15,0,1,large,27.43940307588598,4.984375
15,0,1,large,73.06400775615506,7.0
15,0,1,large,74.74971100309313,8.99609375
15,0,1,large,70.67828229397718,10.99609375
15,0,1,large,51.92414279417986,13.01171875
15,0,1,large,28.006771987014684,15.01171875
15,0,1,large,34.98647231534744,17.01171875
15,0,1,large,48.38781629258856,19.0390625
15,0,1,large,43.760564046362035,21.0625
15,0,1,large,48.622028778456446,23.0625
15,0,1,large,51.34602941582921,25.0625
15,0,1,large,38.451329967828215,27.078125
15,0,1,large,54.834025626758205,29.08984375
15,0,1,medium,53.893756315689274,31.1171875
15,0,1,medium,78.0054592547424,33.1171875
15,0,1,medium,50.457720985364354,35.1171875
15,0,1,medium,38.75678238159906,37.12890625
15,0,1,medium,49.028940942853474,39.12890625
15,0,1,medium,66.74826852965008,41.12890625
15,0,1,medium,39.38671830940184,43.140625
15,0,1,medium,53.11613949919922,45.140625
15,0,1,medium,60.258574634098835,47.15625
15,0,1,medium,63.5712081213955,49.18359375
15,0,1,medium,62.97274759945997,51.1953125
15,0,1,medium,59.81318876439612,53.20703125
15,0,1,medium,54.58136127996785,55.22265625
15,0,1,medium,46.41184235023796,57.22265625
15,0,1,medium,66.12472746046592,59.234375
15,0,1,small,64.2491940837158,61.26171875
15,0,1,small,91.14218578763298,63.2734375
15,0,1,small,89.33500175223946,65.2734375
15,1,2,large,57.228046928866775,2.98828125
15,1,2,large,43.769907840581325,4.98828125
15,1,2,large,29.61348984551923,7.00390625
15,1,2,large,54.95275049037211,9.00390625
15,1,2,large,42.797489673118065,11.00390625
15,1,2,large,36.34167892273598,13.00390625
15,1,2,large,62.38039367705531,15.015625
15,1,2,large,54.827326921607124,17.015625
15,1,2,large,57.7985077320795,19.015625
15,1,2,large,71.51225823861029,21.02734375
15,1,2,large,65.56960073237704,23.04296875
15,1,2,large,35.70982903551277,25.04296875
15,1,2,large,40.828524933209685,27.04296875
15,1,2,large,34.826122216018575,29.0390625
15,1,2,medium,44.76180536038619,31.0390625
15,1,2,medium,92.86482859994315,33.06640625
