subject,difficulty,condition,size,arousal,t_s
0,0,2,large,0.08264307011680616,2.984375
0,0,2,large,0.9046720056627835,4.99609375
0,0,2,large,2.3813432007444066,7.0234375
0,0,2,large,6.839572290625663,9.03515625
0,0,2,large,17.369116177873817,11.03515625
0,0,2,large,12.782152230756793,13.05078125
0,0,2,large,20.813470391816434,15.05078125
0,0,2,large,24.383956139017386,17.05078125
0,0,2,large,7.3186258645462345,19.07421875
0,0,2,large,2.5444042274507384,21.11328125
0,0,2,large,0.7598345042713339,23.11328125
0,0,2,large,26.555007054936404,25.140625
0,0,2,large,51.33961347810991,27.15234375
0,0,2,large,41.54261887098948,29.15234375
0,0,2,medium,63.80552254044643,31.1796875
0,0,2,medium,21.883208936063316,33.1796875
0,0,2,medium,8.788946556938171,35.20703125
0,0,2,medium,10.866429338104524,37.20703125
0,0,2,medium,4.143193485410059,39.2265625
0,0,2,medium,4.938412983714986,41.234375
0,0,2,medium,27.39948842706002,43.24609375
0,0,2,medium,21.06883191424859,45.24609375
0,0,2,medium,43.346081131653925,47.26171875
0,0,2,medium,83.90156145869614,49.328125
0,0,2,medium,46.26680451166391,51.33984375
0,0,2,medium,31.15769048618054,53.3515625
0,0,2,medium,49.6600005972703,55.37890625
0,0,2,medium,24.50964495267076,57.390625
0,0,2,medium,7.795650936473885,59.40625
0,0,2,small,6.233430567088355,61.43359375
0,0,2,small,56.755490794919616,63.4609375
0,1,2,large,29.349405405543575,2.9921875
0,1,2,large,15.737224190561792,4.9921875
0,1,2,large,22.836068806366153,6.9921875
0,1,2,large,59.74094139675171,9.00390625
0,1,2,large,72.56068518756297,11.00390625
0,1,2,large,25.21039572265083,13.00390625
0,1,2,large,11.549049912123174,15.00390625
0,1,2,large,12.448696471796719,17.00390625
0,1,2,large,46.72665859713756,19.00390625
0,1,2,large,17.88010427302673,21.01953125
0,1,2,large,7.184877155291329,23.03125
0,1,2,large,6.009922037704811,25.04296875
0,1,2,large,18.449466580496495,27.0390625
0,1,2,large,20.198755175457165,29.0546875
0,1,2,medium,16.85922920621873,31.05859375
0,1,2,medium,17.434173786934707,33.0546875
0,1,2,medium,33.11695493113208,35.06640625
0,1,2,medium,24.403046270009852,37.75
0,0,1,large,3.3613137132505253,2.984375
0,0,1,large,28.636954798847068,4.984375
0,0,1,large,49.178453102870435,6.99609375
0,0,1,large,32.601604128499076,9.01171875
0,0,1,large,14.054300075923072,11.01171875
0,0,1,large,5.2858834479888355,13.0234375
0,0,1,large,2.647596098702641,15.01953125
0,0,1,large,7.142329793721592,17.0234375
0,0,1,large,5.87595971012308,19.0234375
0,0,1,large,2.921790190389959,21.05078125
0,0,1,large,2.5173713310388175,23.0625
0,0,1,large,23.714810890535247,25.08984375
0,0,1,large,56.36481975775116,27.08984375
0,0,1,large,47.82037122525596,29.1015625
0,0,1,medium,74.53763350019055,31.12890625
0,0,1,medium,74.09694271431917,33.12890625
0,0,1,medium,80.0145631398328,35.140625
0,0,1,medium,77.05267183184336,37.15625
0,0,1,medium,90.28651675658588,39.16796875
0,0,1,medium,96.58786294281953,41.16796875
0,0,1,medium,96.95149584145099,43.18359375
0,0,1,medium,96.6003232005566,45.1796875
0,0,1,medium,96.57571423018986,47.18359375
0,0,1,medium,94.72329410688121,49.24609375
0,0,1,medium,95.90910437065895,51.2578125
0,0,1,medium,98.3351000576273,53.28515625
0,0,1,medium,97.09919941900958,55.30078125
0,0,1,medium,93.87170027394713,57.30078125
0,0,1,medium,91.5144984810838,59.3125
0,0,1,small,90.79621537204234,61.328125
0,0,1,small,88.36781843118453,63.33984375
0,0,1,small,81.54061639785503,65.3515625
0,0,1,small,89.29957936788934,67.3671875
0,0,1,small,97.75465853616652,69.37890625
0,0,1,small,99.23757042312675,71.37890625
0,0,1,small,80.46651813226902,73.37890625
0,0,1,small,88.17154450991225,75.390625
0,0,1,small,97.02896104593306,77.41796875
0,1,3,large,4.271526300307181,2.9921875
0,1,3,large,1.2075326566778068,4.9921875
0,1,3,large,2.7318380969869587,6.9921875
0,1,3,large,13.613218890635448,8.9921875
0,1,3,large,4.778963290118984,10.9921875
0,1,3,large,4.319697702904806,12.9921875
0,1,3,large,23.97585556475399,14.98828125
0,1,3,large,41.48722305915377,16.9921875
0,1,3,large,13.13946817425824,19.00390625
0,1,3,large,4.218838718629071,21.00390625
0,1,3,large,2.4644360719833402,23.00390625
0,1,3,large,4.617209965225278,25.00390625
0,1,3,large,4.676475585339995,27.0
0,1,3,large,16.2067496238286,29.0
0,1,3,medium,15.39752645951726,31.00390625
0,1,3,medium,5.398043194585769,33.015625
0,1,3,medium,2.6923853640683753,35.015625
0,1,3,medium,13.145796249973298,37.015625
0,1,3,medium,43.739849892436666,39.0234375
0,1,3,medium,51.70514148705291,41.015625
0,1,3,medium,84.68413590741508,43.02734375
0,1,3,medium,58.245944305109056,45.02734375
0,1,3,medium,73.60000694518675,47.02734375
0,1,3,medium,73.85834234729279,49.0390625
0,1,3,medium,90.71248212633758,51.0390625
0,1,3,medium,82.86463420397594,53.0390625
0,1,3,medium,82.75571933267256,55.0390625
0,1,3,medium,41.97424562631244,57.0390625
0,1,3,medium,30.585408263822405,59.0390625
0,1,3,small,59.266332908991174,61.0390625
0,0,3,large,8.151923222718445,2.9921875
0,0,3,large,2.2971805381049566,4.9921875
0,0,3,large,1.2509380465389746,6.9921875
0,0,3,large,0.9478040878890743,8.9921875
0,0,3,large,1.2000249666937814,10.9921875
0,0,3,large,0.8955472934736279,13.0078125
0,0,3,large,0.5636694126496269,15.00390625
0,0,3,large,10.502870952725363,17.00390625
0,0,3,large,3.1545257689787745,19.015625
0,0,3,large,0.8829065750737384,21.03125
0,0,3,large,2.8605813017708055,23.03125
0,0,3,large,6.3115685281765606,25.04296875
0,0,3,large,3.1719219511472643,27.0625
0,0,3,large,4.036816053307332,29.0546875
0,0,3,medium,16.98576461095646,31.0703125
0,0,3,medium,6.203016383110198,33.0703125
0,0,3,medium,3.509343730677961,35.08203125
0,0,3,medium,9.203011947819164,37.08203125
0,0,3,medium,4.578348529907631,39.08203125
0,0,3,medium,1.856493010991533,41.08203125
0,0,3,medium,1.4473231625085918,43.09375
0,0,3,medium,0.4878398717741824,45.09375
0,0,3,medium,0.25628559546314533,47.09375
0,0,3,medium,6.2287817258708476,49.125
0,0,3,medium,30.601696725692477,51.14453125
0,0,3,medium,54.83908603099913,53.14453125
0,0,3,medium,67.47119815762647,55.15625
0,0,3,medium,88.0410160083936,57.16015625
0,0,3,medium,61.66708147290791,59.171875
0,0,3,small,77.80426038737875,61.19921875
0,0,3,small,96.2895927518359,63.22265625
0,0,3,small,96.27066016095284,65.23828125
0,0,3,small,96.13329104613669,67.29296875
0,1,1,large,0.18211966888622141,2.9921875
0,1,1,large,0.4825198995219137,4.9921875
0,1,1,large,2.1641560065729895,6.9921875
0,1,1,large,1.3097906865311617,9.00390625
0,1,1,large,1.6404617685820555,11.00390625
0,1,1,large,2.882382042123441,13.00390625
0,1,1,large,1.49867003730509,15.00390625
0,1,1,large,2.654611586557984,17.00390625
0,1,1,large,1.145118645374465,19.00390625
0,1,1,large,0.6396381062820818,21.01953125
0,1,1,large,6.897321585441372,23.01953125
0,1,1,large,18.128211411580775,25.03125
0,1,1,large,10.634595950454898,27.03125
0,1,1,large,4.105551165425585,29.03125
0,1,1,medium,1.876388367972055,31.03125
0,1,1,medium,6.878857340384917,33.03125
0,1,1,medium,17.93907972150421,35.03125
0,1,1,medium,66.58979175321416,37.046875
0,1,1,medium,70.78760341485744,39.05078125
0,1,1,medium,66.09020002089142,41.04296875
0,1,1,medium,87.0986974056508,43.04296875
0,1,1,medium,95.21923246132235,45.05859375
0,1,1,medium,97.4449274140546,47.05859375
0,1,1,medium,96.97469829331199,49.05859375
0,1,1,medium,98.26969451872706,51.05859375
0,1,1,medium,99.04226394691402,53.0703125
0,1,1,medium,89.78365629330183,55.0703125
0,1,1,medium,88.8242790808637,57.0703125
0,1,1,medium,90.72657010170468,59.0703125
0,0,2,large,27.361275206856714,2.984375
0,0,2,large,13.85807592511002,4.99609375
0,0,2,large,42.53015864012559,7.0078125
0,0,2,large,31.502064299552924,9.0234375
0,0,2,large,35.51958041149015,11.03515625
0,0,2,large,49.93551756039314,13.046875
0,0,2,large,39.50440230698748,15.046875
0,0,2,large,13.335582210985645,17.046875
0,0,2,large,5.263889376198149,19.0625
0,0,2,large,10.293313945630153,21.0859375
0,0,2,large,34.300136203173864,23.0859375
0,0,2,large,29.947430460873562,25.125
0,0,2,large,16.226571696243827,27.125
0,0,2,large,15.477506169033681,29.125
0,0,2,medium,49.76997039209866,31.16796875
0,0,2,medium,87.82185987906243,33.1640625
0,0,2,medium,92.51254634737374,35.1796875
0,0,2,medium,82.89041670363974,37.1796875
0,0,2,medium,67.82691701781545,39.1953125
0,0,2,medium,70.83142768348418,41.1953125
0,0,2,medium,79.17786160184967,43.20703125
0,0,2,medium,78.62205296547717,45.203125
0,0,2,medium,74.43228053668864,47.20703125
0,0,2,medium,85.50946741575682,49.24609375
0,0,2,medium,94.895662459133,51.2578125
0,0,2,medium,81.89430723341795,53.2734375
0,0,2,medium,70.85607462751301,55.2734375
0,0,2,medium,84.42106445207588,57.2734375
0,0,2,medium,82.13608912563954,59.28515625
0,0,2,small,90.07936052480632,61.296875
0,0,2,small,97.86592894897217,63.3125
0,0,2,small,98.66628599239206,65.32421875
0,0,2,small,98.38695030817613,67.33984375
0,0,2,small,98.03832370690927,69.33984375
0,0,2,small,97.21133753712884,71.33984375
0,1,3,large,0.35638336197033926,2.9921875
0,1,3,large,0.2672098065354549,4.9921875
0,1,3,large,1.193006632909113,6.9921875
0,1,3,large,34.110067234043484,8.9921875
0,1,3,large,41.90191663356515,10.9921875
0,1,3,large,15.988422567181175,12.9921875
0,1,3,large,4.7265050652433125,15.00390625
0,1,3,large,4.043581581901335,17.00390625
0,1,3,large,2.680432966820211,19.00390625
0,1,3,large,3.143135825787413,21.01953125
0,1,3,large,8.540367535128851,23.01953125
0,1,3,large,3.466299202952589,25.01953125
0,1,3,large,3.2972416543331224,27.01953125
0,1,3,large,2.5506793060935533,29.02734375
0,1,3,medium,2.652463327514039,31.015625
0,1,3,medium,2.5734999779643917,33.02734375
0,1,3,medium,11.673696536909588,35.02734375
0,1,3,medium,30.595412455951703,37.02734375
0,1,3,medium,18.699776177453078,39.02734375
0,1,3,medium,5.435379055112239,41.02734375
0,1,3,medium,3.0071479229983287,43.02734375
0,1,3,medium,23.306701895636383,45.04296875
0,1,3,medium,69.70935358942293,47.04296875
0,1,3,medium,79.66048378863779,49.04296875
0,1,3,medium,76.63499271469514,51.0546875
0,1,3,medium,46.338373465410555,53.0546875
0,1,3,medium,41.26544167025443,55.0546875
0,1,3,medium,78.8562813451851,57.0546875
0,1,3,medium,86.75181460596042,59.0546875
0,1,3,small,93.02689669345213,61.0546875
0,0,1,large,10.589424732932612,2.9921875
0,0,1,large,3.2310862967259046,4.98046875
0,0,1,large,1.331409975397074,6.9921875
0,0,1,large,2.4499750970671963,8.9921875
0,0,1,large,8.483185757589586,10.9921875
0,0,1,large,8.3988056080679,12.9921875
0,0,1,large,13.617765672508215,14.9921875
0,0,1,large,16.030924870756866,16.9921875
0,0,1,large,4.9521157367109785,19.00390625
0,0,1,large,1.5675153416987737,21.03125
0,0,1,large,0.41331423937273526,23.03125
0,0,1,large,2.472899308463319,25.05859375
0,0,1,large,12.17267088983135,27.05859375
0,0,1,large,4.361085534623234,29.05859375
0,0,1,medium,2.672509119474501,31.0859375
0,0,1,medium,3.8452152218911206,33.08203125
0,0,1,medium,29.698129258508168,35.09765625
0,0,1,medium,33.04516048782925,37.09765625
0,0,1,medium,15.373864263959247,39.109375
0,0,1,medium,6.311533054340057,41.109375
0,0,1,medium,8.476720099282579,43.109375
0,0,1,medium,19.789035974875866,45.12109375
0,0,1,medium,19.87303498975907,47.12109375
0,0,1,medium,10.674989488458149,49.1484375
0,0,1,medium,4.294042977306695,51.17578125
0,0,1,medium,6.8217949816266685,53.19921875
0,0,1,medium,9.195840852172193,55.19921875
0,0,1,medium,8.719892640831892,57.20703125
0,0,1,medium,8.440755132581218,59.21484375
0,0,1,small,51.14625966330463,61.2265625
0,0,1,small,84.32275238870628,63.2421875
0,0,1,small,70.08376409076706,65.2578125
0,0,1,small,39.23759325274962,67.26953125
0,0,1,small,51.16508164343789,69.26953125
0,1,2,large,0.0,2.99609375
0,1,2,large,0.0002019397198925428,4.9921875
0,1,2,large,0.004917154362397353,6.99609375
0,1,2,large,0.05815743031822162,8.9921875
0,1,2,large,0.0237267943866092,10.9921875
0,1,2,large,0.006292908999919492,12.9921875
0,1,2,large,0.02101908900842746,14.9921875
0,1,2,large,0.3568107212727003,17.0078125
0,1,2,large,0.10712628876593734,19.0078125
0,1,2,large,0.028238183135660094,21.0078125
0,1,2,large,0.007443504260147803,23.0078125
0,1,2,large,0.001962086420527187,25.0078125
0,1,2,large,0.0005172003651866984,27.0078125
0,1,2,large,0.00017104685781808556,29.0078125
0,1,2,medium,0.16176064316758892,31.01953125
0,1,2,medium,0.045645779357408794,33.03125
0,1,2,medium,0.8582244703965515,35.03125
0,1,2,medium,20.219237986467462,37.03125
0,1,2,medium,63.65308648650614,39.03125
0,1,2,medium,65.22497368935775,41.04296875
0,1,2,medium,73.639688869541,43.04296875
0,1,2,medium,90.98197603102012,45.04296875
0,1,2,medium,88.29648258182942,47.04296875
0,1,2,medium,80.36099987527187,49.05859375
0,1,2,medium,68.58580569889153,51.05859375
0,1,2,medium,67.34152464822208,53.0703125
0,0,1,large,0.03319103896920165,2.9921875
0,0,1,large,0.010063509188295457,4.98828125
0,0,1,large,0.002683762624302803,7.0
0,0,1,large,0.0007056277290242003,9.00390625
0,0,1,large,0.13691276106108147,11.0
0,0,1,large,1.7968064640693586,13.00390625
0,0,1,large,7.962860991278786,15.015625
0,0,1,large,8.211909452063392,17.015625
0,0,1,large,4.6622788403347535,19.015625
0,0,1,large,6.640408470880583,21.0703125
0,0,1,large,11.423363608080155,23.0703125
0,0,1,large,20.785545405020713,25.12109375
0,0,1,large,43.39501588454216,27.13671875
0,0,1,large,13.25950730716765,29.13671875
0,0,1,medium,5.075655766505383,31.1484375
0,0,1,medium,16.916578299043863,33.16015625
0,0,1,medium,18.786197919040486,35.17578125
0,0,1,medium,8.210674744046436,37.17578125
0,0,1,medium,2.160996846958794,39.1875
0,0,1,medium,0.5831149960034616,41.1875
0,0,1,medium,0.7266457355161489,43.1875
0,0,1,medium,9.12136498039131,45.1875
0,0,1,medium,41.556694084370704,47.19921875
0,0,1,medium,13.281103615434102,49.2265625
0,0,1,medium,5.331338006776092,51.23828125
0,0,1,medium,6.054797296155951,53.23828125
0,0,1,medium,47.279414647291546,55.25390625
0,0,1,medium,79.4023844159298,57.25390625
0,0,1,medium,88.52217028980803,59.265625
0,0,1,small,85.92079067501484,61.29296875
0,0,1,small,94.75234177879952,63.3046875
0,0,1,small,91.4670299123415,65.34375
0,0,1,small,82.48364403606729,67.36328125
0,0,1,small,92.21438443351835,69.359375
0,0,1,small,95.12176004105511,71.37109375
0,0,1,small,90.75954243148252,73.37109375
0,0,1,small,91.22408487220588,75.37109375
0,0,1,small,97.4267159707359,77.3984375
0,0,1,small,98.03436851382205,79.44921875
0,0,1,small,97.41683622140212,81.44921875
0,0,1,small,97.23454254408617,83.4765625
0,0,1,small,97.20654366361734,85.484375
0,1,3,large,0.9218703190886139,2.9921875
0,1,3,large,0.3152434845776495,4.9921875
0,1,3,large,0.37816839657229745,6.9921875
0,1,3,large,0.626362903245665,9.00390625
0,1,3,large,1.3583526381010342,11.0078125
0,1,3,large,2.1862386832002247,13.0078125
0,1,3,large,2.2482593089899083,15.00390625
0,1,3,large,1.9565589917982347,17.00390625
0,1,3,large,0.7586479319563448,19.01953125
0,1,3,large,3.9691236842309583,21.01953125
0,1,3,large,19.6424361094355,23.01953125
0,1,3,large,15.739639022752362,25.03125
0,1,3,large,10.78134309620144,27.03125
0,1,3,large,4.882917345500939,29.03125
0,1,3,medium,8.901271455144991,31.03125
0,1,3,medium,10.340637044716495,33.03125
0,1,3,medium,33.86687831283215,35.04296875
0,1,3,medium,18.080321133957202,37.04296875
0,1,3,medium,15.957587236098886,39.0546875
0,1,3,medium,32.4728160655895,41.0546875
0,1,3,medium,75.03556802114079,43.0546875
0,1,3,medium,57.75380910970175,45.0546875
0,1,3,medium,41.18202160545549,47.0703125
0,1,3,medium,78.57403473341665,49.0859375
0,1,3,medium,93.80899826433568,51.0859375
0,1,3,medium,97.778401037679,53.08203125
0,1,3,medium,96.21576468251153,55.08203125
0,1,3,medium,96.67061870474974,57.09765625
0,1,3,medium,95.2921404670951,59.09765625
0,0,3,large,2.5860487137033186,2.984375
0,0,3,large,2.633301698684785,4.984375
0,0,3,large,11.714652988091075,6.984375
0,0,3,large,9.577172874902882,8.984375
0,0,3,large,4.963584762624155,10.99609375
0,0,3,large,2.962148843663061,12.99609375
0,0,3,large,1.2514573896464731,14.99609375
0,0,3,large,0.40873310835050863,16.99609375
0,0,3,large,0.14310805826970252,19.0078125
0,0,3,large,0.9796341811702336,21.03515625
0,0,3,large,1.0044257570787538,23.03515625
0,0,3,large,1.2576884453849413,25.046875
0,0,3,large,3.110708284705897,27.0625
0,0,3,large,6.617384016505544,29.0625
0,0,3,medium,7.232267122228176,31.0859375
0,0,3,medium,12.218756205087907,33.0859375
0,0,3,medium,33.59007402994946,35.0859375
0,0,3,medium,19.642898244614614,37.0859375
0,0,3,medium,6.6731700504726845,39.11328125
0,0,3,medium,5.354287950067784,41.11328125
0,0,3,medium,36.68857868831097,43.125
0,0,3,medium,45.69017394891734,45.125
0,0,3,medium,22.410098447340367,47.140625
0,0,3,medium,19.614413352499817,49.1640625
0,0,3,medium,59.668224238355215,51.1796875
0,0,3,medium,80.47993902838482,53.19140625
0,0,3,medium,90.79877330143056,55.203125
0,0,3,medium,87.06544327984375,57.20703125
0,0,3,medium,88.31840590689993,59.21875
0,0,3,small,95.26205273265731,61.23046875
0,0,3,small,97.215256060249,63.24609375
0,0,3,small,97.89909318390684,65.2578125
0,0,3,small,98.20547318193552,67.28515625
0,0,3,small,97.12842956438442,69.296875
0,0,3,small,97.92894824196682,71.30859375
0,0,3,small,99.1356200607352,73.30859375
0,0,3,small,99.71468313530914,75.32421875
0,0,3,small,99.97142962519172,77.36328125
0,0,3,small,99.89466876521837,79.40625
0,0,3,small,99.75619035204818,81.41796875
0,0,3,small,99.9566687879603,83.4296875
0,0,3,small,99.96683138118505,85.4453125
0,1,3,large,0.002843614896723481,2.9921875
0,1,3,large,1.7962157816755298,4.9921875
0,1,3,large,6.666509822053654,6.99609375
0,1,3,large,6.958051302797997,8.9921875
0,1,3,large,5.548579891606165,10.98828125
0,1,3,large,4.9584816317941005,12.98828125
0,1,3,large,2.856259207002874,14.98828125
0,1,3,large,1.1799570519708578,16.98828125
0,1,3,large,3.074169916617099,19.00390625
0,1,3,large,1.114435841409833,21.01171875
0,1,3,large,0.296063014284786,23.0
0,1,3,large,0.07784230636720502,25.00390625
0,1,3,large,0.08363746202398659,27.015625
0,1,3,large,0.3781411802557396,29.015625
0,1,3,medium,0.20334139438526272,31.015625
0,1,3,medium,0.05443733564491785,33.015625
0,1,3,medium,0.11262243440176714,35.02734375
0,1,3,medium,0.8292227993791309,37.02734375
0,1,3,medium,0.3784836701698374,39.02734375
0,1,3,medium,0.10468916132748382,41.02734375
0,1,3,medium,0.027432721761668843,43.04296875
0,1,3,medium,0.013842795321118657,45.04296875
0,1,3,medium,0.924857096784225,47.0390625
0,1,3,medium,11.960138720002194,49.0625
0,1,3,medium,21.853850410715594,51.0546875
0,1,3,medium,8.035695351037367,53.0546875
0,1,3,medium,2.8746044502926344,55.06640625
0,1,3,medium,34.53394720310747,57.06640625
0,1,3,medium,84.45163843162351,59.08203125
0,1,3,small,84.08503480715683,61.08203125
0,0,2,large,2.2957471726610628,2.98828125
0,0,2,large,1.2369399683332893,4.98828125
0,0,2,large,0.3594078073423369,6.98828125
0,0,2,large,0.09613808951288229,8.98828125
0,0,2,large,0.15408118272470786,10.98828125
0,0,2,large,0.5078016828412969,12.98828125
0,0,2,large,1.3152495581727188,14.98828125
0,0,2,large,2.5723276787124,17.00390625
0,0,2,large,2.12924534398695,19.00390625
0,0,2,large,1.0986317539345178,21.04296875
0,0,2,large,0.40183997301163077,23.05078125
0,0,2,large,0.5805163996405491,25.0703125
0,0,2,large,4.091172026035945,27.06640625
0,0,2,large,50.07114037616719,29.0703125
0,0,2,medium,41.52526269687071,31.09375
0,0,2,medium,63.340377367992524,33.109375
0,0,2,medium,59.54651896402222,35.12109375
0,0,2,medium,37.481053256797196,37.12109375
0,0,2,medium,29.856297378760637,39.1328125
0,0,2,medium,70.92117258433588,41.1328125
0,0,2,medium,47.71392883613518,43.1328125
0,0,2,medium,15.979970083067972,45.1328125
0,0,2,medium,7.058773098330623,47.14453125
0,0,2,medium,2.818831087886667,49.171875
0,0,2,medium,2.0227899624776198,51.1953125
0,0,2,medium,5.565945816137013,53.19921875
0,0,2,medium,5.098239482955316,55.21875
0,0,2,medium,34.95857827396945,57.2109375
0,0,2,medium,33.394728093465396,59.23828125
0,0,2,small,25.000748914999292,61.25
0,0,2,small,45.15535625062533,63.265625
0,0,2,small,41.10105120892031,65.27734375
0,0,2,small,36.73281283501062,67.28125
0,0,2,small,73.14343924943647,69.2890625
0,0,2,small,88.04696997638064,71.2890625
0,0,2,small,89.9215565797124,73.2890625
0,0,2,small,93.02688022475367,75.2890625
0,0,2,small,97.57828136618592,77.33203125
0,0,2,small,98.18180061640753,79.35546875
0,0,2,small,98.74797228646705,81.35546875
0,0,2,small,99.81480131735569,83.38671875
0,0,2,small,99.95272571039152,85.3828125
0,0,2,small,99.55911944407362,87.421875
0,1,1,large,0.01767067087400859,2.99609375
0,1,1,large,0.023002924845498297,4.98828125
0,1,1,large,0.006061235501494149,6.9921875
0,1,1,large,0.0016019504944742476,8.98828125
0,1,1,large,0.00042226956574648624,10.98828125
0,1,1,large,0.0007625700130097878,12.99609375
0,1,1,large,0.02878609287139781,14.98828125
0,1,1,large,0.007743033877384871,17.0078125
0,1,1,large,0.0037457627578674777,19.00390625
0,1,1,large,1.596278485380216,21.015625
0,1,1,large,2.9599866683682543,23.015625
0,1,1,large,2.4580087760856184,25.015625
0,1,1,large,1.7465890952361547,27.015625
0,1,1,large,1.3114590835610371,29.015625
0,1,1,medium,0.3773042540268773,31.02734375
0,1,1,medium,5.962861073295219,33.02734375
0,1,1,medium,3.096002071156711,35.0390625
0,1,1,medium,6.048275797964467,37.0390625
0,1,1,medium,3.604822466516392,39.05078125
0,1,1,medium,15.319847294108584,41.0546875
0,1,1,medium,36.93648645803509,43.05078125
0,1,1,medium,12.665673502086431,45.0625
0,1,1,medium,21.216018825785373,47.06640625
0,1,1,medium,16.843050705446835,49.078125
0,1,1,medium,6.598648885037607,51.08203125
0,1,1,medium,35.535792520228895,53.078125
0,1,1,medium,87.80307796202263,55.078125
0,1,1,medium,98.54590731583363,57.078125
0,1,1,medium,99.39092756166707,59.09375
0,0,2,large,2.6067615014525133e-05,2.99609375
0,0,2,large,0.798229235369917,4.99609375
0,0,2,large,1.236238503328234,6.99609375
0,0,2,large,0.36427561867916236,8.9921875
0,0,2,large,0.10117274782587611,10.99609375
0,0,2,large,0.21572682452126504,12.99609375
0,0,2,large,0.3286869720509458,15.0078125
0,0,2,large,0.2596225862003816,17.0078125
0,0,2,large,0.07301032768724115,19.01953125
0,0,2,large,0.022358530016160425,21.03515625
0,0,2,large,0.005893644524734481,23.03515625
0,0,2,large,0.0015292137955170986,25.05859375
0,0,2,large,0.014660645098274108,27.05859375
0,0,2,large,0.0069073874919817575,29.05859375
0,0,2,medium,0.5948109367357141,31.0859375
0,0,2,medium,2.703983992424757,33.0859375
0,0,2,medium,2.057691114392794,35.109375
0,1,1,large,1.8825520005457108,2.9921875
0,1,1,large,0.9680911775980898,4.98828125
0,1,1,large,2.000856130993616,7.00390625
0,1,1,large,2.077981544017204,9.01171875
0,1,1,large,0.8297820270387751,11.00390625
0,1,1,large,0.238578982116874,13.015625
0,1,1,large,0.282884297425496,15.015625
0,1,1,large,1.9819556030364125,17.015625
0,1,1,large,1.6324417133791678,19.015625
0,1,1,large,0.728988738737016,21.03515625
0,1,1,large,0.5861338952510204,23.02734375
0,1,1,large,1.1074845305737542,25.02734375
0,1,1,large,3.649601161702127,27.03125
0,1,1,large,1.6638392340425452,29.02734375
0,1,1,medium,0.5768801924780631,31.04296875
0,1,1,medium,3.1898413106265617,33.0390625
0,1,1,medium,10.017700122311865,35.04296875
0,1,1,medium,37.11941809450546,37.0546875
0,1,1,medium,31.742237461480165,39.0546875
0,1,1,medium,17.896896751453486,41.06640625
0,1,1,medium,53.487007021607226,43.0546875
0,1,1,medium,41.59923011067963,45.0546875
0,1,1,medium,15.178320851725466,47.06640625
0,1,1,medium,5.632690767735993,49.08203125
0,1,1,medium,10.959544029028663,51.08203125
0,1,1,medium,14.570808692021856,53.078125
0,1,1,medium,4.250288629738582,55.078125
0,1,1,medium,1.300177809515474,57.078125
0,1,1,medium,1.2484969154521008,59.08203125
0,1,1,small,18.05509386680452,61.09375
0,1,1,small,43.52112400061828,63.09375
0,1,1,small,33.99427882701978,65.10546875
0,0,1,large,0.017847285357616784,2.984375
0,0,1,large,0.21083858607137307,4.984375
0,0,1,large,0.06202195352075865,6.99609375
0,0,1,large,0.19719920937198193,8.99609375
0,0,1,large,5.12928802568145,11.0
0,0,1,large,9.05935481024641,12.99609375
0,0,1,large,8.964139694752168,15.0078125
0,0,1,large,4.962367765539818,17.0078125
0,0,1,large,2.3773902009802823,19.0234375
0,0,1,large,0.6304686796790249,21.05078125
0,0,1,large,0.16661584634743784,23.05078125
0,0,1,large,1.5703669849086077,25.078125
0,0,1,large,0.7866142772235927,27.07421875
0,0,1,large,0.20735230778622096,29.07421875
0,0,1,medium,0.05367406182437272,31.1015625
0,0,1,medium,0.4924613487457214,33.1015625
0,0,1,medium,17.845216803456697,35.12890625
0,0,1,medium,8.8515706569064,37.12890625
0,0,1,medium,2.9865222196556975,39.140625
0,0,1,medium,1.1044099615608949,41.140625
0,0,1,medium,3.2313268908402346,43.15625
0,0,1,medium,23.238237572432077,45.15625
0,0,1,medium,71.94236426841834,47.15625
0,0,1,medium,57.139648770136816,49.1953125
0,0,1,medium,21.147578788455217,51.1953125
0,0,1,medium,34.154579845340635,53.21875
0,0,1,medium,48.35526975786552,55.21875
0,0,1,medium,49.52943529937478,57.21875
0,0,1,medium,46.21348904564776,59.23046875
0,0,1,small,24.762524048554177,61.2578125
0,0,1,small,38.29230848204057,63.2734375
0,0,1,small,39.12882780003639,65.28515625
0,0,1,small,36.08123476809686,67.3125
0,1,3,large,0.03985605552498213,2.98046875
0,1,3,large,0.016045994063867072,4.984375
0,1,3,large,0.7445580274944497,6.984375
0,1,3,large,1.0433729822370106,8.984375
0,1,3,large,0.35763375324452806,10.99609375
0,1,3,large,0.10000545227307944,12.99609375
0,1,3,large,0.4296502098553173,14.99609375
0,1,3,large,0.47648755855910646,16.99609375
0,1,3,large,0.1834719606579202,19.0078125
0,1,3,large,0.06810396496210241,21.0078125
0,1,3,large,0.11236446235814147,23.01953125
0,1,3,large,6.881152684245499,25.0234375
0,1,3,large,10.214155303143917,27.0234375
0,1,3,large,6.584618156632352,29.0234375
0,1,3,medium,5.361890360450376,31.0234375
0,1,3,medium,1.9330395255128978,33.0234375
0,1,3,medium,1.2490149481914177,35.0234375
0,1,3,medium,45.667001255116006,37.03515625
0,1,3,medium,51.7123297906656,39.03515625
0,1,3,medium,25.966309845812084,41.03515625
0,1,3,medium,8.538561381228698,43.03515625
0,1,3,medium,2.516911066185899,45.03515625
0,1,3,medium,1.936583793333104,47.03515625
0,1,3,medium,19.826124819114284,49.046875
0,1,3,medium,41.419059554874906,51.046875
0,1,3,medium,23.608031519709925,53.046875
0,1,3,medium,44.09905127895988,55.046875
0,1,3,medium,44.34105390745508,57.046875
0,1,3,medium,29.586564633545677,59.05859375
0,1,3,small,48.816574296413854,61.05859375
0,1,3,small,85.68140709072519,63.05859375
0,1,3,small,96.569688394809,65.05859375
0,1,3,small,98.02085290796046,67.07421875
0,1,3,small,98.79995120201036,69.07421875
0,1,3,small,98.53670882800614,71.07421875
0,0,2,large,3.70948672984174,2.99609375
0,0,2,large,5.9082614266969085,4.99609375
0,0,2,large,4.459921764708199,6.99609375
0,0,2,large,1.2521932609574835,8.99609375
0,0,2,large,0.33037717145937817,10.99609375
0,0,2,large,0.08619089595295987,13.01171875
0,0,2,large,0.022778070495374232,15.0078125
0,0,2,large,0.006004234194378941,17.0078125
0,0,2,large,0.0015705260768829029,19.01953125
0,0,2,large,0.00040970786643851494,21.03515625
0,0,2,large,0.00010687007005615487,23.05078125
0,0,2,large,0.015852696811428837,25.0625
0,0,2,large,1.5627566277919778,27.0625
0,0,2,large,1.0914315689451688,29.07421875
0,0,2,medium,0.8283123841641111,31.08984375
0,0,2,medium,1.1006162732660953,33.08984375
0,0,2,medium,0.46113681229564796,35.1015625
0,0,2,medium,1.2285520976027489,37.1015625
0,0,2,medium,0.6872206052519221,39.11328125
0,0,2,medium,0.1811493847985648,41.11328125
0,0,2,medium,0.04775045940432636,43.11328125
0,0,2,medium,0.012586884442691659,45.11328125
0,0,2,medium,0.01983640451449915,47.125
0,0,2,medium,0.0063959405474975795,49.15234375
0,0,2,medium,0.0016859516238787015,51.15234375
0,0,2,medium,0.00043979542144098306,53.16796875
0,0,2,medium,0.0629944228738904,55.16796875
0,0,2,medium,0.28458748847476334,57.16796875
0,0,2,medium,0.07446271314947342,59.1796875
0,0,2,small,0.7269370191155364,61.19140625
0,0,2,small,3.88643211356212,63.20703125
0,0,2,small,10.695627378249789,65.21484375
0,0,2,small,13.365101837965078,67.21875
0,0,2,small,35.45602204177061,69.234375
0,0,2,small,64.23351986943624,71.23046875
0,0,2,small,79.58685751444258,73.23046875
0,0,2,small,89.9375829854633,75.24609375
0,0,2,small,97.25061269882202,77.2578125
0,0,2,small,98.06853767098437,79.296875
0,0,2,small,93.565328401377,81.296875
0,0,2,small,97.62945147858676,83.32421875
0,0,2,small,96.06582023423937,85.32421875
0,0,2,small,86.90945323299229,87.34765625
0,1,3,large,14.261009850374485,2.984375
0,1,3,large,7.955698409863377,4.984375
0,1,3,large,26.596453567693594,6.984375
0,1,3,large,32.63968842097263,8.984375
0,1,3,large,17.875383132326597,10.984375
0,1,3,large,5.275734900543806,12.984375
0,1,3,large,1.6880091732667988,14.99609375
0,1,3,large,5.286406214726336,16.99609375
0,1,3,large,6.738979768117697,18.99609375
0,1,3,large,3.229614722827891,20.99609375
0,1,3,large,0.87297328319955,22.99609375
0,1,3,large,0.23017056998476082,24.99609375
0,1,3,large,5.692784886752926,26.99609375
0,1,3,large,11.582226010974036,29.00390625
0,1,3,medium,3.6926532047415037,31.0078125
0,1,3,medium,0.9742022146965994,33.0078125
0,1,3,medium,0.2658937068183532,35.0078125
0,1,3,medium,0.8415172369385739,37.0078125
0,1,3,medium,5.900983089101278,39.01953125
0,1,3,medium,28.057616046969336,41.01953125
0,1,3,medium,19.747262878942223,43.01953125
0,1,3,medium,11.208477995018963,45.01953125
0,1,3,medium,12.788232292744524,47.01953125
0,1,3,medium,18.252828531873984,49.03125
0,1,3,medium,50.37516617969601,51.03515625
0,1,3,medium,71.32993137388156,53.03515625
0,1,3,medium,36.211598150086004,55.03125
0,1,3,medium,14.353627536671402,57.03125
0,1,3,medium,4.825500819934513,59.046875
0,1,3,small,2.2284290899844086,61.046875
0,1,3,small,2.9106445004784085,63.0546875
0,1,3,small,1.5094281711520963,65.05859375
0,1,3,small,0.47198402043780113,67.05859375
0,1,3,small,0.4147652554460923,69.0703125
0,0,1,large,5.4713517161327424e-05,2.984375
0,0,1,large,1.4460274483081946e-05,4.98046875
0,0,1,large,3.8116869701082815e-06,6.98046875
0,0,1,large,9.942027604971143e-07,8.99609375
0,0,1,large,0.032727264645410654,10.99609375
0,0,1,large,1.307136523519575,12.99609375
0,0,1,large,4.119562795588684,14.99609375
0,0,1,large,1.8698298629103842,16.99609375
0,0,1,large,0.7109078866053957,19.0078125
0,0,1,large,0.7242729449004722,21.03515625
0,0,1,large,0.22780389886960137,23.03515625
0,0,1,large,0.05895399095698722,25.0625
0,0,1,large,0.015581427253112939,27.05859375
0,0,1,large,0.004107219631678973,29.05859375
0,0,1,medium,0.07953585198287581,31.07421875
0,0,1,medium,0.4698784807183339,33.07421875
0,0,1,medium,0.1499841898227346,35.0859375
0,0,1,medium,0.03912901761411763,37.1015625
0,0,1,medium,0.21814256834400783,39.1015625
0,0,1,medium,10.983668431444626,41.1015625
0,0,1,medium,16.18488355223525,43.11328125
0,0,1,medium,12.281328240204513,45.11328125
0,0,1,medium,6.821341204951134,47.125
0,0,1,medium,1.9156218700825374,49.16796875
0,0,1,medium,0.7345202019887858,51.1640625
0,0,1,medium,0.21774768487920812,53.1796875
0,0,1,medium,0.05695203370211785,55.19140625
0,0,1,medium,0.015012393093748732,57.19140625
0,0,1,medium,0.00789126722888791,59.20703125
0,0,1,small,0.13328615289232731,61.21875
0,0,1,small,0.2414914905859794,63.23046875
0,0,1,small,2.005070131450462,65.23046875
0,0,1,small,7.444097999410468,67.2578125
0,0,1,small,4.067053873956589,69.26953125
0,0,1,small,1.1901074957349933,71.28515625
0,0,1,small,0.961351362599915,73.28515625
0,0,1,small,7.100500173014572,75.28125
0,0,1,small,26.777365699631492,77.30859375
0,0,1,small,50.77435183440386,79.34765625
0,0,1,small,75.2844441364393,81.34765625
0,0,1,small,81.88986816537707,83.37890625
0,0,1,small,84.070365671507,85.390625
0,0,1,small,57.80221625507436,87.390625
0,1,2,large,53.4934561566633,2.9921875
0,1,2,large,28.30761441951384,4.9921875
0,1,2,large,11.02877180870862,6.9921875
0,1,2,large,21.20945114151553,9.0
0,1,2,large,11.78899108426816,10.9921875
0,1,2,large,3.1477558310948206,12.9921875
0,1,2,large,1.1596837191105314,14.9921875
0,1,2,large,6.91847669315384,16.9921875
0,1,2,large,9.7629862987494,18.98828125
0,1,2,large,13.98810056121932,21.00390625
0,1,2,large,6.9588061936944445,23.00390625
0,1,2,large,4.487562784416791,25.00390625
0,1,2,large,4.484770862621651,27.0
0,1,2,large,1.4287923750180724,29.0
0,1,2,medium,0.54960956650655,31.0
0,1,2,medium,0.15318621162021512,33.0
0,1,2,medium,0.03996893849784864,35.015625
0,1,2,medium,0.11791619318690774,37.015625
0,1,2,medium,2.6983961984001543,39.015625
0,1,2,medium,1.3700359269023155,41.015625
0,1,2,medium,0.8400709162328989,43.015625
0,1,2,medium,8.18564368050878,45.015625
0,1,2,medium,36.94713793889669,47.015625
0,1,2,medium,67.90665047003542,49.02734375
0,1,2,medium,92.59726521063862,51.02734375
0,1,2,medium,88.62774401267309,53.04296875
0,1,2,medium,76.82254763315623,55.0390625
0,1,2,medium,57.78843443594303,57.0390625
0,1,2,medium,79.23928361408946,59.04296875
0,1,2,small,89.01819243148718,61.0390625
0,1,2,small,79.75583686632885,63.0546875
1,0,3,large,38.935402310832245,2.984375
1,0,3,large,77.27849494970083,4.99609375
1,0,3,large,70.44042181570455,7.01171875
1,0,3,large,26.64556529677651,9.0078125
1,0,3,large,81.53826499310752,11.0234375
1,0,3,large,78.48117641414457,13.0390625
1,0,3,large,35.0247280228962,15.03515625
1,0,3,large,59.13492417013644,17.03515625
1,0,3,large,74.92297075959505,19.0625
1,0,3,large,81.89276283013106,21.1015625
1,0,3,large,81.87999735998562,23.1171875
1,0,3,large,93.40532229278607,25.1171875
1,0,3,large,97.96192863636378,27.12890625
1,0,3,large,98.38337987222641,29.12890625
1,0,3,medium,97.79443081130844,31.14453125
1,1,2,large,30.62274916949741,2.98828125
1,1,2,large,15.121365541871572,4.98828125
1,1,2,large,14.456180549054196,6.9921875
1,1,2,large,31.05785990830004,8.98828125
1,1,2,large,27.977225204525652,10.98828125
1,1,2,large,12.258328612654655,12.98828125
1,1,2,large,4.1686975777101125,15.0
1,1,2,large,3.318447493516558,17.0
1,1,2,large,8.967681245534411,19.00390625
1,1,2,large,67.67395096121449,21.0
1,1,2,large,90.24625704952223,23.015625
1,1,2,large,51.11841206796658,25.015625
1,1,2,large,18.172287186978334,27.01171875
1,1,2,large,10.20421384523316,29.02734375
1,1,2,medium,28.563335355275793,31.02734375
1,0,3,large,0.0,2.99609375
1,0,3,large,0.0,5.01171875
1,0,3,large,0.04395078121491552,7.0078125
1,0,3,large,1.2277479204470638,9.0234375
1,0,3,large,4.442777265794236,11.0234375
1,0,3,large,7.042409506421128,13.03515625
1,0,3,large,17.76277710348016,15.03515625
1,0,3,large,14.67202664542077,17.03515625
1,0,3,large,10.429831587640223,19.05078125
1,0,3,large,14.410819645809347,21.0625
1,0,3,large,47.887084054896626,23.0625
1,0,3,large,45.692800915823526,25.07421875
1,0,3,large,25.7295854346715,27.08984375
1,0,3,large,21.286010917339762,29.0859375
1,0,3,medium,18.887347993291982,31.1015625
1,0,3,medium,35.954084651835544,33.11328125
1,0,3,medium,67.6298063736063,35.1171875
1,0,3,medium,50.447710493012664,37.1171875
1,0,3,medium,21.551385414616355,39.12890625
1,0,3,medium,5.903793076156249,41.12890625
1,0,3,medium,4.562991585642044,43.125
1,0,3,medium,71.8530763435553,45.125
1,0,3,medium,57.7025916949417,47.140625
1,0,3,medium,22.49511705940356,49.16796875
1,0,3,medium,21.990670429781495,51.18359375
1,0,3,medium,61.14359763673956,53.1953125
1,0,3,medium,44.78250002668075,55.20703125
1,0,3,medium,20.92788420517849,57.22265625
1,0,3,medium,27.17819683796782,59.22265625
1,0,3,small,49.24193534588491,61.24609375
1,0,3,small,33.195147270064815,63.26171875
1,0,3,small,32.124713967264604,65.2734375
1,0,3,small,60.59636981596815,67.2890625
1,0,3,small,51.296485268987,69.35546875
1,0,3,small,53.434636530977286,71.3828125
1,1,2,large,0.23443493681624727,2.9921875
1,1,2,large,0.19394659086533833,4.9921875
1,1,2,large,0.05176667926205221,6.9921875
1,1,2,large,0.045957303808886976,8.9921875
1,1,2,large,0.23639445019849165,10.9921875
1,1,2,large,0.0687891640371386,12.98828125
1,1,2,large,0.3517737513956578,14.98828125
1,1,2,large,3.1138587617867675,17.00390625
1,1,2,large,4.573109462223666,19.00390625
1,1,2,large,13.197333189201919,21.00390625
1,1,2,large,6.982031428189683,23.015625
1,1,2,large,2.820378950758056,25.01953125
1,1,2,large,4.778114935511855,27.015625
1,1,2,large,10.898431275373738,29.015625
1,1,2,medium,24.244245106432416,31.03125
1,1,2,medium,27.69471084923,33.03125
1,1,2,medium,47.12778505029124,35.03125
1,1,2,medium,74.13548592084268,37.04296875
1,1,2,medium,73.4759955461365,39.06640625
1,1,2,medium,52.302592616315216,41.05859375
1,1,2,medium,24.883240921837505,43.05859375
1,1,2,medium,26.165677816239587,45.05859375
1,1,2,medium,30.651980212504125,47.0546875
1,1,2,medium,30.199272502340143,49.0703125
1,1,2,medium,43.08270757543926,51.0703125
1,1,2,medium,50.458493533726525,53.0859375
1,1,2,medium,86.87910016965441,55.09765625
1,1,2,medium,95.93183299444073,57.09765625
1,1,2,medium,95.28713219239941,59.109375
1,0,1,large,29.547135175951382,3.00390625
1,0,1,large,8.886633289519235,5.01953125
1,0,1,large,3.708440446637676,7.03125
1,0,1,large,1.4687196369271136,9.03125
1,0,1,large,0.3871638497165445,11.03125
1,0,1,large,0.10205528276714873,13.03125
1,0,1,large,0.026901480467011733,15.03125
1,0,1,large,0.007091153262180437,17.03125
1,0,1,large,0.001854606633011421,19.04296875
1,0,1,large,0.04948610516117434,21.0703125
1,0,1,large,0.019563333349725265,23.0703125
1,0,1,large,0.13126825963395125,25.0703125
1,0,1,large,16.326666583951223,27.08203125
1,0,1,large,8.539225177193972,29.0859375
1,0,1,medium,17.728104063295707,31.09765625
1,0,1,medium,10.285667415066122,33.09765625
1,0,1,medium,6.451255305931166,35.09765625
1,0,1,medium,6.965886803181286,37.09765625
1,0,1,medium,5.772330312626231,39.109375
1,0,1,medium,1.662254188902662,41.109375
1,0,1,medium,0.5618571213047416,43.109375
1,0,1,medium,2.0762923827356277,45.11328125
1,0,1,medium,4.754010032738366,47.125
1,0,1,medium,5.457378700058301,49.1484375
1,0,1,medium,12.352244912790265,51.1640625
1,0,1,medium,22.563004481573806,53.17578125
1,0,1,medium,6.421762733186199,55.19140625
1,0,1,medium,1.8119681137953585,57.19140625
1,0,1,medium,1.8578089034568355,59.23046875
1,1,1,large,0.0002886412378045195,2.9921875
1,1,1,large,3.8084182599997005,4.9921875
1,1,1,large,36.49435965388283,7.0
1,1,1,large,56.78254700402337,8.9921875
1,1,1,large,19.906782405745183,10.9921875
1,1,1,large,9.202156291040318,12.9921875
1,1,1,large,5.757610878440906,14.9921875
1,1,1,large,9.171100397978934,16.9921875
1,1,1,large,33.09027334351601,18.9921875
1,1,1,large,31.508241266899546,21.00390625
1,1,1,large,33.14982673215931,23.0078125
1,1,1,large,20.444928207924768,25.00390625
1,1,1,large,18.796093102500947,27.00390625
1,1,1,large,31.805918996408153,29.00390625
1,1,1,medium,65.18499359212475,31.00390625
1,1,1,medium,60.521137949852815,33.00390625
1,1,1,medium,42.93803164797765,35.015625
1,1,1,medium,28.718005766002932,37.015625
1,1,1,medium,23.16743913680796,39.04296875
1,1,1,medium,49.55706039018975,41.03125
1,1,1,medium,46.581378861789176,43.03125
1,1,1,medium,25.86292972444122,45.03125
1,1,1,medium,18.802516396854877,47.03125
1,1,1,medium,16.916500655278345,49.04296875
1,0,2,large,0.0,2.984375
1,0,2,large,0.0,4.984375
1,0,2,large,0.0067575966270337386,6.99609375
1,0,2,large,0.8816908047682893,8.99609375
1,0,2,large,0.2776586607668816,11.0
1,0,2,large,0.07979289954346463,13.01171875
1,0,2,large,11.688126674356411,15.01171875
1,0,2,large,8.976915897597724,17.01171875
1,0,2,large,3.2035519116633573,19.01171875
1,0,2,large,6.601252272600175,21.03515625
1,0,2,large,44.66653487027823,23.05078125
1,0,2,large,24.189814731207726,25.0625
1,0,2,large,12.877426236988565,27.078125
1,0,2,large,17.879337076949824,29.078125
1,0,2,medium,23.630749312385156,31.08984375
1,0,2,medium,40.87266488777806,33.08984375
1,0,2,medium,60.85747738230064,35.08984375
1,0,2,medium,43.77877842283401,37.08984375
1,0,2,medium,64.07738120088578,39.1015625
1,0,2,medium,36.07431072409338,41.1171875
1,0,2,medium,23.687029392812775,43.1171875
1,0,2,medium,53.69996851872999,45.12890625
1,0,2,medium,83.93567903072326,47.12890625
1,0,2,medium,78.56410990490878,49.16015625
1,0,2,medium,71.06097382042807,51.16796875
1,0,2,medium,76.16060017873774,53.1953125
1,0,2,medium,80.10444553265826,55.2109375
1,0,2,medium,95.37214312287513,57.2109375
1,0,2,medium,98.74598396285421,59.20703125
1,0,2,small,99.02983822166141,61.23828125
1,0,2,small,95.78938471132481,63.28515625
1,0,2,small,93.17646129927795,65.2890625
1,0,2,small,97.82398882038146,67.2890625
1,0,2,small,98.58570302471948,69.2890625
1,0,2,small,99.64939958427725,71.30078125
1,0,2,small,99.94950065788689,73.30078125
1,0,2,small,99.78553365131515,75.30078125
1,0,2,small,96.10140668205628,77.33984375
1,1,3,large,0.0,2.9921875
1,1,3,large,0.0,4.9921875
1,1,3,large,0.0,6.9921875
1,1,3,large,0.0,9.0
1,1,3,large,0.000537300554925201,10.9921875
1,1,3,large,0.00014052228793769698,13.00390625
1,1,3,large,3.7041272941851134e-05,15.00390625
1,1,3,large,9.739005287833266e-06,17.0078125
1,1,3,large,2.573755481685606e-06,19.00390625
1,1,3,large,6.784345791819918e-07,21.00390625
1,1,3,large,0.3854271391896645,23.00390625
1,1,3,large,10.263926360144971,25.0234375
1,1,3,large,32.48537524178754,27.015625
1,1,3,large,43.20482033540314,29.015625
1,1,3,medium,33.99206055150413,31.015625
1,1,3,medium,16.564334127970998,33.01953125
1,1,3,medium,12.081396670863922,35.03125
1,1,3,medium,3.7258781848531464,37.03125
1,1,3,medium,1.2020666974769776,39.02734375
1,1,3,medium,2.321181039535028,41.03125
1,1,3,medium,6.939178665204743,43.03125
1,1,3,medium,3.3969717161139625,45.04296875
1,1,3,medium,2.0516683240921045,47.04296875
1,1,3,medium,4.628116476008236,49.04296875
1,1,3,medium,1.6575247973968583,51.0625
1,1,3,medium,3.0224153263279674,53.05859375
1,1,3,medium,58.15411227936266,55.05859375
1,1,3,medium,65.83941849023782,57.05859375
1,1,3,medium,28.30574307968854,59.05859375
1,1,3,small,15.139332757878524,61.0703125
1,1,3,small,8.351045836735583,63.0703125
1,1,3,small,4.754587626422907,65.09765625
1,1,3,small,3.4589314589186064,67.17578125
1,0,3,large,0.0,3.00390625
1,0,3,large,0.0,5.01953125
1,0,3,large,0.042099393314432375,7.03125
1,0,3,large,1.8441727529468865,9.046875
1,0,3,large,5.817825053914527,11.046875
1,0,3,large,2.9244222364713988,13.046875
1,0,3,large,0.7789196492797958,15.046875
1,0,3,large,0.26668487682422337,17.04296875
1,0,3,large,0.1062263440740974,19.05859375
1,0,3,large,0.17023155769572504,21.0859375
1,0,3,large,0.14674779705231866,23.0859375
1,0,3,large,16.315919277844547,25.1015625
1,0,3,large,62.08712902820407,27.09765625
1,0,3,large,59.47341415337668,29.109375
1,0,3,medium,27.520914267767502,31.125
1,0,3,medium,45.294720693892174,33.13671875
1,0,3,medium,62.39360334009057,35.13671875
1,0,3,medium,44.960776966735565,37.15234375
1,0,3,medium,29.100052143037182,39.15234375
1,0,3,medium,49.68833515382863,41.1640625
1,0,3,medium,65.61402567807053,43.1640625
1,0,3,medium,68.41815013154982,45.1640625
1,0,3,medium,51.86295545791359,47.17578125
1,0,3,medium,29.22595328346909,49.1875
1,0,3,medium,15.886944624516563,51.203125
1,0,3,medium,27.15299178590967,53.203125
1,0,3,medium,25.86840202374082,55.203125
1,0,3,medium,36.60233438349039,57.21484375
1,0,3,medium,16.403547965474303,59.21484375
1,0,3,small,23.02181817756467,61.23046875
1,0,3,small,39.72619094816267,63.2578125
1,0,3,small,18.23291046030599,65.359375
1,1,1,large,3.365150313159685,2.9921875
1,1,1,large,1.185620052409982,4.9921875
1,1,1,large,0.343868398939255,6.9921875
1,1,1,large,4.035812589184933,8.9921875
1,1,1,large,17.777894015215978,10.9921875
1,1,1,large,6.4243335391769705,12.9921875
1,1,1,large,2.1635192750631878,15.01171875
1,1,1,large,0.5801740147435561,17.00390625
1,1,1,large,0.16899532230564718,19.00390625
1,1,1,large,2.0479539715970527,21.00390625
1,1,1,large,0.6951915849405458,23.00390625
1,1,1,large,3.9873902544398425,25.00390625
1,1,1,large,3.410694251454424,27.00390625
1,1,1,large,4.549371035850981,29.01953125
1,1,1,medium,3.522609202501676,31.03125
1,1,1,medium,1.076174556845801,33.03125
1,0,1,large,22.936279272964995,3.0234375
1,0,1,large,8.011291105351361,5.0390625
1,0,1,large,2.2161864299833267,7.14453125
1,0,1,large,0.973540968757484,9.1953125
1,0,1,large,0.2563353816324162,11.2109375
1,0,1,large,0.06704331244009262,13.2265625
1,0,1,large,0.2858379869669494,15.23046875
1,0,1,large,0.2294643337424811,17.234375
1,0,1,large,4.079423470143919,19.25390625
1,0,1,large,1.6012501055465718,21.27734375
1,0,1,large,0.946634249262944,23.27734375
1,0,1,large,0.38842748386568926,25.29296875
1,0,1,large,9.366254582763133,27.29296875
1,0,1,large,6.794252948423552,29.29296875
1,0,1,medium,1.8544352100408226,31.3046875
1,0,1,medium,1.4693046700250851,33.3046875
1,0,1,medium,14.831627313236009,35.30859375
1,0,1,medium,46.17889878541148,37.3046875
1,0,1,medium,34.72275935766971,39.31640625
1,0,1,medium,11.872121610951158,41.31640625
1,0,1,medium,16.846602486166844,43.33203125
1,0,1,medium,15.423574674475077,45.33203125
1,0,1,medium,5.306359297082045,47.33203125
1,0,1,medium,2.7797615501492268,49.35546875
1,0,1,medium,17.452720830391037,51.37109375
1,0,1,medium,33.32989685528345,53.3828125
1,0,1,medium,29.767737777999653,55.3984375
1,0,1,medium,31.023204933293737,57.43359375
1,0,1,medium,58.86130980028375,59.46484375
1,0,1,small,80.58629530346171,61.4765625
1,0,1,small,61.114688543471985,63.48828125
1,0,1,small,47.142739755953265,65.50390625
1,0,1,small,42.75345818149241,67.51953125
1,0,1,small,24.075971692702215,69.515625
1,0,1,small,18.451236948244002,71.53125
1,0,1,small,30.95054110612911,73.53125
1,0,1,small,34.50080665661778,75.53125
1,0,1,small,26.00902842069532,77.58203125
1,0,1,small,28.575678642069096,79.59375
1,0,1,small,73.91971476601029,81.62109375
1,0,1,small,62.69891744266252,83.63671875
1,1,2,large,0.0,2.96875
1,1,2,large,0.06279889961028837,4.984375
1,1,2,large,0.026067393192618898,6.984375
1,1,2,large,0.24376435738489877,8.99609375
1,1,2,large,4.477519938109523,11.0
1,1,2,large,8.804711596708382,12.99609375
1,1,2,large,11.920368083919678,15.015625
1,1,2,large,33.45733746132898,17.0078125
1,1,2,large,35.777947081479354,19.0234375
1,1,2,large,44.10786966205032,21.0234375
1,1,2,large,65.69819671728453,23.03515625
1,1,2,large,74.2254071468932,25.03515625
1,1,2,large,48.013059424176305,27.03515625
1,1,2,large,30.170457681743994,29.03515625
1,1,2,medium,35.53728942030606,31.03515625
1,1,2,medium,36.23894921221252,33.046875
1,1,2,medium,51.597562212892655,35.046875
1,1,2,medium,38.69537290539456,37.046875
1,1,2,medium,15.596170663031529,39.046875
1,1,2,medium,12.885065762916469,41.05078125
1,1,2,medium,34.89886255949783,43.0625
1,1,2,medium,32.904376357344745,45.0625
1,1,2,medium,39.82370871780786,47.0625
1,1,2,medium,62.88207018129389,49.0625
1,1,2,medium,70.71779275236791,51.07421875
1,1,2,medium,76.10487669400916,53.07421875
1,1,2,medium,89.10363812065731,55.07421875
1,1,2,medium,89.11770742666464,57.07421875
1,1,2,medium,89.05937884339127,59.07421875
1,1,2,small,91.23098378569543,61.0859375
1,1,2,small,53.75125048405417,63.11328125
1,1,2,small,13.526838982770977,65.20703125
1,0,2,large,0.0,2.99609375
1,0,2,large,0.0,4.99609375
1,0,2,large,0.0,6.99609375
1,0,2,large,0.0,9.0078125
1,0,2,large,1.2299428501085738e-05,11.01171875
1,0,2,large,7.972978126819847,13.0078125
1,0,2,large,16.091235997532152,15.01171875
1,0,2,large,4.42133551592544,17.0078125
1,0,2,large,1.1642944796581363,19.0234375
1,0,2,large,0.3013398645204949,21.05078125
1,0,2,large,0.07943232588778348,23.05078125
1,0,2,large,0.02093813377789555,25.05078125
1,0,2,large,0.028244561741254646,27.05078125
1,0,2,large,0.026148379123171833,29.0625
1,0,2,medium,5.836084399184098,31.1015625
1,0,2,medium,32.39264077397512,33.1015625
1,0,2,medium,58.6249923617682,35.1171875
1,0,2,medium,49.596238232963714,37.1171875
1,0,2,medium,17.417901751713462,39.12890625
1,0,2,medium,8.030354100576059,41.12890625
1,0,2,medium,3.575008341873252,43.12890625
1,0,2,medium,1.0598154068790215,45.12890625
1,0,2,medium,2.5423857962064393,47.12890625
1,0,2,medium,27.052331754506334,49.15625
1,0,2,medium,49.09366044828747,51.16796875
1,0,2,medium,35.49222858568574,53.1796875
1,0,2,medium,33.02931934575799,55.20703125
1,0,2,medium,37.298436149751204,57.20703125
1,0,2,medium,30.243533582788302,59.234375
1,1,2,large,0.0,2.9921875
1,1,2,large,1.1211028118642135,4.9921875
1,1,2,large,19.625166455013428,6.9921875
1,1,2,large,39.568743414631555,8.9921875
1,1,2,large,24.010486609825413,10.9921875
1,1,2,large,39.6771263423769,12.9921875
1,1,2,large,29.80868178757843,14.9921875
1,1,2,large,22.46677481485806,16.9921875
1,1,2,large,9.455000826415406,19.00390625
1,1,2,large,2.4923111587249394,21.00390625
1,1,2,large,0.6569660887337869,23.00390625
1,1,2,large,0.17317438082930933,25.00390625
1,1,2,large,0.045648271181569035,27.00390625
1,1,2,large,0.012032753643392239,29.00390625
1,1,2,medium,0.026172463886017912,31.01953125
1,1,2,medium,0.33692254227845064,33.01953125
1,1,2,medium,0.9958433091503274,35.01953125
1,1,2,medium,2.4161783134520913,37.03125
1,1,2,medium,1.5435829615202417,39.03125
1,1,2,medium,4.913117997171881,41.03125
1,1,2,medium,7.351223923866363,43.03125
1,0,1,large,0.5216297626975483,2.98828125
1,0,1,large,0.39720583492953726,4.9921875
1,0,1,large,0.46160187356627885,7.0078125
1,0,1,large,1.3933225296900407,9.015625
1,0,1,large,2.5023157538217493,11.015625
1,0,1,large,0.6726203846488947,13.02734375
1,0,1,large,0.26432658438420265,15.02734375
1,0,1,large,0.6541091591034289,17.02734375
1,0,1,large,1.1574736456888073,19.0546875
1,0,1,large,1.1024530124860066,21.06640625
1,0,1,large,0.470849787869226,23.08203125
1,0,1,large,2.432603236118793,25.08203125
1,0,1,large,18.432864183791658,27.08203125
1,0,1,large,12.741053703229724,29.09765625
1,0,1,medium,23.143395960771727,31.10546875
1,0,1,medium,18.417126622325995,33.109375
1,0,1,medium,45.965144809579044,35.12109375
1,0,1,medium,56.41743036320497,37.12109375
1,0,1,medium,38.96844106009955,39.13671875
1,0,1,medium,38.01526999082389,41.1328125
1,0,1,medium,29.534625526082237,43.1328125
1,0,1,medium,21.519976204098757,45.1328125
1,0,1,medium,40.57463575242262,47.1328125
1,0,1,medium,44.66064535282306,49.1640625
1,0,1,medium,65.32094630597909,51.17578125
1,0,1,medium,80.63456441787301,53.1875
1,0,1,medium,95.55896625665777,55.203125
1,0,1,medium,96.4949887270694,57.203125
1,0,1,medium,93.20788897361011,59.21484375
1,0,1,small,89.22276156969752,61.2265625
1,0,1,small,68.3719428597788,63.2421875
1,1,3,large,0.0034021387817266676,2.984375
1,1,3,large,0.0021089144041264505,4.984375
1,1,3,large,0.14450425732409622,6.984375
1,1,3,large,10.442154060908678,9.0
1,1,3,large,12.81505033998537,11.0
1,1,3,large,16.494282214531164,13.0
1,1,3,large,13.725889240682466,15.0
1,1,3,large,41.782766586859225,17.0
1,1,3,large,61.82243460990718,18.99609375
1,1,3,large,78.10020993695471,20.99609375
1,1,3,large,46.47049315875771,22.99609375
1,1,3,large,17.25946870093476,25.01171875
1,1,3,large,4.7458888524190055,27.01171875
1,1,3,large,1.2583461479904683,29.01171875
1,1,3,medium,1.2300205846525731,31.01171875
1,1,3,medium,0.3775756420250246,33.01171875
1,1,3,medium,0.09799294379784701,35.03515625
2,0,2,large,0.0,2.99609375
2,0,2,large,0.0,4.99609375
2,0,2,large,0.0,6.99609375
2,0,2,large,0.0,9.0078125
2,0,2,large,0.4241574856667363,11.0078125
2,0,2,large,0.8365275687631667,13.0234375
2,0,2,large,1.1507007337973345,15.03515625
2,0,2,large,6.991638377002197,17.03515625
2,0,2,large,11.896941007272321,19.08984375
2,0,2,large,5.0830260120775,21.11328125
2,0,2,large,3.258385743338623,23.140625
2,0,2,large,4.301942990409231,25.15234375
2,0,2,large,3.4020408691153574,27.15234375
2,0,2,large,1.6200603685500068,29.15234375
2,0,2,medium,1.4585109261513431,31.20703125
2,0,2,medium,6.036558119615595,33.22265625
2,0,2,medium,18.03199968683042,35.24609375
2,0,2,medium,23.45543547984802,37.2578125
2,0,2,medium,57.01284471319148,39.35546875
2,0,2,medium,84.45303023415715,41.3671875
2,0,2,medium,74.92549234369527,43.3828125
2,0,2,medium,63.40569404284112,45.3984375
2,0,2,medium,78.78492840719039,47.40625
2,0,2,medium,67.62524718239973,49.4609375
2,0,2,medium,78.17704671454466,51.46484375
2,0,2,medium,85.15931240036974,53.47265625
2,0,2,medium,88.20362489521497,55.48828125
2,0,2,medium,79.40029495417221,57.48828125
2,0,2,medium,83.73258250835985,59.51171875
2,0,2,small,83.82096906034793,61.52734375
2,1,3,large,0.5966376011314909,3.00390625
2,1,3,large,3.953524158349225,5.0
2,1,3,large,2.3854079986197076,7.0078125
2,1,3,large,1.8848059733019196,9.0
2,1,3,large,0.960194595379064,11.0
2,1,3,large,7.0423495686952045,13.015625
2,1,3,large,5.560057921665182,15.01171875
2,1,3,large,4.8410803977842445,17.01171875
2,1,3,large,6.27708180558618,19.01171875
2,1,3,large,5.770924003048916,21.02734375
2,1,3,large,15.427690371851938,23.0390625
2,1,3,large,53.52516643859173,25.12109375
2,1,3,large,82.93838594847648,27.21484375
2,1,3,large,94.29809571183097,29.28125
2,1,3,medium,96.07333969231593,31.3046875
2,1,3,medium,97.03456833354694,33.3203125
2,1,3,medium,91.72057377866037,35.3203125
2,1,3,medium,81.49216197842627,37.33203125
2,1,3,medium,59.519438569788406,39.33203125
2,0,3,large,0.3822121716329404,3.0
2,0,3,large,0.23802431110698696,5.0
2,0,3,large,0.0666797986742765,7.0
2,0,3,large,0.8603440197985088,9.01171875
2,0,3,large,1.6483364115130226,11.02734375
2,0,3,large,0.8951629387031703,13.02734375
2,0,3,large,0.40230478884874443,15.0390625
2,0,3,large,0.14524229662155194,17.0390625
2,0,3,large,0.11929871707396629,19.05078125
2,0,3,large,0.20852948534312457,21.078125
2,0,3,large,1.451658452956038,23.09375
2,0,3,large,3.4980064027908853,25.1171875
2,0,3,large,1.0443334023734527,27.12109375
2,0,3,large,0.3664779869762356,29.12109375
2,0,3,medium,0.38044923234842787,31.16015625
2,0,3,medium,4.564554927916925,33.18359375
2,0,3,medium,3.804025478650673,35.19921875
2,0,3,medium,2.9793936390276357,37.23828125
2,0,3,medium,6.514858560604937,39.265625
2,0,3,medium,19.580115204674193,41.27734375
2,0,3,medium,23.720321190107626,43.27734375
2,0,3,medium,22.17848598986139,45.27734375
2,0,3,medium,48.36239139021134,47.29296875
2,0,3,medium,34.17650578153158,49.37109375
2,0,3,medium,71.95598248816495,51.37109375
2,0,3,medium,92.95667847170458,53.41015625
2,0,3,medium,98.02598199084419,55.42578125
2,0,3,medium,95.8204502295195,57.4375
2,0,3,medium,86.58141612724279,59.44921875
2,0,3,small,87.30312581078884,61.4609375
2,0,3,small,93.28375295963316,63.50390625
2,0,3,small,97.82007603114133,65.5859375
2,1,1,large,1.7256784921868062,2.984375
2,1,1,large,2.444733099241751,4.99609375
2,1,1,large,12.491117587049642,6.99609375
2,1,1,large,16.70422273052874,8.99609375
2,1,1,large,19.20580958104666,10.99609375
2,1,1,large,12.657405387586897,13.0078125
2,1,1,large,6.9000170614079765,15.0078125
2,1,1,large,3.19093543441634,17.0078125
2,1,1,large,2.356339289799717,19.0234375
2,1,1,large,8.273449135043032,21.0234375
2,1,1,large,15.35663644513647,23.0234375
2,1,1,large,21.488862372660932,25.0234375
2,1,1,large,58.39334432553305,27.03515625
2,1,1,large,86.68078307735148,29.05078125
2,1,1,medium,93.34362408222017,31.046875
2,0,1,large,0.1407007760401658,2.99609375
2,0,1,large,2.7957046655267637,4.99609375
2,0,1,large,1.7496235601980936,6.99609375
2,0,1,large,0.9117565290109888,9.0078125
2,0,1,large,3.088647444218434,11.0078125
2,0,1,large,5.70976325694666,13.0078125
2,0,1,large,4.056054040034203,15.0078125
2,0,1,large,5.262727949273599,17.0078125
2,0,1,large,23.79530447548956,19.046875
2,0,1,large,7.473485678674984,21.08203125
2,0,1,large,5.081541329703057,23.07421875
2,0,1,large,10.686111558024116,25.09765625
2,0,1,large,19.726468019933346,27.09765625
2,0,1,large,9.841921539151167,29.09765625
2,0,1,medium,3.3987439948141844,31.140625
2,0,1,medium,16.915246720439214,33.15625
2,0,1,medium,34.03608439760658,35.1953125
2,0,1,medium,40.62634548233444,37.203125
2,0,1,medium,40.32955179950648,39.203125
2,0,1,medium,38.542433338495485,41.21875
2,0,1,medium,19.42822746351244,43.23046875
2,0,1,medium,47.35916757466041,45.25
2,0,1,medium,69.93743086798726,47.3125
2,0,1,medium,75.25649448786912,49.3671875
2,0,1,medium,94.34948420052598,51.37890625
2,0,1,medium,97.23800173074856,53.37890625
2,0,1,medium,99.41971972544869,55.47265625
2,0,1,medium,98.87388644001703,57.484375
2,0,1,medium,98.68467134894337,59.5234375
2,1,2,large,0.654670057162016,2.984375
2,1,2,large,1.6744216269315875,4.984375
2,1,2,large,1.4845373939932418,6.99609375
2,1,2,large,2.2467149581881043,9.0
2,1,2,large,1.2882996159260836,10.99609375
2,1,2,large,0.7343541163274081,13.01171875
2,1,2,large,0.3870680995275494,15.01171875
2,1,2,large,6.196219130414765,17.01171875
2,1,2,large,9.484100167367298,19.0234375
2,1,2,large,4.455581870844458,21.0234375
2,1,2,large,26.013805226524465,23.078125
2,1,2,large,54.58273166559009,25.09375
2,1,2,large,91.41048379547854,27.1171875
2,1,2,large,91.7996406916728,29.1171875
2,1,2,medium,54.05671994129054,31.1171875
2,0,2,large,0.013830634692913214,2.9921875
2,0,2,large,1.6924222336480403,4.9921875
2,0,2,large,1.3064929330545456,6.9921875
2,0,2,large,0.9123268871393785,8.9921875
2,0,2,large,1.3092370775732918,11.00390625
2,0,2,large,0.5989319843159913,13.00390625
2,0,2,large,0.18242207399436394,15.0078125
2,0,2,large,0.06682494953255955,17.015625
2,0,2,large,0.03684482305696499,19.03125
2,0,2,large,2.51456139504926,21.04296875
2,0,2,large,2.4004908769210735,23.05859375
2,0,2,large,4.276031119530904,25.05859375
2,0,2,large,4.425719019141456,27.05859375
2,0,2,large,5.71896390026547,29.0703125
2,0,2,medium,6.683014934200099,31.09765625
2,0,2,medium,40.546579360674485,33.11328125
2,0,2,medium,25.45174965246788,35.11328125
2,0,2,medium,14.451175202716412,37.11328125
2,0,2,medium,24.731137213312294,39.125
2,0,2,medium,36.556048242051396,41.16015625
2,0,2,medium,50.41824616125327,43.1640625
2,0,2,medium,49.98377240704426,45.171875
2,0,2,medium,64.83175964661174,47.17578125
2,0,2,medium,79.25090633888698,49.21875
2,0,2,medium,82.09403068164559,51.23046875
2,0,2,medium,85.52283707377947,53.25390625
2,0,2,medium,97.22059546613087,55.390625
2,0,2,medium,99.31032154679792,57.484375
2,0,2,medium,99.64735102794424,59.5234375
2,1,1,large,0.03521021911379134,2.9921875
2,1,1,large,1.2204540463137294,4.9921875
2,1,1,large,0.4067399902692085,6.99609375
2,1,1,large,1.3793955192838163,9.00390625
2,1,1,large,1.4772185379278988,11.00390625
2,1,1,large,2.713648293286773,13.00390625
2,1,1,large,12.167744162655387,15.00390625
2,1,1,large,21.634153165723994,17.015625
2,1,1,large,26.443396535616742,19.0234375
2,1,1,large,39.162403163542635,21.015625
2,1,1,large,50.126277272096075,23.015625
2,1,1,large,36.31558150561487,25.03125
2,1,1,large,34.50724660685946,27.03125
2,1,1,large,50.85831716324361,29.04296875
2,1,1,medium,93.09950836330854,31.0546875
2,1,1,medium,97.2322871661884,33.0546875
2,1,1,medium,97.95308790426103,35.0703125
2,1,1,medium,96.42639367290661,37.0703125
2,1,2,large,0.2410935338348088,2.99609375
2,1,2,large,0.3799422296864402,4.99609375
2,1,2,large,2.2171678258742746,6.99609375
2,1,2,large,24.199483680890193,8.99609375
2,1,2,large,1.1731194455498013,2.984375
2,1,2,large,3.4623929234822537,4.984375
2,1,2,large,30.938946560351184,6.984375
2,1,2,large,74.71234742505271,8.984375
2,1,2,large,69.51291127139862,10.984375
2,1,2,large,51.49251881655492,12.9921875
2,1,2,large,40.73476780634219,14.99609375
2,1,2,large,22.320531121856956,16.99609375
2,1,2,large,6.564193722686266,18.99609375
2,1,2,large,23.412010720659353,20.99609375
2,1,2,large,64.58083198323787,23.0078125
2,1,2,large,42.05918711427565,25.0078125
2,1,2,large,17.702013756807588,27.0078125
2,1,2,large,39.361883641656476,29.0078125
2,1,2,medium,41.405336637630384,31.0078125
2,1,2,medium,60.72972730715618,33.0234375
2,1,2,medium,89.20559837002169,35.0234375
2,0,3,large,0.3018210746807476,3.00390625
2,0,3,large,0.4713434770685286,5.01953125
2,0,3,large,0.13993044160006324,7.02734375
2,0,3,large,0.039777464176446814,9.01953125
2,0,3,large,0.7503818638923088,11.03125
2,0,3,large,2.879188588531524,13.03125
2,0,3,large,1.1829622381112825,15.03125
2,0,3,large,0.3780953051948323,17.05859375
2,0,3,large,4.248502165895916,19.125
2,0,3,large,2.9456702487593627,21.1875
2,0,3,large,8.83297745509114,23.1875
2,0,3,large,9.867989479777153,25.203125
2,0,3,large,9.12972195330255,27.203125
2,0,3,large,4.6832579415815525,29.203125
2,0,3,medium,3.238548332745919,31.23046875
2,0,3,medium,28.765205701051386,33.2421875
2,0,3,medium,71.36756949230107,35.30859375
2,0,3,medium,82.06885081013256,37.3359375
2,0,3,medium,96.95173855366023,39.4296875
2,0,3,medium,97.31225194836114,41.45703125
2,0,3,medium,82.35334092610574,43.46875
2,0,3,medium,86.15983546718623,45.484375
2,0,3,medium,94.48392366262425,47.49609375
2,0,3,medium,94.55557844870722,49.53515625
2,0,3,medium,87.13873509078692,51.546875
2,0,3,medium,90.75576564354657,53.6015625
2,0,3,medium,92.83700509886441,55.6015625
2,0,3,medium,87.6226346476073,57.6171875
2,0,3,medium,88.10377696413582,59.6484375
2,1,3,large,0.023071808829144606,2.9921875
2,1,3,large,0.5477271424561407,5.00390625
2,1,3,large,2.6104400585318253,7.0078125
2,1,3,large,26.139870639957863,9.00390625
2,1,3,large,54.18530558901187,10.9921875
2,1,3,large,48.77731000839107,13.00390625
2,1,3,large,57.61287946730367,15.00390625
2,1,3,large,47.39572877399687,17.00390625
2,1,3,large,39.76132993755981,19.01953125
2,0,2,large,0.0,2.9921875
2,0,2,large,0.06452444944893058,5.00390625
2,0,2,large,0.19837670606668162,6.98828125
2,0,2,large,0.0941422844094798,8.9921875
2,0,2,large,13.098775406872827,11.00390625
2,0,2,large,12.340948996720948,13.015625
2,0,2,large,5.814440782543652,15.03125
2,0,2,large,4.4146456394796205,17.03125
2,0,2,large,4.7777933362123814,19.03125
2,0,2,large,2.4697208398188373,21.08203125
2,0,2,large,0.9555882725584292,23.08203125
2,0,2,large,3.3674261466577633,25.12109375
2,0,2,large,3.745725537124554,27.12109375
2,0,2,large,4.839661079746883,29.12109375
2,0,2,medium,2.6107035466834376,31.1875
2,0,2,medium,11.49864874871522,33.203125
2,0,2,medium,13.556489885179204,35.28125
2,0,2,medium,77.83434246088254,37.28125
2,0,2,medium,71.49040155262033,39.29296875
2,0,2,medium,67.77181326292782,41.29296875
2,0,2,medium,57.3334423424654,43.30078125
2,0,2,medium,54.310032612493906,45.30859375
2,0,2,medium,85.44834484678341,47.3203125
2,0,2,medium,95.07223557167308,49.375
2,0,2,medium,98.394737140608,51.38671875
2,0,2,medium,97.98512293642428,53.3984375
2,0,2,medium,98.7266279012873,55.44921875
2,0,2,medium,98.16414811018686,57.453125
2,0,2,medium,97.10187134067814,59.4921875
2,0,2,small,99.34904854300655,61.53515625
2,1,1,large,0.6600782702430845,2.9921875
2,1,1,large,4.247293061584355,4.9921875
2,1,1,large,12.234392651670674,6.9921875
2,1,1,large,8.694032588078187,8.9921875
2,1,1,large,4.338890037427759,10.9921875
2,1,1,large,1.981502138548987,12.9921875
2,1,1,large,1.5700444437231829,14.9921875
2,1,1,large,2.1997564288491867,16.9921875
2,1,1,large,5.950535217075255,19.00390625
2,1,1,large,9.06864448525115,21.00390625
2,1,1,large,47.99554582031334,23.00390625
2,1,1,large,35.13706598887822,25.015625
2,1,1,large,47.03146038331728,27.015625
2,1,1,large,79.61080106788293,29.015625
2,1,1,medium,61.790463017939004,31.03125
2,1,1,medium,73.90945013605625,33.02734375
2,1,1,medium,83.25066935703934,35.03125
2,1,1,medium,76.47601919756626,37.03125
2,1,1,medium,89.85807428631,39.03125
2,1,1,medium,89.37854975586417,41.03125
2,1,1,medium,93.3937835040406,43.02734375
2,1,1,medium,88.60764186161457,45.04296875
2,0,2,large,16.97288673709275,2.9921875
2,0,2,large,19.180771405857612,4.9921875
2,0,2,large,14.701984460366074,6.9921875
2,0,2,large,24.00775057589042,8.9921875
2,0,2,large,52.85211454466891,11.00390625
2,0,2,large,21.603688376994846,13.01171875
2,0,2,large,8.03047686726402,15.015625
2,0,2,large,9.58881121206349,17.03125
2,0,2,large,8.416983600767459,19.04296875
2,0,2,large,2.735561045728618,21.109375
2,0,2,large,7.477033271789093,23.15234375
2,0,2,large,44.055747260386084,25.17578125
2,0,2,large,62.96787981373156,27.19140625
2,0,2,large,63.21190755216496,29.1875
2,0,2,medium,50.11038249371617,31.23046875
2,0,2,medium,52.185814497371965,33.2421875
2,0,2,medium,39.631347228855745,35.2421875
2,0,2,medium,24.047239288724242,37.2421875
2,0,2,medium,9.933892760405346,39.26171875
2,0,2,medium,6.725912523778013,41.25390625
2,0,2,medium,2.452658482345018,43.26171875
2,0,2,medium,1.9569557743979336,45.25390625
2,0,2,medium,0.6254112296640351,47.2734375
2,0,2,medium,1.861967128101186,49.29296875
2,0,2,medium,3.9416199473277445,51.30859375
2,0,2,medium,2.069168227953806,53.3203125
2,0,2,medium,7.2538832361259775,55.3359375
2,0,2,medium,6.168183180399389,57.33203125
2,0,2,medium,5.748026348881358,59.35546875
2,0,2,small,1.6762936176399945,61.375
2,0,2,small,1.4070604530229769,63.40234375
2,1,1,large,0.10979145536148188,2.984375
2,1,1,large,0.30383831498354197,4.97265625
2,1,1,large,2.261814953423891,6.984375
2,1,1,large,7.963715303311115,8.984375
2,1,1,large,2.682928345154073,10.984375
2,1,1,large,1.8401626263529098,12.984375
2,1,1,large,3.834620470470957,14.984375
2,1,1,large,3.0311593132361514,16.99609375
2,1,1,large,18.460401411442156,18.99609375
2,1,1,large,76.80379214360474,21.03125
2,1,1,large,74.62194351008338,23.0234375
2,1,1,large,50.422492882306805,25.03515625
2,1,1,large,44.48924002849741,27.03515625
2,1,1,large,47.335866546790626,29.03515625
2,1,1,medium,70.01418821176222,31.03515625
2,1,1,medium,76.22342424727553,33.0390625
2,1,1,medium,82.35971418802848,35.046875
2,1,1,medium,78.80060168042715,37.046875
2,1,1,medium,78.54872697266478,39.046875
2,1,1,medium,89.45561667965742,41.046875
2,1,1,medium,98.0390531385109,43.07421875
2,1,1,medium,97.28158617651546,45.0859375
2,0,3,large,0.10440930814664094,3.00390625
2,0,3,large,1.3151689579361505,5.00390625
2,0,3,large,0.41919253278810487,7.00390625
2,0,3,large,0.1916196874504007,9.00390625
2,0,3,large,1.0538833146479663,11.015625
2,0,3,large,1.889791751445542,13.015625
2,0,3,large,1.2142980032488397,15.03125
2,0,3,large,1.84205873826933,17.04296875
2,0,3,large,15.663717158102974,19.0546875
2,0,3,large,17.06673652058398,21.17578125
2,0,3,large,16.503784101275404,23.17578125
2,0,3,large,15.325473584609025,25.203125
2,0,3,large,27.619918284297523,27.203125
2,0,3,large,11.857411050995065,29.203125
2,0,3,medium,6.146358101555616,31.25390625
2,0,3,medium,14.38103912548609,33.26953125
2,0,3,medium,9.402709355621965,35.296875
2,0,3,medium,19.47775515851468,37.3203125
2,0,3,medium,55.30176736360464,39.33203125
2,0,3,medium,68.45034067960798,41.34765625
2,0,3,medium,34.018037883407274,43.359375
2,0,3,medium,11.851396642317004,45.359375
2,0,3,medium,7.196654358184927,47.359375
2,0,3,medium,9.66022895375332,49.40234375
2,0,3,medium,20.49080490966299,51.42578125
2,0,3,medium,30.324837993716358,53.44140625
2,0,3,medium,59.48010421790615,55.453125
2,0,3,medium,27.641982941303873,57.453125
2,0,3,medium,18.690355798108268,59.48046875
2,0,3,small,40.899457118797606,61.4921875
2,0,3,small,57.16584383978373,63.50390625
2,0,3,small,78.45625012446483,65.51953125
2,0,3,small,82.67042771027019,67.515625
2,0,3,small,86.2511827594583,69.53125
2,0,3,small,83.63060256595782,71.55078125
2,0,3,small,93.89947617583078,73.546875
2,0,3,small,97.0154424440226,75.546875
2,0,3,small,99.14133257756174,77.5703125
2,0,3,small,99.43644926170435,79.59765625
2,0,3,small,97.71831023095879,81.59765625
2,0,3,small,98.98336887177722,83.625
2,0,3,small,99.65336196204728,85.63671875
2,0,3,small,99.81135604228137,87.64453125
2,1,3,large,0.8622856086138593,2.984375
2,1,3,large,1.7386964969972771,4.99609375
2,1,3,large,3.6111306989885845,6.99609375
2,1,3,large,4.31186637678869,8.99609375
2,1,3,large,2.7339153596452093,10.99609375
2,1,3,large,1.1704730595262687,12.99609375
2,1,3,large,0.5427488994138167,14.99609375
2,1,3,large,0.7997934536623389,16.99609375
2,1,3,large,4.835279623348388,18.99609375
2,1,3,large,8.818552093009993,20.99609375
2,1,3,large,6.905399388466311,22.99609375
2,1,3,large,2.875436552403343,24.99609375
2,1,3,large,2.715579237751516,26.99609375
2,1,3,large,21.00486194871075,28.99609375
2,1,3,medium,10.334716806475821,31.0078125
2,1,3,medium,9.84908932829973,33.0078125
2,1,3,medium,50.322412869849344,35.02734375
2,1,3,medium,71.27464507207924,37.01953125
2,1,3,medium,94.55264700302145,39.01953125
2,1,3,medium,94.34425766135465,41.01953125
2,1,3,medium,79.18659652996466,43.03515625
2,1,3,medium,33.795448563200736,45.046875
2,1,3,medium,82.71400706896486,47.11328125
2,1,3,medium,96.16383482728634,49.1796875
2,1,3,medium,98.23251936884866,51.24609375
2,1,3,medium,99.60503405460919,53.2890625
2,0,1,large,24.814837108646984,2.98046875
2,0,1,large,61.243850094962006,4.98046875
2,0,1,large,61.998046525772594,6.98046875
2,0,1,large,65.71655014103038,8.98046875
2,0,1,large,44.95438949746132,10.98046875
2,0,1,large,33.49767896635848,12.98046875
2,0,1,large,28.682903008117865,14.99609375
2,0,1,large,10.406425874783098,16.99609375
2,0,1,large,40.47307253664307,18.99609375
2,0,1,large,33.94943897995486,21.0078125
2,0,1,large,32.10586938798952,23.0078125
2,0,1,large,40.44240864761758,25.01953125
2,0,1,large,47.81403264398518,27.03515625
2,0,1,large,23.1854893267535,29.046875
2,0,1,medium,12.204337401951172,31.046875
2,0,1,medium,6.359012701306225,33.05078125
2,0,1,medium,11.069970752638811,35.05859375
2,0,1,medium,15.780185656561585,37.0859375
2,0,1,medium,9.304199486438597,39.08984375
2,0,1,medium,27.17047975219026,41.1015625
2,0,1,medium,31.664152626657696,43.11328125
2,0,1,medium,16.545487593131114,45.11328125
2,0,1,medium,11.40145891201501,47.125
2,0,1,medium,10.844565634708733,49.15234375
2,0,1,medium,11.803317238539956,51.16796875
2,1,1,large,3.546159876405607,2.9921875
2,1,1,large,7.819041817967429,4.9921875
2,1,1,large,24.438109680114586,6.98046875
2,1,1,large,12.32242543744293,8.9921875
2,1,1,large,3.6880523917068873,10.9921875
2,1,1,large,14.894115246999373,12.9921875
2,1,1,large,13.436992221426605,14.9921875
2,1,1,large,7.217945965963247,16.9921875
2,1,1,large,7.002985004277354,18.9921875
2,1,1,large,6.818099054128922,21.00390625
2,1,1,large,2.7193468905506495,22.98828125
2,1,1,large,0.8310213120758744,24.98828125
2,1,1,large,0.28334567221192,27.00390625
2,1,1,large,24.668299286392177,29.00390625
2,1,1,medium,23.382383497374306,31.00390625
2,1,1,medium,40.47017808284844,33.00390625
2,1,1,medium,27.549094125289876,35.00390625
2,0,2,large,4.770386536600278,2.9921875
2,0,2,large,7.545927938067212,4.98046875
2,0,2,large,2.4326723266579284,7.0078125
2,0,2,large,0.7132869247068436,9.00390625
2,0,2,large,0.7051991168758223,11.00390625
2,0,2,large,0.25245926753892367,13.015625
2,0,2,large,0.07431079194622428,15.01953125
2,0,2,large,0.18736103271689997,17.046875
2,0,2,large,1.6185887764692815,19.0859375
2,0,2,large,2.052334292782839,21.09765625
2,0,2,large,10.402856801759533,23.109375
2,0,2,large,25.13617983632579,25.125
2,0,2,large,76.60867827866994,27.125
2,0,2,large,56.66836965273247,29.125
2,0,2,medium,42.89222799426422,31.13671875
2,0,2,medium,60.10259875083371,33.15234375
2,0,2,medium,50.51029359132361,35.1640625
2,0,2,medium,68.43374966076706,37.1640625
2,0,2,medium,75.45759778884114,39.17578125
2,0,2,medium,34.262163817771324,41.17578125
2,0,2,medium,40.34997042772814,43.19140625
2,0,2,medium,79.3294071467208,45.17578125
2,0,2,medium,92.4275035257493,47.17578125
2,0,2,medium,87.52091540986488,49.203125
2,0,2,medium,81.44386527923044,51.21484375
2,0,2,medium,82.75716681760734,53.23046875
2,0,2,medium,90.09946603045321,55.23046875
2,0,2,medium,58.76414334041789,57.234375
2,0,2,medium,50.42671398152868,59.2421875
2,0,2,small,81.6720043422573,61.26953125
2,0,2,small,96.05396380164913,63.26953125
2,0,2,small,98.25652125712341,65.26953125
2,1,3,large,0.0,2.9921875
2,1,3,large,0.3162191612276365,4.98046875
2,1,3,large,0.3370199908288147,6.9921875
2,1,3,large,1.693617406287471,8.9921875
2,1,3,large,0.6854601813039608,10.9921875
2,1,3,large,1.2450692268612125,12.9921875
2,1,3,large,7.771235081421217,14.9921875
2,1,3,large,5.018653756591502,16.9921875
2,1,3,large,3.2876491343574434,18.9921875
2,1,3,large,3.9272673836459973,21.00390625
2,1,3,large,4.946111034089118,23.00390625
2,1,3,large,2.3474959566019984,25.03125
2,1,3,large,2.531498512189537,27.00390625
2,1,3,large,6.294517575309952,29.00390625
2,1,3,medium,3.6411429738707057,31.00390625
2,1,3,medium,11.53046070325115,33.0234375
2,1,3,medium,22.771920602656117,35.015625
2,1,3,medium,78.01809381538489,37.015625
2,1,3,medium,92.82446045981376,39.03125
2,1,3,medium,96.87192075859888,41.03125
2,1,3,medium,97.41695680508371,43.04296875
2,0,2,large,3.720804429708538,2.9921875
2,0,2,large,1.2151220536422231,4.9765625
2,0,2,large,1.3626299119395222,6.98046875
2,0,2,large,7.90648905954818,9.00390625
2,0,2,large,8.207793431319748,11.00390625
2,0,2,large,6.4150443081228445,12.98828125
2,0,2,large,2.164181680247804,15.00390625
2,0,2,large,1.0000498223280236,17.00390625
2,0,2,large,3.3886868722028947,19.015625
2,0,2,large,2.3778332089770338,21.04296875
2,0,2,large,1.5829172108509304,23.04296875
2,0,2,large,0.9937704243364671,25.0546875
2,0,2,large,3.8353553147284316,27.0546875
2,0,2,large,4.011867467068827,29.0703125
2,0,2,medium,1.9048881868413294,31.08203125
2,0,2,medium,50.93052639566555,33.1484375
2,0,2,medium,86.12752936960774,35.17578125
2,0,2,medium,97.60247574270113,37.203125
2,0,2,medium,99.30587442102271,39.2578125
2,1,3,large,0.12094178335421818,2.984375
2,1,3,large,1.9481472681279448,4.984375
2,1,3,large,2.876300317976474,6.984375
2,1,3,large,2.768024789723693,8.984375
2,1,3,large,2.1703982627444542,10.984375
2,1,3,large,4.431548028846091,12.984375
2,1,3,large,4.6326942526307775,14.984375
2,1,3,large,8.533267186300238,16.984375
2,1,3,large,11.315188044980719,19.0
2,1,3,large,25.103308609446458,20.99609375
2,1,3,large,21.677483805111194,23.01171875
2,1,3,large,10.347436198910481,25.0
2,1,3,large,2.9943474078928816,26.99609375
2,1,3,large,1.3627924077786633,28.99609375
2,1,3,medium,4.439447779083571,30.99609375
2,1,3,medium,13.894146928872344,33.01171875
2,1,3,medium,25.990035674513827,35.0078125
2,1,3,medium,67.80114113715271,37.0078125
3,0,2,large,4.222359570490376,2.9921875
3,0,2,large,9.780896025970282,4.9921875
3,0,2,large,4.419326892084846,6.98828125
3,0,2,large,1.3144586873485475,8.9921875
3,0,2,large,0.5653703228833529,10.984375
3,0,2,large,0.41409134986350454,12.9921875
3,0,2,large,3.239045495632461,14.9921875
3,0,2,large,2.9534761299666425,16.9921875
3,0,2,large,4.754526474104747,19.015625
3,0,2,large,36.17548215234054,21.03125
3,0,2,large,87.30632808297209,23.03125
3,0,2,large,97.75914390354578,25.04296875
3,0,2,large,97.84162818878293,27.0546875
3,0,2,large,98.50347539435754,29.08984375
3,0,3,large,1.4600538678876451,2.98828125
3,0,3,large,0.7616068197397354,4.9921875
3,0,3,large,0.45067391036932863,6.9921875
3,0,3,large,0.16111210705707346,8.9921875
3,0,3,large,0.49424079548406974,10.98828125
3,0,3,large,1.8163816250828755,12.98828125
3,0,3,large,1.1795488455185499,14.98828125
3,0,3,large,0.6838616900086909,16.98828125
3,0,3,large,1.1147273974061134,19.00390625
3,0,3,large,5.202787491379572,21.04296875
3,0,3,large,43.737883064293094,23.0546875
3,0,3,large,16.402949355064642,25.0546875
3,0,3,large,7.436638289221639,27.0546875
3,0,3,large,13.32897414329476,29.0703125
3,0,3,medium,12.267729024870714,31.7890625
3,0,3,medium,80.36882834678745,33.81640625
3,0,3,medium,98.73436076726131,35.921875
3,1,1,large,0.1984603763150517,2.9921875
3,1,1,large,0.2889035000516881,4.98828125
3,1,1,large,1.2462485658035545,6.98828125
3,1,1,large,1.480110359900648,8.9921875
3,1,1,large,5.513194422497877,10.98828125
3,1,1,large,20.790693916177553,12.98828125
3,1,1,large,29.784698767954524,14.98828125
3,1,1,large,41.34973032779203,16.98828125
3,1,1,large,70.95064486908828,19.00390625
3,1,1,large,76.30605145671882,21.00390625
3,1,1,large,91.31026973274804,23.015625
3,1,1,large,96.24857907499,25.02734375
3,1,1,large,95.96979210676321,27.0390625
3,1,1,large,98.51615383658526,29.0546875
3,1,1,medium,98.84353829118686,31.0546875
3,0,2,large,4.037676450661755,2.9921875
3,0,2,large,7.057731714992643,4.9921875
3,0,2,large,10.641991416955964,6.9921875
3,0,2,large,11.714889281444039,8.9921875
3,0,2,large,3.346979701659972,10.9921875
3,0,2,large,2.5837477440035936,12.9921875
3,0,2,large,16.431576217637758,14.9921875
3,0,2,large,6.830910135009708,16.9921875
3,0,2,large,3.3672093508349112,19.00390625
3,0,2,large,4.231409015928577,21.04296875
3,0,2,large,2.9721215090249493,23.04296875
3,0,2,large,1.486194599857126,25.0703125
3,0,2,large,1.8002768349618037,27.0703125
3,0,2,large,2.481202715620341,29.08203125
3,0,2,medium,16.00706605300061,31.13671875
3,0,2,medium,32.91907539320616,33.13671875
3,0,2,medium,53.29939840141407,35.2109375
3,0,2,medium,51.75070195315782,37.2421875
3,0,2,medium,68.16579461430473,39.296875
3,0,2,medium,93.0032466147702,41.29296875
3,0,2,medium,99.38705542951337,43.30859375
3,0,2,medium,99.9432717161342,45.30859375
3,0,2,medium,97.33931423824892,47.3203125
3,0,2,medium,93.42283643716179,49.40234375
3,0,2,medium,98.25278571386737,51.453125
3,0,2,medium,96.18381195079151,53.546875
3,0,2,medium,96.57710002080648,55.5625
3,0,2,medium,99.37221037061505,57.640625
3,0,2,medium,98.85703867394253,59.72265625
3,0,2,small,99.03762783994776,61.7734375
3,1,3,large,0.0011325280570413192,2.9921875
3,1,3,large,1.016637171907096,5.01953125
3,1,3,large,11.81376614498486,7.0859375
3,1,3,large,40.96721181716663,9.17578125
3,1,3,large,53.44440168030235,11.19140625
3,1,3,large,70.34407036282872,13.23046875
3,1,3,large,91.9460466622051,15.23046875
3,1,3,large,98.64129212784084,17.23046875
3,1,3,large,99.54655156103473,19.2421875
3,1,3,large,98.71997141168487,21.2421875
3,1,3,large,89.38599849990206,23.2421875
3,1,3,large,53.62790486319457,25.2421875
3,1,3,large,74.39075423793092,27.25390625
3,1,3,large,84.04606146463793,29.2578125
3,1,3,medium,81.96432203931037,31.25390625
3,1,3,medium,74.31341499212537,33.26953125
3,1,3,medium,88.53399112105927,35.296875
3,0,2,large,1.3636492802819093,2.9921875
3,0,2,large,0.8424186611898128,4.9921875
3,0,2,large,0.3690448908273797,6.9921875
3,0,2,large,0.41008184998549096,8.98828125
3,0,2,large,0.6457996213903938,10.98828125
3,0,2,large,0.2063246793009943,12.9921875
3,0,2,large,0.0545681861456298,14.98828125
3,0,2,large,0.014384017700154308,16.98828125
3,0,2,large,0.05571072318302544,19.00390625
3,0,2,large,0.4736119611516978,21.02734375
3,0,2,large,1.4366450427789679,23.04296875
3,0,2,large,3.0982315956418107,25.0703125
3,0,2,large,1.9616784596781138,27.06640625
3,0,2,large,48.14042703805674,29.08203125
3,0,2,medium,58.420318870566796,31.109375
3,0,2,medium,90.65465970887314,33.109375
3,0,2,medium,96.03576996251186,35.1328125
3,0,2,medium,93.60148788366237,37.1328125
3,0,2,medium,96.90999441773116,39.16015625
3,0,2,medium,97.805644055065,41.171875
3,0,2,medium,98.52970666000763,43.2265625
3,0,2,medium,94.17094567372156,45.2421875
3,0,2,medium,94.55416558405079,47.265625
3,0,2,medium,96.3405509567842,49.3203125
3,0,2,medium,96.9540883356673,51.3203125
3,0,2,medium,96.79634373264489,53.359375
3,0,2,medium,98.50776081075497,55.359375
3,0,2,medium,99.62091125539975,57.359375
3,0,2,medium,94.70631812408213,59.38671875
3,0,2,small,92.2207442018101,61.41015625
3,0,2,small,97.9663950254028,63.4375
3,1,3,large,1.896858626014065e-05,2.9921875
3,1,3,large,0.07271741823715007,4.9921875
3,1,3,large,0.18677162400818756,6.9921875
3,1,3,large,3.574710370981579,9.015625
3,1,3,large,20.939488159801286,11.015625
3,1,3,large,51.00304964174667,13.015625
3,1,3,large,60.35270763422825,15.015625
3,1,3,large,72.40475001977555,17.015625
3,1,3,large,90.89993632116764,19.03515625
3,1,3,large,88.88039876193992,21.03125
3,1,3,large,59.93976310943877,23.03125
3,1,3,large,52.99085994695201,25.03125
3,1,3,large,41.72796849059046,27.04296875
3,1,3,large,41.09228780821233,29.04296875
3,1,3,medium,24.054015810654544,31.05078125
3,1,3,medium,17.713245750578537,33.0546875
3,0,1,large,2.6640812359656487,2.9921875
3,0,1,large,14.939722531015812,4.9921875
3,0,1,large,7.733396379024317,6.9921875
3,0,1,large,5.735387514548081,8.98046875
3,0,1,large,2.9978821111808482,10.9921875
3,0,1,large,1.9736472077140164,12.9921875
3,0,1,large,2.5049287042165953,14.9921875
3,0,1,large,2.744999673147296,16.9921875
3,0,1,large,2.694687540308953,19.00390625
3,0,1,large,11.438300515515085,21.04296875
3,0,1,large,17.188738808829356,23.0546875
3,0,1,large,15.59096338794584,25.0703125
3,0,1,large,15.440082113387312,27.0703125
3,0,1,large,10.550024483703998,29.07421875
3,0,1,medium,7.080518968933168,31.109375
3,0,1,medium,6.506785509930337,33.125
3,0,1,medium,7.05152671164552,35.13671875
3,0,1,medium,17.26054199304651,37.13671875
3,0,1,medium,14.882333648535756,39.1640625
3,0,1,medium,14.596428064457234,41.1640625
3,0,1,medium,45.83783433968094,43.203125
3,0,1,medium,24.680368556703893,45.203125
3,0,1,medium,16.68059098511386,47.21484375
3,0,1,medium,55.192121148154555,49.29296875
3,0,1,medium,91.20365088711094,51.3203125
3,0,1,medium,93.20728924547954,53.38671875
3,0,1,medium,89.37100729621837,55.3984375
3,0,1,medium,97.16923614876104,57.4296875
3,0,1,medium,95.08850308227295,59.4375
3,0,1,small,98.41841488206093,61.45703125
3,0,1,small,95.053896465467,63.48046875
3,0,1,small,96.50778885037312,65.4921875
3,0,1,small,97.14369514328416,67.51953125
3,0,1,small,97.24186264044329,69.51953125
3,0,1,small,99.39416515792166,71.53125
3,0,1,small,99.85613426205884,73.53515625
3,0,1,small,99.88841726843367,75.53515625
3,1,3,large,1.9068910872987312,2.9921875
3,1,3,large,7.605387671437641,4.9921875
3,1,3,large,18.83041400344505,6.9921875
3,1,3,large,27.534947196448833,9.0
3,1,3,large,28.14164218891192,10.9921875
3,1,3,large,34.721719272108274,12.9921875
3,1,3,large,39.106550068030494,14.9921875
3,1,3,large,28.930452525017728,16.9921875
3,1,3,large,30.486529907205185,18.9921875
3,1,3,large,29.765922305769372,20.9921875
3,1,3,large,19.67747743168082,22.9921875
3,1,3,large,8.054807749425436,25.00390625
3,1,3,large,5.079152830470756,27.00390625
3,1,3,large,4.052868532675285,29.0
3,1,3,medium,3.0116352825526977,31.015625
3,1,3,medium,7.706417227298977,33.015625
3,1,3,medium,6.547945876286852,35.02734375
3,1,3,medium,13.97410541443192,37.02734375
3,1,3,medium,18.270854322923746,39.02734375
3,1,3,medium,29.29891806867919,41.02734375
3,1,3,medium,64.35381676982448,43.0390625
3,1,3,medium,76.16983983730162,45.0390625
3,1,3,medium,74.98638314514032,47.0390625
3,1,3,medium,80.6895733822252,49.0546875
3,1,3,medium,88.84381977838433,51.0546875
3,0,2,large,11.209645293992498,2.9921875
3,0,2,large,9.370352089403294,4.9921875
3,0,2,large,5.598383043224587,6.9921875
3,0,2,large,9.367890539090041,9.00390625
3,0,2,large,5.233200695657221,11.00390625
3,0,2,large,2.412247119056433,13.01171875
3,0,2,large,1.2115661956078512,15.00390625
3,0,2,large,2.5868159933424364,17.00390625
3,0,2,large,6.858755132429509,19.01953125
3,0,2,large,10.704706733517986,21.05859375
3,0,2,large,9.608256929426794,23.0703125
3,0,2,large,22.029489329038334,25.17578125
3,0,2,large,89.68224987123943,27.19140625
3,0,2,large,99.28575428502589,29.1953125
3,0,2,medium,99.95162427872226,31.21484375
3,0,2,medium,99.99670831235053,33.23046875
3,0,2,medium,99.99485431290363,35.30859375
3,1,1,large,0.005157880099219579,2.9921875
3,1,1,large,0.313669074003622,5.00390625
3,1,1,large,1.4526366570092157,7.00390625
3,1,1,large,5.522632226335778,9.00390625
3,1,1,large,34.58045093411484,11.00390625
3,1,1,large,71.02873526204306,13.00390625
3,1,1,large,84.28120807458203,15.00390625
3,1,1,large,84.2152685876681,17.015625
3,1,1,large,84.5183718701812,19.03125
3,1,1,large,81.74242926506611,21.04296875
3,1,1,large,75.81488312998495,23.0703125
3,1,1,large,88.32549646953495,25.0703125
3,1,1,large,96.64185088479285,27.08203125
3,1,1,large,95.26107541145323,29.08203125
3,0,3,large,0.7344091446574539,2.9921875
3,0,3,large,0.5572133131245316,4.9921875
3,0,3,large,0.19992602394007158,6.9921875
3,0,3,large,0.21612652898290138,8.9921875
3,0,3,large,1.005887790952155,11.0
3,0,3,large,2.2509444936822836,12.98046875
3,0,3,large,2.516756507914626,14.9921875
3,0,3,large,1.7298500031277584,16.9921875
3,0,3,large,3.634281685783548,19.00390625
3,0,3,large,11.810141243972824,21.03125
3,0,3,large,13.617837913535219,23.04296875
3,0,3,large,25.74999507776734,25.0546875
3,0,3,large,68.26494450110494,27.0546875
3,0,3,large,75.98349308321312,29.0703125
3,0,3,medium,36.71998007087244,31.08203125
3,0,3,medium,79.85976156796985,33.09375
3,0,3,medium,91.78629304684924,35.12109375
3,0,3,medium,95.50495577677117,37.13671875
3,0,3,medium,86.23476359074343,39.1484375
3,0,3,medium,59.301223992416055,41.1640625
3,0,3,medium,53.7271714174952,43.17578125
3,0,3,medium,45.64814008325257,45.17578125
3,0,3,medium,72.16136139448713,47.203125
3,0,3,medium,93.01938712824531,49.28125
3,0,3,medium,93.95477028252083,51.296875
3,1,2,large,3.710706988999276e-05,2.9921875
3,1,2,large,0.0777128289324768,4.9921875
3,1,2,large,7.187679095695854,7.0703125
3,1,2,large,8.081174750637981,9.140625
3,1,2,large,24.465905869674238,11.16796875
3,1,2,large,58.964626341218576,13.1640625
3,1,2,large,69.23145582357441,15.1640625
3,1,2,large,81.30487620768358,17.1640625
3,1,2,large,84.79825240839179,19.1640625
3,1,2,large,87.95428524202694,21.17578125
3,1,2,large,80.04376503348651,23.17578125
3,1,2,large,63.080466035884136,25.17578125
3,1,2,large,36.68499988975624,27.1875
3,1,2,large,38.649152638793154,29.1875
3,1,2,medium,39.492462262830735,31.1875
3,1,2,medium,18.42962544219201,33.203125
3,1,2,medium,29.10297459540377,35.21484375
3,1,2,medium,84.75833786123924,37.296875
3,1,2,medium,81.63284154484403,39.30859375
3,1,2,medium,96.7649830646734,41.3359375
3,0,1,large,1.2374427258652498,2.9921875
3,0,1,large,1.1442841266222397,4.9921875
3,0,1,large,0.5500796688581923,6.9921875
3,0,1,large,0.42423910735661646,8.98046875
3,0,1,large,0.6875357979570846,10.9921875
3,0,1,large,0.698060502084067,12.9921875
3,0,1,large,1.0337570479456009,14.9921875
3,0,1,large,0.8526817293376221,16.98828125
3,0,1,large,1.0481662575433872,19.00390625
3,0,1,large,0.9490717183990869,21.03125
3,0,1,large,0.7264443475647417,23.03125
3,0,1,large,0.21851621926841877,25.04296875
3,0,1,large,0.057600250031024,27.04296875
3,0,1,large,0.5563186788921058,29.0546875
3,0,1,medium,0.737360249627532,31.078125
3,0,1,medium,4.993989973418989,33.10546875
3,0,1,medium,28.952343108368584,35.12109375
3,0,1,medium,66.48691315926449,37.12109375
3,0,1,medium,67.79466305454517,39.12109375
3,0,1,medium,70.40591612659993,41.12109375
3,0,1,medium,88.65826809879661,43.13671875
3,0,1,medium,70.87925749628418,45.13671875
3,0,1,medium,28.488415480043095,47.1484375
3,0,1,medium,35.638781212735516,49.1875
3,0,1,medium,58.887697722298135,51.19921875
3,0,1,medium,84.67462309719431,53.2265625
3,0,1,medium,87.84460824544368,55.2734375
3,0,2,large,4.711082181845068,2.9921875
3,0,2,large,1.8246988756918217,4.9921875
3,0,2,large,0.6587167440763311,6.9921875
3,0,2,large,1.1122466767928556,8.9921875
3,0,2,large,1.0811593971304063,10.98046875
3,0,2,large,1.9105672668020042,12.9921875
3,0,2,large,2.5783901800854996,14.9921875
3,0,2,large,2.3549309261641374,16.9921875
3,0,2,large,2.643000684910144,19.00390625
3,0,2,large,3.5948123476032805,21.0390625
3,0,2,large,6.4618923111395485,23.046875
3,0,2,large,15.176989477392672,25.05859375
3,0,2,large,38.87673211528493,27.05859375
3,0,2,large,52.72024486387346,29.05859375
3,0,2,medium,63.306579504013726,31.10546875
3,0,2,medium,37.099754044688225,33.09765625
3,0,2,medium,15.040858356361593,35.109375
3,0,2,medium,15.5005634232072,37.125
3,0,2,medium,31.78682600114408,39.13671875
3,0,2,medium,55.69327115431382,41.1640625
3,0,2,medium,76.1213570669087,43.22265625
3,0,2,medium,66.65508780538347,45.2421875
3,0,2,medium,79.9246369267167,47.2421875
3,0,2,medium,91.64060150693669,49.296875
3,0,2,medium,98.78319617424724,51.30859375
3,0,2,medium,95.75918250181813,53.34765625
3,0,2,medium,91.320910987545,55.36328125
3,0,2,medium,98.0015851504718,57.375
3,0,2,medium,97.06262067185908,59.38671875
3,0,2,small,96.82147894078624,61.40234375
3,1,3,large,0.0,2.984375
3,1,3,large,0.0,5.0
3,1,3,large,0.06980814919794198,7.0625
3,1,3,large,0.1129818736094605,9.078125
3,1,3,large,15.014473569587484,11.078125
3,1,3,large,32.12101234084521,13.08984375
3,1,3,large,52.294245960209224,15.08984375
3,1,3,large,69.85487877839722,17.08984375
3,1,3,large,77.04132983151173,19.1171875
3,1,3,large,54.765540423646236,21.12890625
3,1,3,large,22.942293306338023,23.12890625
3,1,3,large,33.43261326901177,25.12890625
3,1,3,large,46.63556070052256,27.12890625
3,1,3,large,58.033739942055796,29.12890625
3,1,3,medium,28.104692328811698,31.140625
3,1,3,medium,21.09585378508563,33.140625
3,1,3,medium,19.078498462761978,35.15625
3,1,3,medium,28.959340108095923,37.15625
3,1,3,medium,45.1112789436326,39.15625
3,1,3,medium,75.61858022992973,41.15625
3,1,3,medium,91.95134724560064,43.16796875
3,1,3,medium,95.39296028359925,45.16796875
3,1,3,medium,85.35546665189527,47.16796875
3,1,3,medium,85.32678564247196,49.1796875
3,1,3,medium,91.83502612053624,51.1796875
3,1,3,medium,95.9031749457135,53.1953125
3,1,3,medium,98.13154739953936,55.1953125
3,1,3,medium,94.78953255894845,57.1953125
3,1,3,medium,95.47075045140855,59.1953125
3,1,3,small,92.36361853753888,61.20703125
3,0,3,large,44.71705817862639,2.9921875
3,0,3,large,39.41317946805084,5.00390625
3,0,3,large,28.34566149970373,6.98828125
3,0,3,large,14.487990445023481,9.00390625
3,0,3,large,10.87757401278166,11.00390625
3,0,3,large,19.922077086562517,13.00390625
3,0,3,large,16.81228958855494,15.00390625
3,0,3,large,7.2146847792409705,17.00390625
3,0,3,large,4.271784363529183,19.01953125
3,0,3,large,5.2452178233175335,21.04296875
3,0,3,large,33.70941656436753,23.04296875
3,0,3,large,62.47953361729971,25.05859375
3,0,3,large,64.57865534119833,27.0703125
3,0,3,large,62.056123226303555,29.0703125
3,0,3,medium,37.47206424016295,31.109375
3,0,3,medium,15.858603902010769,33.12109375
3,0,3,medium,39.26982303072973,35.13671875
3,0,3,medium,49.88535753125111,37.1484375
3,0,3,medium,66.16603786540917,39.1640625
3,0,3,medium,54.98049369569392,41.16015625
3,0,3,medium,66.83885001737436,43.16015625
3,0,3,medium,64.7528522322485,45.17578125
3,0,3,medium,59.97544954784691,47.17578125
3,0,3,medium,67.68796242935372,49.203125
3,0,3,medium,37.11038793144691,51.21484375
3,0,3,medium,18.18793874347997,53.2421875
3,0,3,medium,38.21611538631947,55.25390625
3,0,3,medium,27.619727842225377,57.25390625
3,0,3,medium,35.649251198020366,59.26953125
3,0,3,small,51.56676587827328,61.29296875
3,0,3,small,68.6621683415754,63.30859375
3,0,3,small,87.29893552814433,65.3203125
3,0,3,small,94.56745822607927,67.37109375
3,1,1,large,1.3481194753562158,2.984375
3,1,1,large,8.230140347891211,4.98828125
3,1,1,large,12.060737304681993,6.984375
3,1,1,large,20.16526672386791,8.984375
3,1,1,large,34.264842829431664,10.984375
3,1,1,large,67.56525382160265,12.984375
3,1,1,large,70.07494927098575,14.984375
3,1,1,large,55.2479483291242,16.984375
3,1,1,large,41.41282378602551,18.984375
3,1,1,large,25.583479122237442,20.99609375
3,1,1,large,10.37738275217379,22.99609375
3,1,1,large,8.006596480626364,24.99609375
3,1,1,large,7.093924070547735,26.99609375
3,1,1,large,4.210501863322293,28.99609375
3,1,1,medium,3.956869200187193,31.0078125
3,1,1,medium,6.35057474488679,33.03515625
3,0,2,large,1.3649948971553587,2.9921875
3,0,2,large,0.961888217274944,4.9921875
3,0,2,large,0.5079062176545723,6.9921875
3,0,2,large,0.7878306828777449,8.9921875
3,0,2,large,1.5710056100776513,10.9921875
3,0,2,large,1.5367467671568478,12.9921875
3,0,2,large,1.3755713479678857,14.9921875
3,0,2,large,2.5045986495331074,16.98828125
3,0,2,large,2.637494658507283,19.00390625
3,0,2,large,2.541570125655017,21.02734375
3,0,2,large,5.017524681000786,23.04296875
3,0,2,large,8.691054036443902,25.0859375
3,0,2,large,26.372228970561473,27.09765625
3,0,2,large,26.74189910993904,29.1640625
3,0,2,medium,31.555394628912378,31.203125
3,0,2,medium,57.60615507559394,33.21484375
3,0,2,medium,90.52319233455907,35.2421875
3,0,2,medium,91.55117551451059,37.2421875
3,0,2,medium,97.73384978020344,39.25390625
3,0,2,medium,97.24644996595805,41.26953125
3,0,2,medium,97.3736377249079,43.28125
3,0,2,medium,99.32306406598858,45.296875
3,0,2,medium,98.782372053924,47.32421875
3,0,2,medium,99.35215917307207,49.375
3,0,2,medium,99.4078613918382,51.38671875
3,0,2,medium,99.51421563876742,53.4140625
3,0,2,medium,93.96568672885263,55.42578125
3,0,2,medium,87.1978494737582,57.43359375
3,0,2,medium,95.25816136063787,59.4921875
3,1,3,large,0.0,2.9921875
3,1,3,large,0.0,4.9921875
3,1,3,large,0.0001284113394503188,6.9921875
3,1,3,large,0.3732726122530058,9.00390625
3,1,3,large,3.9910240751536703,11.00390625
3,1,3,large,39.733267326820986,13.00390625
3,1,3,large,78.34974278092858,15.00390625
3,1,3,large,73.94056165184365,17.015625
3,1,3,large,34.66037986319991,19.015625
3,1,3,large,24.646157549913983,21.02734375
3,1,3,large,20.060145795137178,23.02734375
3,1,3,large,22.900578589523402,25.04296875
3,1,3,large,16.391530765247154,27.0546875
3,1,3,large,7.473175277050384,29.0546875
3,1,3,medium,16.603606355366566,31.0703125
3,1,3,medium,34.5673975898129,33.0703125
3,1,3,medium,22.403636209445484,35.0703125
3,1,3,medium,24.075779914717042,37.06640625
3,1,3,medium,29.118948487684293,39.08203125
3,1,3,medium,31.279672663763268,41.08203125
3,1,3,medium,58.386443778272834,43.08203125
3,1,3,medium,71.47764370586444,45.09375
3,1,3,medium,85.22951805958566,47.09375
3,1,3,medium,96.99904750853088,49.109375
3,1,3,medium,96.12957646359649,51.10546875
3,1,3,medium,91.87133471125568,53.10546875
3,1,3,medium,88.22112622543384,55.10546875
3,1,3,medium,86.8038841458519,57.1171875
3,1,3,medium,88.38346232606445,59.12109375
3,1,3,small,93.77435552310479,61.1328125
3,0,2,large,21.27346875774242,2.9921875
3,0,2,large,14.422262379322005,4.9921875
3,0,2,large,5.434122431407641,6.9921875
3,0,2,large,4.652248331337557,8.9765625
3,0,2,large,2.016077230231667,10.9921875
3,0,2,large,1.0673334484049757,12.9921875
3,0,2,large,0.40909380994676325,14.9921875
3,0,2,large,0.22119777554368097,16.9921875
3,0,2,large,1.28678463620518,19.00390625
3,0,2,large,3.0170207392000297,21.04296875
3,0,2,large,3.0416095384492055,23.0390625
3,0,2,large,1.530915460476683,25.0546875
3,0,2,large,0.7509407245866333,27.0546875
3,0,2,large,2.44213642803823,29.0703125
3,0,2,medium,7.327082226399226,31.109375
3,0,2,medium,39.48657008212885,33.12109375
3,0,2,medium,56.411999794576396,35.17578125
3,0,2,medium,72.74817751810787,37.17578125
3,0,2,medium,93.41924794971051,39.1875
3,0,2,medium,94.63674281069564,41.1875
3,0,2,medium,96.84238406329543,43.19921875
3,0,2,medium,97.79919144899573,45.21484375
3,0,2,medium,94.03223700096157,47.2265625
3,0,2,medium,82.3283813952337,49.26953125
3,0,2,medium,89.07164202110754,51.265625
3,0,2,medium,94.90495586673862,53.30859375
3,0,2,medium,85.61302209816957,55.30859375
3,0,2,medium,65.66396743593099,57.30859375
3,0,2,medium,37.76513275716768,59.33203125
3,1,1,large,32.96670145780317,2.984375
3,1,1,large,61.56436830698312,4.984375
3,1,1,large,34.79502096483479,6.984375
3,1,1,large,56.002551109734206,8.984375
3,1,1,large,85.19380030791748,10.984375
3,1,1,large,92.9163177918056,12.99609375
3,1,1,large,90.34850343099431,14.99609375
3,1,1,large,81.77458667630337,17.0
3,1,1,large,58.05585776651999,18.99609375
3,1,1,large,42.527544681408514,20.99609375
3,1,1,large,66.43667678638938,23.0078125
3,1,1,large,57.99037020156037,25.0078125
3,1,1,large,34.28598215284686,27.0078125
3,1,1,large,20.169198340004606,29.0078125
3,1,1,medium,13.013702962377279,31.0078125
3,1,1,medium,9.707682016092262,33.0078125
3,1,1,medium,18.628377676254317,35.0234375
3,1,1,medium,24.841319543889348,37.0234375
3,1,1,medium,26.930859998186236,39.015625
3,1,1,medium,26.624461541423557,41.0234375
3,1,1,medium,26.51345719018838,43.0234375
3,1,1,medium,21.779747394422323,45.0234375
3,1,1,medium,31.279012875754507,47.0234375
3,1,1,medium,52.15407714721373,49.03515625
3,1,1,medium,83.40007194331623,51.03515625
3,1,1,medium,83.44326272846081,53.046875
3,1,1,medium,90.59182875763115,55.046875
3,1,1,medium,94.29401882731285,57.046875
3,1,1,medium,96.3810746890848,59.0625
3,1,1,small,99.13214130999185,61.0859375
3,1,1,small,99.7459498566361,63.11328125
4,0,1,large,0.5378224495388196,2.9921875
4,0,1,large,0.7816648620833347,4.99609375
4,0,1,large,0.9206182318240173,7.00390625
4,0,1,large,0.9303058202659048,8.9921875
4,0,1,large,0.9894658483229812,11.00390625
4,0,1,large,1.392776092217877,12.9921875
4,0,1,large,1.2280022666057029,15.00390625
4,0,1,large,1.6009650235546868,17.00390625
4,0,1,large,1.2405162542529289,19.00390625
4,0,1,large,4.5663600889812495,21.03125
4,0,1,large,22.12478912948159,23.04296875
4,1,1,large,0.21266276599675832,2.9921875
4,1,1,large,0.09694827671437467,5.00390625
4,1,1,large,0.18592327161935063,7.00390625
4,1,1,large,1.2537449932362137,9.00390625
4,1,1,large,1.3672220698975301,11.00390625
4,1,1,large,0.5582225290667922,13.00390625
4,1,1,large,0.7893116827668798,15.00390625
4,1,1,large,0.3386196782182231,17.00390625
4,1,1,large,0.13439575111623994,19.00390625
4,1,1,large,0.48082617496633767,21.00390625
4,1,1,large,0.3091386412315582,23.00390625
4,1,1,large,8.409699475211653,25.00390625
4,1,1,large,71.41881369503302,27.37890625
4,0,1,large,0.9054768778953386,2.9921875
4,0,1,large,0.6735283271018234,4.9921875
4,0,1,large,1.3464936005819226,6.9921875
4,0,1,large,1.7851335809051443,8.9921875
4,0,1,large,2.3041482102874435,10.9921875
4,0,1,large,1.7798590989296645,12.9921875
4,0,1,large,1.9604914919796794,14.9921875
4,0,1,large,2.0733648280146157,16.9921875
4,0,1,large,10.336021528215293,18.9921875
4,0,1,large,55.027882045669585,21.01953125
4,0,1,large,90.0041545543265,23.03125
4,1,3,large,1.738129831660237,2.9921875
4,1,3,large,1.6820317817662005,4.9921875
4,1,3,large,1.7019862622458193,6.9765625
4,1,3,large,1.5385379640948913,8.9921875
4,1,3,large,1.8179822310303226,10.9921875
4,1,3,large,1.7766894387969627,12.9921875
4,1,3,large,1.3925346943331292,14.9921875
4,1,3,large,3.5292363634207167,16.9921875
4,1,3,large,3.1252622293358403,18.9921875
4,1,3,large,4.918524691283517,20.98828125
4,1,3,large,4.872534199796094,23.00390625
4,1,3,large,10.296442328780202,25.00390625
4,1,3,large,46.786288184825295,27.00390625
4,1,3,large,63.686448151634444,29.00390625
4,1,3,medium,71.69034595384413,31.015625
4,1,3,medium,90.41043301775971,33.03125
4,1,3,medium,77.47326768113423,35.02734375
4,1,3,medium,51.16963278330474,37.02734375
4,1,3,medium,61.60172975676785,39.04296875
4,1,3,medium,73.2132839086957,41.04296875
4,1,3,medium,33.34195911056317,43.04296875
4,1,3,medium,23.609139436834333,45.04296875
4,1,3,medium,59.586732564073856,47.04296875
4,1,3,medium,81.98426012093431,49.0546875
4,1,3,medium,67.23250178249282,51.0546875
4,1,3,medium,86.16533528295577,53.06640625
4,1,3,medium,90.04754734578378,55.06640625
4,0,2,large,0.27539638098431685,3.00390625
4,0,2,large,1.1013545718723279,4.9921875
4,0,2,large,0.7483387428441277,6.9921875
4,0,2,large,0.8827649893736811,8.9921875
4,0,2,large,1.4551088148212195,10.9921875
4,0,2,large,1.580114407068305,12.98828125
4,0,2,large,1.9769336914100906,15.00390625
4,0,2,large,2.1971118270341625,16.98828125
4,0,2,large,10.560553885942532,18.98828125
4,0,2,large,24.472962884243692,21.015625
4,0,2,large,23.482064154104776,23.03125
4,0,2,large,7.6621525868286415,25.03125
4,0,2,large,2.371996527651861,27.04296875
4,0,2,large,1.7387140733129558,29.0546875
4,0,2,medium,4.442629511660994,31.0546875
4,0,2,medium,12.934402708917428,33.0703125
4,0,2,medium,8.262997138187787,35.08203125
4,0,2,medium,4.0635501579400035,37.08203125
4,0,2,medium,1.1026272022707322,39.09375
4,0,2,medium,2.7224616556792225,41.09375
4,0,2,medium,39.785104996641095,43.109375
4,0,2,medium,37.24595379329611,45.109375
4,0,2,medium,52.8411443663909,47.109375
4,0,2,medium,93.66269647585796,49.1484375
4,0,2,medium,90.74577850973304,51.16015625
4,0,2,medium,44.88548251887755,53.16015625
4,0,2,medium,60.66885155174743,55.17578125
4,0,2,medium,37.054867147155925,57.17578125
4,0,2,medium,55.167206824926836,59.1875
4,0,2,small,59.850794040160835,61.21484375
4,0,2,small,73.17415608420856,63.21484375
4,0,2,small,96.63180550389387,65.23046875
4,0,2,small,99.75802366517155,67.23828125
4,0,2,small,99.91607726084737,69.27734375
4,0,2,small,97.53455236713062,71.29296875
4,0,2,small,95.03927527690396,73.29296875
4,0,2,small,88.7254203387888,75.29296875
4,0,2,small,97.43419660463945,77.359375
4,1,2,large,1.9094646589821285,2.9921875
4,1,2,large,3.1558290461952208,4.9921875
4,1,2,large,1.7835664879444135,6.9921875
4,1,2,large,2.318656251554898,8.9921875
4,1,2,large,1.9954161244896502,10.9921875
4,1,2,large,1.1897014426396544,12.9921875
4,1,2,large,1.4230259692181337,14.9921875
4,1,2,large,1.9232520865848048,16.9921875
4,1,2,large,1.784583714423507,18.9921875
4,1,2,large,2.0786175668111504,20.9921875
4,1,2,large,2.209379939783431,22.9921875
4,1,2,large,2.919592510886236,24.9921875
4,1,2,large,1.3370006479009193,26.9921875
4,1,2,large,0.3578247837994927,28.9921875
4,1,2,medium,0.10188930318644734,30.9921875
4,1,2,medium,0.2758262839397829,32.99609375
4,0,3,large,1.4034240185716993,3.00390625
4,0,3,large,1.5805657717122805,5.00390625
4,0,3,large,1.7383463797098777,7.00390625
4,0,3,large,1.575070410739527,9.00390625
4,0,3,large,1.4240561352822614,11.01171875
4,0,3,large,0.6028351687570908,13.00390625
4,0,3,large,0.2954670223643896,15.00390625
4,0,3,large,2.246657556004627,17.00390625
4,0,3,large,10.178994080407218,19.01171875
4,0,3,large,23.95760329559843,21.03125
4,0,3,large,18.965057512091278,23.04296875
4,0,3,large,5.780901031090931,25.05078125
4,0,3,large,1.97611833093129,27.0546875
4,0,3,large,2.9525388267921526,29.0703125
4,0,3,medium,6.583189050801099,31.08203125
4,0,3,medium,12.91193492873706,33.08203125
4,0,3,medium,47.28158589535571,35.09375
4,0,3,medium,39.725858577815444,37.09375
4,0,3,medium,16.819573221164138,39.09375
4,0,3,medium,15.931121409803454,41.109375
4,0,3,medium,64.10068942762172,43.109375
4,0,3,medium,72.45703293262534,45.11328125
4,0,3,medium,56.95915246920873,47.1171875
4,0,3,medium,78.02451957446463,49.17578125
4,0,3,medium,86.88903571369939,51.19921875
4,0,3,medium,80.16572381744243,53.19921875
4,0,3,medium,68.30971757264643,55.21484375
4,0,3,medium,49.360409282184655,57.21484375
4,0,3,medium,70.28319541822941,59.23828125
4,0,3,small,73.27960946711227,61.25390625
4,0,3,small,87.07466603720655,63.29296875
4,0,3,small,93.83290480940192,65.3203125
4,1,2,large,1.8921918827469901,2.9921875
4,1,2,large,1.3275229390301462,4.9921875
4,1,2,large,3.8763918198101943,6.9921875
4,1,2,large,10.627974616830489,8.98046875
4,1,2,large,3.951079601900371,10.9921875
4,1,2,large,1.9447633140668388,12.9921875
4,1,2,large,1.460113208251412,14.9921875
4,1,2,large,3.384377355214618,16.9921875
4,1,2,large,11.332936625342398,18.9921875
4,1,2,large,3.4515256367150333,21.00390625
4,1,2,large,6.60219165920858,23.00390625
4,1,2,large,50.070214325188786,25.00390625
4,1,2,large,40.13360246592032,27.00390625
4,1,2,large,13.216083598703513,29.00390625
4,1,2,medium,8.85356100032307,31.00390625
4,1,2,medium,24.610625206442005,33.00390625
4,1,2,medium,19.635041474860373,35.015625
4,1,2,medium,63.47128100097536,37.01953125
4,1,2,medium,57.17024866612581,39.015625
4,1,2,medium,88.85990702459718,41.02734375
4,1,2,medium,98.30297837134492,43.02734375
4,0,1,large,0.7427097129778255,2.9921875
4,0,1,large,1.2525255273012308,4.9921875
4,0,1,large,1.3988007000396006,6.9921875
4,0,1,large,1.2976531345771698,8.9921875
4,0,1,large,1.3844250651896726,10.9921875
4,0,1,large,1.4510015452674658,12.99609375
4,0,1,large,1.5179892201618537,14.9921875
4,0,1,large,0.9229301247824435,16.9921875
4,0,1,large,1.0452129616041785,18.9921875
4,0,1,large,1.9779104835603012,21.015625
4,0,1,large,1.056363383796717,23.03125
4,0,1,large,0.36150600952685874,25.02734375
4,0,1,large,0.696089459254931,27.03125
4,0,1,large,1.4558869227030258,29.03125
4,0,1,medium,3.4182909078342694,31.0546875
4,0,1,medium,4.593437739635036,33.0546875
4,0,1,medium,10.737278791471981,35.0703125
4,0,1,medium,13.26499441607882,37.0703125
4,0,1,medium,33.59405410853901,39.08203125
4,0,1,medium,37.60501613787829,41.08203125
4,0,1,medium,39.96902080906192,43.08203125
4,0,1,medium,78.6020539546669,45.09375
4,0,1,medium,69.6848072620584,47.09375
4,0,1,medium,62.17076511974665,49.1328125
4,0,1,medium,79.31133540888679,51.1328125
4,0,1,medium,79.83145747048273,53.1328125
4,0,1,medium,67.78615851841053,55.1484375
4,0,1,medium,40.17663190409776,57.1484375
4,0,1,medium,60.25928663364668,59.1484375
4,0,1,small,43.69622324858233,61.16015625
4,0,1,small,32.41265947084147,63.171875
4,0,1,small,76.91310672092081,65.1875
4,0,1,small,93.035572332198,67.19921875
4,0,1,small,70.84480268582934,69.19921875
4,0,1,small,93.09765075297811,71.21484375
4,1,1,large,0.591546423728406,3.00390625
4,1,1,large,0.6486091392075699,5.00390625
4,1,1,large,1.0861599783879397,7.00390625
4,1,1,large,2.9853524051558638,9.00390625
4,1,1,large,2.5009178888343913,11.00390625
4,1,1,large,2.4308608808164034,13.00390625
4,1,1,large,2.230646232583794,15.00390625
4,1,1,large,1.7786936267255595,17.00390625
4,1,1,large,4.090780431710934,19.00390625
4,1,1,large,15.472566968213098,21.00390625
4,1,1,large,12.896779357417307,23.00390625
4,1,1,large,10.013275968656538,25.00390625
4,1,1,large,12.001381904656817,27.00390625
4,1,1,large,4.980084274468825,29.0078125
4,1,1,medium,13.79310364345304,31.0
4,1,1,medium,21.158543087735897,33.015625
4,1,1,medium,49.993429722919444,35.015625
4,1,1,medium,61.86717228012216,37.015625
4,1,1,medium,85.64749242836498,39.015625
4,1,1,medium,97.71082484059254,41.015625
4,0,3,large,1.722172433737468,2.9921875
4,0,3,large,1.8512078671332373,4.9921875
4,0,3,large,1.673576203957892,6.9921875
4,0,3,large,1.2152365060178236,8.9921875
4,0,3,large,1.2182054223472325,10.9921875
4,0,3,large,1.5881931645828362,12.9921875
4,0,3,large,1.6823904171573947,14.9921875
4,0,3,large,1.6605995108096447,16.9921875
4,0,3,large,1.6906849421637615,19.00390625
4,0,3,large,3.149319823820192,21.03125
4,0,3,large,2.96596669664914,23.03125
4,0,3,large,1.248092625461681,25.04296875
4,0,3,large,2.910715501495572,27.04296875
4,0,3,large,2.6364013066289598,29.0546875
4,0,3,medium,9.68809361420715,31.08203125
4,0,3,medium,10.025540652156685,33.08203125
4,0,3,medium,17.38586686948546,35.109375
4,0,3,medium,28.387085917708614,37.109375
4,0,3,medium,45.57660535607036,39.109375
4,0,3,medium,49.299937325626075,41.12109375
4,0,3,medium,75.18048106347646,43.12109375
4,0,3,medium,87.43658147298126,45.12890625
4,0,3,medium,83.14441255280781,47.13671875
4,0,3,medium,92.50498609638093,49.1640625
4,0,3,medium,87.84187618957066,51.16015625
4,0,3,medium,62.67342979667605,53.17578125
4,0,3,medium,54.0383280609761,55.1875
4,0,3,medium,46.808507995356344,57.1875
4,0,3,medium,84.18149129270982,59.1875
4,0,3,small,88.13654578672038,61.19921875
4,0,3,small,95.99627363538976,63.2265625
4,1,2,large,0.7941310113650958,3.00390625
4,1,2,large,1.3741181103173163,5.00390625
4,1,2,large,2.6777676958180563,7.00390625
4,1,2,large,6.414185062859421,9.00390625
4,1,2,large,3.8283115456206005,11.00390625
4,1,2,large,2.5223796032943424,13.00390625
4,1,2,large,1.7381102802475834,15.00390625
4,1,2,large,1.781463379040646,17.00390625
4,1,2,large,9.05662755192471,19.0
4,1,2,large,24.87789608036499,21.00390625
4,1,2,large,20.416314171173205,23.0
4,1,2,large,8.524281708339934,25.015625
4,1,2,large,2.424628310056087,27.015625
4,1,2,large,0.9265453647751258,29.015625
4,1,2,medium,8.412596458223007,31.015625
4,1,2,medium,20.30480939774688,33.015625
4,1,2,medium,64.08898227190153,35.015625
4,1,2,medium,89.00659808161248,37.02734375
4,1,2,medium,93.19096432906358,39.02734375
4,0,3,large,0.14900272897927117,3.01171875
4,0,3,large,0.10700935476677749,5.00390625
4,0,3,large,0.8094070951480447,7.00390625
4,0,3,large,0.7917086675944858,9.00390625
4,0,3,large,0.549996910221184,11.00390625
4,0,3,large,1.1710004116136183,13.00390625
4,0,3,large,1.1506796944124242,15.00390625
4,0,3,large,1.4608231425166147,17.00390625
4,0,3,large,2.374716454111276,19.015625
4,0,3,large,2.9671447735537013,21.04296875
4,0,3,large,0.9140604961628624,23.04296875
4,0,3,large,1.1120908215603662,25.04296875
4,0,3,large,6.025479072536344,27.04296875
4,0,3,large,12.76670960564737,29.0546875
4,0,3,medium,13.53158308328906,31.0703125
4,0,3,medium,25.198123115630217,33.0703125
4,0,3,medium,31.599977270701817,35.09375
4,0,3,medium,76.38290996002954,37.109375
4,0,3,medium,74.39545708509638,39.109375
4,0,3,medium,87.84410920513821,41.12109375
4,0,3,medium,96.16145685074088,43.12109375
4,0,3,medium,95.79660587078374,45.12109375
4,0,3,medium,81.88066433343158,47.12109375
4,0,3,medium,93.62169805045242,49.17578125
4,1,2,large,1.3174013349033298,2.99609375
4,1,2,large,1.376338556157772,4.99609375
4,1,2,large,3.553308910376614,6.99609375
4,1,2,large,6.899847168217359,8.9921875
4,1,2,large,3.7094024451426946,10.9921875
4,1,2,large,2.626270038788361,12.9921875
4,1,2,large,2.593373952396597,14.9921875
4,1,2,large,4.774280357587241,16.9921875
4,1,2,large,7.733340001475013,18.9921875
4,1,2,large,8.554918902471773,20.99609375
4,1,2,large,6.402712170942499,23.00390625
4,1,2,large,4.250516491566184,25.0078125
4,1,2,large,3.3674770734673034,27.00390625
4,1,2,large,4.247919695847911,29.00390625
4,1,2,medium,4.027328868985638,31.00390625
4,1,2,medium,4.226938747909864,33.00390625
4,1,2,medium,19.91041710916564,35.01953125
4,1,2,medium,56.79027767175702,37.01953125
4,1,2,medium,71.23633625715891,39.01953125
4,1,2,medium,40.34846398887011,41.03125
4,1,2,medium,17.37278441745373,43.03125
4,1,2,medium,50.07198272607043,45.03125
4,1,2,medium,71.00975613249919,47.03125
4,1,2,medium,58.909701423670676,49.03125
4,1,2,medium,52.39864489083264,51.03125
4,1,2,medium,79.49866121967,53.04296875
4,1,2,medium,91.32678679678212,55.04296875
4,1,2,medium,86.24032705942784,57.04296875
4,1,2,medium,83.91614695167834,59.046875
4,1,2,small,75.65373797023206,61.05859375
4,0,1,large,1.6745259618691675,2.9921875
4,0,1,large,1.2291118863229629,4.9921875
4,0,1,large,0.8923776074582739,6.9921875
4,0,1,large,1.375383293304078,8.9921875
4,0,1,large,1.8615243070458423,10.9921875
4,0,1,large,2.21684451455089,12.9921875
4,0,1,large,2.5098093555921084,14.9921875
4,0,1,large,2.660946315306564,16.9921875
4,0,1,large,12.350713757348892,19.00390625
4,0,1,large,35.21991315929142,21.04296875
4,0,1,large,24.045636736468918,23.04296875
4,0,1,large,11.633808660038113,25.04296875
4,0,1,large,7.9505576544883,27.05859375
4,0,1,large,26.815339632892197,29.0546875
4,0,1,medium,72.1558949714909,31.08203125
4,0,1,medium,91.98765940546177,33.08203125
4,0,1,medium,98.32816114334403,35.08203125
4,0,1,medium,98.18892092880012,37.09375
4,1,2,large,1.454880292115521,2.9921875
4,1,2,large,1.4927119098143748,4.9921875
4,1,2,large,1.6070999145330025,6.9921875
4,1,2,large,2.980346334489889,8.9921875
4,1,2,large,1.557406172588626,10.9921875
4,1,2,large,1.7058418522083092,12.9921875
4,1,2,large,1.686957459182722,14.9921875
4,1,2,large,2.7043696207447563,16.9921875
4,1,2,large,10.207993109630769,19.00390625
4,1,2,large,11.263166069419535,21.00390625
4,1,2,large,16.812951940204865,23.00390625
4,1,2,large,10.510718085005488,25.00390625
4,1,2,large,6.545160358811055,27.00390625
4,1,2,large,5.499172363269015,29.00390625
4,1,2,medium,14.840292510153624,31.00390625
4,1,2,medium,56.33569369682647,33.015625
4,1,2,medium,56.18778481024606,35.015625
4,1,2,medium,84.23633344795579,37.02734375
4,1,2,medium,98.15893811844504,39.02734375
4,1,2,medium,82.41513782182571,41.02734375
4,1,2,medium,58.166304123469814,43.02734375
4,1,2,medium,48.495695328095834,45.02734375
4,1,2,medium,61.303847458463586,47.02734375
4,1,2,medium,65.46173053752449,49.0390625
4,1,2,medium,55.813954890934994,51.0390625
4,1,2,medium,76.21131351505956,53.0390625
4,1,2,medium,94.26319244805391,55.0390625
4,1,2,medium,88.28326542193535,57.0390625
4,0,1,large,1.2842507894551018,2.9921875
4,0,1,large,1.1701712242054674,4.9921875
4,0,1,large,1.2176002883053085,6.9921875
4,0,1,large,1.0597210278463702,8.9921875
4,0,1,large,1.1564742733260762,10.9921875
4,0,1,large,1.1048585217781346,12.9921875
4,0,1,large,1.6598063999288808,14.9921875
4,0,1,large,1.8945354547083895,16.9921875
4,0,1,large,9.148550667743164,19.00390625
4,0,1,large,18.949178866069165,21.03125
4,0,1,large,14.192956095676447,23.04296875
4,0,1,large,5.684207370275628,25.04296875
4,0,1,large,2.6163320621022503,27.04296875
4,0,1,large,1.5595375555446949,29.04296875
4,0,1,medium,3.7079305510061182,31.0546875
4,0,1,medium,4.293100032251397,33.0703125
4,0,1,medium,8.777679204764388,35.08203125
4,0,1,medium,25.723041253844293,37.08203125
4,0,1,medium,18.7335185120709,39.08203125
4,0,1,medium,33.82082262545249,41.09765625
4,0,1,medium,44.148441523418654,43.09375
4,0,1,medium,82.15877801106326,45.109375
4,0,1,medium,65.35492303905633,47.1328125
4,0,1,medium,77.7497780665599,49.17578125
4,0,1,medium,93.84368801331202,51.17578125
4,0,1,medium,82.9962096689348,53.203125
4,0,1,medium,59.677502921806365,55.21484375
4,0,1,medium,91.53446303763997,57.21484375
4,0,1,medium,72.51084075011957,59.2421875
4,0,1,small,46.61885042579404,61.25390625
4,0,1,small,77.07509702017252,63.28125
4,0,1,small,80.47030942690131,65.30859375
4,1,3,large,0.6785051924807102,2.9921875
4,1,3,large,0.7342240700751554,4.9921875
4,1,3,large,1.8510675171314945,6.9921875
4,1,3,large,3.379569404039606,8.9921875
4,1,3,large,1.8967083734252377,10.9921875
4,1,3,large,1.820797835325657,12.9921875
4,1,3,large,1.8192883793394712,14.9921875
4,1,3,large,2.1269087326960845,16.9921875
4,1,3,large,1.818606169414544,18.9921875
4,1,3,large,5.118342628690799,20.9921875
4,1,3,large,6.3493876060466965,22.9921875
4,1,3,large,7.901419142766023,24.9921875
4,1,3,large,14.545444218519552,26.9921875
4,1,3,large,7.17519397289356,28.98828125
4,1,3,medium,6.931827390746082,31.0
4,1,3,medium,24.029384731327884,33.0
4,1,3,medium,17.547298222683004,35.00390625
4,1,3,medium,20.779967987500747,37.0
4,1,3,medium,22.28312262977383,39.00390625
4,1,3,medium,61.1847371627242,41.0
4,1,3,medium,37.731471159725565,43.015625
4,1,3,medium,61.92868060787873,45.015625
4,1,3,medium,49.5881488341025,47.015625
4,1,1,large,1.0659490947899535,2.9921875
4,1,1,large,0.8111929556454289,4.9921875
4,1,1,large,1.9176281498122945,6.9921875
4,1,1,large,4.483285945270883,8.9921875
4,1,1,large,2.4418536322397983,10.9921875
4,1,1,large,2.483698007395918,12.9921875
4,1,1,large,2.0302694294054238,14.9921875
4,1,1,large,2.174905638692379,17.00390625
4,1,1,large,0.5987061396716796,19.00390625
4,1,1,large,0.16580506254150695,21.00390625
4,1,1,large,8.099476564836406,23.00390625
4,1,1,large,54.927553822839016,25.015625
4,1,1,large,86.88804013448183,27.015625
4,1,1,large,81.72805660706642,29.015625
4,0,3,large,1.6744918876618686,2.9921875
4,0,3,large,1.9142282117457292,4.9921875
4,0,3,large,1.9101754386585597,6.9921875
4,0,3,large,1.821109967863622,8.99609375
4,0,3,large,1.5018607327552274,10.9921875
4,0,3,large,0.8018266739748979,12.9921875
4,0,3,large,0.8552489948978765,14.9921875
4,0,3,large,1.5576313198570682,16.98828125
4,0,3,large,2.1365505599449843,19.00390625
4,0,3,large,4.0174512757324745,21.015625
4,0,3,large,1.9047486790827763,23.03125
4,0,3,large,1.3917829334820737,25.03125
4,0,3,large,3.8958912953440397,27.03125
4,0,3,large,3.9995531590823328,29.03125
4,0,3,medium,19.020923122416043,31.05859375
4,0,3,medium,33.954649857878486,33.0546875
4,0,3,medium,54.382784362498626,35.08203125
4,0,3,medium,64.86415326218199,37.08203125
4,0,3,medium,38.912066280000815,39.08203125
4,0,3,medium,26.94411023704898,41.09765625
4,0,3,medium,28.96227543567764,43.09375
4,0,3,medium,26.86062972432704,45.09375
4,0,3,medium,30.206749931842424,47.109375
4,0,3,medium,50.19786554765253,49.1484375
4,0,3,medium,52.547639918546665,51.16015625
4,0,3,medium,39.144698516410074,53.17578125
4,0,3,medium,31.040022638962895,55.17578125
4,0,3,medium,20.272007876332154,57.17578125
4,0,3,medium,24.645791174411386,59.19921875
4,0,3,small,19.138060155238424,61.21484375
4,0,3,small,58.821609786886484,63.2265625
4,0,3,small,60.91866009125438,65.2265625
4,0,3,small,61.9163903036057,67.23828125
4,0,3,small,72.07386404362113,69.23828125
4,0,3,small,72.55248098325535,71.25390625
4,0,3,small,82.2956346906937,73.265625
4,0,3,small,82.43448468294669,75.265625
4,0,3,small,74.55254036037078,77.29296875
4,0,3,small,94.09920805372688,79.3203125
4,0,3,small,97.52185577708906,81.33203125
4,0,3,small,89.41216998875458,83.34375
4,0,3,small,82.23229414940249,85.34375
4,0,3,small,73.52321496151205,87.359375
4,1,2,large,1.1704455641930473,2.9921875
4,1,2,large,2.0670155708637434,4.9921875
4,1,2,large,1.894779829112405,6.9921875
4,1,2,large,2.7654497127577224,8.9921875
4,1,2,large,2.6386722962184317,10.9921875
4,1,2,large,0.9828143274263806,12.9921875
4,1,2,large,1.4223401484406575,14.9921875
4,1,2,large,2.647754783959013,16.9921875
4,1,2,large,3.2601904769822343,18.9921875
4,1,2,large,10.89869029328073,20.9921875
4,1,2,large,10.577880633201325,23.00390625
4,1,2,large,20.344254446891963,25.00390625
4,1,2,large,12.12917046527815,27.00390625
4,1,2,large,6.283256029252998,29.00390625
4,1,2,medium,4.13650733226965,31.00390625
4,1,2,medium,2.976051000830222,33.00390625
4,1,2,medium,0.8538460091797178,35.00390625
4,1,2,medium,1.2086287191518679,37.015625
4,1,2,medium,5.889902559576641,39.015625
4,1,2,medium,2.4140517656420935,41.015625
4,1,2,medium,3.50581047594088,43.015625
4,1,2,medium,31.19983269888423,45.03125
4,1,2,medium,20.644447875585882,47.03125
4,1,2,medium,83.90009356182398,49.03515625
4,1,2,medium,89.81421172742054,51.02734375
4,1,2,medium,98.55038113006,53.04296875
4,1,2,medium,95.68216286193886,55.04296875
4,1,2,medium,63.25425684920823,57.04296875
4,1,2,medium,56.48846948266473,59.04296875
4,1,2,small,75.04889291344551,61.04296875
4,1,2,small,81.54968457255427,63.0546875
4,0,1,large,6.868844447355299,2.9921875
4,0,1,large,18.860955323652064,5.0
4,0,1,large,9.349252667365782,6.9921875
4,0,1,large,3.708462060986106,8.9921875
4,0,1,large,1.591669508293204,10.9921875
4,0,1,large,2.6161945967380045,12.9921875
4,0,1,large,1.9510514124651217,14.9921875
4,0,1,large,1.1964041948343598,16.9921875
4,0,1,large,10.170753865412262,19.00390625
4,0,1,large,32.97059460079683,21.03125
4,0,1,large,20.80970427887742,23.03125
4,0,1,large,8.986815753760276,25.04296875
4,0,1,large,4.127131358647617,27.04296875
4,0,1,large,3.9404227998004164,29.0546875
4,0,1,medium,8.94747459252455,31.0703125
4,0,1,medium,9.57121657780485,33.0703125
4,0,1,medium,10.501635729643295,35.08203125
4,0,1,medium,9.238075630208082,37.08203125
4,0,1,medium,2.750765292840455,39.09375
4,0,1,medium,2.722335120702229,41.09375
4,0,1,medium,7.127862742764046,43.09375
4,0,1,medium,2.671241981199139,45.09375
4,0,1,medium,4.913471186963781,47.109375
4,0,1,medium,16.19603882037648,49.1328125
4,0,1,medium,27.575677706178467,51.1484375
4,0,1,medium,16.921988698593438,53.17578125
4,0,1,medium,6.003133896474544,55.171875
4,0,1,medium,3.9050532140501932,57.17578125
4,0,1,medium,2.4661823663486335,59.19921875
4,0,1,small,3.261161641902236,61.21484375
4,0,1,small,17.32984033856375,63.2265625
4,0,1,small,12.432518370892229,65.2265625
4,0,1,small,4.320981996385907,67.25390625
4,0,1,small,3.0621124288929167,69.25390625
4,0,1,small,20.743382118026084,71.265625
4,0,1,small,89.50465330054882,73.28125
4,0,1,small,99.2821350767604,75.29296875
4,1,2,large,1.5389528565341126,2.9765625
4,1,2,large,1.6124474256481807,4.98828125
4,1,2,large,3.728974992028339,6.9765625
4,1,2,large,2.753945320463333,8.9765625
4,1,2,large,2.0341677024420886,10.9765625
4,1,2,large,2.029346391995876,12.9765625
4,1,2,large,1.9476509594899976,14.9765625
4,1,2,large,5.576403141591548,16.9765625
4,1,2,large,3.8746470121908736,18.9765625
4,1,2,large,1.4770053030495252,20.9765625
4,1,2,large,5.327773481448524,22.9765625
4,1,2,large,39.474764611895935,24.98828125
4,1,2,large,47.96636779813265,26.98828125
4,1,2,large,25.966692592185254,28.98828125
4,1,2,medium,61.67655711363685,30.98828125
5,0,3,large,0.16568614493235193,2.984375
5,0,3,large,0.8417808585391564,4.99609375
5,0,3,large,7.396082927244789,7.0234375
5,0,3,large,12.367660714097122,9.0234375
5,0,3,large,6.074640811949578,11.03515625
5,0,3,large,39.549545265588534,13.05078125
5,0,3,large,59.51873387485955,15.05078125
5,0,3,large,67.27953183121781,17.0625
5,0,3,large,65.9690533211303,19.07421875
5,0,3,large,45.87159756633491,21.1015625
5,0,3,large,29.86411489633018,23.11328125
5,0,3,large,30.851492155647154,25.140625
5,0,3,large,56.874862615132066,27.15234375
5,0,3,large,58.27335065308982,29.16796875
5,0,3,medium,28.6791957987096,31.1796875
5,0,3,medium,18.85255435267716,33.1953125
5,0,3,medium,49.0589380580101,35.24609375
5,0,3,medium,51.72805112721913,37.26953125
5,0,3,medium,36.384641607260505,39.30078125
5,0,3,medium,53.80699537997843,41.30078125
5,0,3,medium,46.39485974050231,43.3125
5,0,3,medium,30.765974071664456,45.328125
5,0,3,medium,20.86993350354894,47.33984375
5,0,3,medium,15.598220922367254,49.39453125
5,0,3,medium,53.86010263645215,51.39453125
5,0,3,medium,71.01183581430887,53.421875
5,0,3,medium,61.6235553029824,55.43359375
5,0,3,medium,54.269765676435036,57.41796875
5,0,3,medium,35.36427960492653,59.4453125
5,0,3,small,47.34639202211284,61.47265625
5,0,3,small,78.94768156079347,63.484375
5,0,3,small,67.51167737152852,65.4921875
5,0,3,small,44.51631780054464,67.51171875
5,0,3,small,64.45285863080795,69.5234375
5,0,3,small,87.00431706400302,71.5234375
5,1,2,large,0.001453732096843234,3.0078125
5,1,2,large,5.754139605303414,5.0078125
5,1,2,large,7.889794416565435,7.0078125
5,1,2,large,5.3333081355706895,9.0078125
5,1,2,large,19.811133598299417,11.0078125
5,1,2,large,35.674736397165056,13.0078125
5,1,2,large,27.913884631247566,15.00390625
5,1,2,large,27.65289126817102,17.00390625
5,1,2,large,21.976545458077204,19.01953125
5,1,2,large,15.918391909413419,21.01953125
5,1,2,large,10.331362732434199,23.03125
5,1,2,large,15.18112218696782,25.02734375
5,1,2,large,21.05299377025817,27.03125
5,1,2,large,45.34262724139084,29.03125
5,1,2,medium,36.07027840616556,31.046875
5,1,2,medium,15.134978330651723,33.04296875
5,1,2,medium,9.746338720421793,35.05859375
5,1,2,medium,8.73413868399445,37.0859375
5,1,2,medium,9.11656152528985,39.0859375
5,1,2,medium,14.547049493449613,41.09765625
5,1,2,medium,18.005370317786582,43.109375
5,0,2,large,16.968394495640517,2.9921875
5,0,2,large,10.477846122116997,4.9921875
5,0,2,large,22.330473122148565,6.9921875
5,0,2,large,36.41163542147096,8.9921875
5,0,2,large,22.334996061346846,10.9921875
5,0,2,large,12.099791535765622,12.9921875
5,0,2,large,19.951328594348972,14.9921875
5,0,2,large,25.09497326068596,16.9921875
5,0,2,large,16.908946034437324,19.00390625
5,0,2,large,17.7820071841212,21.0234375
5,0,2,large,18.664730637469837,23.015625
5,0,2,large,39.36829155304355,25.03125
5,0,2,large,33.38724533616477,27.04296875
5,0,2,large,33.48249783955184,29.0546875
5,0,2,medium,26.13060158867413,31.0703125
5,0,2,medium,30.899597340123556,33.0703125
5,0,2,medium,30.324611440877234,35.08203125
5,0,2,medium,25.231283846949736,37.08203125
5,0,2,medium,20.030366153465348,39.08203125
5,0,2,medium,14.107570879830611,41.08203125
5,0,2,medium,12.716761523035757,43.09375
5,0,2,medium,16.392413553072732,45.09375
5,0,2,medium,9.315852423020356,47.09375
5,0,2,medium,7.377314528197351,49.12109375
5,0,2,medium,7.299986739372734,51.1328125
5,0,2,medium,8.564867014079999,53.1484375
5,0,2,medium,24.13165763584063,55.1484375
5,0,2,medium,41.313269946233596,57.1484375
5,0,2,medium,45.70758494007974,59.17578125
5,0,2,small,70.46068586559318,61.1875
5,0,2,small,60.8769642261042,63.203125
5,0,2,small,55.206119150482166,65.203125
5,0,2,small,48.101673544384724,67.21484375
5,0,2,small,24.816895512933556,69.2265625
5,0,2,small,10.642560711421293,71.2265625
5,0,2,small,18.96841268093622,73.23828125
5,0,2,small,35.522680027651006,75.23828125
5,0,2,small,59.355088632731196,77.28125
5,0,2,small,76.68970685645029,79.30859375
5,0,2,small,80.32524877686089,81.33203125
5,1,1,large,13.645123909193654,2.9921875
5,1,1,large,19.936627204721773,4.9921875
5,1,1,large,18.00268823056301,6.9921875
5,1,1,large,9.376387118999908,8.9921875
5,1,1,large,19.512400845266825,10.98828125
5,1,1,large,38.204923274598166,12.98828125
5,1,1,large,31.6598417960644,14.9921875
5,1,1,large,24.209985161096345,17.00390625
5,1,1,large,22.358961535339773,19.00390625
5,1,1,large,31.281554879265695,21.01171875
5,1,1,large,26.656344775539164,23.00390625
5,1,1,large,56.887989253523656,25.00390625
5,1,1,large,45.49925664654144,27.00390625
5,1,1,large,33.144235953944936,29.0
5,0,1,large,17.415009572926998,3.00390625
5,0,1,large,26.223105150110488,5.01953125
5,0,1,large,39.173251260993645,7.03125
5,0,1,large,24.690934807423933,9.03515625
5,0,1,large,7.790526705530203,11.046875
5,0,1,large,3.335237328155838,13.046875
5,0,1,large,0.9307218036682788,15.046875
5,0,1,large,1.1627991582692627,17.0625
5,0,1,large,0.45901055247940414,19.0625
5,0,1,large,5.931567051109509,21.07421875
5,0,1,large,3.958514632614719,23.0859375
5,0,1,large,8.658109231939981,25.1015625
5,0,1,large,10.107332449721365,27.09765625
5,0,1,large,13.12659445735947,29.109375
5,0,1,medium,8.981360353241548,31.109375
5,0,1,medium,19.660651020306233,33.109375
5,0,1,medium,28.31480607422407,35.125
5,0,1,medium,32.81724695078701,37.125
5,0,1,medium,56.60341136878647,39.13671875
5,0,1,medium,55.77248068392551,41.13671875
5,0,1,medium,67.7918988631053,43.140625
5,0,1,medium,64.28809446097593,45.1484375
5,0,1,medium,54.39868153357404,47.15234375
5,0,1,medium,43.16626447479514,49.17578125
5,0,1,medium,24.360705931243288,51.19140625
5,0,1,medium,12.72253349414822,53.203125
5,0,1,medium,9.371747967278488,55.23046875
5,0,1,medium,51.36719488179676,57.23046875
5,0,1,medium,63.430192946258664,59.2578125
5,0,1,small,58.20645093698111,61.28515625
5,0,1,small,74.67650176827715,63.296875
5,0,1,small,89.06992714135612,65.296875
5,1,3,large,0.42952324073751813,2.9921875
5,1,3,large,2.7384169571914314,4.9921875
5,1,3,large,0.9766579678034867,6.9921875
5,1,3,large,0.3093526319324402,8.9921875
5,1,3,large,2.21926136345179,10.9921875
5,1,3,large,2.3350889925087563,12.9921875
5,1,3,large,11.852739244987488,14.9921875
5,1,3,large,7.14601630120416,16.99609375
5,1,3,large,2.7680508937543005,18.9921875
5,1,3,large,23.191630344940066,21.00390625
5,1,3,large,48.8053549260856,23.00390625
5,1,3,large,41.90334860015539,25.00390625
5,1,3,large,16.748795133141613,27.00390625
5,1,3,large,18.719630468029486,29.00390625
5,1,3,medium,17.937730323251778,31.015625
5,1,3,medium,40.06973902711412,33.015625
5,1,3,medium,60.9954574301112,35.03125
5,1,3,medium,60.6113652155962,37.04296875
5,1,3,medium,56.40320570039182,39.04296875
5,1,3,medium,46.91032696340926,41.04296875
5,1,3,medium,32.86318802291625,43.09765625
5,0,3,large,0.009266203764933898,2.984375
5,0,3,large,0.0024425447936337547,4.984375
5,0,3,large,0.0006438478173213283,6.984375
5,0,3,large,1.0096796801899393,8.984375
5,0,3,large,0.7253494017465907,10.984375
5,0,3,large,8.047290149880027,12.984375
5,0,3,large,12.17687450156927,14.984375
5,0,3,large,4.02438790510006,16.99609375
5,0,3,large,2.881683610065173,18.99609375
5,0,3,large,9.9429866156568,21.0234375
5,0,3,large,18.279370648090346,23.0234375
5,0,3,large,18.735754703766474,25.0625
5,0,3,large,15.962789571557003,27.07421875
5,0,3,large,5.986445937312055,29.07421875
5,0,3,medium,5.914994767811592,31.08984375
5,0,3,medium,3.272456976719515,33.0859375
5,0,3,medium,2.371654054367018,35.1015625
5,0,3,medium,4.495876532766885,37.11328125
5,0,3,medium,3.876675193704929,39.12890625
5,0,3,medium,6.162478873586222,41.125
5,0,3,medium,5.8393508338221345,43.15234375
5,0,3,medium,5.1561828043676075,45.15234375
5,0,3,medium,23.520993612460746,47.15234375
5,0,3,medium,32.84432209455469,49.17578125
5,0,3,medium,19.838636492773524,51.203125
5,0,3,medium,32.13638504552045,53.234375
5,0,3,medium,39.27562565803993,55.24609375
5,0,3,medium,60.92559709113327,57.2578125
5,0,3,medium,44.38380769267131,59.296875
5,1,3,large,5.511425797826524,2.9921875
5,1,3,large,9.011212555281494,4.9921875
5,1,3,large,7.412294749113065,6.9921875
5,1,3,large,2.75736735491555,8.9921875
5,1,3,large,2.667522473043408,10.9921875
5,1,3,large,1.5862728198184788,12.9921875
5,1,3,large,3.1895779526440715,14.9921875
5,1,3,large,4.059971301966687,16.98828125
5,1,3,large,5.899377125254768,18.9921875
5,1,3,large,5.0294586741692235,20.98828125
5,1,3,large,3.153308780103135,23.00390625
5,1,3,large,1.8136180015505767,25.00390625
5,1,3,large,5.8759590307479765,27.00390625
5,1,3,large,6.997939711597649,29.00390625
5,1,3,medium,7.138845846472367,31.015625
5,1,3,medium,9.186588154236127,33.015625
5,1,3,medium,9.97772831558627,35.04296875
5,1,3,medium,11.824244358737342,37.10546875
5,1,3,medium,7.863347176266594,39.109375
5,1,3,medium,10.640042975713406,41.125
5,1,3,medium,7.55783436285529,43.1484375
5,0,2,large,0.0,2.984375
5,0,2,large,0.0,4.984375
5,0,2,large,0.0,6.984375
5,0,2,large,0.2603663221654462,8.99609375
5,0,2,large,0.19608589691753894,10.99609375
5,0,2,large,0.7546636174204928,13.0078125
5,0,2,large,2.5402122996594785,15.0078125
5,0,2,large,2.526998363994495,17.0078125
5,0,2,large,12.420782928698614,19.01953125
5,0,2,large,13.486884903396607,21.03515625
5,0,2,large,24.984371269443727,23.046875
5,0,2,large,61.19257800493293,25.05859375
5,0,2,large,59.873935186308245,27.07421875
5,0,2,large,46.327774506513094,29.07421875
5,0,2,medium,30.38991950511174,31.0859375
5,0,2,medium,20.76775098646825,33.08984375
5,0,2,medium,22.447387362131597,35.1015625
5,0,2,medium,18.8319422303878,37.1015625
5,0,2,medium,20.953599461158518,39.125
5,0,2,medium,17.60388638204828,41.12890625
5,0,2,medium,48.632533741026634,43.12890625
5,0,2,medium,79.40992312352387,45.12890625
5,0,2,medium,58.96034908040162,47.12890625
5,0,2,medium,65.62508265460279,49.16796875
5,0,2,medium,43.82929914161443,51.1796875
5,0,2,medium,31.76113838863194,53.1953125
5,0,2,medium,53.777300980610775,55.20703125
5,0,2,medium,63.88400098145016,57.2109375
5,0,2,medium,58.63991892292498,59.21875
5,0,2,small,34.09706334881531,61.24609375
5,0,2,small,30.81338099159025,63.2734375
5,0,2,small,41.80868611788771,65.2734375
5,0,2,small,77.790644438074,67.30078125
5,0,2,small,83.02409273653545,69.30078125
5,0,2,small,77.85298845156503,71.296875
5,0,2,small,85.17637011892619,73.30078125
5,0,2,small,92.06462373805292,75.3125
5,0,2,small,96.88842975171696,77.3515625
5,0,2,small,94.86883557265864,79.38671875
5,0,2,small,96.12677582619965,81.390625
5,0,2,small,97.09768354375207,83.41796875
5,0,2,small,93.81560072477976,85.4296875
5,1,2,large,0.07401759509427328,2.9921875
5,1,2,large,13.26204029664975,4.9921875
5,1,2,large,46.045408165910416,6.9921875
5,1,2,large,45.51781136438626,8.9921875
5,1,2,large,37.89324141818765,10.9921875
5,1,2,large,37.69336410711766,12.9921875
5,1,2,large,17.7602906383932,14.9921875
5,1,2,large,30.81689361937334,16.9921875
5,1,2,large,35.33711595930937,18.9921875
5,1,2,large,20.7297101880542,20.9921875
5,1,2,large,37.08974917251804,22.9921875
5,1,2,large,37.01580388896262,25.00390625
5,1,2,large,51.33522977304514,27.00390625
5,1,2,large,49.69005307788556,29.00390625
5,1,2,medium,45.80844748796768,31.01171875
5,1,2,medium,31.705207066796618,33.015625
5,1,2,medium,72.75883607504582,35.015625
5,1,2,medium,71.86170196451383,37.015625
5,1,2,medium,38.275830246041,39.015625
5,1,2,medium,25.044920971905356,41.03125
5,1,2,medium,25.353395622082626,43.03125
5,1,2,medium,27.521877433027598,45.03125
5,1,2,medium,24.050401784412426,47.03125
5,1,2,medium,38.22288905902739,49.04296875
5,1,2,medium,31.207527712349915,51.04296875
5,1,2,medium,18.79990656297724,53.04296875
5,1,2,medium,20.968344960454523,55.05859375
5,1,2,medium,24.77186680563731,57.06640625
5,1,2,medium,32.26353166080562,59.06640625
5,1,2,small,30.038236541397954,61.08203125
5,0,1,large,9.34481956559635,2.99609375
5,0,1,large,2.918383640609457,4.99609375
5,0,1,large,3.317456801558592,6.99609375
5,0,1,large,1.086177194769096,8.9921875
5,0,1,large,0.2863132000277029,10.9921875
5,0,1,large,0.07547134013205835,12.9921875
5,0,1,large,0.27604970534888945,15.0078125
5,0,1,large,2.398035855688751,17.0078125
5,0,1,large,2.114299736058083,19.0078125
5,0,1,large,3.439328319702185,21.03125
5,0,1,large,2.488855072387548,23.03125
5,0,1,large,2.228820194651196,25.046875
5,0,1,large,1.7706237546915649,27.046875
5,0,1,large,14.79476329818354,29.05859375
5,0,1,medium,39.52223976386782,31.05859375
5,0,1,medium,31.0019777699092,33.07421875
5,0,1,medium,45.164356991329456,35.0859375
5,0,1,medium,49.627451917723846,37.0859375
5,0,1,medium,35.267111753724606,39.0859375
5,0,1,medium,38.23740630635847,41.09765625
5,0,1,medium,22.637303677636574,43.1015625
5,0,1,medium,15.921298823402669,45.10546875
5,0,1,medium,17.1067738020025,47.09765625
5,0,1,medium,25.91716902882759,49.13671875
5,0,1,medium,36.84204643114525,51.15234375
5,0,1,medium,42.7766849231812,53.171875
5,0,1,medium,53.007374396838514,55.1796875
5,0,1,medium,67.00723295333344,57.1796875
5,0,1,medium,64.90756701904655,59.19140625
5,0,1,small,68.11408317562689,61.21875
5,0,1,small,63.85544355143556,63.21875
5,0,1,small,51.625404039785295,65.23046875
5,0,1,small,44.256692224238336,67.2421875
5,0,1,small,30.998375071048187,69.2421875
5,0,1,small,31.75213917024817,71.25390625
5,0,1,small,22.438490133653044,73.2578125
5,0,1,small,25.990619226036316,75.2578125
5,0,1,small,34.565660001671965,77.28125
5,0,1,small,69.45523148785497,79.32421875
5,0,1,small,77.62407512062451,81.3359375
5,0,1,small,75.1313388603938,83.3515625
5,0,1,small,59.942688873196204,85.36328125
5,1,1,large,6.671671178118683,2.9921875
5,1,1,large,4.048136066516079,4.9921875
5,1,1,large,4.937927338593742,6.9921875
5,1,1,large,5.293827225042496,9.0
5,1,1,large,30.97601880259405,10.9921875
5,1,1,large,59.14196210861232,12.9921875
5,1,1,large,58.36698433725674,14.9921875
5,1,1,large,34.60118979362662,16.9921875
5,1,1,large,15.211439067677018,18.9921875
5,1,1,large,6.435439458460893,20.9921875
5,1,1,large,1.7822612379578022,22.9921875
5,1,1,large,4.332445699798906,24.99609375
5,1,1,large,7.584380631392629,26.9921875
5,1,1,large,8.982518524259493,29.00390625
5,1,1,medium,14.235005921975926,31.00390625
5,1,1,medium,10.959624828239132,33.00390625
5,1,1,medium,9.886556859084285,35.0078125
5,1,1,medium,11.29533464118469,37.01953125
5,1,1,medium,18.942428104387893,39.01953125
5,1,1,medium,21.883713355471727,41.015625
5,1,1,medium,15.135952245476906,43.01953125
5,1,1,medium,15.458548580232952,45.03125
5,1,1,medium,21.25005945913017,47.03125
5,1,1,medium,25.74398271614664,49.04296875
5,1,1,medium,49.07682518776676,51.0546875
5,1,1,medium,77.20219293822984,53.05859375
5,1,1,medium,82.35441576131491,55.05859375
5,1,1,medium,76.33367265239588,57.05859375
5,1,1,medium,78.426976418661,59.0703125
5,1,1,small,68.62875232606677,61.0703125
5,1,1,small,68.75966262612172,63.09765625
5,0,1,large,0.0,2.98828125
5,0,1,large,0.0,4.98828125
5,0,1,large,0.18492973325340983,6.98828125
5,0,1,large,0.15345664115913882,8.98828125
5,0,1,large,2.2794167221375683,10.98828125
5,0,1,large,5.139241666696524,12.98828125
5,0,1,large,7.44442047450332,14.98828125
5,0,1,large,13.873520031677902,16.984375
5,0,1,large,27.594938910228038,18.98828125
5,0,1,large,38.171028021779826,21.0
5,0,1,large,39.92850928736533,23.01171875
5,0,1,large,38.64485666983452,25.02734375
5,0,1,large,17.20582834247953,27.0390625
5,0,1,large,8.2086926566578,29.05078125
5,0,1,medium,3.3652157667874816,31.0546875
5,0,1,medium,2.2538821924920267,33.0546875
5,0,1,medium,0.6193672544050531,35.06640625
5,0,1,medium,1.801311590838484,37.07421875
5,0,1,medium,3.3392534923454327,39.078125
5,0,1,medium,6.791307314102383,41.078125
5,0,1,medium,10.452764449587225,43.09375
5,0,1,medium,13.361610814636034,45.09375
5,0,1,medium,16.44240988985192,47.09375
5,0,1,medium,27.16574717414088,49.10546875
5,0,1,medium,19.853302292008927,51.1171875
5,0,1,medium,17.4271822192133,53.1171875
5,0,1,medium,30.21031989650916,55.16015625
5,0,1,medium,38.80779436072686,57.1328125
5,0,1,medium,46.830390030599716,59.1328125
5,0,1,small,66.97334732176279,61.14453125
5,0,3,large,9.859388677949926,2.9921875
5,0,3,large,23.89173702228616,4.9921875
5,0,3,large,39.412685887756915,6.9921875
5,0,3,large,27.255928646987257,8.9921875
5,0,3,large,8.797419608243938,10.9921875
5,0,3,large,2.8029234303293205,12.9921875
5,0,3,large,1.0071715613263585,14.9921875
5,0,3,large,1.070641968965265,16.9921875
5,0,3,large,0.4339094945816966,19.00390625
5,0,3,large,7.803736815326067,21.03125
5,0,3,large,8.841403682178647,23.04296875
5,0,3,large,5.926230326537366,25.0703125
5,0,3,large,5.313079795077657,27.0703125
5,0,3,large,3.097364526732322,29.0703125
5,0,3,medium,4.651472334352361,31.08203125
5,0,3,medium,11.009555614521915,33.09375
5,0,3,medium,20.09112107567737,35.12109375
5,0,3,medium,23.577439937995962,37.1328125
5,0,3,medium,23.829621468538086,39.1484375
5,0,3,medium,11.774523347061063,41.1484375
5,0,3,medium,7.37346908550347,43.17578125
5,0,3,medium,13.946673938591402,45.1875
5,0,3,medium,14.716215544143802,47.1875
5,0,3,medium,22.223390045804223,49.2265625
5,1,2,large,0.5514421875226924,2.9921875
5,1,2,large,2.8434088752940774,4.9921875
5,1,2,large,3.7984812620502906,6.9921875
5,1,2,large,4.193172869778019,8.9921875
5,1,2,large,3.6102972505585718,10.9921875
5,1,2,large,3.108554253953041,12.9921875
5,1,2,large,12.120096330591233,14.9921875
5,1,2,large,18.176965206819553,16.9921875
5,1,2,large,16.86882170850219,18.9921875
5,1,2,large,9.837132593252115,20.9921875
5,1,2,large,5.709543945761349,22.98828125
5,1,2,large,11.930052595404028,25.00390625
5,1,2,large,22.983489339453985,27.00390625
5,1,2,large,25.61670699877958,29.00390625
5,1,2,medium,38.75400866036656,31.0
5,1,2,medium,45.69288423279238,33.015625
5,1,2,medium,45.16982648926167,35.02734375
5,1,2,medium,25.47554864816496,37.0390625
5,1,2,medium,13.01419611817403,39.0546875
5,1,2,medium,20.522315706125887,41.0546875
5,1,2,medium,14.65770703634568,43.06640625
5,0,2,large,1.4808125004796946,2.984375
5,0,2,large,1.979730529418496,4.98828125
5,0,2,large,55.843286877973725,6.984375
5,0,2,large,69.30399943714636,8.984375
5,0,2,large,54.61813069666023,10.984375
5,0,2,large,23.944185036620652,12.98046875
5,0,2,large,8.574825374142671,14.98046875
5,0,2,large,7.905205852990521,16.98046875
5,0,2,large,4.148201328330115,18.99609375
5,0,2,large,9.525865421951357,21.0234375
5,0,2,large,5.123069255716834,23.03515625
5,0,2,large,1.5623241867662259,25.046875
5,0,2,large,2.3910463163746254,27.046875
5,0,2,large,5.330400561392429,29.0625
5,0,2,medium,8.34243223016481,31.07421875
5,0,2,medium,8.27056973165611,33.07421875
5,0,2,medium,9.945387934193974,35.1015625
5,0,2,medium,12.026037928170501,37.1015625
5,0,2,medium,5.663619954916129,39.125
5,0,2,medium,6.713231175713745,41.125
5,0,2,medium,13.003380299559659,43.140625
5,0,2,medium,15.03480706086094,45.13671875
5,0,2,medium,15.45298622418779,47.140625
5,0,2,medium,16.499853530425256,49.19140625
5,0,2,medium,25.353578290519835,51.20703125
5,0,2,medium,44.93122258088259,53.20703125
5,0,2,medium,31.672906432394225,55.23046875
5,0,2,medium,17.308464325484877,57.24609375
5,0,2,medium,19.534828373884242,59.24609375
5,0,2,small,38.7252866156644,61.2578125
5,0,2,small,37.25841298673183,63.30078125
5,0,2,small,43.69758382065214,65.3359375
5,0,2,small,29.19339572999668,67.3515625
5,0,2,small,16.680953844626075,69.390625
5,1,1,large,5.673976181203855,2.9921875
5,1,1,large,16.1785207736128,4.9921875
5,1,1,large,12.461302353822141,6.9921875
5,1,1,large,6.077773536195263,8.9921875
5,1,1,large,12.439537218762377,10.9921875
5,1,1,large,12.796695220241661,12.9921875
5,1,1,large,9.498578650124891,14.98828125
5,1,1,large,4.247902700969105,16.9921875
5,1,1,large,15.058489070776465,18.9921875
5,1,1,large,20.817352344243346,20.9921875
5,1,1,large,19.996206544494342,22.9921875
5,1,1,large,10.893274839750287,24.9921875
5,1,1,large,8.703920985675596,26.9921875
5,1,1,large,8.384678869304757,28.9921875
5,1,1,medium,12.650197359622567,31.00390625
5,1,1,medium,7.361080566424855,33.0
5,1,1,medium,11.36656602668352,35.00390625
5,1,1,medium,39.745698173548305,37.00390625
5,1,1,medium,55.318073804504806,39.015625
5,1,1,medium,57.880902925042975,41.01953125
5,1,1,medium,37.46353889107628,43.015625
5,1,1,medium,21.6318897700179,45.03125
5,1,1,medium,15.377710549334868,47.02734375
5,1,1,medium,14.293744589008265,49.02734375
5,1,1,medium,11.683983238192395,51.046875
5,1,1,medium,5.7431120293605264,53.1171875
5,1,1,medium,9.021724748515506,55.1328125
5,1,1,medium,6.090263317897726,57.1328125
5,1,1,medium,15.315061549650835,59.16015625
5,1,1,small,79.63798438687024,61.16015625
5,0,1,large,2.664831763282331,2.984375
5,0,1,large,5.814262058282495,4.984375
5,0,1,large,10.790477630097069,6.984375
5,0,1,large,6.049801461236933,8.984375
5,0,1,large,9.92699223352076,10.984375
5,0,1,large,7.889041887827899,12.984375
5,0,1,large,11.826259879969328,14.984375
5,0,1,large,4.325074260842374,16.984375
5,0,1,large,1.9278569400597902,18.99609375
5,0,1,large,2.6277227946748933,21.0234375
5,0,1,large,12.446702195135204,23.03515625
5,0,1,large,16.014392611682982,25.05078125
5,0,1,large,7.76128004606432,27.0625
5,0,1,large,8.591090119185903,29.0625
5,0,1,medium,6.20560757190451,31.0859375
5,0,1,medium,7.977126963170669,33.08984375
5,0,1,medium,15.072184908026372,35.1015625
5,0,1,medium,41.30912817162101,37.1015625
5,0,1,medium,54.98965134994383,39.12890625
5,0,1,medium,56.49673736434198,41.12890625
5,0,1,medium,48.24362178819389,43.15625
5,0,1,medium,39.32798936138357,45.16796875
5,0,1,medium,32.03056707387611,47.15234375
5,0,1,medium,22.92918439021847,49.22265625
5,0,1,medium,25.694336059687803,51.22265625
5,0,1,medium,43.13526284898115,53.234375
5,0,1,medium,33.116934328751114,55.24609375
5,0,1,medium,26.28147768909971,57.25390625
5,0,1,medium,36.52821383726747,59.2578125
5,0,1,small,31.194200102504027,61.2734375
5,0,1,small,42.256824136876645,63.26953125
5,0,1,small,37.99182647454539,65.2734375
5,0,1,small,34.554725296913986,67.3125
5,0,1,small,28.697788144153925,69.33984375
5,0,2,large,14.60500740579133,2.984375
5,0,2,large,17.077295471623174,4.984375
5,0,2,large,7.312609056249384,6.99609375
5,0,2,large,6.383485947081312,8.99609375
5,0,2,large,6.748742439306674,10.99609375
5,0,2,large,10.469371550922268,12.99609375
5,0,2,large,10.196839132090844,14.99609375
5,0,2,large,9.438806467305643,16.99609375
5,0,2,large,4.351390272803268,19.0078125
5,0,2,large,15.379547688895055,21.03515625
5,0,2,large,32.97293799867916,23.03515625
5,0,2,large,37.86268019517385,25.05078125
5,0,2,large,18.88121417669995,27.05078125
5,0,2,large,46.659891469594456,29.0625
5,0,2,medium,68.12425581700946,31.1015625
5,0,2,medium,59.89316954611799,33.11328125
5,0,2,medium,68.24831484417456,35.140625
5,0,2,medium,52.51398142782678,37.140625
5,0,2,medium,25.03730279331689,39.16796875
5,0,2,medium,8.407295591377764,41.1796875
5,0,2,medium,6.769910826172099,43.1796875
5,0,2,medium,41.59697583813675,45.1953125
5,0,2,medium,25.126626127922318,47.1953125
5,0,2,medium,20.473315385302026,49.234375
5,0,2,medium,13.798665452649681,51.24609375
5,0,2,medium,35.08523378822255,53.2734375
5,0,2,medium,56.04437216113443,55.2734375
5,0,2,medium,35.949041443959786,57.26953125
5,0,2,medium,42.281721893293984,59.28515625
5,0,2,small,58.8563423668985,61.30078125
5,1,3,large,22.33561963469083,2.9921875
5,1,3,large,35.91161463064952,5.00390625
5,1,3,large,48.15371845291968,7.00390625
5,1,3,large,37.916681471968225,9.00390625
5,1,3,large,32.1504291240545,11.00390625
5,1,3,large,26.01455011697064,13.00390625
5,1,3,large,15.599646162137999,15.00390625
5,1,3,large,13.162539324221932,17.0078125
5,1,3,large,27.716458446059274,19.00390625
5,1,3,large,39.50918206037671,21.00390625
5,1,3,large,36.07668062274231,23.00390625
5,1,3,large,42.02351410343721,25.0
5,1,3,large,43.74128491000189,27.015625
5,1,3,large,35.641731922191404,29.015625
5,1,3,medium,61.518995841709454,31.02734375
5,1,3,medium,64.99522406561015,33.02734375
5,1,3,medium,71.45754126954529,35.04296875
5,0,1,large,10.408991445901359,2.9921875
5,0,1,large,20.961483931704898,4.9921875
5,0,1,large,16.572099081865026,6.9921875
5,0,1,large,14.71847916767957,8.9921875
5,0,1,large,12.027858984682421,10.9765625
5,0,1,large,12.835431637748735,12.98828125
5,0,1,large,10.641202168009002,14.9921875
5,0,1,large,10.234545963121159,16.9921875
5,0,1,large,18.025401200199575,18.98828125
5,0,1,large,23.575128520072347,21.015625
5,0,1,large,13.345429676520597,23.03125
5,0,1,large,18.080309423256917,25.04296875
5,0,1,large,9.242638896337766,27.0546875
5,0,1,large,11.577800553852978,29.0546875
5,0,1,medium,13.887934593181738,31.0703125
5,0,1,medium,14.897219947620888,33.0703125
5,0,1,medium,17.386267237588818,35.078125
5,0,1,medium,17.774894629911806,37.078125
5,0,1,medium,19.795767628091255,39.10546875
5,0,1,medium,24.026375733697854,41.10546875
5,0,1,medium,24.92256640562676,43.1171875
5,0,1,medium,62.31672305267254,45.1171875
5,0,1,medium,72.7352551004808,47.12109375
5,0,1,medium,75.4402246579644,49.16015625
5,0,1,medium,64.0653669965863,51.1875
5,0,1,medium,58.30128674575218,53.19921875
5,0,1,medium,44.10055587757633,55.19921875
5,0,1,medium,38.530539791064044,57.20703125
5,0,1,medium,31.730609780224835,59.21484375
5,0,1,small,38.10770246539188,61.2265625
5,0,1,small,48.39073603840535,63.25390625
5,0,1,small,57.75505474900386,65.26171875
5,0,1,small,63.69061582688154,67.265625
5,0,1,small,52.715508162880795,69.265625
5,0,1,small,78.72243795884727,71.28125
5,0,1,small,92.72954159805727,73.27734375
5,0,1,small,96.52649186079739,75.28125
5,0,1,small,90.83754865840544,77.3203125
5,0,1,small,64.4024661883227,79.34375
5,0,1,small,62.424460014349854,81.359375
5,0,1,small,84.19126963100688,83.3828125
5,1,2,large,38.45219694693967,3.00390625
5,1,2,large,32.88472609989273,5.00390625
5,1,2,large,25.213928579446556,7.00390625
5,1,2,large,11.414874405438187,9.00390625
5,1,2,large,7.00414588044662,11.00390625
5,1,2,large,7.476650462201665,13.00390625
5,1,2,large,11.940801939689528,15.00390625
5,1,2,large,11.06834070105713,17.00390625
5,1,2,large,9.156685481650555,19.00390625
5,1,2,large,8.582786947075578,21.00390625
5,1,2,large,20.11917943347723,23.015625
5,1,2,large,20.197366703956163,25.015625
5,1,2,large,19.115257636151775,27.015625
5,1,2,large,45.43125165075941,29.015625
5,1,2,medium,61.52254256173641,31.015625
5,1,2,medium,61.623691177454134,33.015625
5,1,2,medium,64.80960284742076,35.03125
5,1,2,medium,62.93741096013051,37.02734375
5,1,2,medium,66.9091155263044,39.02734375
5,1,2,medium,82.55906077264125,41.02734375
5,1,2,medium,82.29871927406734,43.02734375
5,1,2,medium,70.81521654796722,45.04296875
5,1,2,medium,64.96354973062824,47.0546875
5,0,3,large,0.23583383406754638,2.9921875
5,0,3,large,9.175325992211254,4.9765625
5,0,3,large,23.35945248802194,6.9921875
5,0,3,large,8.492274971154881,8.9921875
5,0,3,large,3.1035242713928612,10.9921875
5,0,3,large,0.9450376365357493,12.9921875
5,0,3,large,2.2995059922692827,14.9921875
5,0,3,large,3.587977791019002,16.98828125
5,0,3,large,1.0627250379053368,19.00390625
5,0,3,large,1.906375973192494,21.03125
5,0,3,large,1.7623086159313701,23.04296875
5,0,3,large,0.6183729541828791,25.0546875
5,0,3,large,0.4698655974872108,27.0546875
5,0,3,large,14.49097381419455,29.0546875
5,0,3,medium,36.74502107073322,31.0703125
5,0,3,medium,34.774089436409355,33.08203125
5,0,3,medium,59.51008525720873,35.09375
5,0,3,medium,48.57803912861887,37.09375
5,0,3,medium,35.165976782801124,39.09375
5,0,3,medium,31.18632423521575,41.09375
5,0,3,medium,42.36600989638495,43.09375
5,0,3,medium,32.263594823824135,45.09375
5,0,3,medium,31.293642626687532,47.09375
5,0,3,medium,55.40711299577114,49.1328125
5,0,3,medium,59.59764947678693,51.1484375
5,0,3,medium,82.59789112370223,53.171875
5,0,3,medium,89.002927457704,55.171875
5,0,3,medium,79.82526705685207,57.171875
5,0,3,medium,89.09766482212248,59.203125
5,0,3,small,84.07606048924855,61.2109375
5,0,3,small,88.12654196118868,63.2265625
6,0,2,large,0.0,2.984375
6,0,2,large,0.5093749627471231,5.01171875
6,0,2,large,1.1563424913314062,7.05078125
6,0,2,large,6.322467530030547,9.08984375
6,0,2,large,5.898077938357938,11.10546875
6,0,2,large,10.825741189523171,13.1171875
6,0,2,large,26.44577700926836,15.11328125
6,0,2,large,37.490828299746575,17.12890625
6,0,2,large,58.508462155085795,19.15625
6,0,2,large,36.772255729044076,21.1953125
6,0,2,large,10.45975497570089,23.1953125
6,0,2,large,12.311762440077107,25.22265625
6,0,2,large,19.259882866013637,27.234375
6,0,2,large,66.39264718064564,29.23828125
6,0,2,medium,79.21258413672568,31.2890625
6,0,2,medium,66.31692905321688,33.328125
6,0,1,large,34.19285387717484,2.984375
6,0,1,large,39.866188277364316,4.984375
6,0,1,large,37.485916209534594,6.99609375
6,0,1,large,24.861388621783924,9.0234375
6,0,1,large,66.12171616204381,11.03515625
6,0,1,large,47.6319029582029,13.05078125
6,0,1,large,24.418884351945096,15.05078125
6,0,1,large,18.411093775663964,17.046875
6,0,1,large,29.491676000530333,19.08984375
6,0,1,large,16.490505393208466,21.1171875
6,0,1,large,12.63212447376538,23.12890625
6,0,1,large,12.390329890602516,25.15625
6,0,1,large,14.249684654953773,27.15625
6,0,1,large,5.072189190708755,29.15625
6,0,1,medium,3.141114152695671,31.18359375
6,0,1,medium,1.585849174830578,33.19140625
6,0,1,medium,0.9284068192461661,35.20703125
6,0,1,medium,2.168443797239123,37.22265625
6,0,1,medium,5.288463715113598,39.234375
6,0,1,medium,3.7035680628384475,41.25
6,0,1,medium,19.26752464892391,43.26171875
6,0,1,medium,23.62262763152941,45.2734375
6,0,1,medium,47.69327786263832,47.28515625
6,0,1,medium,26.880966535219414,49.33984375
6,0,1,medium,31.5688564766598,51.33984375
6,0,1,medium,27.02642219192741,53.33984375
6,0,1,medium,43.70296157204976,55.33984375
6,0,1,medium,76.67880788555865,57.35546875
6,0,1,medium,91.0352348465261,59.37890625
6,0,1,small,95.2194293415636,61.39453125
6,0,1,small,86.63257077207146,63.41796875
6,0,1,small,88.07057407138811,65.4453125
6,0,1,small,87.79734449344244,67.4609375
6,1,1,large,0.3078070476260911,3.0078125
6,1,1,large,0.39175810624611573,5.00390625
6,1,1,large,9.572026684619711,7.00390625
6,1,1,large,13.796801530983132,9.015625
6,1,1,large,19.155267461324684,11.015625
6,1,1,large,15.971673840118651,13.03125
6,1,1,large,21.36466515510275,15.03125
6,1,1,large,40.83265519488339,17.03125
6,1,1,large,24.94886855258251,19.046875
6,1,1,large,32.516312204201725,21.046875
6,1,1,large,31.714912712534698,23.046875
6,1,1,large,23.757999586601482,25.0703125
6,1,1,large,39.02067908703334,27.05859375
6,1,1,large,26.122280205390815,29.05859375
6,1,1,medium,16.1795734966517,31.0546875
6,1,1,medium,9.049725454091472,33.0703125
6,1,1,medium,9.593920705008815,35.0703125
6,1,1,medium,9.330751002732011,37.0859375
6,1,1,medium,2.9236770015464573,39.09765625
6,1,1,medium,2.8792018405091824,41.125
6,0,3,large,1.0213813892934158,3.00390625
6,0,3,large,21.524599625558817,5.00390625
6,0,3,large,14.634297868400271,7.015625
6,0,3,large,34.45867484751559,9.02734375
6,0,3,large,17.17661200328932,11.04296875
6,0,3,large,8.003038228767345,13.0546875
6,0,3,large,3.398417916460274,15.0546875
6,0,3,large,27.073497662258045,17.06640625
6,0,3,large,22.26834787155539,19.09375
6,0,3,large,10.122609799505625,21.1328125
6,0,3,large,8.960063191767098,23.1484375
6,0,3,large,12.948969320563753,25.16015625
6,0,3,large,6.16097716949941,27.16015625
6,0,3,large,19.886852178018422,29.17578125
6,0,3,medium,47.32640009042581,31.1875
6,0,3,medium,69.84423570410743,33.1875
6,0,3,medium,66.99638064600956,35.21484375
6,0,3,medium,82.06660000745808,37.22265625
6,0,3,medium,96.85195607468546,39.27734375
6,0,3,medium,93.144702974148,41.29296875
6,0,3,medium,91.27743765816781,43.34765625
6,0,3,medium,99.10650778132549,45.37109375
6,0,3,medium,99.68097367430141,47.3984375
6,0,3,medium,99.48093034966135,49.4296875
6,0,3,medium,99.59345437345537,51.4609375
6,0,3,medium,99.25633487179404,53.484375
6,0,3,medium,98.54826035138451,55.48046875
6,0,3,medium,98.79641411569482,57.4921875
6,0,3,medium,91.93398312190371,59.51953125
6,0,3,small,77.09608806347234,61.51953125
6,0,3,small,78.08701156748947,63.53125
6,0,3,small,91.54617827164063,65.5546875
6,0,3,small,91.44056778619131,67.625
6,1,2,large,50.730732550693354,2.9921875
6,1,2,large,31.478232685647267,4.9921875
6,1,2,large,16.35195896608364,6.99609375
6,1,2,large,11.807453328392022,9.0078125
6,1,2,large,6.1578756439337115,11.00390625
6,1,2,large,1.952620244182784,13.01953125
6,1,2,large,0.5863449563140117,15.015625
6,1,2,large,12.586925004359626,17.015625
6,1,2,large,13.195784509807538,19.03125
6,1,2,large,7.971397768588569,21.03125
6,1,2,large,17.195299910192254,23.04296875
6,1,2,large,22.855580013330982,25.04296875
6,1,2,large,53.37722758544159,27.04296875
6,1,2,large,25.679543186983338,29.04296875
6,1,2,medium,15.315009043421227,31.0546875
6,1,2,medium,47.904795749706494,33.0546875
6,1,2,medium,30.143410554150236,35.0703125
6,1,2,medium,52.355664104147266,37.0703125
6,1,2,medium,86.90140652588347,39.0703125
6,1,2,medium,94.91678992883777,41.0703125
6,1,2,medium,93.19196956713199,43.08203125
6,0,1,large,0.0360146773201316,2.99609375
6,0,1,large,3.88650690379519,5.0234375
6,0,1,large,58.387287727982944,7.13671875
6,0,1,large,76.34487325489329,9.15625
6,0,1,large,25.803992452245687,11.16796875
6,0,1,large,7.931926310040753,13.18359375
6,0,1,large,7.656455181459951,15.18359375
6,0,1,large,25.18289548262921,17.18359375
6,0,1,large,38.58923843414837,19.2421875
6,0,1,large,51.26048248329364,21.26171875
6,0,1,large,48.36468011558994,23.28515625
6,0,1,large,49.3648517934669,25.30078125
6,0,1,large,58.039081662913745,27.30078125
6,0,1,large,53.22244244703526,29.3125
6,0,1,medium,73.3593325117314,31.3359375
6,0,1,medium,66.819199764076,33.328125
6,1,2,large,14.115653452031117,3.0
6,1,2,large,59.17143033715667,5.0
6,1,2,large,36.36626226878137,7.01171875
6,1,2,large,17.48616412152314,9.01171875
6,1,2,large,22.4773738274667,11.01171875
6,1,2,large,33.60291035151443,13.02734375
6,1,2,large,12.615358323003866,15.02734375
6,1,2,large,76.29008725777774,17.05078125
6,1,2,large,81.56819668916906,19.06640625
6,1,2,large,75.74205894272674,21.078125
6,1,2,large,81.95095247013451,23.078125
6,1,2,large,96.23320430207004,25.078125
6,1,2,large,96.15818289071002,27.08984375
6,1,2,large,97.71561440338434,29.10546875
6,0,2,large,0.3527878606485292,2.98828125
6,0,2,large,0.1535304022555603,5.0
6,0,2,large,0.5101003146451736,7.0
6,0,2,large,1.9462529782308136,9.0234375
6,0,2,large,3.2098732142833857,11.03515625
6,0,2,large,8.097878460758398,13.05078125
6,0,2,large,20.68267304299384,15.05078125
6,0,2,large,10.360165590473887,17.0625
6,0,2,large,8.462651129902005,19.078125
6,0,2,large,10.657649650193177,21.12890625
6,0,2,large,26.19763696828188,23.12890625
6,0,2,large,74.52028726814186,25.18359375
6,0,2,large,73.95077691206264,27.1953125
6,0,2,large,65.58900227659745,29.2109375
6,0,2,medium,86.69951288887539,31.26171875
6,0,2,medium,95.82806631194111,33.2734375
6,0,2,medium,91.29878918815072,35.3125
6,0,2,medium,83.53304400443622,37.328125
6,0,2,medium,88.69634643273116,39.34375
6,0,2,medium,95.27504907621963,41.3671875
6,0,2,medium,98.5502951935124,43.3671875
6,0,2,medium,99.67176051892696,45.3671875
6,0,2,medium,99.96983065562497,47.3828125
6,0,2,medium,99.99708639683527,49.45703125
6,1,3,large,0.6319049447750764,3.00390625
6,1,3,large,6.41178673415226,5.00390625
6,1,3,large,18.167156841620784,7.00390625
6,1,3,large,17.491062800472164,9.015625
6,1,3,large,19.53663675708509,11.015625
6,1,3,large,79.69055604039367,13.03125
6,1,3,large,44.02785684058725,15.046875
6,1,3,large,47.05294867883161,17.03125
6,1,3,large,77.58871351743821,19.04296875
6,1,3,large,95.08284190888875,21.04296875
6,1,3,large,92.27694786178267,23.04296875
6,1,3,large,78.66857012930154,25.04296875
6,1,3,large,76.8205970369146,27.0546875
6,1,3,large,58.59343599393148,29.0546875
6,1,3,medium,85.2693860395384,31.0546875
6,1,3,medium,95.61030095048612,33.0703125
6,1,3,medium,98.11860234363832,35.0703125
6,1,3,medium,94.39049941107675,37.0703125
6,1,3,medium,96.56712368851724,39.0703125
6,1,3,medium,97.14459439855301,41.08984375
6,1,3,medium,95.982196864849,43.0859375
6,1,3,medium,92.75589242848511,45.09375
6,1,3,medium,97.29323483012504,47.09375
6,1,3,medium,99.69232935442773,49.1328125
6,0,1,large,5.468333272471403,3.00390625
6,0,1,large,4.8430931774898145,5.00390625
6,0,1,large,4.7931594759894,7.00390625
6,0,1,large,2.1898960223046524,9.01953125
6,0,1,large,10.007335896449048,11.015625
6,0,1,large,18.128920697900746,13.03125
6,0,1,large,31.151873549211594,15.03125
6,0,1,large,25.476541350563508,17.046875
6,0,1,large,13.855188052855208,19.0703125
6,0,1,large,15.237788386838275,21.109375
6,1,3,large,22.850764174559558,2.98828125
6,1,3,large,20.18896953592364,4.98828125
6,1,3,large,25.44662565856568,7.00390625
6,1,3,large,55.42879307903183,9.015625
6,1,3,large,64.42465848221015,11.015625
6,1,3,large,49.43094297948552,13.02734375
6,1,3,large,56.01523657627412,15.02734375
6,1,3,large,73.20882367204085,17.02734375
6,1,3,large,89.56784445083662,19.04296875
6,1,3,large,81.08788244636509,21.04296875
6,1,3,large,52.809734938984704,23.0546875
6,1,3,large,75.24909033962282,25.0546875
6,1,3,large,93.30164459601036,27.0546875
6,1,3,large,96.62017797830133,29.06640625
6,1,3,medium,97.5586098236326,31.06640625
6,1,3,medium,98.30319286918005,33.06640625
6,1,3,medium,98.84202569629849,35.078125
6,1,3,medium,90.68797290063065,37.08203125
6,1,3,medium,89.67595434449915,39.08203125
6,1,3,medium,97.92045379524897,41.09375
6,1,3,medium,99.8413411292015,43.12109375
6,1,3,medium,99.9259753809396,45.21484375
6,0,3,large,84.24960615852372,2.9921875
6,0,3,large,84.10799190822533,4.9921875
6,0,3,large,29.36093400996166,6.9921875
6,0,3,large,21.58031063096219,8.9921875
6,0,3,large,49.660337447607894,11.00390625
6,0,3,large,40.248331654161504,13.01953125
6,0,3,large,64.77109374113587,15.01953125
6,0,3,large,64.99085627868305,17.01953125
6,0,3,large,46.61461092373899,19.0703125
6,0,3,large,28.409449762963686,21.109375
6,0,3,large,36.52742534178904,23.109375
6,0,3,large,37.016815888868166,25.13671875
6,0,3,large,45.86298883145783,27.13671875
6,0,3,large,76.60134986214663,29.13671875
6,0,3,medium,89.6425743068439,31.1640625
6,0,3,medium,93.25884751260537,33.17578125
6,0,3,medium,95.71399278416072,35.1875
6,0,3,medium,98.56134446944235,37.203125
6,0,3,medium,99.41842487123694,39.203125
6,0,3,medium,99.71693809619494,41.203125
6,0,3,medium,99.56731188531619,43.2109375
6,0,3,medium,99.1353035882602,45.21484375
6,0,3,medium,99.1141314034495,47.21484375
6,0,3,medium,99.6145923238571,49.2421875
6,0,3,medium,99.9696753601846,51.2578125
6,0,3,medium,99.97270199041087,53.296875
6,0,3,medium,99.95762000081916,55.3125
6,0,3,medium,99.99565975693943,57.3359375
6,0,3,medium,99.99281650374495,59.34765625
6,1,1,large,0.6737857996977421,2.9921875
6,1,1,large,1.769548052881459,4.9921875
6,1,1,large,13.729665919490698,6.9921875
6,1,1,large,50.121753711085034,9.00390625
6,1,1,large,44.70616259818034,11.01953125
6,1,1,large,15.846042899544706,13.015625
6,1,1,large,12.242914024867357,15.015625
6,1,1,large,47.146867203613056,17.01953125
6,1,1,large,85.96974423058415,19.03125
6,1,1,large,85.94679032761769,21.03125
6,1,1,large,87.21314589948474,23.03125
6,1,1,large,89.9560971916637,25.04296875
6,1,1,large,75.07988047174881,27.04296875
6,1,1,large,57.171847319372475,29.04296875
6,1,1,medium,31.792898507996476,31.04296875
6,1,1,medium,57.05147515274001,33.0546875
6,1,1,medium,83.14731961086665,35.08203125
6,1,1,medium,98.01027466283728,37.08203125
6,1,1,medium,90.17561257504217,39.10546875
6,1,1,medium,81.47503811396419,41.109375
6,1,1,medium,41.21755359123709,43.109375
6,0,1,large,0.44414003828282467,3.0
6,0,1,large,0.7248217123950034,5.015625
6,0,1,large,6.386185125098493,7.02734375
6,0,1,large,9.88695731189156,9.0390625
6,0,1,large,6.097855071537371,11.0390625
6,0,1,large,6.262164906389554,13.06640625
6,0,1,large,3.6887428168617005,15.06640625
6,0,1,large,28.437270929984834,17.06640625
6,0,1,large,60.83807196053745,19.09375
6,0,1,large,49.138845279154935,21.1328125
6,0,1,large,26.74134987967945,23.1328125
6,0,1,large,12.726081917991166,25.16015625
6,0,1,large,28.557028932523387,27.171875
6,0,1,large,51.94289360314669,29.1875
6,0,1,medium,61.795786355840136,31.23828125
6,0,1,medium,82.44925959726183,33.265625
6,0,1,medium,88.65081122904243,35.27734375
6,0,1,medium,97.41258387758151,37.3125
6,0,1,medium,97.49607044291943,39.3046875
6,0,1,medium,81.31114013195867,41.31640625
6,0,1,medium,76.68890453193173,43.3203125
6,0,1,medium,84.82466487205002,45.34375
6,0,1,medium,67.82747458508186,47.34375
6,0,1,medium,87.81922920591975,49.41015625
6,0,1,medium,93.985897724311,51.42578125
6,0,1,medium,93.81607994962896,53.44921875
6,0,1,medium,96.1618836141757,55.44921875
6,0,1,medium,97.38445236292002,57.46484375
6,0,1,medium,97.75030002797497,59.4765625
6,0,1,small,99.60607506727507,61.48828125
6,0,1,small,99.9373140535227,63.515625
6,0,1,small,99.78928339407756,65.52734375
6,0,1,small,98.78287342629392,67.54296875
6,0,1,small,97.94607539693799,69.54296875
6,0,1,small,99.02084956326365,71.5546875
6,0,1,small,99.84437170363609,73.5546875
6,0,1,small,99.98927510948796,75.5703125
6,1,3,large,78.39381844311237,2.99609375
6,1,3,large,42.77970190378449,4.9921875
6,1,3,large,30.70326583100424,6.9921875
6,1,3,large,19.72390624409713,9.00390625
6,1,3,large,9.8463556766029,11.00390625
6,1,3,large,3.63092506647011,13.0078125
6,1,3,large,16.507141247296865,15.00390625
6,1,3,large,38.20431429332131,17.00390625
6,1,3,large,71.57716984708793,19.01953125
6,1,3,large,91.23086665077834,21.01953125
6,1,3,large,88.33282920877804,23.01953125
6,1,3,large,89.43175259265263,25.03125
6,1,3,large,75.68167913646563,27.03125
6,1,3,medium,93.74110106375866,29.03125
6,1,3,medium,98.10032648601745,31.04296875
6,1,3,medium,99.28327018825827,33.04296875
6,1,3,medium,98.84363517274346,35.04296875
6,1,3,medium,98.35273034490882,37.0546875
6,1,3,medium,99.42358075589792,39.0546875
6,1,3,medium,95.33808016201849,41.0546875
6,1,3,medium,98.14170614068084,43.05859375
6,1,3,medium,99.43215681892207,45.05859375
6,1,3,medium,99.83390014461686,47.0703125
6,1,3,medium,99.13198106237327,49.0703125
6,1,3,medium,97.92074698277528,51.0703125
6,1,3,medium,99.74125330102305,53.0703125
6,1,3,medium,99.58402399939227,55.0703125
6,1,3,medium,97.67830630696903,57.08203125
6,1,3,small,99.40762165187998,59.08203125
6,1,3,small,99.94274457928441,61.08203125
6,0,2,large,74.62737588081507,2.984375
6,0,2,large,88.96754893797412,4.984375
6,0,2,large,82.5174329021251,6.984375
6,0,2,large,81.76391258562518,8.99609375
6,0,2,large,87.86300247151479,10.99609375
6,0,2,large,83.83872227166634,13.0078125
6,0,2,large,68.63663973309924,15.0078125
6,0,2,large,60.875298268597476,17.0078125
6,0,2,large,78.67615451943144,19.046875
6,0,2,large,90.5267131571677,21.07421875
6,0,2,large,72.84780254695666,23.08984375
6,0,2,large,75.69285715232809,25.1015625
6,0,2,large,66.05688600520203,27.1015625
6,0,2,large,83.28952424521744,29.1015625
6,0,2,medium,76.83538080173753,31.12890625
6,0,2,medium,61.57193650259636,33.12890625
6,0,2,medium,54.57595020429423,35.140625
6,0,2,medium,37.076881395948135,37.1484375
6,0,2,medium,74.85981048976417,39.15625
6,0,2,medium,96.6788615239827,41.15234375
6,0,2,medium,98.00340226713578,43.15234375
6,0,2,medium,89.18134052563911,45.15625
6,0,2,medium,90.62207079182653,47.16796875
6,0,2,medium,94.61193509412249,49.20703125
6,0,2,medium,98.11299246489676,51.21875
6,0,2,medium,98.83429470960816,53.21875
6,0,2,medium,95.82202737527624,55.21875
6,0,2,medium,96.78020742853707,57.21875
6,0,2,medium,99.6981829273141,59.24609375
6,0,2,small,99.34076754439104,61.2578125
6,0,2,small,98.10131068173334,63.2734375
6,0,2,small,98.54246523366218,65.2734375
6,0,2,small,99.35851480206503,67.2890625
6,0,2,small,99.01468994768346,69.30078125
6,1,2,large,78.04184551520578,2.984375
6,1,2,large,75.82419859249353,4.984375
6,1,2,large,85.72324789961843,6.984375
6,1,2,large,33.13168191744569,8.99609375
6,1,2,large,14.681974316352411,10.99609375
6,1,2,large,6.664995682375132,12.99609375
6,1,2,large,16.059254992389416,14.99609375
6,1,2,large,57.387553151207044,16.99609375
6,1,2,large,92.56601029117289,19.01171875
6,1,2,large,97.91996934100868,21.0078125
6,1,2,large,85.84665972714342,23.01171875
6,1,2,large,91.37053765421754,25.01171875
6,1,2,large,71.02991951086108,27.01171875
6,1,2,large,31.781139057771448,29.01171875
6,1,2,medium,53.77287734417913,31.0234375
6,0,3,large,4.321328637918534,2.984375
6,0,3,large,10.142406093511015,4.99609375
6,0,3,large,54.48968618724122,7.05078125
6,0,3,large,30.794372187464308,9.125
6,0,3,large,41.84001980063295,11.12890625
6,0,3,large,62.455108033283466,13.1796875
6,0,3,large,26.246278935692757,15.1796875
6,0,3,large,31.61917142546603,17.21484375
6,0,3,large,64.37389149363285,19.27734375
6,0,3,large,93.4386339734007,21.328125
6,0,3,large,96.96441137780836,23.35546875
6,0,3,large,59.76649004111238,25.3828125
6,0,3,large,59.96245314809272,27.3828125
6,0,3,large,87.96898958777712,29.3828125
6,0,3,medium,96.17462243619235,31.421875
6,0,3,medium,67.87175884583951,33.421875
6,0,3,medium,85.40964191492846,35.43359375
6,0,3,medium,96.34668020169671,37.43359375
6,0,3,medium,98.06926684621834,39.4453125
6,0,3,medium,98.22865263723617,41.4453125
6,0,3,medium,98.77518258864771,43.4453125
6,0,3,medium,99.81768725860708,45.4609375
6,0,3,medium,99.17890739298826,47.47265625
6,0,3,medium,99.2569793624146,49.51171875
6,0,3,medium,99.90511020124059,51.52734375
6,0,3,medium,99.99343375749248,53.5390625
6,0,3,medium,99.99529837428068,55.55078125
6,0,3,medium,99.9995768529117,57.55078125
6,0,3,medium,99.99997164797021,59.578125
6,0,3,small,99.99999807018432,61.59375
6,1,2,large,5.656878152071436,2.99609375
6,1,2,large,54.25865670507113,5.0234375
6,1,2,large,94.39665347452097,7.08203125
6,1,2,large,68.59074958837186,9.10546875
6,1,2,large,47.751058750298014,11.1015625
6,1,2,large,71.2322795994372,13.1171875
6,1,2,large,88.66904677722187,15.1171875
6,1,2,large,90.39652842864733,17.12890625
6,1,2,large,89.87541452519798,19.12890625
6,1,2,large,90.87950764321857,21.140625
6,1,2,large,95.39874942280171,23.140625
6,1,2,large,98.87956171401497,25.16796875
6,1,2,large,88.2428635987473,27.1953125
6,1,2,large,73.62096935965236,29.1953125
6,1,2,medium,96.17060479783933,31.22265625
6,1,2,medium,98.96676387885009,33.2734375
6,1,2,medium,98.69428184413518,35.30078125
6,0,2,large,79.71941601240323,2.99609375
6,0,2,large,94.70964110514961,5.0078125
6,0,2,large,40.75618659768874,7.0234375
6,0,2,large,17.487273161837212,9.03515625
6,0,2,large,25.83472736547695,11.03515625
6,0,2,large,21.83301747397617,13.046875
6,0,2,large,37.80610121521323,15.0625
6,0,2,large,43.13027518691048,17.0625
6,0,2,large,27.02641594224728,19.0859375
6,0,2,large,50.48612760274702,21.11328125
6,0,2,large,89.04800319130588,23.1171875
6,0,2,large,55.376632182069585,25.12890625
6,0,2,large,61.54663641312038,27.125
6,0,2,large,90.77790477279338,29.12890625
6,0,2,medium,95.64536414481985,31.16796875
6,0,2,medium,76.25395878710427,33.1640625
6,0,2,medium,34.56838893048986,35.1953125
6,0,2,medium,57.5905102550524,37.20703125
6,0,2,medium,42.949567798282644,39.20703125
6,0,2,medium,49.27186432490777,41.21875
6,0,2,medium,51.31592877780215,43.21875
6,0,2,medium,66.10401242049876,45.22265625
6,0,2,medium,78.527030551467,47.23046875
6,0,2,medium,87.69132347717124,49.28515625
6,0,2,medium,96.05631002184572,51.28515625
6,0,2,medium,99.30245934002805,53.30859375
6,0,2,medium,99.80397052692115,55.30859375
6,0,2,medium,99.9661832819825,57.3125
6,0,2,medium,99.99771391681294,59.33984375
6,0,2,small,99.88686565996208,61.36328125
6,1,1,large,20.635127895175632,2.99609375
6,1,1,large,37.90292650719424,4.98828125
6,1,1,large,58.40021690355881,6.98828125
6,1,1,large,54.637400200744196,9.00390625
6,1,1,large,88.46453864951681,11.015625
6,1,1,large,81.69496041685863,13.02734375
6,1,1,large,62.49515191060066,15.03125
6,1,1,large,78.3566921233867,17.02734375
6,1,1,large,96.39646925280067,19.04296875
6,1,1,large,90.71611615975411,21.04296875
6,1,1,large,70.41657888254002,23.04296875
6,1,1,large,72.40784865031813,25.0546875
6,1,1,large,89.6592003092131,27.0546875
6,1,1,large,59.06152992399177,29.0546875
6,1,1,medium,37.25327361184629,31.06640625
6,0,3,large,4.4117432233590215,2.99609375
6,0,3,large,9.899117771453618,4.99609375
6,0,3,large,4.658770208116861,7.0234375
6,0,3,large,19.18578876261576,9.046875
6,0,3,large,58.23137262800324,11.046875
6,0,3,large,28.750572993607804,13.07421875
6,0,3,large,22.611681059668122,15.07421875
6,0,3,large,69.54677604091309,17.07421875
6,0,3,large,83.05013716071333,19.08984375
6,0,3,large,78.74732863998364,21.11328125
6,0,3,large,76.14818042358377,23.11328125
6,0,3,large,54.64402882487106,25.11328125
6,0,3,large,44.09565404686668,27.12890625
6,0,3,large,83.37497395585544,29.12890625
6,0,3,medium,87.42278132115376,31.15625
6,0,3,medium,58.635734540571775,33.15625
6,0,3,medium,66.47468339051717,35.16796875
6,0,3,medium,93.8411562779041,37.1796875
6,0,3,medium,99.49233879533966,39.1953125
6,0,3,medium,99.41909289645554,41.1953125
6,0,3,medium,99.18487497309992,43.20703125
6,0,3,medium,99.94003705425712,45.21875
6,0,3,medium,99.40003027828533,47.234375
6,0,3,medium,90.8111245155726,49.3125
6,0,3,medium,96.59236619882722,51.3125
6,0,3,medium,99.76635229213804,53.33984375
6,0,3,medium,99.98140339463315,55.33984375
6,0,3,medium,99.96990298276884,57.33984375
6,0,3,medium,99.93261982922039,59.37890625
6,0,3,small,99.98276878655047,61.390625
6,0,3,small,99.91716795929825,63.42578125
6,0,3,small,98.81787543003395,65.43359375
6,0,3,small,98.52328345959607,67.47265625
6,0,3,small,98.05905392857173,69.484375
6,1,1,large,7.609744407186155,2.9921875
6,1,1,large,16.37518521321874,4.9921875
6,1,1,large,21.417535235935837,6.9921875
6,1,1,large,18.426275428906145,8.9921875
6,1,1,large,8.647353304074894,11.0078125
6,1,1,large,5.718971068361594,13.00390625
6,1,1,large,43.46143962716438,15.00390625
6,1,1,large,56.933883001029145,17.01953125
6,1,1,large,42.98448353179589,19.03125
6,1,1,large,47.531287506563906,21.046875
6,1,1,large,43.10503092385058,23.05859375
6,1,1,large,35.25371166455918,25.05859375
6,1,1,large,43.50300733663542,27.07421875
6,1,1,large,33.01298665275309,29.07421875
6,1,1,medium,15.78356030843473,31.0703125
6,1,1,medium,42.453317974534755,33.0703125
6,1,1,medium,61.752865847429405,35.07421875
6,1,1,medium,59.45511984550291,37.078125
6,1,1,medium,90.4961198328061,39.08203125
6,1,1,medium,81.5839068609776,41.08203125
6,1,1,medium,69.32163476734016,43.09765625
6,1,1,medium,74.75414025893545,45.109375
7,0,1,large,0.5917731884029324,3.0
7,0,1,large,0.7460712485288137,5.00390625
7,0,1,large,0.20393290287557025,7.01953125
7,0,1,large,3.159757605813123,9.03125
7,0,1,large,5.439883189258758,11.02734375
7,0,1,large,11.22192517526718,13.0390625
7,0,1,large,19.058146695616493,15.0390625
7,0,1,large,14.286357020541464,17.0390625
7,0,1,large,7.896654083088022,19.0546875
7,0,1,large,2.5241561228834124,21.08203125
7,0,1,large,1.5215840483031686,23.08203125
7,0,1,large,0.5373876559199098,25.09375
7,0,1,large,4.63100519847621,27.09375
7,0,1,large,11.937140306678778,29.09375
7,0,1,medium,5.694314139153321,31.10546875
7,0,1,medium,27.441543119831802,33.109375
7,0,1,medium,63.11891841796434,35.12109375
7,0,1,medium,50.69632259727475,37.12109375
7,0,1,medium,79.58616974485852,39.14453125
7,0,1,medium,85.76218267224328,41.16015625
7,0,1,medium,85.00855170899385,43.16015625
7,0,1,medium,90.75440398971493,45.171875
7,0,1,medium,84.82196380708041,47.171875
7,0,1,medium,73.6995253849007,49.2265625
7,0,1,medium,86.45620884489324,51.25390625
7,0,1,medium,86.58110981761551,53.27734375
7,0,1,medium,90.18253855801606,55.27734375
7,0,1,medium,87.15551550152335,57.27734375
7,0,1,medium,42.12364998544033,59.31640625
7,0,1,small,18.37815394623479,61.3203125
7,0,1,small,37.58806620171177,63.33203125
7,0,1,small,85.09137401186545,65.34375
7,0,1,small,91.32108186099859,67.37109375
7,1,2,large,1.705782509474707,2.9921875
7,1,2,large,1.7055089518117268,4.9921875
7,1,2,large,1.4413310222907763,6.9921875
7,1,2,large,3.2421974387594585,9.00390625
7,1,2,large,5.072445772418831,11.00390625
7,1,2,large,3.9140545026901403,13.01953125
7,1,2,large,2.111806863923289,15.01953125
7,1,2,large,3.1091208299539765,17.03125
7,1,2,large,15.633889648066285,19.03125
7,1,2,large,28.427169663604644,21.0390625
7,1,2,large,48.04291499558081,23.04296875
7,1,2,large,28.692672604346683,25.04296875
7,1,2,large,22.935163896098246,27.0546875
7,1,2,large,32.42520583347627,29.0546875
7,1,2,medium,39.29379757617458,31.0703125
7,1,2,medium,23.082287620662704,33.0703125
7,1,2,medium,27.88079028839374,35.06640625
7,1,2,medium,47.38285945203641,37.06640625
7,1,2,medium,75.25470483593503,39.08984375
7,1,2,medium,47.520175886444726,41.08203125
7,1,2,medium,30.182722609841278,43.09375
7,1,2,medium,36.58556510370501,45.09765625
7,1,2,medium,61.840598875163245,47.1015625
7,1,2,medium,86.53707925522107,49.109375
7,1,2,medium,94.6950248890328,51.109375
7,1,2,medium,66.62603673193851,53.109375
7,1,2,medium,45.27543197665273,55.12109375
7,0,3,large,1.312719446459313,2.98828125
7,0,3,large,1.6966836366828826,4.98828125
7,0,3,large,0.5757446610057122,7.00390625
7,0,3,large,2.5496286271749,9.015625
7,0,3,large,7.155479421823704,11.015625
7,0,3,large,3.93331046012941,13.015625
7,0,3,large,4.120170894727923,15.03125
7,0,3,large,7.821900333453675,17.03125
7,0,3,large,3.267538620783159,19.03125
7,0,3,large,16.583965911373113,21.08203125
7,0,3,large,27.366763747379743,23.09765625
7,0,3,large,27.82092962248305,25.1796875
7,0,3,large,39.906761358131064,27.1484375
7,0,3,large,23.24640230739147,29.1640625
7,0,3,medium,18.9269294691273,31.1875
7,0,3,medium,30.666926919219712,33.203125
7,0,3,medium,39.109038293677386,35.21484375
7,0,3,medium,29.514271800420147,37.2265625
7,0,3,medium,22.86104686028844,39.26953125
7,0,3,medium,29.910385975083074,41.26953125
7,0,3,medium,20.42395218863737,43.28515625
7,0,3,medium,10.593752202292773,45.28125
7,0,3,medium,12.583143693503118,47.28125
7,0,3,medium,42.31259423655248,49.33203125
7,0,3,medium,36.661039476679115,51.33203125
7,0,3,medium,19.111213777005197,53.35546875
7,0,3,medium,18.190846965642937,55.34765625
7,0,3,medium,26.351848387792103,57.35546875
7,0,3,medium,14.493975502795632,59.375
7,0,3,small,23.1426773264937,61.38671875
7,0,3,small,51.61071824108505,63.40625
7,0,2,large,23.621944158913962,3.00390625
7,0,2,large,38.91618659380451,5.00390625
7,0,2,large,42.86115963968929,7.015625
7,0,2,large,24.823895796512726,9.03125
7,0,2,large,62.311152257818016,11.03125
7,0,2,large,62.848982289513565,13.03515625
7,0,2,large,47.57060922369071,15.04296875
7,0,2,large,42.54624346521452,17.04296875
7,0,2,large,28.917415324672586,19.0703125
7,0,2,large,25.814188699194833,21.09765625
7,0,2,large,16.008636481299114,23.109375
7,0,2,large,19.746151819708707,25.12109375
7,0,2,large,41.3890380024816,27.12109375
7,0,2,large,25.48931712836611,29.12109375
7,0,2,medium,12.745896974177121,31.1640625
7,0,2,medium,29.304310130545247,33.17578125
7,0,2,medium,16.36535711388469,35.17578125
7,0,2,medium,7.747262860689118,37.19140625
7,0,2,medium,24.021764911477195,39.203125
7,0,2,medium,67.06695782467244,41.21484375
7,0,2,medium,57.437557444630954,43.2265625
7,0,2,medium,39.65885841807336,45.23828125
7,0,2,medium,41.888616229894005,47.23828125
7,0,2,medium,56.72427774038833,49.29296875
7,0,2,medium,67.23811345748493,51.29296875
7,0,2,medium,58.274894616550796,53.3203125
7,0,2,medium,62.8648513346661,55.3359375
7,0,2,medium,70.70341103858438,57.34765625
7,0,2,medium,58.91442275562382,59.359375
7,0,2,small,85.80654518695562,61.375
7,1,1,large,0.17810671044963938,2.9921875
7,1,1,large,0.3093529710844546,4.9921875
7,1,1,large,0.4809636793501842,6.9921875
7,1,1,large,3.8192612562479917,9.00390625
7,1,1,large,15.631250898208268,11.00390625
7,1,1,large,17.1291424809988,13.00390625
7,1,1,large,16.11750093776982,15.01953125
7,1,1,large,10.912890135370443,17.015625
7,1,1,large,11.0582650143456,19.015625
7,1,1,large,30.277756988509665,21.03125
7,1,1,large,22.55141348362548,23.03125
7,1,1,large,14.973285140834959,25.03125
7,1,1,large,65.84766142262862,27.03125
7,1,1,large,72.65103254889766,29.03125
7,1,1,medium,36.634820179488045,31.04296875
7,1,1,medium,17.18686287151681,33.04296875
7,1,1,medium,26.953452479372206,35.0546875
7,1,1,medium,25.51074679404121,37.0546875
7,1,1,medium,16.58179068905479,39.0546875
7,1,1,medium,49.85635154625518,41.0703125
7,1,1,medium,55.732332871734464,43.0703125
7,1,1,medium,54.150572816640775,45.0703125
7,0,3,large,2.9919403472667447,2.984375
7,0,3,large,4.470749592780304,4.984375
7,0,3,large,20.782352696699906,6.99609375
7,0,3,large,13.062799495512522,8.99609375
7,0,3,large,12.976929238847529,11.0078125
7,0,3,large,13.161810650467194,13.01171875
7,0,3,large,9.482494554992012,15.0078125
7,0,3,large,48.758233968742005,17.0078125
7,0,3,large,75.96173476616724,19.0234375
7,0,3,large,34.001472198830335,21.07421875
7,0,3,large,15.018611343139895,23.07421875
7,0,3,large,17.235703512914387,25.08984375
7,0,3,large,16.521498177815218,27.08984375
7,0,3,large,13.726558500896425,29.1015625
7,0,3,medium,28.442272360931604,31.12890625
7,0,3,medium,74.0646568825411,33.140625
7,0,3,medium,74.64291862468495,35.1796875
7,0,3,medium,54.97310302837919,37.1953125
7,0,3,medium,37.590083814881055,39.1953125
7,0,3,medium,46.595895040554396,41.20703125
7,0,3,medium,34.13796733490166,43.20703125
7,0,3,medium,28.57690603132722,45.21875
7,0,3,medium,52.12505247529948,47.21875
7,0,3,medium,84.91147939889113,49.28515625
7,0,3,medium,68.83581320665425,51.296875
7,0,3,medium,61.681652511351714,53.328125
7,0,3,medium,78.75603725940157,55.328125
7,0,3,medium,66.74953720312558,57.32421875
7,0,3,medium,66.82998869289762,59.33984375
7,0,3,small,77.39226580129366,61.3515625
7,1,2,large,0.10796692580279106,3.00390625
7,1,2,large,0.05884178910342941,4.9921875
7,1,2,large,0.015349767442274594,7.0078125
7,1,2,large,0.005403786753058236,9.00390625
7,1,2,large,0.5326008647133359,11.00390625
7,1,2,large,2.111920198164269,13.01953125
7,1,2,large,14.316354050184177,15.01953125
7,1,2,large,20.395628394405684,17.015625
7,1,2,large,17.592916001200727,19.01953125
7,1,2,large,17.77324094640995,21.03125
7,1,2,large,32.87398693723232,23.04296875
7,1,2,large,11.814057140492638,25.04296875
7,1,2,large,3.557404653363237,27.04296875
7,1,2,large,6.987613351792874,29.04296875
7,1,2,medium,35.75935454252132,31.05859375
7,1,2,medium,34.78418173561431,33.0546875
7,1,2,medium,53.12585914170115,35.0703125
7,1,2,medium,25.687538076741664,37.0703125
7,0,2,large,8.70304834195873,2.984375
7,0,2,large,15.192748126245057,4.99609375
7,0,2,large,17.83227334774438,7.0078125
7,0,2,large,19.25457099203419,9.0078125
7,0,2,large,38.412257854652225,11.01171875
7,0,2,large,28.363104296850985,13.0078125
7,0,2,large,39.07318287794318,15.0078125
7,0,2,large,20.03585661331374,17.0078125
7,0,2,large,28.021016273301665,19.0234375
7,0,2,large,32.986170269425514,21.046875
7,0,2,large,13.491705953975057,23.05859375
7,0,2,large,6.214198678291906,25.07421875
7,0,2,large,4.75103673329728,27.07421875
7,0,2,large,2.405655517960951,29.07421875
7,0,2,medium,1.4946188073296165,31.11328125
7,0,2,medium,3.113293750460809,33.11328125
7,0,2,medium,5.609313616941043,35.125
7,0,2,medium,13.667036585619295,37.12890625
7,0,2,medium,20.719363503464848,39.140625
7,0,2,medium,13.12826889771245,41.140625
7,0,2,medium,6.715713676158666,43.140625
7,0,2,medium,9.312053961105175,45.15625
7,0,2,medium,32.88610562099339,47.15625
7,0,2,medium,23.23199306781152,49.1953125
7,0,2,medium,29.15485763687619,51.1953125
7,0,2,medium,60.788045426304066,53.20703125
7,0,2,medium,44.39580203762614,55.21875
7,0,2,medium,77.73899548220163,57.21875
7,0,2,medium,73.54711956782216,59.2265625
7,0,2,small,61.23252442003418,61.24609375
7,0,2,small,75.85548058693162,63.30078125
7,1,1,large,0.4529215460505631,2.9921875
7,1,1,large,0.9799892641717893,5.0
7,1,1,large,2.137521237551144,7.00390625
7,1,1,large,6.443913927024387,9.01953125
7,1,1,large,18.216600915051128,11.03125
7,1,1,large,7.0768912051533786,13.03125
7,1,1,large,11.923865384596745,15.03125
7,1,1,large,15.32197070289329,17.03125
7,1,1,large,23.091929531316897,19.03125
7,1,1,large,30.713627059152827,21.04296875
7,1,1,large,62.40265161804423,23.05859375
7,1,1,large,42.97450017666042,25.05859375
7,1,1,large,32.109972647513786,27.0703125
7,1,1,large,29.314275792881112,29.0703125
7,1,1,medium,29.12792229823453,31.0859375
7,0,3,large,22.197852710321058,2.98046875
7,0,3,large,67.55569812766296,4.99609375
7,0,3,large,37.811361446758596,7.0078125
7,0,3,large,17.964209025917523,9.0078125
7,0,3,large,36.761281281591216,11.0078125
7,0,3,large,18.239801399240395,13.0078125
7,0,3,large,12.72797710850346,15.0078125
7,0,3,large,31.111792428499317,17.0078125
7,0,3,large,38.08191915418546,19.01953125
7,0,3,large,13.89718747802955,21.03515625
7,0,3,large,4.76583661509026,23.046875
7,0,3,large,1.4267749357066466,25.046875
7,0,3,large,0.4149515096300185,27.05859375
7,0,3,large,0.46549715262842795,29.0625
7,0,3,medium,1.1566959599354834,31.07421875
7,0,3,medium,23.471731839791232,33.07421875
7,0,3,medium,52.114123158596854,35.09375
7,0,3,medium,28.529694992043325,37.0859375
7,0,3,medium,29.377116501688214,39.0859375
7,0,3,medium,26.325599266109,41.0859375
7,0,3,medium,13.425017134814324,43.09765625
7,0,3,medium,16.430570548820423,45.09765625
7,0,3,medium,51.69804481868658,47.125
7,0,3,medium,24.296097789777733,49.15234375
7,0,3,medium,19.26404637178101,51.1640625
7,0,3,medium,29.41082801997016,53.1796875
7,0,3,medium,34.86362042570211,55.19140625
7,0,3,medium,55.55182932352437,57.19140625
7,0,3,medium,71.36851086965227,59.19140625
7,0,3,small,73.53567541555105,61.21875
7,0,3,small,72.85156954260349,63.23046875
7,0,3,small,56.1994200978548,65.23046875
7,0,3,large,0.028590688354165873,2.984375
7,0,3,large,3.1155310342567737,4.984375
7,0,3,large,30.942342268280836,6.99609375
7,0,3,large,26.882663954807278,8.99609375
7,0,3,large,45.56704192317437,10.99609375
7,0,3,large,44.36722478238843,12.99609375
7,0,3,large,26.036740983049416,14.99609375
7,0,3,large,11.710857974789072,17.0078125
7,0,3,large,4.506056612149623,19.0234375
7,0,3,large,1.363355156828995,21.05078125
7,0,3,large,0.9991695448738747,23.046875
7,0,3,large,13.863423814163832,25.0625
7,0,3,large,39.153279588581874,27.0625
7,0,3,large,24.77921648338809,29.07421875
7,0,3,medium,40.16019423273827,31.08984375
7,0,3,medium,71.20763200821813,33.08984375
7,0,3,medium,63.34854002972035,35.11328125
7,0,3,medium,43.11686476344578,37.11328125
7,0,3,medium,47.022294510576124,39.12890625
7,0,3,medium,45.07054400155379,41.13671875
7,0,3,medium,17.590223854580376,43.140625
7,0,3,medium,40.449448242305664,45.140625
7,0,3,medium,63.22736719181814,47.140625
7,0,3,medium,66.88742779891676,49.1796875
7,0,3,medium,31.175080555481355,51.20703125
7,0,3,medium,12.027691016859112,53.23046875
7,1,3,large,0.0,2.9921875
7,1,3,large,0.0,4.9921875
7,1,3,large,0.0,6.9921875
7,1,3,large,1.0683846385862208,8.9921875
7,1,3,large,16.51843876691021,10.9921875
7,1,3,large,11.859728461711123,12.9921875
7,1,3,large,7.644974999836189,14.9921875
7,1,3,large,24.14706178872106,17.00390625
7,1,3,large,21.66110897637099,19.00390625
7,1,3,large,61.03130621865438,21.03125
7,1,3,large,69.4772056885461,23.04296875
7,1,3,large,62.31337253496045,25.0546875
7,1,3,large,80.90554055182463,27.0546875
7,1,3,large,79.27757998674802,29.0546875
7,1,3,medium,81.31704838427791,31.0703125
7,1,3,medium,61.29070933337788,33.08203125
7,1,3,medium,55.477364613188456,35.09375
7,1,3,medium,48.39955058622376,37.109375
7,1,3,medium,60.455242765709016,39.12109375
7,1,3,medium,73.88095121173427,41.1640625
7,1,3,medium,86.33544270919217,43.1484375
7,1,3,medium,90.71436177772507,45.1484375
7,1,3,medium,94.3753821088807,47.15234375
7,1,3,medium,87.61305230401754,49.16015625
7,1,3,medium,85.24831174044803,51.16015625
7,1,3,medium,85.62983525280998,53.16015625
7,1,3,medium,74.91114468598235,55.16015625
7,1,3,medium,74.61105374230442,57.16015625
7,1,3,medium,75.5426818650038,59.17578125
7,1,3,small,72.99398628259931,61.17578125
7,0,3,large,15.428575963780862,2.99609375
7,0,3,large,33.17993662210833,5.0078125
7,0,3,large,22.80355430336008,7.0234375
7,0,3,large,12.737015823645354,9.01953125
7,0,3,large,20.21993115728348,11.01953125
7,0,3,large,47.60403137105863,13.03515625
7,0,3,large,24.596108033965294,15.03515625
7,0,3,large,27.846782191171048,17.03515625
7,0,3,large,12.360306889630879,19.03515625
7,0,3,large,8.47696350151848,21.07421875
7,0,3,large,5.716200215948589,23.0859375
7,0,3,large,9.506078366441258,25.11328125
7,0,3,large,15.613723985429946,27.11328125
7,0,3,large,10.550221749580423,29.12890625
7,0,3,medium,10.575012407907725,31.17578125
7,1,2,large,0.0014494189170156466,2.9921875
7,1,2,large,1.9305954559851148,4.9921875
7,1,2,large,0.7134996229872074,6.9921875
7,1,2,large,0.5105331546807204,9.00390625
7,1,2,large,0.7413749203749451,11.00390625
7,1,2,large,3.8428618520633435,13.00390625
7,1,2,large,12.624748442282447,15.00390625
7,1,2,large,10.50661957078262,17.00390625
7,1,2,large,15.720043697367194,19.015625
7,1,2,large,14.846115421135861,21.015625
7,1,2,large,10.768725542140944,23.015625
7,1,2,large,3.6683862543087695,25.015625
7,1,2,large,1.2649721383607684,27.015625
7,1,2,large,0.4209962575837598,29.015625
7,1,2,medium,0.5777562701616106,31.03125
7,0,1,large,24.123205727395874,2.9921875
7,0,1,large,13.851630681591658,4.9921875
7,0,1,large,4.596956509836508,6.9921875
7,0,1,large,1.2240147224828004,9.00390625
7,0,1,large,0.5407590501049558,11.04296875
7,0,1,large,2.4924050980887142,13.0546875
7,0,1,large,3.238001253466706,15.0546875
7,0,1,large,9.608258997574985,17.0546875
7,0,1,large,46.99788502690943,19.0703125
7,0,1,large,49.3206332993519,21.09375
7,0,1,large,19.152792697272943,23.109375
7,0,1,large,11.389569303276087,25.125
7,0,1,large,14.882556342771153,27.13671875
7,0,1,large,9.238578824679411,29.13671875
7,0,1,medium,9.089896915517663,31.1484375
7,0,1,medium,9.908579513551418,33.16015625
7,0,1,medium,6.754914401398946,35.17578125
7,0,1,medium,16.66993254473213,37.1875
7,0,1,medium,14.638581151789865,39.19921875
7,0,1,medium,21.326968688414556,41.203125
7,0,1,medium,8.33739536699931,43.2265625
7,0,1,medium,10.97294219346082,45.2265625
7,0,1,medium,52.72058556471709,47.2265625
7,0,1,medium,73.83721977452456,49.265625
7,0,1,medium,77.12342676204828,51.28125
7,0,1,medium,67.43231700557736,53.30859375
7,0,1,medium,74.20321737821124,55.3203125
7,0,1,medium,54.201629027552165,57.3203125
7,0,1,medium,31.179690874275124,59.3203125
7,0,1,small,18.350565983687737,61.359375
7,1,2,large,18.32627278631861,2.98828125
7,1,2,large,23.610051682477263,4.98828125
7,1,2,large,7.867843982495304,6.9921875
7,1,2,large,7.800755901599228,8.98828125
7,1,2,large,23.128298516040445,10.98828125
7,1,2,large,53.01701948940637,12.98828125
7,1,2,large,39.204242144794456,14.98828125
7,1,2,large,34.69228111362006,16.98828125
7,1,2,large,17.231829215738593,19.0078125
7,1,2,large,20.9894947115025,21.0
7,1,2,large,11.97095738563293,23.00390625
7,1,2,large,4.188590590026569,25.0078125
7,1,2,large,1.8808073800715446,27.0
7,1,2,large,2.5998615776740404,29.0
7,1,2,medium,10.295862789519571,31.01953125
7,1,2,medium,24.484166226187625,33.0390625
7,1,2,medium,39.24578823040616,35.0390625
7,1,2,medium,65.08659313018359,37.0546875
7,1,2,medium,49.240076379692084,39.0546875
7,1,2,medium,23.63735054913728,41.0546875
7,1,2,medium,37.92665049907204,43.06640625
7,1,2,medium,40.77596497686619,45.06640625
7,1,2,medium,33.78214378990297,47.06640625
7,1,2,medium,39.67286000504329,49.078125
7,0,1,large,18.983449384937188,3.01171875
7,0,1,large,25.804537656884982,4.9921875
7,0,1,large,21.595205121460747,7.00390625
7,0,1,large,9.331874989126504,9.03125
7,0,1,large,17.719655477535994,11.04296875
7,0,1,large,43.71745442755541,13.0703125
7,0,1,large,15.475586999504129,15.0859375
7,0,1,large,30.696845061130947,17.0859375
7,0,1,large,58.110164329325016,19.109375
7,0,1,large,27.701363109769783,21.125
7,0,1,large,10.360048826879876,23.125
7,0,1,large,6.702670719304049,25.13671875
7,0,1,large,3.984471420135227,27.13671875
7,0,1,large,1.895416371608193,29.13671875
7,0,1,medium,0.5006390566630167,31.1484375
7,0,1,medium,5.300741132864764,33.1640625
7,0,1,medium,3.0434764521858537,35.17578125
7,0,1,medium,0.7959828755626833,37.1875
7,0,1,medium,0.20950896550364667,39.203125
7,0,1,medium,0.196774251280469,41.2421875
7,0,1,medium,2.109674419612242,43.26953125
7,0,1,medium,4.90154542257099,45.296875
7,0,1,medium,21.113230977207607,47.296875
7,0,1,medium,52.416503149930314,49.38671875
7,0,1,medium,16.52828207028002,51.40234375
7,0,1,medium,11.7591822798021,53.42578125
7,0,1,medium,27.599086130053244,55.42578125
7,0,1,medium,12.267924583186671,57.44140625
7,0,1,medium,11.296356277959449,59.453125
7,0,1,small,42.839636328607966,61.48046875
7,1,3,large,3.03196191143998,3.00390625
7,1,3,large,2.7704450510022642,5.00390625
7,1,3,large,0.8298947270102541,7.00390625
7,1,3,large,3.083510649405967,9.00390625
7,1,3,large,2.934370238998079,11.00390625
7,1,3,large,4.207613149471874,13.00390625
7,1,3,large,9.823100033022474,15.00390625
7,1,3,large,5.428414236476275,17.00390625
7,1,3,large,4.852032106340664,19.015625
7,1,3,large,2.5998665545616033,21.015625
7,1,3,large,2.3688308258378394,23.015625
7,1,3,large,3.2403036214003804,25.02734375
7,1,3,large,7.188733754257598,27.02734375
7,1,3,large,13.611090297882942,29.02734375
7,1,3,medium,29.99378904688728,31.04296875
7,1,3,medium,20.65736771078036,33.04296875
7,1,3,medium,28.93772229950636,35.0546875
7,1,3,medium,59.08784224378065,37.0546875
7,1,3,medium,60.39891758690081,39.08203125
7,1,3,medium,24.13252387456442,41.08203125
7,1,3,medium,8.8322129468972,43.09375
7,1,3,medium,23.68949125182077,45.09375
7,1,3,medium,17.406599676518532,47.12109375
7,1,3,medium,27.029042346555926,49.1328125
7,0,3,large,8.748284407429706,2.97265625
7,0,3,large,36.32286699141596,4.97265625
7,0,3,large,52.032674387988614,6.97265625
7,0,3,large,36.03070199595139,8.9765625
7,0,3,large,28.841920965732484,10.97265625
7,0,3,large,25.035529204431626,12.97265625
7,0,3,large,7.650502447831848,14.97265625
7,0,3,large,5.272910138357947,16.97265625
7,0,3,large,5.1616019715199455,19.02734375
7,0,3,large,1.8030034406009363,21.0390625
7,0,3,large,1.2862429711866958,23.05078125
7,0,3,large,1.7242604131859198,25.05078125
7,0,3,large,6.769146707625168,27.05078125
7,0,3,large,9.03559616547607,29.06640625
7,0,3,medium,3.40395901554718,31.09375
7,0,3,medium,11.127826624980216,33.10546875
7,0,3,medium,11.921697184535995,35.1171875
7,0,3,medium,30.04480171324174,37.1171875
7,0,3,medium,24.507455343145033,39.12109375
7,0,3,medium,52.72122556260133,41.1328125
7,0,3,medium,25.05580888591538,43.1328125
7,0,3,medium,16.17804417879062,45.14453125
7,0,3,medium,16.599101238813965,47.14453125
7,0,3,medium,5.567571403018146,49.19921875
7,0,3,medium,1.5959966496830416,51.19921875
7,0,3,medium,1.6352707219138036,53.22265625
7,0,3,medium,2.569135915247251,55.22265625
7,0,3,medium,2.1151483260086237,57.23828125
7,0,3,medium,1.357182683962212,59.27734375
7,0,3,small,9.070281141492897,61.2890625
7,0,3,small,29.363937269202417,63.3046875
7,0,3,small,17.77588351417806,65.30078125
7,1,2,large,0.28248439418501337,2.98828125
7,1,2,large,0.5182442906533239,4.98828125
7,1,2,large,16.659511580398974,6.984375
7,1,2,large,10.735239256201803,8.984375
7,1,2,large,3.9846064402235917,10.984375
7,1,2,large,1.1516954881523322,12.984375
7,1,2,large,0.8323625000723256,14.984375
7,1,2,large,1.7974425111071288,16.984375
7,1,2,large,2.982497562374051,18.984375
7,1,2,large,7.262710396975917,20.984375
7,1,2,large,17.38046309576803,22.984375
7,1,2,large,19.603745538191454,24.984375
7,1,2,large,12.272632568832783,26.984375
7,1,2,large,13.670468317951375,28.984375
7,1,2,medium,6.64637038823468,30.984375
7,1,2,medium,2.5184807914919016,32.984375
7,1,2,medium,0.6957451675165602,34.99609375
7,0,2,large,0.0,2.9765625
7,0,2,large,1.5798037280568953,4.98828125
7,0,2,large,0.9023469814305065,7.00390625
7,0,2,large,0.29264522664689196,9.00390625
7,0,2,large,7.948466916624162,11.00390625
7,0,2,large,14.192936989216015,13.00390625
7,0,2,large,4.7812840351440595,15.00390625
7,0,2,large,1.252080368632983,17.015625
7,0,2,large,0.33542601953443496,19.015625
7,0,2,large,0.23338929191626306,21.04296875
7,0,2,large,1.4611114461172454,23.0546875
7,0,2,large,3.921799315749336,25.09375
7,0,2,large,40.540033655194975,27.09375
7,0,2,large,26.945932777610295,29.12109375
7,0,2,medium,11.996951868752848,31.16015625
7,1,1,large,0.0,3.00390625
7,1,1,large,0.41989135625641005,5.00390625
7,1,1,large,1.6063927497185988,7.00390625
7,1,1,large,13.20612835425073,9.015625
7,1,1,large,11.908051458167286,11.03125
7,1,1,large,12.454116101781356,13.03125
7,1,1,large,28.95491923921241,15.03125
7,1,1,large,48.34140138045874,17.03125
7,1,1,large,35.87105746699699,19.04296875
7,1,1,large,25.918063178368186,21.04296875
7,1,1,large,18.255504274120497,23.04296875
7,1,1,large,24.279725631710594,25.04296875
7,1,1,large,22.42754500804486,27.0625
7,1,1,large,25.5477692380949,29.0546875
7,1,1,medium,30.015383314547783,31.0546875
7,1,1,medium,32.29431014751509,33.08203125
7,1,1,medium,40.81485084967315,35.08203125
7,0,1,large,0.04283067250557416,2.99609375
7,0,1,large,20.406848176952103,4.99609375
7,0,1,large,21.33778623509261,7.0078125
7,0,1,large,11.701220469793693,9.0078125
7,0,1,large,14.810383939400339,11.01953125
7,0,1,large,34.16744029216372,13.01953125
7,0,1,large,25.771310055515833,15.01953125
7,0,1,large,12.418837693091593,17.01953125
7,0,1,large,15.164537740247711,19.03515625
7,0,1,large,34.892590519010255,21.046875
7,0,1,large,27.887771399169942,23.0625
7,0,1,large,29.036086694299385,25.09765625
7,0,1,large,62.221291645467645,27.140625
7,0,1,large,48.49994831950577,29.1796875
7,0,1,medium,21.809887030085562,31.24609375
7,0,1,medium,14.418518487111946,33.2578125
7,0,1,medium,18.10115900942797,35.3359375
8,0,1,large,25.77572122076272,3.0078125
8,0,1,large,19.83013515352031,5.03515625
8,0,1,large,42.17972138191595,7.046875
8,0,1,large,44.020032088400015,9.07421875
8,0,1,large,25.41062842077101,11.0703125
8,0,1,large,16.202538317725498,13.0859375
8,0,1,large,13.882094338473026,15.0859375
8,0,1,large,18.750018543624414,17.1015625
8,0,1,large,18.059349609368784,19.140625
8,0,1,large,57.555312843609705,21.16796875
8,0,1,large,69.70114796964417,23.1796875
8,0,1,large,70.54756657760367,25.19140625
8,0,1,large,61.36429222909839,27.19140625
8,0,1,large,39.963265464399086,29.20703125
8,0,1,medium,47.265312758202654,31.23046875
8,0,1,medium,68.85493814992694,33.24609375
8,0,1,medium,65.7913091839241,35.2578125
8,0,1,medium,78.42435268436597,37.26953125
8,0,1,medium,89.815699449909,39.28515625
8,0,1,medium,92.85067756438185,41.296875
8,0,1,medium,91.26252454106447,43.30859375
8,0,1,medium,94.36698030075948,45.32421875
8,0,1,medium,96.04125845471988,47.3359375
8,0,1,medium,96.38250204076621,49.41796875
8,0,1,medium,93.34475512363741,51.41796875
8,0,1,medium,96.43692604344989,53.4453125
8,0,1,medium,98.02973008936266,55.45703125
8,0,1,medium,94.74546596070209,57.46875
8,0,1,medium,89.68312016515449,59.5078125
8,0,1,small,94.84662341192175,61.5234375
8,0,1,small,94.40772498403015,63.546875
8,0,1,small,94.16874611318383,65.58984375
8,0,1,small,98.35964432596411,67.6171875
8,0,1,small,98.76092286640758,69.65625
8,0,1,small,98.68154317488022,71.72265625
8,0,1,small,98.45929443716177,73.76171875
8,0,1,small,97.71217903805346,75.83203125
8,1,2,large,29.484552581488224,2.98828125
8,1,2,large,80.93695208444755,5.0078125
8,1,2,large,92.23154450824046,7.00390625
8,1,2,large,92.10934826091707,9.015625
8,1,2,large,72.67196994583225,11.03125
8,1,2,large,75.79639159045323,13.04296875
8,1,2,large,71.60410796530108,15.05859375
8,1,2,large,44.32137053638232,17.0625
8,1,2,large,22.428158274303343,19.0703125
8,1,2,large,38.068825966708204,21.0703125
8,1,2,large,40.93128769746703,23.08203125
8,1,2,large,30.038695184724407,25.08203125
8,1,2,large,37.833107965665405,27.08203125
8,1,2,large,49.7517818969005,29.08203125
8,1,2,medium,89.75923698372608,31.09375
8,0,2,large,0.0,2.984375
8,0,2,large,0.0,5.0
8,0,2,large,0.5247756876573372,7.0234375
8,0,2,large,0.4712305841052035,9.0234375
8,0,2,large,0.12324977047174039,11.03515625
8,0,2,large,0.032149032722310664,13.05078125
8,0,2,large,0.00847439301878997,15.05078125
8,0,2,large,0.002216146340476798,17.0625
8,0,2,large,0.0005737397069843876,19.08984375
8,0,2,large,0.19291641594283981,21.11328125
8,0,2,large,1.0219097783471143,23.12890625
8,0,2,large,0.6663535555575326,25.15625
8,0,2,large,2.0613716958207906,27.16015625
8,0,2,large,5.8597486863643455,29.16796875
8,0,2,medium,6.678402650894923,31.1875
8,0,2,medium,9.3820095797605,33.1796875
8,0,2,medium,21.74902143824551,35.20703125
8,0,2,medium,42.7468376578346,37.22265625
8,0,2,medium,51.23984575387256,39.22265625
8,0,2,medium,49.29996111583324,41.234375
8,0,2,medium,41.24309669809425,43.234375
8,0,2,medium,23.210176051976976,45.24609375
8,0,2,medium,8.786093881366579,47.26171875
8,0,2,medium,3.573507494619437,49.2890625
8,0,2,medium,7.107194556896079,51.3125
8,0,2,medium,9.097730000460356,53.328125
8,0,2,medium,32.15742672942763,55.32421875
8,0,2,medium,42.19608123190976,57.328125
8,0,2,medium,57.82166361255092,59.3515625
8,0,2,small,45.41232499659776,61.36328125
8,0,2,small,36.80216949204882,63.37890625
8,0,2,small,54.05583943422525,65.40625
8,0,2,small,74.39027237904494,67.43359375
8,0,2,small,60.58446458166705,69.4296875
8,1,1,large,0.0,2.98828125
8,1,1,large,0.0,5.015625
8,1,1,large,0.0,7.01171875
8,1,1,large,0.0,9.02734375
8,1,1,large,0.0,11.02734375
8,1,1,large,0.0002520378038849855,13.0390625
8,1,1,large,0.03782346882384895,15.0390625
8,1,1,large,0.8013060551599525,17.0390625
8,1,1,large,8.826043805602382,19.0546875
8,1,1,large,21.53286534065307,21.0546875
8,1,1,large,37.048843359989874,23.05078125
8,1,1,large,38.84350747960572,25.06640625
8,1,1,large,54.632897600818865,27.06640625
8,1,1,large,63.49197434949302,29.06640625
8,0,3,large,3.2402648151378837,2.99609375
8,0,3,large,1.9053374714698004,5.0234375
8,0,3,large,3.058074349426279,7.03515625
8,0,3,large,3.405365760536162,9.0625
8,0,3,large,2.6787190787928554,11.08203125
8,0,3,large,4.563075289818935,13.0859375
8,0,3,large,6.879419794062297,15.1015625
8,0,3,large,9.67411545620039,17.1015625
8,0,3,large,6.188443252569559,19.140625
8,0,3,large,23.46616148575518,21.1640625
8,0,3,large,42.78245394206817,23.1796875
8,0,3,large,17.187094098183486,25.19140625
8,0,3,large,8.706408239257227,27.19140625
8,0,3,large,18.913360830291865,29.21875
8,0,3,medium,26.197176140138897,31.234375
8,0,3,medium,36.359379809097675,33.23046875
8,0,3,medium,37.5753421608471,35.25390625
8,0,3,medium,24.773750494169498,37.2734375
8,0,3,medium,46.095883994022316,39.28515625
8,0,3,medium,21.094030563869005,41.28515625
8,0,3,medium,17.906007368116633,43.3125
8,0,3,medium,59.09733981265203,45.3125
8,0,3,medium,50.831669273905476,47.33984375
8,0,3,medium,41.04907421054405,49.36328125
8,0,3,medium,52.429710080002664,51.37890625
8,0,3,medium,45.10876581467892,53.390625
8,0,3,medium,42.80620906030583,55.390625
8,0,3,medium,44.861863573887874,57.40234375
8,0,3,medium,52.597492088150155,59.4296875
8,0,3,small,40.724636198874464,61.44140625
8,0,3,small,53.8921007121163,63.47265625
8,0,3,small,66.59270349962449,65.46875
8,0,3,small,90.38325678922354,67.484375
8,0,3,small,89.37540308128338,69.49609375
8,0,3,small,95.92556261269188,71.5078125
8,0,3,small,94.75590999477234,73.5234375
8,0,3,small,92.66697943092538,75.53515625
8,0,3,small,96.08624097873168,77.58984375
8,0,3,small,93.61609971039255,79.62890625
8,0,3,small,91.99869748128188,81.65625
8,0,3,small,96.58910926228576,83.70703125
8,0,3,small,97.88676677347014,85.734375
8,1,3,large,39.023336176165564,3.0078125
8,1,3,large,55.36054100631111,5.03515625
8,1,3,large,55.14191998743975,7.0625
8,1,3,large,76.46389804271439,9.0859375
8,1,3,large,75.11251315649484,11.125
8,1,3,large,68.96612905124252,13.15234375
8,1,3,large,61.394211314898385,15.15234375
8,1,3,large,21.897973935852324,17.15234375
8,1,3,large,6.721474420970406,19.1640625
8,1,3,large,1.8830485934902197,21.1796875
8,1,3,large,0.5382220534784787,23.1796875
8,1,3,large,1.1229810716253938,25.19140625
8,1,3,large,1.6389499241059693,27.20703125
8,1,3,large,5.666282731423527,29.203125
8,1,3,medium,20.327867207449888,31.203125
8,1,3,medium,65.40950569737345,33.21875
8,0,1,large,0.3596284690714643,2.9921875
8,0,1,large,0.42862116202578404,5.015625
8,0,1,large,3.7333535779793436,7.03125
8,0,1,large,3.147778527475918,9.03125
8,0,1,large,1.0837825632940514,11.05859375
8,0,1,large,1.1054256358773347,13.07421875
8,0,1,large,4.678488838419733,15.08203125
8,0,1,large,9.020205617675513,17.0859375
8,0,1,large,13.60547677243025,19.125
8,0,1,large,9.692321239545972,21.1640625
8,0,1,large,61.67910304378654,23.203125
8,0,1,large,88.241114876501,25.21875
8,0,1,large,88.33448417249673,27.21484375
8,0,1,large,82.31941279404838,29.2265625
8,0,1,medium,88.21395191965435,31.2890625
8,0,1,medium,86.7234108888114,33.28125
8,0,1,medium,91.54966577654747,35.296875
8,0,1,medium,91.66593772017632,37.30859375
8,0,1,medium,86.4607446024082,39.32421875
8,0,1,medium,87.78903413703085,41.32421875
8,0,1,medium,90.5385778024921,43.3203125
8,0,1,medium,93.47797785804656,45.3359375
8,0,1,medium,92.3493704002583,47.35546875
8,0,1,medium,98.50582968876142,49.44140625
8,0,1,medium,99.83122872035072,51.4453125
8,0,1,medium,99.98191476178009,53.453125
8,0,1,medium,99.01149048202711,55.46875
8,0,1,medium,94.39454697809322,57.46875
8,0,1,medium,85.98821638454078,59.4921875
8,1,3,large,33.06956681809922,3.00390625
8,1,3,large,50.969701444920624,5.00390625
8,1,3,large,59.084599016104136,7.01953125
8,1,3,large,35.19761314166643,9.015625
8,1,3,large,30.043598977698082,11.03125
8,1,3,large,36.51704415982846,13.04296875
8,1,3,large,24.77059144362883,15.04296875
8,1,3,large,29.82151357329505,17.04296875
8,1,3,large,22.434243476382456,19.05859375
8,1,3,large,30.328412009313823,21.0703125
8,1,3,large,54.45329652995764,23.0703125
8,1,3,large,50.95183767028699,25.1015625
8,1,3,large,38.22176574194917,27.08203125
8,1,3,large,77.26139474389333,29.1484375
8,1,3,medium,92.73243348684632,31.21484375
8,1,3,medium,97.37879975780163,33.23046875
8,1,3,medium,98.87486261716695,35.2421875
8,1,3,medium,96.18595948075397,37.296875
8,1,3,medium,86.21910756777991,39.3203125
8,1,3,medium,95.06348990548796,41.3359375
8,1,3,medium,94.62999061841025,43.34765625
8,1,3,medium,82.19139308445756,45.35546875
8,1,3,medium,90.44310005533181,47.359375
8,1,3,medium,90.70544805244765,49.375
8,1,3,medium,85.03296111099056,51.37109375
8,0,2,large,0.0,2.99609375
8,0,2,large,0.265619414114433,4.99609375
8,0,2,large,1.3608429392327723,7.0078125
8,0,2,large,0.9017130872030268,9.0234375
8,0,2,large,0.38637285845875335,11.03515625
8,0,2,large,0.11393250541248377,13.03515625
8,0,2,large,0.042746874406111315,15.05078125
8,0,2,large,0.24496382974187328,17.046875
8,0,2,large,0.117038742049479,19.07421875
8,0,2,large,0.3637007004144316,21.14453125
8,0,2,large,4.32563509036031,23.17578125
8,0,2,large,2.7203146459291636,25.20703125
8,0,2,large,4.583850468834543,27.22265625
8,0,2,large,10.737741009192145,29.234375
8,0,2,medium,5.650328116648806,31.2734375
8,0,2,medium,13.701460505435413,33.2890625
8,0,2,medium,30.20158697433073,35.31640625
8,0,2,medium,66.92901432656888,37.328125
8,0,2,medium,49.54159921860083,39.33984375
8,0,2,medium,42.78406578287639,41.33984375
8,0,2,medium,69.34040781359926,43.33984375
8,0,2,medium,83.16953173267706,45.3515625
8,0,2,medium,82.55224070855098,47.3671875
8,0,2,medium,57.80480000502238,49.40625
8,0,2,medium,77.22954267488245,51.41796875
8,0,2,medium,85.09263874209017,53.4453125
8,0,2,medium,79.90743070805031,55.45703125
8,0,2,medium,64.40530612567287,57.45703125
8,0,2,medium,66.46213636411761,59.5
8,0,2,small,84.93438571292944,61.51171875
8,0,2,small,90.94001815376582,63.52734375
8,1,1,large,26.851994741818512,3.0
8,1,1,large,57.626218997071575,5.03125
8,1,1,large,61.56407728919313,7.03515625
8,1,1,large,72.5391559444067,9.046875
8,1,1,large,44.776683642609875,11.046875
8,1,1,large,15.666211654720598,13.046875
8,1,1,large,4.368079807350266,15.05859375
8,1,1,large,1.8860646316078993,17.05859375
8,1,1,large,2.0320194389215738,19.07421875
8,1,1,large,2.519585623335011,21.0859375
8,1,1,large,13.024376355162381,23.0859375
8,1,1,large,34.927725227460414,25.09765625
8,1,1,large,55.34051391435512,27.09765625
8,1,1,large,80.09945498754364,29.140625
8,0,3,large,77.94069102409051,3.0078125
8,0,3,large,69.44549353006155,5.03515625
8,0,3,large,49.95669667954261,7.046875
8,0,3,large,35.68327909422607,9.05859375
8,0,3,large,12.421595911187936,11.05859375
8,0,3,large,5.127327244588048,13.07421875
8,0,3,large,1.5848023458408658,15.07421875
8,0,3,large,1.199057259082465,17.0703125
8,0,3,large,0.5851612590397588,19.0859375
8,0,3,large,1.0787491720296039,21.12890625
8,0,3,large,3.675280635572908,23.140625
8,0,3,large,14.345047309201629,25.16015625
8,0,3,large,16.939770122214675,27.1875
8,0,3,large,40.26166086306364,29.1796875
8,0,3,medium,51.28328291519861,31.21875
8,0,3,medium,35.21151560417248,33.21875
8,0,3,medium,44.95478371036832,35.24609375
8,0,3,medium,60.180783691406845,37.24609375
8,0,3,medium,46.9962790260042,39.24609375
8,0,3,medium,66.50729696583336,41.26953125
8,0,3,medium,77.0218741283486,43.26953125
8,0,3,medium,87.66685466736476,45.28515625
8,0,3,medium,81.82797054594641,47.30859375
8,0,3,medium,83.94575130989372,49.37890625
8,0,3,medium,96.46255326791822,51.390625
8,0,3,medium,98.63008973683404,53.40625
8,0,3,medium,97.45130841731003,55.4140625
8,0,3,medium,94.23311930256338,57.4140625
8,0,3,medium,85.1211449346051,59.453125
8,0,3,small,80.09999132969504,61.45703125
8,0,3,small,84.6500247380678,63.49609375
8,1,2,large,12.657248838365168,2.9921875
8,1,2,large,11.396280793011496,5.03125
8,1,2,large,52.38348501050477,7.03125
8,1,2,large,29.73531323115602,9.04296875
8,1,2,large,14.386090702376428,11.0546875
8,1,2,large,5.168500946156643,13.0546875
8,1,2,large,1.7005322842641677,15.05859375
8,1,2,large,0.5583022787724983,17.0546875
8,1,2,large,1.1404670509419554,19.0703125
8,1,2,large,2.377287410381849,21.08203125
8,1,2,large,6.060597005862961,23.09375
8,1,2,large,8.880675361115518,25.09375
8,1,2,large,19.330034323857724,27.09765625
8,1,2,large,57.270267471781615,29.109375
8,1,2,medium,57.84128585280337,31.12109375
8,1,2,medium,70.64319250323281,33.125
8,1,2,medium,82.12475635105098,35.13671875
8,1,2,medium,91.26850492663074,37.1328125
8,1,2,medium,98.92355580845853,39.1484375
8,1,2,medium,99.56891098801376,41.16015625
8,0,2,large,24.108109645298864,2.99609375
8,0,2,large,14.998921527871737,5.01171875
8,0,2,large,12.36740551095458,7.01953125
8,0,2,large,18.870339677759386,9.03515625
8,0,2,large,18.300847649081486,11.03515625
8,0,2,large,24.32885851860921,13.03515625
8,0,2,large,15.11527333799939,15.05078125
8,0,2,large,21.13144375896924,17.0625
8,0,2,large,26.240145491496147,19.0703125
8,0,2,large,67.63613576411379,21.1015625
8,0,2,large,87.76132379540192,23.12890625
8,0,2,large,91.20353735578655,25.1796875
8,0,2,large,96.00890866803638,27.1953125
8,0,2,large,98.01675701745529,29.1953125
8,0,2,medium,87.59376912039282,31.2578125
8,0,2,medium,44.954156513854784,33.26171875
8,0,2,medium,21.163827401659297,35.2890625
8,0,2,medium,13.263724507982792,37.30078125
8,0,2,medium,9.818072982789982,39.328125
8,0,2,medium,5.799414422111711,41.33984375
8,0,2,medium,8.058115042002756,43.37890625
8,0,2,medium,7.345402311334528,45.39453125
8,0,2,medium,8.008015285653169,47.41796875
8,0,2,medium,13.080544880119351,49.47265625
8,0,2,medium,19.05365618603394,51.47265625
8,0,2,medium,25.12396480178041,53.5
8,0,2,medium,35.78040345968401,55.5
8,0,2,medium,45.556961130477575,57.5
8,0,2,medium,32.69577631253623,59.52734375
8,0,2,small,57.640574971151416,61.5390625
8,0,2,small,59.27723618494275,63.5625
8,0,2,small,48.74371894845365,65.59375
8,0,2,small,82.12055511172862,67.64453125
8,0,2,small,93.96107594715563,69.64453125
8,1,3,large,7.696886832812311,2.9921875
8,1,3,large,2.873271234759838,4.9921875
8,1,3,large,1.8102708223104642,6.9921875
8,1,3,large,2.6815009859135976,8.9921875
8,1,3,large,63.58594663937637,11.00390625
8,1,3,large,65.72828927354252,13.00390625
8,1,3,large,28.899671552754032,15.00390625
8,1,3,large,24.701861665149377,17.00390625
8,1,3,large,26.758370632893268,19.015625
8,1,3,large,52.39297301015948,21.0546875
8,1,3,large,54.887300151102565,23.125
8,1,3,large,58.621851765105575,25.17578125
8,1,3,large,24.315317495593533,27.203125
8,1,3,large,10.869906898214545,29.203125
8,1,3,medium,23.77546989942625,31.2265625
8,1,3,medium,12.332812631299653,33.23046875
8,1,3,medium,5.461997332495087,35.23828125
8,1,3,medium,5.7859407137799685,37.30859375
8,0,2,large,0.07058867495717558,2.9921875
8,0,2,large,0.17390270418812748,5.0078125
8,0,2,large,3.5782507076863075,7.01953125
8,0,2,large,13.084971269698066,9.0625
8,0,2,large,10.999398783713907,11.08984375
8,0,2,large,6.447045383020612,13.140625
8,0,2,large,13.621957546981827,15.15234375
8,0,2,large,20.49384027572266,17.1640625
8,0,2,large,57.53404258357027,19.20703125
8,0,2,large,59.06956048834462,21.25
8,0,2,large,50.69242872158631,23.2734375
8,0,2,large,69.6446728978048,25.296875
8,0,2,large,62.199638322608145,27.3203125
8,0,2,large,72.3042496797882,29.3125
8,0,2,medium,84.45588315633574,31.40234375
8,0,2,medium,50.04536532811308,33.4296875
8,0,2,medium,42.75540856068576,35.49609375
8,0,2,medium,49.7856640026656,37.52734375
8,0,2,medium,14.078586755565112,39.55078125
8,0,2,medium,4.150522205637547,41.5625
8,0,2,medium,3.1100696952685336,43.5625
8,0,2,medium,2.233114917408504,45.57421875
8,0,2,medium,1.7949046342666484,47.6015625
8,0,2,medium,2.46784006626274,49.66796875
8,0,2,medium,3.2737394968260745,51.6796875
8,0,2,medium,3.8339296528735543,53.7109375
8,0,2,medium,3.731101371334485,55.70703125
8,0,2,medium,1.9916745697467866,57.70703125
8,0,2,medium,1.155420579802926,59.734375
8,0,1,large,0.13565062799714644,2.99609375
8,0,1,large,1.0180598420814924,5.02734375
8,0,1,large,3.240095743286222,7.05078125
8,0,1,large,54.06186292476142,9.078125
8,0,1,large,79.78337412113252,11.078125
8,0,1,large,48.053889814671365,13.078125
8,0,1,large,14.744875533377964,15.08984375
8,0,1,large,4.492093317879363,17.08984375
8,0,1,large,1.4135879838639391,19.1171875
8,0,1,large,0.36308337152491915,21.15625
8,0,1,large,0.09570773763137813,23.15625
8,0,1,large,1.0278472349140997,25.2109375
8,0,1,large,7.0233482042565605,27.2109375
8,0,1,large,4.323783153679622,29.22265625
8,0,1,medium,16.05103554463005,31.265625
8,0,1,medium,48.722542908113475,33.2734375
8,0,1,medium,52.86215027657679,35.328125
8,0,1,medium,52.56624093700736,37.33984375
8,0,1,medium,42.11260390227305,39.33984375
8,0,1,medium,39.6056987035802,41.35546875
8,0,1,medium,52.36649984595868,43.35546875
8,0,1,medium,52.290396402465824,45.3671875
8,0,1,medium,56.89630574915875,47.3671875
8,0,1,medium,53.3120750964021,49.39453125
8,0,1,medium,52.38760749123428,51.421875
8,0,1,medium,78.53307155008314,53.44921875
8,0,1,medium,92.97885284801352,55.44921875
8,0,1,medium,94.60641153043338,57.4609375
8,0,1,medium,79.3613384118384,59.47265625
8,0,1,small,49.65435727302473,61.4921875
8,1,3,large,79.53011172106652,3.00390625
8,1,3,large,85.81933836239293,5.00390625
8,1,3,large,76.42695690307853,7.015625
8,1,3,large,89.51528410899849,9.03125
8,1,3,large,54.72686188282854,11.04296875
8,1,3,large,16.299820511230244,13.04296875
8,1,3,large,8.477214517114565,15.078125
8,1,3,large,58.8485638312031,17.06640625
8,1,3,large,44.81754499429997,19.06640625
8,1,3,large,30.66779610467023,21.0859375
8,1,3,large,72.2013908928446,23.0859375
8,1,3,large,52.05762807130452,25.109375
8,1,3,large,19.69560208415107,27.09375
8,1,3,large,6.5967240389594615,29.1015625
8,0,2,large,0.0,2.9921875
8,0,2,large,0.0,5.02734375
8,0,2,large,0.04940359412938218,7.046875
8,0,2,large,2.218340015675014,9.05859375
8,0,2,large,0.8863769243553872,11.0703125
8,0,2,large,0.231313236446475,13.0859375
8,0,2,large,0.11026744861417195,15.0859375
8,0,2,large,0.2173502585041478,17.0859375
8,0,2,large,6.087305710349774,19.11328125
8,0,2,large,4.269654250735934,21.1640625
8,0,2,large,1.8322510551042492,23.20703125
8,0,2,large,1.8109892562583116,25.2421875
8,0,2,large,61.8198206573053,27.2421875
8,0,2,large,82.34581853822468,29.2578125
8,0,2,medium,44.817691550496505,31.28125
8,0,2,medium,21.81538367110623,33.296875
8,0,2,medium,11.294541836578766,35.30859375
8,0,2,medium,5.884305355664942,37.32421875
8,0,2,medium,3.189877483931153,39.33984375
8,0,2,medium,4.435493113839584,41.3359375
8,0,2,medium,6.854064730421462,43.3515625
8,0,2,medium,21.50406017033482,45.3515625
8,0,2,medium,32.372752299408646,47.36328125
8,0,2,medium,37.786425497937444,49.40234375
8,0,2,medium,36.63147268013533,51.40234375
8,0,2,medium,50.47924853214121,53.453125
8,0,2,medium,51.47157616151902,55.453125
8,0,2,medium,39.39798307377105,57.453125
8,0,2,medium,30.691399946317148,59.484375
8,0,2,small,44.374825452137536,61.49609375
8,1,3,large,1.7255702485448214,2.9921875
8,1,3,large,2.036757446682959,4.9921875
8,1,3,large,1.4824011713837448,6.9921875
8,1,3,large,1.7084242934231773,8.9921875
8,1,3,large,2.467550851277492,10.9921875
8,1,3,large,2.7193806582538897,13.00390625
8,1,3,large,1.7042776092801268,15.00390625
8,1,3,large,3.054440499322098,17.00390625
8,1,3,large,23.334631534699376,19.01953125
8,1,3,large,20.99282015657732,21.015625
8,1,3,large,24.130942974608374,23.02734375
8,1,3,large,38.03081602187784,25.03125
8,1,3,large,18.548668771688853,27.04296875
8,1,3,large,13.184684182932774,29.0546875
8,1,3,medium,16.767908600243608,31.08203125
8,1,3,medium,15.331294469999683,33.09765625
8,1,3,medium,37.34545661547025,35.1484375
8,1,3,medium,88.81442047556186,37.21875
8,1,3,medium,95.54111516043758,39.26953125
8,1,3,medium,90.67316737738653,41.3203125
8,0,2,large,0.0,2.9921875
8,0,2,large,0.005163799590133031,5.00390625
8,0,2,large,1.0666299454578456,7.01953125
8,0,2,large,0.3579984175218255,9.03125
8,0,2,large,0.09436735830871251,11.03125
8,0,2,large,0.024874965581718048,13.03125
8,0,2,large,0.006556969738068102,15.03125
8,0,2,large,0.106753211281547,17.03125
8,0,2,large,0.37833221705762554,19.04296875
8,0,2,large,0.12146640303160255,21.08203125
8,0,2,large,0.03168730628708252,23.09765625
8,0,2,large,0.3653667414330614,25.13671875
8,0,2,large,10.847176152039118,27.1484375
8,0,2,large,16.643139535084728,29.1484375
8,0,2,medium,27.504492869607052,31.17578125
8,0,2,medium,41.83197552084788,33.203125
8,0,2,medium,32.96442114898445,35.25390625
8,0,2,medium,57.279185901706484,37.26953125
8,0,2,medium,90.98154847284962,39.26953125
8,0,2,medium,79.31744985848513,41.28125
8,0,2,medium,56.43663656951057,43.29296875
8,0,2,medium,52.98859759190633,45.29296875
8,0,2,medium,47.82990430999558,47.29296875
8,0,2,medium,39.144043253649386,49.36328125
8,0,2,medium,47.21206714531421,51.38671875
8,0,2,medium,84.2942414606331,53.3984375
8,0,2,medium,70.26876836628628,55.40234375
8,0,2,medium,41.24095513556016,57.4140625
8,0,2,medium,28.76224730613583,59.42578125
8,0,2,small,40.98872215995152,61.44140625
8,1,1,large,0.0,3.0
8,1,1,large,0.0,5.0
8,1,1,large,0.025551450671732315,7.02734375
8,1,1,large,0.5790706100121776,9.0546875
8,1,1,large,3.625920930579674,11.12109375
8,1,1,large,4.469686357902696,13.1328125
8,1,1,large,1.295373403815594,15.12109375
8,1,1,large,0.35744366906898756,17.1328125
8,1,1,large,0.6269887841651371,19.1328125
8,1,1,large,9.262634465702423,21.1328125
8,1,1,large,16.549409845999257,23.1328125
8,1,1,large,9.748618405896993,25.1484375
8,1,1,large,14.84635538374728,27.14453125
8,1,1,large,26.069799915250627,29.16015625
8,1,1,medium,57.646387042517986,31.2109375
8,1,1,medium,82.16865065782778,33.22265625
8,0,1,large,0.0,2.9921875
8,0,1,large,0.0,5.00390625
8,0,1,large,0.0,7.01953125
8,0,1,large,0.0,9.03125
8,0,1,large,0.0,11.04296875
8,0,1,large,0.0,13.0703125
8,0,1,large,0.0,15.0703125
8,0,1,large,0.020820933461049785,17.0703125
8,0,1,large,0.560742523581433,19.09765625
8,0,1,large,2.9126806616147753,21.13671875
8,0,1,large,4.255196587184233,23.13671875
8,0,1,large,5.1283702757761045,25.1875
8,0,1,large,6.641358828646859,27.1875
8,0,1,large,1.9767832291461254,29.87109375
8,0,1,medium,0.8664681578345077,31.89453125
8,0,1,medium,6.556997704718172,33.91015625
8,0,1,medium,10.870099620068245,35.921875
8,0,1,medium,14.85664370480959,37.9375
8,0,1,medium,41.25087870863673,39.9609375
8,0,1,medium,23.844093500075473,41.9765625
8,0,1,medium,19.739514608286754,43.98828125
8,0,1,medium,8.01586185278888,45.98828125
8,0,1,medium,4.225923597614499,47.98828125
8,0,1,medium,9.80331768071599,50.02734375
8,0,1,medium,12.027210185259936,52.0390625
8,0,1,medium,26.05099825184706,54.0546875
8,0,1,medium,35.66315182599205,56.06640625
8,0,1,medium,49.56896211018545,58.08203125
8,0,1,medium,58.7607013544461,60.12109375
8,0,1,small,68.43266332891659,62.1328125
8,0,1,small,55.270853222321065,64.1484375
8,0,1,small,76.44888255441182,66.171875
8,0,1,small,89.16762884900366,68.2109375
8,0,1,small,87.36665887497252,70.25390625
8,1,3,large,0.0,2.984375
8,1,3,large,0.0,4.98828125
8,1,3,large,0.0,6.98828125
8,1,3,large,0.0,8.98828125
8,1,3,large,0.0,11.0
8,1,3,large,0.0,13.0
8,1,3,large,0.0,15.0
8,1,3,large,0.003339878600717847,17.0
8,1,3,large,0.5556926726331977,19.01171875
8,1,3,large,2.172286035979248,21.01171875
8,1,3,large,9.164891103849122,23.01171875
8,1,3,large,12.02153866683545,25.01171875
8,1,3,large,10.457405847354085,27.01171875
8,1,3,large,10.136746764893331,29.01171875
8,1,3,medium,15.112957815642101,31.01171875
8,1,3,medium,9.464606443924781,33.01171875
8,1,3,medium,4.015485364503899,35.02734375
8,1,3,medium,5.398445599322463,37.0234375
8,1,3,medium,2.623547677645597,39.0390625
8,1,3,medium,2.618434795764627,41.0390625
8,1,3,medium,10.311548512195666,43.05078125
8,1,3,medium,51.91932961736384,45.0546875
8,1,3,medium,58.534375421704965,47.078125
8,1,3,medium,69.14032189335333,49.10546875
8,1,3,medium,77.4400021972219,51.1015625
8,1,3,medium,76.77773206841869,53.1171875
8,1,3,medium,66.13658074481252,55.12109375
8,1,3,medium,55.51254263076393,57.1171875
8,1,3,medium,51.33220073704621,59.14453125
9,0,3,large,2.218958311466845,3.0
9,0,3,large,2.900403318338669,5.0
9,0,3,large,0.8005322891234833,7.015625
9,0,3,large,8.806048842257425,9.02734375
9,0,3,large,7.200834974526131,11.02734375
9,0,3,large,1.9446679840169634,13.04296875
9,0,3,large,0.5149570375177515,15.04296875
9,0,3,large,7.180400826055993,17.04296875
9,0,3,large,3.6716804282214546,19.04296875
9,0,3,large,0.9429636891303226,21.08203125
9,0,3,large,0.3175786929002733,23.09375
9,0,3,large,0.1031994930282071,25.109375
9,0,3,large,0.03042612147801753,27.12109375
9,0,3,large,0.021322444214637623,29.12109375
9,0,3,medium,0.5800552102168965,31.16015625
9,0,3,medium,6.554772164640442,33.16015625
9,0,3,medium,3.8743225642918375,35.171875
9,0,3,medium,14.139665068400838,37.1875
9,0,3,medium,27.678687104313475,39.18359375
9,0,3,medium,10.193056656392832,41.18359375
9,0,3,medium,3.1606151098199993,43.1953125
9,0,3,medium,0.8413752101023599,45.1953125
9,0,3,medium,0.2468816187393617,47.19921875
9,0,3,medium,0.2601554520687251,49.22265625
9,0,3,medium,3.521965443498207,51.25
9,0,3,medium,15.314383428757875,53.3203125
9,1,1,large,54.544602301437685,3.0
9,1,1,large,80.9453136707813,5.0
9,1,1,large,48.8425787294026,7.01171875
9,1,1,large,15.385384905016139,9.01171875
9,1,1,large,6.240388740074024,11.01171875
9,1,1,large,17.567772503187147,13.01953125
9,1,1,large,18.293703038578442,15.01171875
9,1,1,large,22.521784576389315,17.01171875
9,1,1,large,42.887425150155664,19.0078125
9,1,1,large,34.123375890980896,21.0234375
9,1,1,large,19.690975047730653,23.02734375
9,1,1,large,11.515263702634021,25.02734375
9,1,1,large,9.142519580615254,27.0234375
9,1,1,large,14.639038510430405,29.0234375
9,1,1,medium,19.264196666843056,31.0390625
9,0,1,large,1.458055491543696,2.9921875
9,0,1,large,1.9170836242027502,4.9921875
9,0,1,large,4.269058393171627,7.00390625
9,0,1,large,9.21326322763295,9.01953125
9,0,1,large,8.550471240168354,11.01953125
9,0,1,large,3.555159185417649,13.015625
9,0,1,large,5.247303723712365,15.03125
9,0,1,large,2.703822986402611,17.03125
9,0,1,large,10.304292906963152,19.04296875
9,0,1,large,3.264239757790169,21.08203125
9,0,1,large,1.053467384663244,23.08203125
9,0,1,large,0.623240325647199,25.12109375
9,0,1,large,0.5558576174465454,27.12109375
9,0,1,large,0.9385050699455713,29.12109375
9,0,1,medium,1.5034229883929187,31.19140625
9,0,1,medium,10.763135747096213,33.2265625
9,0,1,medium,21.408023153560904,35.2421875
9,0,1,medium,13.23877521763255,37.2421875
9,0,1,medium,5.617928313241624,39.26953125
9,0,1,medium,3.8517367602289942,41.26953125
9,0,1,medium,5.530253826415741,43.28125
9,0,1,medium,5.685408522630238,45.28125
9,0,1,medium,7.630178998672465,47.28125
9,0,1,medium,58.54280904276273,49.3359375
9,0,1,medium,65.70593005845177,51.3359375
9,1,2,large,29.05003580815338,2.98828125
9,1,2,large,60.876087882120075,4.98828125
9,1,2,large,86.28662476635344,6.98828125
9,1,2,large,83.70017757166706,8.98828125
9,1,2,large,59.143270787029856,10.98828125
9,1,2,large,51.717490846809696,12.98828125
9,1,2,large,30.953138744984805,14.98828125
9,1,2,large,8.287653904325433,16.9921875
9,1,2,large,2.6385631303534542,18.98828125
9,1,2,large,1.5759741857341392,21.00390625
9,1,2,large,0.42937758164468487,23.00390625
9,1,2,large,8.35355191899638,25.00390625
9,1,2,large,21.45671445948,27.015625
9,1,2,large,37.40655560621307,29.015625
9,1,2,medium,56.75453362601483,31.02734375
9,1,2,medium,69.62779943976825,33.02734375
9,1,2,medium,39.61305908017273,35.04296875
9,1,2,medium,47.18675840290565,37.04296875
9,1,2,medium,31.82826431976381,39.04296875
9,1,2,medium,27.019920166744907,41.04296875
9,1,2,medium,27.30531460086604,43.0546875
9,1,2,medium,14.183363160351057,45.0546875
9,1,2,medium,27.52419586172315,47.0546875
9,1,2,medium,17.051879663872185,49.06640625
9,1,2,medium,9.91491441214182,51.06640625
9,1,2,medium,14.742922455267308,53.06640625
9,1,2,medium,20.518446959620757,55.06640625
9,1,2,medium,42.58112637758434,57.08203125
9,1,2,medium,72.38122196425215,59.09375
9,0,3,large,0.35679252032670694,2.98828125
9,0,3,large,0.5047384126211336,4.984375
9,0,3,large,0.6416693453531659,6.984375
9,0,3,large,2.0219375442611396,9.0
9,0,3,large,1.492588449714984,11.0
9,0,3,large,0.38981479085074217,13.015625
9,0,3,large,0.10554978242863297,15.015625
9,0,3,large,1.3191170383856303,17.02734375
9,0,3,large,0.7486503456846823,19.0390625
9,0,3,large,0.4915981701164306,21.06640625
9,0,3,large,0.1526321626093759,23.078125
9,0,3,large,0.11526866933965892,25.09375
9,0,3,large,0.11246390363813352,27.09375
9,0,3,large,23.526501355538826,29.10546875
9,0,3,medium,22.543158634876704,31.1171875
9,0,3,medium,13.128178831090626,33.16015625
9,0,3,medium,12.474573636148525,35.1796875
9,0,3,medium,18.61951411997783,37.18359375
9,0,3,medium,22.04593380939513,39.1953125
9,0,3,medium,22.864041206287844,41.1953125
9,0,3,medium,15.79249248135667,43.2109375
9,0,3,medium,5.210140124679411,45.2109375
9,0,3,medium,5.2089680596277805,47.2109375
9,0,3,medium,9.863451220222194,49.25
9,0,3,medium,4.874741213316023,51.265625
9,0,3,medium,7.763386029200625,53.27734375
9,0,3,medium,14.419752992748899,55.3046875
9,0,3,medium,12.863559520867943,57.31640625
9,0,3,medium,46.69216402230943,59.34375
9,0,3,small,42.03971315795272,61.37109375
9,0,3,small,34.998591619488536,63.3828125
9,0,3,small,43.094922568734226,65.41015625
9,1,2,large,5.45062107533175,2.9921875
9,1,2,large,2.359493850773087,5.00390625
9,1,2,large,3.658460254290591,7.0078125
9,1,2,large,14.510876551219406,9.0078125
9,1,2,large,18.407040189405052,11.0078125
9,1,2,large,17.43116852928066,13.0078125
9,1,2,large,13.307258606687133,15.00390625
9,1,2,large,7.004327860229299,17.015625
9,1,2,large,4.826830655407534,19.01953125
9,1,2,large,19.2181483377899,21.01953125
9,1,2,large,8.577062202654291,23.01953125
9,1,2,large,5.33278499205411,25.01953125
9,1,2,large,8.82003853745294,27.01953125
9,1,2,large,15.812494764678352,29.01953125
9,1,2,medium,8.898737610965174,31.01953125
9,1,2,medium,15.210006213202579,33.03125
9,0,3,large,0.02403055735744844,2.984375
9,0,3,large,0.38735349711763284,4.984375
9,0,3,large,1.4704444684017972,6.984375
9,0,3,large,1.9652547200128672,8.98828125
9,0,3,large,5.486000626350464,10.99609375
9,0,3,large,6.540990456244616,12.99609375
9,0,3,large,9.802153580415885,14.9921875
9,0,3,large,4.093012546274695,16.9921875
9,0,3,large,1.0582913409690646,19.0234375
9,0,3,large,0.5222839233336003,21.05078125
9,0,3,large,32.22760319109539,23.07421875
9,0,3,large,64.50580961438686,25.1015625
9,0,3,large,52.85681674144394,27.1015625
9,0,3,large,22.659537785998,29.1015625
9,0,3,medium,20.975890174265086,31.140625
9,0,3,medium,8.989485827374754,33.140625
9,0,3,medium,3.720973055805385,35.16796875
9,0,3,medium,6.760477994587486,37.1953125
9,0,3,medium,6.3942664801383575,39.20703125
9,0,3,medium,6.257968084584046,41.20703125
9,0,3,medium,30.41612213181596,43.22265625
9,0,3,medium,83.42431635102191,45.24609375
9,0,3,medium,76.11707471597431,47.24609375
9,0,3,medium,52.41916593677185,49.2890625
9,0,3,medium,29.036074186804072,51.30078125
9,0,3,medium,23.46791814426678,53.31640625
9,0,3,medium,32.101316398940156,55.32421875
9,0,3,medium,51.27816024725245,57.328125
9,0,3,medium,67.37433038907042,59.33984375
9,0,3,small,85.7461671413226,61.36328125
9,0,3,small,88.38454298176755,63.39453125
9,0,3,small,95.9049881593923,65.40625
9,1,3,large,0.0,2.98046875
9,1,3,large,0.05537784197145084,4.984375
9,1,3,large,5.535790950186646,6.984375
9,1,3,large,8.691549066957428,8.984375
9,1,3,large,3.4553003882006603,10.984375
9,1,3,large,17.9671092970948,12.984375
9,1,3,large,5.699856701418728,14.9921875
9,1,3,large,2.040799790739999,16.984375
9,1,3,large,2.473658120503482,19.00390625
9,1,3,large,3.562810610053295,20.99609375
9,1,3,large,6.2993533052351385,22.99609375
9,1,3,large,2.102627346409158,24.99609375
9,1,3,large,10.076410779494386,27.0078125
9,1,3,large,3.9189371295078352,29.0078125
9,1,3,medium,2.0732062039232577,31.0078125
9,1,3,medium,2.836223116864819,33.0078125
9,1,3,medium,30.412985715016752,35.0234375
9,1,3,medium,39.94932829839081,37.0234375
9,1,3,medium,26.774582731027664,39.046875
9,1,3,medium,25.737253257070336,41.07421875
9,1,3,medium,23.994782015720794,43.08984375
9,1,3,medium,18.81025046812669,45.1015625
9,1,3,medium,60.838707058508945,47.1015625
9,1,3,medium,52.65422869053451,49.11328125
9,0,1,large,0.0,2.984375
9,0,1,large,0.0,4.984375
9,0,1,large,0.0,6.984375
9,0,1,large,0.2863243822930866,8.984375
9,0,1,large,9.23496498305331,10.99609375
9,0,1,large,28.782295196303647,13.0
9,0,1,large,17.849621986486184,14.99609375
9,0,1,large,12.05526713588175,16.99609375
9,0,1,large,4.463286200170169,19.01171875
9,0,1,large,2.4815455375346334,21.0234375
9,0,1,large,9.674466863621936,23.03515625
9,0,1,large,25.02072460730753,25.03515625
9,0,1,large,19.774944784850156,27.03515625
9,0,1,large,29.31420996739346,29.05078125
9,0,1,medium,57.09151099533577,31.0625
9,0,1,medium,37.26224159034933,33.07421875
9,0,1,medium,30.034006508490908,35.08984375
9,0,1,medium,52.2816211680057,37.08984375
9,0,1,medium,72.88603676825788,39.1171875
9,0,1,medium,58.84409392610021,41.1171875
9,0,1,medium,66.15155342837531,43.12890625
9,0,1,medium,81.44752200499316,45.12890625
9,0,1,medium,62.78496007464263,47.12890625
9,0,1,medium,61.82542734380618,49.15234375
9,0,1,medium,65.74021249450786,51.1796875
9,0,1,medium,70.32572503956123,53.21875
9,0,1,medium,73.64451796128498,55.234375
9,0,1,medium,35.03682839989887,57.234375
9,0,1,medium,19.58778128035526,59.2734375
9,0,1,small,33.11630554367857,61.2890625
9,0,1,small,38.819751326303006,63.328125
9,0,1,small,26.522156141920725,65.35546875
9,0,1,small,48.114460727190284,67.3515625
9,1,2,large,0.00043069633478371057,2.9921875
9,1,2,large,0.43176138460191776,4.9921875
9,1,2,large,1.0107645433646226,6.99609375
9,1,2,large,7.117810158451065,9.00390625
9,1,2,large,6.913223279372349,11.015625
9,1,2,large,3.304910475583438,13.015625
9,1,2,large,1.3303306315753431,15.015625
9,1,2,large,0.5755682386983314,17.015625
9,1,2,large,0.23253861669791134,19.03515625
9,1,2,large,0.1496369318746099,21.04296875
9,1,2,large,0.03944386699856525,23.04296875
9,1,2,large,4.540011618343548,25.05859375
9,1,2,large,51.23590979370936,27.0703125
9,1,2,large,45.41441705494417,29.0703125
9,1,2,medium,31.60163530400597,31.06640625
9,1,2,medium,45.39026790216802,33.08203125
9,0,1,large,0.04625157444710161,2.98046875
9,0,1,large,0.019970582013925438,4.984375
9,0,1,large,0.010544477177316297,6.99609375
9,0,1,large,0.7195597554151139,9.0078125
9,0,1,large,2.8547305421652007,11.01953125
9,0,1,large,0.8457678869951503,13.01953125
9,0,1,large,0.27115940394238175,15.01953125
9,0,1,large,0.07147684285237837,17.01953125
9,0,1,large,0.018500345200030216,19.046875
9,0,1,large,0.019475827677663027,21.07421875
9,0,1,large,1.3247262773667194,23.07421875
9,0,1,large,0.5366918549568115,25.09375
9,0,1,large,0.14286521469037078,27.0859375
9,0,1,large,0.06444009577231583,29.0859375
9,0,1,medium,0.01679451678535545,31.11328125
9,0,1,medium,0.004415307569240483,33.1171875
9,0,1,medium,0.0013836215808141288,35.140625
9,0,1,medium,0.00040130200634582786,37.140625
9,0,1,medium,0.1735392564751418,39.15234375
9,0,1,medium,0.4001226581563134,41.15234375
9,0,1,medium,0.10547118758526178,43.15234375
9,0,1,medium,0.027585296249889864,45.1640625
9,0,1,medium,0.007271405145545481,47.1640625
9,0,1,medium,0.0018818082642370819,49.19140625
9,0,1,medium,0.00048716003602012275,51.21875
9,1,2,large,0.0,2.98828125
9,1,2,large,0.0,4.99609375
9,1,2,large,0.0,6.98828125
9,1,2,large,0.0,8.98828125
9,1,2,large,0.0,10.98828125
9,1,2,large,0.08316010746334447,13.00390625
9,1,2,large,1.216421760829883,15.00390625
9,1,2,large,4.122844227118742,17.0
9,1,2,large,11.032407104401596,19.015625
9,1,2,large,8.130037442775054,21.01953125
9,1,2,large,7.03565281524746,23.02734375
9,1,2,large,14.06748104930398,25.02734375
9,1,2,large,4.230449625012385,27.02734375
9,1,2,large,1.1928796577300975,29.02734375
9,1,2,medium,1.842111401782597,31.04296875
9,1,2,medium,1.9273133000205216,33.06640625
9,1,2,medium,26.377180153002648,35.109375
9,0,2,large,0.0,2.984375
9,0,2,large,0.0,4.984375
9,0,2,large,0.0,6.984375
9,0,2,large,0.7098595260658398,8.984375
9,0,2,large,0.8027138515467458,10.984375
9,0,2,large,0.2485967197911089,12.99609375
9,0,2,large,0.9273433878337516,14.99609375
9,0,2,large,1.2410092235080126,16.99609375
9,0,2,large,0.4419871224974171,19.01171875
9,0,2,large,0.42349135760567197,21.03515625
9,0,2,large,0.1242137006725377,23.046875
9,0,2,large,0.1904945734631457,25.046875
9,0,2,large,0.05886945029800224,27.0625
9,0,2,large,0.015517818620999454,29.0625
9,0,2,medium,0.004017419132498986,31.08984375
9,0,2,medium,0.07094161394978173,33.109375
9,0,2,medium,8.604007191049243,35.16796875
9,1,3,large,0.0,2.9921875
9,1,3,large,0.3051035542197197,5.00390625
9,1,3,large,0.11960133479107135,7.00390625
9,1,3,large,0.031526569565747405,9.00390625
9,1,3,large,0.00831031351213741,11.00390625
9,1,3,large,0.002190574858643882,13.00390625
9,1,3,large,0.13703515091118296,15.00390625
9,1,3,large,0.05564678459676424,17.01171875
9,1,3,large,1.680674787205919,19.00390625
9,1,3,large,4.6397764706575195,21.01171875
9,1,3,large,1.2633286951526965,23.00390625
9,1,3,large,0.3330098285417273,25.00390625
9,1,3,large,0.08710702625231631,27.015625
9,1,3,large,0.022961162829882125,29.015625
9,1,3,medium,0.006052496809766149,31.015625
9,1,3,medium,0.10624449342705584,33.015625
9,0,1,large,0.0,2.9921875
9,0,1,large,0.0,4.98828125
9,0,1,large,0.0,6.9921875
9,0,1,large,0.2200620696029777,8.98828125
9,0,1,large,0.9584034847406172,11.0
9,0,1,large,0.28811954021644826,13.0
9,0,1,large,3.71949193018732,15.0
9,0,1,large,4.202501801620944,17.0
9,0,1,large,1.2772421709494926,19.02734375
9,0,1,large,0.8667816323752802,21.06640625
9,0,1,large,2.3991819295917205,23.06640625
9,0,1,large,0.7756802549851614,25.08203125
9,0,1,large,5.670577282470321,27.08203125
9,0,1,large,9.859978676948028,29.09375
9,0,1,medium,3.3871640860855203,31.10546875
9,0,1,medium,0.8969272258216201,33.10546875
9,0,1,medium,0.3219055377564147,35.12109375
9,0,1,medium,0.11426063168619825,37.1328125
9,0,1,medium,0.10617039989577279,39.1328125
9,0,1,medium,3.7553437755692443,41.1328125
9,0,1,medium,2.391050066045076,43.14453125
9,0,1,medium,11.817877941081829,45.1484375
9,0,1,medium,11.908757590203566,47.16015625
9,0,1,medium,8.094708337038762,49.19921875
9,0,1,medium,15.748999462663237,51.2109375
9,0,1,medium,41.0979260802478,53.21484375
9,0,1,medium,72.71867878718835,55.2109375
9,0,1,medium,72.28011010307026,57.22265625
9,0,1,medium,69.24414000074131,59.25
9,0,1,small,76.1000316760182,61.265625
9,0,1,small,83.61104782450741,63.28125
9,0,1,small,83.05058528372481,65.29296875
9,1,1,large,0.4642013018404547,2.9921875
9,1,1,large,1.8706995249396854,4.9921875
9,1,1,large,1.4871013636893196,6.9921875
9,1,1,large,1.2391024137301434,8.9921875
9,1,1,large,0.9583736808838069,10.9921875
9,1,1,large,0.3002598951701236,12.9921875
9,1,1,large,0.22198414501949815,14.9921875
9,1,1,large,0.5627335025372726,17.0078125
9,1,1,large,0.1841181323175296,19.0078125
9,1,1,large,0.07234954427689673,21.01953125
9,1,1,large,0.09269136373400577,23.01953125
9,1,1,large,0.025672318639618337,25.01953125
9,1,1,large,0.00690694795601262,27.01953125
9,1,1,large,0.03324537992790218,29.03125
9,1,1,medium,0.009499417444105575,31.03515625
9,1,1,medium,1.3572259862851077,33.0390625
9,1,1,medium,18.076719592388912,35.046875
9,1,1,medium,35.525059243071425,37.046875
9,1,1,medium,49.55827832027782,39.05859375
9,1,1,medium,54.82615756506782,41.0859375
9,1,1,medium,26.105047124703614,43.125
10,0,1,large,0.40967993973926375,2.984375
10,0,1,large,0.10834268081282802,5.04296875
10,0,1,large,2.798338985027833,7.078125
10,0,1,large,6.078681391103753,9.1171875
10,0,1,large,22.014805652186848,11.12890625
10,0,1,large,73.40557248720737,13.18359375
10,0,1,large,53.26487909854009,15.1953125
10,0,1,large,24.475694044716064,17.19921875
10,0,1,large,18.01140182086892,19.234375
10,0,1,large,6.147657343981928,21.2734375
10,0,1,large,1.7168718737910076,23.31640625
10,0,1,large,0.6127742506023875,25.34375
10,0,1,large,3.6696578866368825,27.35546875
10,0,1,large,2.8652870794680263,29.35546875
10,0,1,medium,1.0838455023981954,31.39453125
10,0,1,medium,3.368460589582437,33.41015625
10,0,1,medium,1.6123010819395793,35.4375
10,0,1,medium,1.3303274733711787,37.44921875
10,0,1,medium,1.374686134652721,39.44921875
10,0,1,medium,6.791696695413121,41.4609375
10,0,1,medium,6.309688343966968,43.4765625
10,0,1,medium,3.9006843341513724,45.484375
10,0,1,medium,3.606402630279006,47.48828125
10,0,1,medium,3.9572430713344935,49.5546875
10,0,1,medium,16.77714772930415,51.5703125
10,0,1,medium,9.615585651275762,53.59375
10,0,1,medium,33.36025529119927,55.62109375
10,0,1,medium,68.54301381362072,57.6484375
10,0,1,medium,66.33018897614966,59.71875
10,0,1,small,60.1717976037196,61.75390625
10,0,1,small,61.05220413603196,63.765625
10,0,1,small,66.48543778096129,65.83203125
10,0,1,small,90.86030954863475,67.8984375
10,0,1,small,93.67033764965907,69.92578125
10,0,1,small,97.62846203716097,71.97265625
10,0,1,small,99.19369989127694,74.03125
10,0,1,small,99.92349183207182,76.03125
10,0,1,small,98.2104288105708,78.07421875
10,0,1,small,96.73428879776252,80.11328125
10,0,1,small,91.17176885668185,82.109375
10,0,1,small,74.04331475634217,84.125
10,0,1,small,45.30004064984766,86.125
10,0,1,small,35.158908739989414,88.140625
10,1,2,large,0.0,2.98046875
10,1,2,large,0.0,4.9921875
10,1,2,large,0.2636624936763262,6.9921875
10,1,2,large,1.627099589173365,8.9921875
10,1,2,large,12.760862082244339,11.00390625
10,1,2,large,13.390485474950507,13.015625
10,1,2,large,17.277266524841338,15.015625
10,1,2,large,9.903062505451022,17.015625
10,1,2,large,3.8276501755010885,19.015625
10,1,2,large,2.5395537707363323,21.04296875
10,1,2,large,2.122157067549808,23.04296875
10,1,2,large,8.895947013980264,25.0546875
10,1,2,large,6.99627087024304,27.0546875
10,1,2,large,2.479899700911287,29.0703125
10,0,1,large,3.1403908524808424,2.99609375
10,0,1,large,5.880037946291361,5.05078125
10,0,1,large,7.842419076405873,7.10546875
10,0,1,large,5.2322030942389235,9.12890625
10,0,1,large,34.49989200405146,11.1328125
10,0,1,large,42.77515276277158,13.14453125
10,0,1,large,23.56031170323924,15.15625
10,0,1,large,6.190026866144594,17.171875
10,0,1,large,1.6277748282289837,19.2109375
10,0,1,large,1.0250877379246737,21.26171875
10,0,1,large,0.3610718163690485,23.27734375
10,0,1,large,1.7871984849065183,25.2890625
10,0,1,large,0.7687559267646826,27.2890625
10,0,1,large,0.20264186220467412,29.2890625
10,0,1,medium,0.3382742764260587,31.33984375
10,0,1,medium,2.6683659451267783,33.35546875
10,0,1,medium,12.364879397528252,35.3828125
10,0,1,medium,5.541853654742216,37.39453125
10,0,1,medium,11.319347003584879,39.41015625
10,0,1,medium,5.064240880503714,41.421875
10,0,1,medium,1.7462318650930553,43.421875
10,0,1,medium,0.9126662466188262,45.43359375
10,0,1,medium,0.6925328401704649,47.4375
10,0,1,medium,3.710301097228059,49.515625
10,0,1,medium,17.895269637294778,51.5390625
10,0,1,medium,25.705889502319664,53.58203125
10,0,1,medium,47.224857063409324,55.66015625
10,0,1,medium,74.5712296611893,57.67578125
10,0,1,medium,69.94372118787481,59.69921875
10,0,1,small,41.771206609301025,61.7265625
10,0,1,small,16.688910527301672,63.73828125
10,0,1,small,57.3360297376803,65.8046875
10,1,2,large,0.19274212300443092,2.9921875
10,1,2,large,5.041515509267633,4.9921875
10,1,2,large,3.466108688613011,7.00390625
10,1,2,large,2.6554657588233086,9.01953125
10,1,2,large,9.281718667875955,11.015625
10,1,2,large,34.83803328267786,13.03125
10,1,2,large,26.85315433084072,15.03125
10,1,2,large,10.152374841466248,17.03125
10,1,2,large,2.6552326576018768,19.04296875
10,1,2,large,2.8831097338629212,21.0546875
10,1,2,large,5.9340054084712754,23.0546875
10,1,2,large,2.9929057294203716,25.0546875
10,1,2,large,3.168569805488924,27.0546875
10,1,2,large,2.383123674313371,29.0703125
10,1,2,medium,0.8074669716689571,31.08203125
10,1,2,medium,12.183729203973407,33.12109375
10,0,3,large,0.08654467963323065,3.0078125
10,0,3,large,0.6361530070760562,5.0234375
10,0,3,large,1.7225363841892838,7.03515625
10,0,3,large,1.489924910714929,9.03515625
10,0,3,large,0.758525064871067,11.046875
10,0,3,large,0.2390327371122155,13.046875
10,0,3,large,0.09423041903188048,15.0625
10,0,3,large,0.02483886878024949,17.0625
10,0,3,large,0.00912359198314679,19.07421875
10,0,3,large,0.015703524239854307,21.11328125
10,0,3,large,0.008873574764570524,23.12890625
10,0,3,large,2.063561828966474,25.125
10,0,3,large,0.7746008471764223,27.140625
10,0,3,large,0.20418256649772298,29.140625
10,0,3,medium,0.0534058507357017,31.15234375
10,0,3,medium,0.24439313240827287,33.16796875
10,0,3,medium,1.0758046930919278,35.1796875
10,0,3,medium,2.6935110551377432,37.1953125
10,0,3,medium,4.439792673633164,39.2109375
10,0,3,medium,1.4839163914882523,41.20703125
10,0,3,medium,0.3882475545562133,43.21875
10,0,3,medium,0.11200303189184085,45.21875
10,0,3,medium,5.944166581476145,47.24609375
10,0,3,medium,11.310802713948327,49.30078125
10,0,3,medium,36.76891966906503,51.33984375
10,0,3,medium,38.76908601355555,53.3671875
10,0,3,medium,46.1663478075481,55.41796875
10,0,3,medium,53.34634434374212,57.4609375
10,0,3,medium,34.81675647147267,59.484375
10,1,3,large,0.0,3.00390625
10,1,3,large,0.0,4.9921875
10,1,3,large,0.5177285913833859,6.9921875
10,1,3,large,2.8947553472208494,8.9921875
10,1,3,large,2.9262629949077,11.00390625
10,1,3,large,8.223023527778864,13.01953125
10,1,3,large,9.507529839822528,15.015625
10,1,3,large,5.1364287750776185,17.015625
10,1,3,large,1.4602718092332903,19.03125
10,1,3,large,4.490179424027112,21.03125
10,1,3,large,2.284917323598321,23.04296875
10,1,3,large,1.0368109084459425,25.04296875
10,1,3,large,0.28351302710285065,27.046875
10,1,3,large,2.8477278801562234,29.0625
10,1,3,medium,20.041093332710638,31.09375
10,1,3,medium,50.57461007196426,33.12109375
10,1,3,medium,65.8239271989006,35.1484375
10,1,3,medium,75.05188861405802,37.17578125
10,1,3,medium,73.41774210921534,39.2421875
10,0,1,large,1.39372568104623,2.98828125
10,0,1,large,3.728103630325676,4.9921875
10,0,1,large,1.261261514608202,6.98828125
10,0,1,large,0.33246585955772945,8.98828125
10,0,1,large,0.0878445657202801,10.98828125
10,0,1,large,0.15872518249408835,12.9921875
10,0,1,large,0.12291681371607872,14.98828125
10,0,1,large,0.03265695123272272,16.9765625
10,1,3,large,4.829515982081081,3.00390625
10,1,3,large,5.408730548803592,5.00390625
10,1,3,large,3.347753524251542,7.015625
10,1,3,large,1.8829617314188019,9.015625
10,1,3,large,2.101563782572139,11.015625
10,1,3,large,0.8281193663072324,13.015625
10,1,3,large,1.2465087746834715,15.015625
10,1,3,large,2.9437685098751434,17.03125
10,1,3,large,2.4852346446472353,19.04296875
10,1,3,large,7.37107710213458,21.04296875
10,1,3,large,3.4175602651533907,23.0390625
10,1,3,large,1.4311754047652758,25.04296875
10,1,3,large,0.4875015603958604,27.04296875
10,1,3,large,0.8454869034348413,29.0390625
10,1,3,medium,1.4559414407621554,31.0390625
10,1,3,medium,38.51489570628624,33.078125
10,0,3,large,0.0,3.01171875
10,0,3,large,0.0233758647840559,5.05078125
10,0,3,large,0.37666399259656114,7.0625
10,0,3,large,4.965126454615301,9.08984375
10,0,3,large,3.4465893886211174,11.08984375
10,0,3,large,4.748699087206682,13.1171875
10,0,3,large,7.293043082206039,15.12890625
10,0,3,large,3.0507394217498494,17.12890625
10,0,3,large,0.8798099962808347,19.18359375
10,0,3,large,1.7254336431953592,21.2265625
10,0,3,large,7.032304845583053,23.23828125
10,0,3,large,43.05523990910102,25.2734375
10,0,3,large,30.931209824340016,27.2890625
10,0,3,large,18.673750223090057,29.2890625
10,0,3,medium,8.330632766384674,31.33984375
10,0,3,medium,9.551547697597549,33.35546875
10,0,3,medium,4.441229690322292,35.3671875
10,0,3,medium,5.259456466205376,37.39453125
10,0,3,medium,19.3862762430792,39.39453125
10,0,3,medium,7.172182211415308,41.3984375
10,0,3,medium,8.557898164025154,43.41796875
10,0,3,medium,32.118522798420884,45.41796875
10,0,3,medium,26.966150245087306,47.41796875
10,0,3,medium,8.309875354763456,49.47265625
10,0,3,medium,37.465376439589626,51.484375
10,0,3,medium,73.30546675395215,53.50390625
10,0,3,medium,90.78414537363511,55.515625
10,0,3,medium,94.52953606636481,57.51171875
10,0,3,medium,73.35264334018053,59.578125
10,0,3,small,59.31312959644178,61.59375
10,0,3,small,49.57200432217736,63.60546875
10,0,3,small,48.5788265537913,65.6171875
10,0,3,small,70.65908821944717,67.6328125
10,0,3,small,89.73837098336966,69.6328125
10,0,3,small,99.27125784284895,71.65625
10,0,3,small,99.12271450200308,73.671875
10,1,1,large,0.39594202097815806,2.9921875
10,1,1,large,0.1072488675909086,4.9921875
10,1,1,large,0.028270494563116103,6.9921875
10,1,1,large,0.007518123748616766,8.9921875
10,1,1,large,0.0033327865917645765,11.01171875
10,1,1,large,0.04614233272937783,13.0078125
10,1,1,large,0.06368988322736283,15.0078125
10,1,1,large,0.025020029533063256,17.01953125
10,1,1,large,0.006595208180486457,19.01953125
10,1,1,large,0.040625595093120165,21.03125
10,1,1,large,0.07526413713503985,23.03125
10,1,1,large,0.019581122852528013,25.05078125
10,1,1,large,0.2456625129100609,27.05859375
10,1,1,large,0.275300848648113,29.05859375
10,1,1,medium,0.8247646844971365,31.07421875
10,1,1,medium,9.166075217871594,33.1015625
10,0,2,large,1.7860715677824521,2.99609375
10,0,2,large,6.3620238517936345,5.0234375
10,0,2,large,55.048054335425725,7.05078125
10,0,2,large,73.16157861686733,9.0625
10,0,2,large,46.73501904153845,11.0625
10,0,2,large,19.056975807754437,13.07421875
10,0,2,large,11.589438168313595,15.08984375
10,0,2,large,4.936504129690979,17.08984375
10,0,2,large,2.042021229504551,19.1015625
10,0,2,large,2.1568807152080054,21.140625
10,0,2,large,1.020749326646967,23.16796875
10,0,2,large,3.021977699836463,25.1796875
10,0,2,large,4.032724689896855,27.1796875
10,0,2,large,1.2891852343403005,29.19140625
10,0,2,medium,6.7612857333031755,31.2734375
10,0,2,medium,38.09443611978429,33.2734375
10,0,2,medium,55.354508504699304,35.30078125
10,0,2,medium,55.90031141305208,37.30078125
10,0,2,medium,67.59000735137829,39.3125
10,0,2,medium,40.71421221691171,41.328125
10,0,2,medium,74.27747688418555,43.33984375
10,0,2,medium,85.2006772669013,45.33984375
10,0,2,medium,50.40846414988782,47.3515625
10,0,2,medium,14.027272461224522,49.390625
10,0,2,medium,6.1092858727401875,51.39453125
10,0,2,medium,6.206268586626434,53.40625
10,0,2,medium,13.021109137585206,55.41796875
10,0,2,medium,5.651225668143697,57.41796875
10,0,2,medium,3.085899078152476,59.41796875
10,0,2,small,15.738687911020705,61.45703125
10,0,2,small,59.70978041627526,63.47265625
10,1,2,large,1.3434042849074153,2.9765625
10,1,2,large,0.9592377578507039,4.9921875
10,1,2,large,0.8208674201714179,6.9921875
10,1,2,large,2.1238478698151155,8.9921875
10,1,2,large,1.6860574427517399,11.00390625
10,1,2,large,2.089620027659679,13.00390625
10,1,2,large,1.6742781324906109,15.00390625
10,1,2,large,2.11556229963249,17.015625
10,1,2,large,1.0083473340248392,19.03125
10,1,2,large,0.9846110622021794,21.04296875
10,1,2,large,0.7122242463386133,23.0546875
10,1,2,large,0.7572603784600503,25.0546875
10,1,2,large,0.6354759017248284,27.0703125
10,1,2,large,2.1913440230822463,29.0703125
10,1,2,medium,2.9007324500521747,31.08203125
10,1,2,medium,3.299604812465927,33.08203125
10,0,1,large,0.001653083793130298,3.00390625
10,0,1,large,0.3655602027967074,5.01953125
10,0,1,large,1.9535206295160856,7.03125
10,0,1,large,6.870894857955208,9.046875
10,0,1,large,9.152135585800899,11.05859375
10,0,1,large,5.66229163171875,13.0703125
10,0,1,large,2.3383820314299744,15.0703125
10,0,1,large,2.3599772043959546,17.08203125
10,0,1,large,0.9589314600857125,19.13671875
10,0,1,large,0.2891983465899186,21.17578125
10,0,1,large,0.2924409509810828,23.19140625
10,0,1,large,16.70125570461193,25.203125
10,0,1,large,43.3334669576587,27.203125
10,0,1,large,27.689886761002377,29.21875
10,0,1,medium,8.404889485579158,31.2265625
10,0,1,medium,2.7421325338753992,33.23828125
10,0,1,medium,1.071839684852368,35.26953125
10,0,1,medium,0.4220844546693435,37.26953125
10,0,1,medium,7.100509777079267,39.28125
10,0,1,medium,6.265783275990303,41.28125
10,0,1,medium,2.2479518658419035,43.28125
10,0,1,medium,0.8011574420102221,45.28125
10,0,1,medium,3.2421980610310976,47.296875
10,0,1,medium,1.2410438202728227,49.375
10,0,1,medium,3.893582390722394,51.38671875
10,0,1,medium,18.044574312254642,53.42578125
10,0,1,medium,8.735816009526774,55.4296875
10,0,1,medium,12.828215738009188,57.42578125
10,0,1,medium,6.2893434217291055,59.46875
10,0,1,small,25.330498570045812,61.5
10,0,1,small,16.752815395510112,63.5078125
10,0,1,small,12.069920401351624,65.5078125
10,0,1,small,39.86138211102329,67.51953125
10,0,1,small,58.42982414595779,69.51953125
10,0,1,small,36.37313111786066,71.546875
10,0,1,small,85.70064968623157,73.546875
10,0,1,small,83.67514420352877,75.55859375
10,0,1,small,62.5294519389096,77.59765625
10,0,1,small,64.18634334100999,79.61328125
10,1,3,large,0.008103488404612304,2.98046875
10,1,3,large,0.22122752226909634,4.9921875
10,1,3,large,0.15356263795660988,6.9921875
10,1,3,large,0.04016182940740701,9.00390625
10,1,3,large,2.192592660971969,11.05859375
10,1,3,large,8.434321362826784,13.06640625
10,1,3,large,8.121338951505944,15.05859375
10,1,3,large,9.093212458163904,17.0703125
10,1,3,large,3.402634954985435,19.0703125
10,1,3,large,2.441555385324996,21.0703125
10,1,3,large,2.7597645332498137,23.0859375
10,1,3,large,0.79793931577595,25.09765625
10,1,3,large,0.21035167061368962,27.09765625
10,1,3,large,0.05544809837163077,29.09765625
10,1,3,medium,0.014501491321628094,31.109375
10,0,1,large,0.0,2.984375
10,0,1,large,0.0,4.984375
10,0,1,large,0.24543069746312823,6.99609375
10,0,1,large,0.525822503033152,9.01171875
10,0,1,large,0.4862442246759935,11.0234375
10,0,1,large,0.1274226611436697,13.03515625
10,0,1,large,0.033588248808561455,15.03515625
10,0,1,large,0.10771433548111506,17.05078125
10,0,1,large,0.03977353264589148,19.07421875
10,0,1,large,0.010214711426492365,21.11328125
10,0,1,large,0.03432324640288674,23.12890625
10,0,1,large,0.03530618824960995,25.12890625
10,0,1,large,0.00933147280592843,27.140625
10,0,1,large,0.0024597495260474727,29.140625
10,0,1,medium,0.0006350161290901344,31.171875
10,0,1,medium,0.00016782886577647964,33.16796875
10,0,1,medium,0.006408592235838178,35.1796875
10,0,1,medium,0.015262628771769923,37.1796875
10,0,1,medium,0.04114912492753073,39.1953125
10,0,1,medium,0.16377827520993118,41.1953125
10,0,1,medium,0.04339977357909994,43.20703125
10,0,1,medium,0.011994992068576182,45.20703125
10,0,1,medium,0.03990385548025116,47.20703125
10,0,1,medium,0.01027066693010635,49.24609375
10,0,1,medium,0.011296532528910674,51.2578125
10,0,1,medium,0.033452948217191913,53.2734375
10,0,1,medium,0.01025714250026294,55.29296875
10,0,1,medium,0.08281862978778379,57.28515625
10,0,1,medium,0.3311460921187973,59.32421875
10,0,1,small,0.3041178139003994,61.33984375
10,0,1,small,20.18283454099814,63.37890625
10,0,1,small,47.48699193353863,65.390625
10,0,1,small,28.016055635907453,67.40625
10,0,1,small,8.584191916438003,69.41796875
10,0,1,small,2.591518801812427,71.43359375
10,0,1,small,0.6871757852746208,73.45703125
10,0,1,small,0.1792656161506495,75.47265625
10,1,3,large,0.12201154917699296,3.00390625
10,1,3,large,0.08416779870693505,5.00390625
10,1,3,large,0.3862809890000148,7.00390625
10,1,3,large,0.10872141785145911,9.00390625
10,1,3,large,0.5571698211494917,11.015625
10,1,3,large,1.2521627724076594,13.015625
10,1,3,large,0.4177423657953474,15.015625
10,1,3,large,0.2690536049660013,17.015625
10,1,3,large,1.8366925231109283,19.015625
10,1,3,large,13.614151012981102,21.02734375
10,1,3,large,8.76875655969898,23.02734375
10,1,3,large,8.805295882317255,25.04296875
10,1,3,large,2.7656259018058296,27.04296875
10,1,3,large,1.4394229775081149,29.04296875
10,1,3,medium,0.5723803449046269,31.0546875
10,1,3,medium,0.27376762328380355,33.0546875
10,1,3,medium,5.7903565666856265,35.0703125
10,1,3,medium,9.253368846986367,37.06640625
10,1,3,medium,3.447524624373661,39.06640625
10,0,2,large,0.09870081950179165,3.0
10,0,2,large,0.04441375799373583,4.9921875
10,0,2,large,0.019938843098488826,6.9921875
10,0,2,large,0.011420452391241741,9.0078125
10,0,2,large,0.05488455230130346,11.00390625
10,0,2,large,0.01737864169623978,13.0078125
10,0,2,large,0.049176963215606065,15.00390625
10,0,2,large,0.1809722146556705,17.01171875
10,0,2,large,0.15718641251070736,19.01953125
10,0,2,large,0.0896857381054115,21.03125
10,0,2,large,0.278880689284685,23.04296875
10,0,2,large,0.863467067013601,25.04296875
10,0,2,large,2.5384755379920456,27.05859375
10,0,2,large,1.0712576202389834,29.05859375
10,0,2,medium,0.6107244154869187,31.0703125
10,0,2,medium,5.444980453711933,33.0703125
10,0,2,medium,5.402014996258102,35.08203125
10,0,2,medium,3.8784281809227017,37.08203125
10,0,2,medium,1.4290842821126997,39.09765625
10,0,2,medium,5.030510925278126,41.09765625
10,0,2,medium,8.8820075835253,43.09765625
10,0,2,medium,3.6743627438688815,45.109375
10,0,2,medium,3.6539688004975615,47.109375
10,0,2,medium,1.5046559044425767,49.13671875
10,0,2,medium,1.2618689529355616,51.1484375
10,0,2,medium,8.227777598313526,53.16015625
10,0,2,medium,6.838998557642164,55.17578125
10,0,2,medium,3.1177162385959027,57.17578125
10,0,2,medium,3.2229162816677563,59.203125
10,0,2,small,14.820451613026554,61.203125
10,0,2,small,16.08984761496379,63.21484375
10,0,2,small,20.648621567847343,65.21484375
10,0,2,small,5.789391532267505,67.23046875
10,0,2,small,3.924227899838728,69.2265625
10,0,2,small,4.095315985779728,71.2421875
10,0,2,small,3.3302216349030656,73.2421875
10,0,2,small,41.15696640830312,75.2421875
10,0,2,small,49.15743516887991,77.26953125
10,0,2,small,45.18247939469407,79.30859375
10,0,2,small,70.95390369718639,81.3046875
10,0,2,small,81.10024842843875,83.3203125
10,0,2,small,61.10596828138075,85.3203125
10,0,2,small,64.27941102444936,87.3203125
10,1,2,large,0.0,2.9921875
10,1,2,large,0.0,4.9921875
10,1,2,large,0.0,6.9921875
10,1,2,large,0.0,9.00390625
10,1,2,large,0.07645402488304812,11.00390625
10,1,2,large,1.6113149491144745,13.00390625
10,1,2,large,2.153395366135594,15.015625
10,1,2,large,0.8844853601861352,17.015625
10,1,2,large,0.3828960881016049,19.03125
10,1,2,large,0.4952015095136702,21.03125
10,1,2,large,0.19278752491125833,23.03125
10,1,2,large,0.056399745967577276,25.04296875
10,1,2,large,0.21175714074514507,27.04296875
10,1,2,large,3.1398689676490408,29.04296875
10,1,2,medium,1.0229279538607594,31.04296875
10,1,2,medium,0.26751803412609954,33.0546875
10,0,1,large,0.5752137194659558,2.98828125
10,0,1,large,0.5186337480016802,5.00390625
10,0,1,large,0.5775204409115815,7.015625
10,0,1,large,1.0103661050633508,9.03125
10,0,1,large,2.269205402172695,11.04296875
10,0,1,large,0.617666819220109,13.04296875
10,0,1,large,0.16281520585546524,15.04296875
10,0,1,large,0.04322564931229536,17.04296875
10,0,1,large,0.011304452756624419,19.0546875
10,0,1,large,0.002903575063576958,21.09375
10,0,1,large,0.024829346391420058,23.09765625
10,0,1,large,0.6980800992739349,25.12109375
10,0,1,large,1.2667853877162565,27.12109375
10,0,1,large,0.348557674144085,29.12109375
10,0,1,medium,0.12072559219360343,31.16015625
10,0,1,medium,0.48463790105020355,33.17578125
10,0,1,medium,0.2766607615235195,35.1875
10,0,1,medium,1.6898976768779213,37.203125
10,0,1,medium,1.095511467639978,39.21484375
10,0,1,medium,10.990200247487373,41.21484375
10,0,1,medium,12.326511660890572,43.2265625
10,0,1,medium,4.061017398930204,45.2265625
10,0,1,medium,7.381089615205858,47.2265625
10,0,1,medium,16.16574920733008,49.28125
10,0,1,medium,7.9453255860213,51.29296875
10,0,1,medium,46.482751823558225,53.3203125
10,0,1,medium,43.403352313599314,55.3203125
10,0,1,medium,48.689674786911915,57.3203125
10,0,1,medium,25.037309878721363,59.33203125
10,0,1,small,11.625674820325926,61.359375
10,0,1,small,6.583855851351164,63.38671875
10,0,1,small,20.775550021239724,65.41015625
10,0,1,small,76.52345786076944,67.46484375
10,0,1,small,49.742864920176004,69.4765625
10,0,1,small,42.12731685044254,71.50390625
10,0,1,small,74.80093499676107,73.53125
10,0,1,small,80.75476824133855,75.53125
10,0,1,small,50.1940072359686,77.546875
10,1,3,large,2.5373301469088423,2.9921875
10,1,3,large,0.8554532787095452,4.98828125
10,1,3,large,0.4297320397829767,6.9921875
10,1,3,large,0.9774919336861512,8.9921875
10,1,3,large,0.8888632903458982,11.00390625
10,1,3,large,1.2679505509674458,13.00390625
10,1,3,large,0.8561509671095672,15.00390625
10,1,3,large,0.3123791027757371,17.00390625
10,1,3,large,0.3438469532059534,19.03125
10,1,3,large,2.3876268848781264,21.03125
10,1,3,large,1.1624207811494538,23.04296875
10,1,3,large,0.4615879138674826,25.04296875
10,1,3,large,5.794679083834711,27.04296875
10,1,3,large,1.8067269902185514,29.04296875
10,1,3,medium,0.48347306494066955,31.0546875
10,1,3,medium,0.13818917534638778,33.0546875
10,1,3,medium,0.34543199215248566,35.08203125
10,0,3,large,2.0472478781205385,2.984375
10,0,3,large,2.341102087698637,5.0
10,0,3,large,2.963414213462599,7.01171875
10,0,3,large,4.396995432369551,9.0234375
10,0,3,large,2.886822107372181,11.03515625
10,0,3,large,3.7905438942424365,13.03515625
10,0,3,large,7.164040680894538,15.05078125
10,0,3,large,3.99104043588252,17.05078125
10,0,3,large,2.9828171795524887,19.0625
10,0,3,large,1.077513867816248,21.08984375
10,0,3,large,0.31240501789505176,23.10546875
10,0,3,large,1.3733583920152483,25.1171875
10,0,3,large,0.6592378687832079,27.1171875
10,0,3,large,0.1741997108897283,29.1171875
10,0,3,medium,0.05085204649604119,31.14453125
10,0,3,medium,0.1802192832952057,33.15625
10,0,3,medium,0.1793871648834197,35.18359375
10,0,3,medium,0.05181996828880234,37.1953125
10,0,3,medium,0.013414458032991183,39.22265625
10,0,3,medium,0.04165169868524872,41.25
10,0,3,medium,0.0126101336098987,43.26171875
10,0,3,medium,0.006510280998870075,45.26171875
10,0,3,medium,1.4497570182018369,47.27734375
10,0,3,medium,0.7053340906569263,49.328125
10,0,3,medium,1.896413073999992,51.33984375
10,0,3,medium,7.985359177466254,53.35546875
10,0,3,medium,21.24013184815162,55.3671875
10,0,3,medium,7.74572723197173,57.3671875
10,0,3,medium,7.92996121400118,59.39453125
10,0,3,small,5.444057554745787,61.40625
10,0,3,small,1.662430515390433,63.421875
10,0,3,small,2.589981321985164,65.41796875
10,0,3,small,0.736480335983744,67.4453125
10,0,3,small,0.19214327336535153,69.4609375
10,1,2,large,0.0,2.9921875
10,1,2,large,0.0,4.9921875
10,1,2,large,0.0,6.9921875
10,1,2,large,0.0,8.9921875
10,1,2,large,0.0,10.9921875
10,1,2,large,0.0,13.00390625
10,1,2,large,0.0,15.00390625
10,1,2,large,0.0,17.00390625
10,1,2,large,0.0,19.01953125
10,1,2,large,0.012008263630241135,21.03125
10,1,2,large,0.9155904407711621,23.04296875
10,1,2,large,1.7538412571377182,25.046875
10,1,2,large,0.568863939778914,27.04296875
10,1,2,large,0.5012751191459991,29.04296875
10,1,2,medium,0.48511968638831493,31.05859375
10,1,2,medium,0.15217133097296687,33.05859375
10,1,2,medium,4.944592059389846,35.05859375
10,1,2,medium,1.520237366368958,37.07421875
10,1,2,medium,0.40178010202492187,39.0703125
10,1,2,medium,2.3822978595644146,41.0703125
10,1,2,medium,6.920694764092186,43.0703125
10,1,2,medium,1.9702199618923821,45.0703125
10,0,1,large,0.059890438414359516,2.9921875
10,0,1,large,0.01793059939001463,5.04296875
10,0,1,large,0.007111295335190965,7.109375
10,0,1,large,0.0018745170986520618,9.109375
10,0,1,large,0.0004889168676502547,11.125
10,0,1,large,0.0001288770870891131,13.125
10,0,1,large,0.36145942230134664,15.125
10,0,1,large,0.4737138864856894,17.125
10,0,1,large,0.122997778408902,19.1484375
10,0,1,large,0.03183398575671616,21.17578125
10,0,1,large,0.008779792055080615,23.19140625
10,0,1,large,0.0031976464961555517,25.203125
10,0,1,large,0.0008428904650923873,27.203125
10,0,1,large,0.0004485990530252304,29.21484375
10,0,1,medium,0.008093362679101958,31.23046875
10,0,1,medium,0.0021333872399439133,33.23046875
10,0,1,medium,0.0007309890635245424,35.2421875
10,0,1,medium,0.5531519774684476,37.25390625
10,0,1,medium,9.012646460495706,39.28125
10,0,1,medium,4.402593696956136,41.28125
10,0,1,medium,2.7201120570925132,43.29296875
10,0,1,medium,0.9260062209007128,45.29296875
10,0,1,medium,0.8276981384490327,47.30859375
10,0,1,medium,0.2591591476235199,49.35546875
10,0,1,medium,0.10033413342849823,51.34765625
10,0,1,medium,2.428322340010052,53.359375
10,0,1,medium,4.125707638036728,55.359375
10,0,1,medium,1.1703415212632513,57.37109375
10,0,1,medium,0.3181948308290125,59.375
10,0,1,small,2.6312752378889996,61.4140625
10,1,2,large,2.9188158495471574,3.00390625
10,1,2,large,1.91153746888719,5.00390625
10,1,2,large,0.5489450074996016,7.00390625
10,1,2,large,0.14605904179104473,9.00390625
10,1,2,large,8.03659471633312,11.01953125
10,1,2,large,46.32661289694832,13.01953125
10,1,2,large,13.595966964929946,15.03125
10,1,2,large,3.584717213401486,17.03125
10,1,2,large,0.9460465519740074,19.03125
10,1,2,large,1.861592377956412,21.03125
10,1,2,large,1.7281512346480667,23.04296875
10,1,2,large,1.635139756710785,25.04296875
10,1,2,large,6.513582681739106,27.04296875
10,1,2,large,7.8987505721864775,29.04296875
10,1,2,medium,2.510827009432295,31.05859375
10,1,2,medium,22.299286312170356,33.0703125
10,1,2,medium,61.521657869185354,35.08203125
10,1,2,medium,20.186182936408006,37.09765625
11,0,2,large,0.0,2.98828125
11,0,2,large,0.0,5.00390625
11,0,2,large,0.0,7.08203125
11,0,2,large,0.0,9.11328125
11,0,2,large,0.0,11.12109375
11,0,2,large,0.0,13.13671875
11,0,2,large,0.007133279409079441,15.1484375
11,0,2,large,0.02550460852672791,17.1484375
11,0,2,large,0.015638007687949443,19.17578125
11,0,2,large,0.9036046148986275,21.203125
11,0,2,large,0.995701255191944,23.19921875
11,0,2,large,0.662094306005841,25.203125
11,0,2,large,0.1764843124883966,27.21484375
11,0,2,large,0.2608475331980163,29.21484375
11,0,2,medium,0.4141891618159388,31.23828125
11,0,2,medium,0.23367764985735406,33.25
11,0,2,medium,5.858168561990127,35.265625
11,0,2,medium,18.380959879478787,37.265625
11,0,2,medium,20.89532849606946,39.28125
11,0,2,medium,11.918096809971434,41.28125
11,0,2,medium,8.077170470003905,43.28125
11,0,2,medium,6.136338659787364,45.28125
11,0,2,medium,19.608150692791074,47.3046875
11,0,2,medium,54.41345903592291,49.34765625
11,0,2,medium,35.77235248592736,51.34765625
11,0,2,medium,19.40075801505793,53.359375
11,0,2,medium,9.423015505960256,55.359375
11,0,2,medium,22.71017568694864,57.359375
11,0,2,medium,47.40762111904482,59.38671875
11,0,2,small,49.27372796261771,61.3984375
11,0,2,small,57.36665560965182,63.41015625
11,0,2,small,86.02306107288472,65.42578125
11,0,2,small,96.22921416767956,67.4375
11,0,2,small,98.39072979170143,69.4453125
11,1,3,large,0.0,2.9921875
11,1,3,large,0.0,4.9921875
11,1,3,large,0.32942131338050895,6.9921875
11,1,3,large,0.5343648438822528,9.00390625
11,1,3,large,2.078865882609775,11.00390625
11,1,3,large,1.3572941712386013,13.00390625
11,1,3,large,1.4086441935539336,15.00390625
11,1,3,large,1.2050941054491826,17.00390625
11,1,3,large,0.8994977522002854,19.00390625
11,1,3,large,0.5926441627011605,21.00390625
11,1,3,large,0.585870189060555,23.00390625
11,1,3,large,0.36875943144802115,25.00390625
11,1,3,large,0.14845463519061086,27.00390625
11,1,3,large,0.8559185963228415,29.00390625
11,1,3,medium,2.553582796985009,31.00390625
11,1,3,medium,3.000458980579217,33.015625
11,1,3,medium,1.1157383470243452,35.0234375
11,1,3,medium,0.3214126042767041,37.015625
11,1,3,medium,0.15517568871608417,39.015625
11,1,3,medium,0.42460552450467837,41.03125
11,1,3,medium,2.1609055956268044,43.02734375
11,1,3,medium,1.5437060586034406,45.03515625
11,1,3,medium,10.050553866361895,47.02734375
11,1,3,medium,37.82978586284153,49.04296875
11,1,3,medium,43.29020243658744,51.04296875
11,1,3,medium,24.827505470353927,53.04296875
11,1,3,medium,20.366674276658564,55.0546875
11,1,3,medium,14.452615901038538,57.0546875
11,1,3,medium,12.639830549567519,59.0546875
11,1,3,small,5.445623648292662,61.0546875
11,0,1,large,0.0,2.98046875
11,0,1,large,0.3297944686760633,4.99609375
11,0,1,large,3.1034061397195227,7.0078125
11,0,1,large,1.2590951129564645,9.01953125
11,0,1,large,0.45321086484922896,11.0234375
11,0,1,large,0.7940053660445613,13.03515625
11,0,1,large,1.006085437460825,15.03515625
11,0,1,large,1.4579090654099796,17.03515625
11,0,1,large,0.5934931332319724,19.05859375
11,0,1,large,0.18913588989572783,21.07421875
11,0,1,large,0.28519435876367816,23.07421875
11,0,1,large,0.10906649584772947,25.0859375
11,0,1,large,0.046242591039288336,27.0859375
11,0,1,large,0.11930075025242037,29.0859375
11,0,1,medium,0.6931726470683561,31.109375
11,0,1,medium,9.972728212339572,33.109375
11,0,1,medium,7.8401123014827485,35.125
11,0,1,medium,5.431247611935481,37.125
11,0,1,medium,20.792248422908504,39.13671875
11,0,1,medium,11.463929554218709,41.15234375
11,0,1,medium,5.812718158100063,43.15234375
11,0,1,medium,6.729988934350334,45.15234375
11,0,1,medium,32.06476675255277,47.15234375
11,0,1,medium,40.77990526316401,49.17578125
11,0,1,medium,27.927452993133763,51.17578125
11,0,1,medium,16.263453130029646,53.19140625
11,0,1,medium,27.897261771169862,55.19140625
11,0,1,medium,28.392105851629296,57.19140625
11,0,1,medium,10.478660356220859,59.203125
11,0,1,small,2.767092251642035,61.21875
11,0,1,small,0.7105606315274475,63.2578125
11,1,1,large,0.10131078482213328,2.9921875
11,1,1,large,1.0514407048499919,4.9921875
11,1,1,large,0.7371537654408136,6.9921875
11,1,1,large,0.3199928077009425,8.9921875
11,1,1,large,0.7024817126361065,10.9921875
11,1,1,large,0.5279780876919608,12.9921875
11,1,1,large,0.587400063081176,14.9921875
11,1,1,large,0.5674930869301926,17.00390625
11,1,1,large,0.7114704209926747,19.015625
11,1,1,large,4.002839386921616,21.02734375
11,1,1,large,4.309948501136576,23.04296875
11,1,1,large,5.023711932479551,25.04296875
11,1,1,large,4.948230271529647,27.04296875
11,1,1,large,2.3117289295842465,29.0390625
11,1,1,medium,1.5485880629165782,31.0546875
11,1,1,medium,5.8668177723470745,33.0546875
11,1,1,medium,19.39921948587971,35.0546875
11,1,1,medium,46.171780504602275,37.06640625
11,1,1,medium,35.13022123805301,39.08203125
11,1,1,medium,15.066474791389375,41.09375
11,1,1,medium,6.367140234051117,43.09375
11,1,1,medium,12.562864834280818,45.109375
11,1,1,medium,17.120146694420846,47.12109375
11,0,2,large,0.060269637556278906,2.984375
11,0,2,large,0.02836170660653332,4.99609375
11,0,2,large,0.00877440163455495,6.99609375
11,0,2,large,0.002312907159546648,8.99609375
11,0,2,large,0.0006034059177174489,11.01171875
11,0,2,large,0.0759581140293649,13.01171875
11,0,2,large,0.3900722223998107,15.01171875
11,0,2,large,0.3984000772680155,17.01171875
11,0,2,large,0.42863941418431667,19.0234375
11,0,2,large,0.6729200102300308,21.03515625
11,0,2,large,2.63604635276398,23.05078125
11,0,2,large,1.3912557335735656,25.05078125
11,0,2,large,2.592654560884732,27.0546875
11,0,2,large,1.5452510497041025,29.05078125
11,0,2,medium,2.819447829443298,31.0625
11,0,2,medium,7.910948199130386,33.07421875
11,0,2,medium,16.816675442789688,35.07421875
11,0,2,medium,14.72198732028134,37.08984375
11,0,2,medium,10.05532230785216,39.1015625
11,0,2,medium,10.819388408852927,41.1015625
11,0,2,medium,6.228546933740915,43.1015625
11,0,2,medium,25.80768049963571,45.1015625
11,0,2,medium,19.14478826770211,47.11328125
11,0,2,medium,16.227273510725162,49.140625
11,0,2,medium,40.82371784907761,51.15234375
11,0,2,medium,34.486196582273735,53.1640625
11,0,2,medium,41.90098640395595,55.16796875
11,0,2,medium,36.80875876232796,57.1796875
11,0,2,medium,23.798203535298896,59.19140625
11,0,2,small,48.34532723379401,61.20703125
11,1,3,large,0.0,2.9921875
11,1,3,large,0.0,4.9921875
11,1,3,large,0.0,7.00390625
11,1,3,large,0.0,9.00390625
11,1,3,large,0.0,11.00390625
11,1,3,large,1.2873789407144496e-06,13.00390625
11,1,3,large,0.1581555201198312,15.00390625
11,1,3,large,1.3988999517917313,17.00390625
11,1,3,large,5.128297238303737,19.00390625
11,1,3,large,4.699455604811417,21.015625
11,1,3,large,1.3517895847087442,23.0546875
11,1,3,large,0.35538533807359796,25.05859375
11,1,3,large,0.09367855804449074,27.05859375
11,1,3,large,0.024759013233834847,29.0546875
11,0,3,large,0.0,2.99609375
11,0,3,large,0.0,5.01171875
11,0,3,large,0.0,7.03515625
11,0,3,large,0.0,9.0625
11,0,3,large,0.0008181492619588164,11.0703125
11,0,3,large,0.000798277867538093,13.078125
11,0,3,large,0.00029100879000692483,15.07421875
11,0,3,large,0.10698195797661206,17.08984375
11,0,3,large,0.19144744578796746,19.11328125
11,0,3,large,0.49157749738957507,21.140625
11,0,3,large,1.1229471168318264,23.140625
11,0,3,large,0.34259683447937916,25.140625
11,0,3,large,0.10407194749519273,27.140625
11,0,3,large,0.5494645152485009,29.15234375
11,0,3,medium,0.39040971840185257,31.1796875
11,0,3,medium,0.4414470215890485,33.1953125
11,0,3,medium,0.6682529262733314,35.1953125
11,0,3,medium,0.8740853755928397,37.20703125
11,0,3,medium,1.215585610803802,39.20703125
11,0,3,medium,0.48272419882685025,41.21484375
11,0,3,medium,0.3603087670798095,43.20703125
11,0,3,medium,0.3670601034927783,45.21875
11,0,3,medium,0.9836631567458092,47.234375
11,0,3,medium,6.030691027330196,49.265625
11,0,3,medium,7.84111545090987,51.2734375
11,0,3,medium,3.49281478269661,53.28515625
11,0,3,medium,5.483758217821712,55.28515625
11,0,3,medium,3.900768644336525,57.28515625
11,0,3,medium,3.3104552039726363,59.296875
11,0,3,small,5.564605368952348,61.3125
11,0,3,small,21.749354264926247,63.32421875
11,0,3,small,39.11779575023786,65.32421875
11,0,3,small,76.48763659561989,67.32421875
11,0,3,small,92.61747112638344,69.32421875
11,0,3,small,90.10325704150875,71.3359375
11,0,3,small,77.6317630365752,73.3359375
11,0,3,small,89.63087373078803,75.3359375
11,0,3,small,96.06139250397533,77.359375
11,0,3,small,97.07581853158601,79.37890625
11,0,3,small,98.71877608486415,81.390625
11,0,3,small,98.10583815565762,83.390625
11,0,3,small,98.08047755975187,85.40234375
11,0,3,small,98.04620236986526,87.40234375
11,1,1,large,0.0,2.9921875
11,1,1,large,0.0,4.9921875
11,1,1,large,0.0,6.9921875
11,1,1,large,0.0,8.9921875
11,1,1,large,0.0,11.0078125
11,1,1,large,0.001166319305601698,13.0078125
11,1,1,large,0.12692134866730914,15.00390625
11,1,1,large,0.8640729129241012,17.0078125
11,1,1,large,0.7000757643632931,19.0078125
11,1,1,large,0.2438371337914306,21.00390625
11,1,1,large,0.33751805405420277,23.00390625
11,1,1,large,0.5761396318344443,25.00390625
11,1,1,large,0.3123680969933099,27.00390625
11,1,1,large,4.783400376606146,29.02734375
11,0,2,large,0.13848491076907476,2.98828125
11,0,2,large,0.10901838064089142,5.0
11,0,2,large,1.5387655428986262,7.0
11,0,2,large,0.8175471056599815,9.01171875
11,0,2,large,1.2083144518384075,11.01171875
11,0,2,large,2.293917438573529,13.02734375
11,0,2,large,2.2199881599971443,15.02734375
11,0,2,large,1.355077407821383,17.02734375
11,0,2,large,0.8682430951331449,19.0546875
11,0,2,large,0.9720489144223887,21.06640625
11,0,2,large,0.6707113459210166,23.06640625
11,0,2,large,0.2036441429764164,25.078125
11,0,2,large,0.062115447761552305,27.078125
11,0,2,large,0.9367177702008271,29.09375
11,0,2,medium,0.6349013400091873,31.10546875
11,0,2,medium,1.875669370354335,33.11328125
11,0,2,medium,6.9943064818613605,35.1171875
11,0,2,medium,7.918743167283708,37.1328125
11,0,2,medium,13.425994353697423,39.1328125
11,0,2,medium,36.608430369194025,41.14453125
11,0,2,medium,20.890550761794557,43.14453125
11,0,2,medium,15.538560407372668,45.14453125
11,0,2,medium,12.815742276316463,47.15625
11,0,2,medium,15.785251837913048,49.18359375
11,0,2,medium,11.142673963197533,51.1953125
11,0,2,medium,10.304621322584271,53.1953125
11,0,2,medium,21.57756152037351,55.2109375
11,0,2,medium,33.58119134723987,57.2109375
11,0,2,medium,30.2615527143093,59.2109375
11,0,2,small,62.027104166903506,61.25
11,0,2,small,81.76084419809602,63.3046875
11,0,2,small,53.04421520917842,65.40234375
11,0,2,small,23.226156114078712,67.41015625
11,0,2,small,48.40756947065656,69.421875
11,0,2,small,77.41465908291784,71.421875
11,0,2,small,80.40477062872952,73.421875
11,0,2,small,68.22228470122475,75.421875
11,0,2,small,57.16530031165621,77.44921875
11,0,2,small,83.84151866035376,79.48828125
11,0,2,small,91.3577736828822,81.48828125
11,0,2,small,96.58677608449992,83.5
11,0,2,small,97.03020373001155,85.515625
11,0,2,small,97.7491998957266,87.53515625
11,1,2,large,0.0,2.9921875
11,1,2,large,0.0,4.9921875
11,1,2,large,0.0,6.9921875
11,1,2,large,0.0,8.98828125
11,1,2,large,0.0,10.9921875
11,1,2,large,0.0,13.00390625
11,1,2,large,0.003607007890817477,15.00390625
11,1,2,large,0.05786013111535335,17.00390625
11,1,2,large,0.0803541377274961,19.00390625
11,1,2,large,0.022244590126866054,21.015625
11,1,2,large,0.04789876529155674,23.015625
11,1,2,large,0.6147596677583038,25.0390625
11,1,2,large,2.90510099147193,27.03125
11,1,2,large,18.526732921235123,29.03125
11,1,2,medium,26.085370315165385,31.02734375
11,1,2,medium,14.366221824623722,33.02734375
11,1,2,medium,3.8959697685977135,35.04296875
11,1,2,medium,1.0892784119078285,37.0546875
11,1,2,medium,0.28485009913082826,39.0703125
11,1,2,medium,0.07848333199777655,41.08203125
11,0,1,large,0.5469981780539059,2.984375
11,0,1,large,0.15465916709188163,4.99609375
11,0,1,large,0.22548457762813948,7.015625
11,0,1,large,2.354156122578839,9.0234375
11,0,1,large,1.2404974224218859,11.0234375
11,0,1,large,0.4305509579193726,13.05078125
11,0,1,large,0.15606862566629542,15.05078125
11,0,1,large,0.045015162731124866,17.05078125
11,0,1,large,0.2084425782501629,19.078125
11,0,1,large,0.3904562761490578,21.08984375
11,0,1,large,0.15061799957138197,23.1015625
11,0,1,large,0.5049916468107903,25.1015625
11,0,1,large,0.6314417274039034,27.1171875
11,0,1,large,0.8203717590331828,29.1171875
11,0,1,medium,1.2159111548317996,31.12890625
11,0,1,medium,0.6145708737939267,33.12890625
11,0,1,medium,0.35908279040373464,35.140625
11,0,1,medium,0.5307471399669653,37.140625
11,0,1,medium,0.5570956907943132,39.15625
11,0,1,medium,0.3763325040093639,41.15625
11,0,1,medium,0.33546594608438063,43.15625
11,0,1,medium,0.23504921820536065,45.15234375
11,0,1,medium,1.0910790650936295,47.16796875
11,0,1,medium,2.3860321511602516,49.1953125
11,0,1,medium,7.459124506416229,51.20703125
11,0,1,medium,13.14101680525022,53.21875
11,0,1,medium,17.553046838844445,55.234375
11,0,1,medium,40.340939047472986,57.234375
11,0,1,medium,39.18535603715354,59.24609375
11,0,1,small,39.98807364816521,61.2734375
11,1,3,large,0.0,2.9921875
11,1,3,large,0.00010176490882882834,4.9921875
11,1,3,large,0.033185793338143255,6.9921875
11,1,3,large,0.05977554683265117,8.9921875
11,1,3,large,0.09865237431248994,10.9921875
11,1,3,large,0.5739013338929455,13.0
11,1,3,large,0.222999891178922,14.9921875
11,1,3,large,0.13432703808746826,16.9921875
11,1,3,large,0.7710808926250365,19.00390625
11,1,3,large,0.4282829441233187,21.00390625
11,1,3,large,1.310848232143198,23.01953125
11,1,3,large,4.259499260343375,25.01953125
11,1,3,large,7.553930698567296,27.01953125
11,1,3,large,11.422377303521642,29.03125
11,1,3,medium,24.328362696052757,31.04296875
11,0,2,large,0.045392607903660585,2.984375
11,0,2,large,0.01592098093356234,4.99609375
11,0,2,large,0.22855011941731834,6.99609375
11,0,2,large,0.4807451485130002,9.01171875
11,0,2,large,0.18693980498555884,11.01171875
11,0,2,large,0.08844998459634656,13.01171875
11,0,2,large,0.12671282061376532,15.01171875
11,0,2,large,0.24993796316134564,17.0078125
11,0,2,large,0.2996581156542387,19.03515625
11,0,2,large,0.10744675660268005,21.05078125
11,0,2,large,0.10708741054495663,23.05078125
11,0,2,large,0.07163600139658047,25.05078125
11,0,2,large,0.5063901231235641,27.05078125
11,0,2,large,0.34982739323933876,29.0625
11,0,2,medium,1.1893065319946614,31.09765625
11,0,2,medium,1.6720384114885352,33.08984375
11,0,2,medium,2.450342302353112,35.1015625
11,0,2,medium,1.735331899748955,37.1015625
11,0,2,medium,0.8940429369339458,39.1015625
11,0,2,medium,0.5668636395374553,41.11328125
11,0,2,medium,0.4129387989796611,43.11328125
11,0,2,medium,0.2368624462690645,45.11328125
11,0,2,medium,1.6310482610072632,47.140625
11,0,2,medium,2.3995481438713746,49.171875
11,0,2,medium,6.154792180565667,51.16796875
11,0,2,medium,3.044207409075593,53.1796875
11,0,2,medium,1.4259500843455708,55.1953125
11,0,2,medium,0.5650036799554119,57.1953125
11,0,2,medium,0.9379097341686727,59.20703125
11,1,3,large,0.10418938158929965,2.984375
11,1,3,large,0.2732767473849034,4.984375
11,1,3,large,0.0849785581326922,6.99609375
11,1,3,large,0.3229066953382846,8.99609375
11,1,3,large,0.5082271675296249,10.99609375
11,1,3,large,0.6497564151990355,12.99609375
11,1,3,large,0.44109373889976955,15.0078125
11,1,3,large,0.39927239238814477,17.0078125
11,1,3,large,0.20577411768061224,19.0078125
11,1,3,large,0.05802811402055334,21.0234375
11,1,3,large,0.28047076069344873,23.0234375
11,1,3,large,2.977670276152615,25.0234375
11,1,3,large,0.8737956069286728,27.0234375
11,1,3,large,0.23092664531678342,29.01953125
11,1,3,medium,0.5495727930283743,31.01953125
11,1,3,medium,3.3325855993413085,33.03515625
11,1,3,medium,2.6967048967279466,35.03515625
11,1,3,medium,3.3730457590486327,37.03515625
11,1,3,medium,5.30106011650376,39.046875
11,1,3,medium,22.594009843111245,41.046875
11,1,3,medium,27.95838327367754,43.046875
11,1,3,medium,29.657950500268285,45.046875
11,1,3,medium,11.676286553587174,47.046875
11,1,3,medium,17.007500681822783,49.05859375
11,1,3,medium,23.82293709912956,51.0859375
11,1,3,medium,55.833975249966954,53.0859375
11,1,3,medium,94.29639037142368,55.09765625
11,1,3,medium,98.88251566506402,57.09765625
11,0,1,large,0.0,2.98828125
11,0,1,large,0.0,4.984375
11,0,1,large,0.0,6.984375
11,0,1,large,0.0,8.984375
11,0,1,large,0.0,11.0
11,0,1,large,0.0,12.99609375
11,0,1,large,0.0,14.99609375
11,0,1,large,0.0,16.99609375
11,0,1,large,0.0,19.01171875
11,0,1,large,0.0008867661278388663,21.0234375
11,0,1,large,0.05025494228737437,23.0234375
11,0,1,large,0.1894418716942699,25.0390625
11,0,1,large,0.20566098633209107,27.0390625
11,0,1,large,1.145398460322677,29.03515625
11,0,1,medium,1.6347678484466142,31.06640625
11,0,1,medium,1.0090944629554204,33.078125
11,0,1,medium,0.7932911438646653,35.08984375
11,0,1,medium,5.384653527883097,37.08984375
11,0,1,medium,6.372595059056966,39.08984375
11,0,1,medium,3.5770306554875866,41.08984375
11,0,1,medium,2.3820109795586086,43.1015625
11,0,1,medium,1.7328672736538429,45.1015625
11,0,1,medium,1.4225844442991946,47.1015625
11,0,1,medium,3.3875646168684233,49.14453125
11,0,1,medium,4.044372850524031,51.14453125
11,0,1,medium,4.164541230771665,53.15625
11,0,1,medium,3.6688591547215315,55.16796875
11,0,1,medium,5.463877712247181,57.16796875
11,0,1,medium,4.630871987273605,59.16796875
11,0,1,small,5.563722415849869,61.19140625
11,0,1,small,15.193921201815966,63.19921875
11,0,1,small,35.10707471218498,65.20703125
11,0,1,small,47.54171113456523,67.20703125
11,0,1,small,29.260219716303975,69.21875
11,0,1,small,43.02546587720081,71.21875
11,0,1,small,40.320437273147505,73.234375
11,0,1,small,37.92380980635365,75.234375
11,0,1,small,39.56962176584966,77.2734375
11,0,1,small,49.5431176832206,79.2890625
11,0,1,small,27.0316054287565,81.30078125
11,1,1,large,0.0,2.99609375
11,1,1,large,0.0024621604388888408,4.99609375
11,1,1,large,0.16541054509834463,6.99609375
11,1,1,large,0.19130679277984175,8.99609375
11,1,1,large,0.14706141825468852,10.99609375
11,1,1,large,0.4603989479303371,12.99609375
11,1,1,large,0.9556568754169015,14.99609375
11,1,1,large,2.2288984592660226,17.0078125
11,1,1,large,1.5575781568725322,19.0078125
11,1,1,large,0.8080392307720694,21.0078125
11,1,1,large,1.1872250692890014,23.0078125
11,1,1,large,0.7186744233009306,25.0078125
11,1,1,large,0.30355733302593146,27.0078125
11,1,1,large,0.13913430164703544,29.01953125
11,1,1,medium,2.517675876137234,31.01953125
11,1,1,medium,5.396729647968529,33.01953125
11,1,1,medium,2.4110882423997637,35.01953125
11,1,1,medium,4.640506382791969,37.03515625
11,1,1,medium,1.4322599053649752,39.03125
11,1,1,medium,0.43215134005108446,41.03125
11,0,2,large,0.0,2.98046875
11,0,2,large,0.0,4.99609375
11,0,2,large,0.0,7.0078125
11,0,2,large,0.0,9.0234375
11,0,2,large,0.0,11.01953125
11,0,2,large,0.0,13.03515625
11,0,2,large,0.0,15.03515625
11,0,2,large,0.0,17.03515625
11,0,2,large,0.0,19.0625
11,0,2,large,0.0,21.07421875
11,0,2,large,0.0,23.07421875
11,0,2,large,0.0,25.0859375
11,0,2,large,0.0,27.0859375
11,0,2,large,0.0,29.0859375
11,0,2,medium,0.0,31.09765625
11,0,2,medium,0.0,33.109375
11,0,2,medium,0.0,35.125
11,0,2,medium,0.0,37.125
11,0,2,medium,0.0,39.13671875
11,0,2,medium,0.0,41.13671875
11,0,2,medium,0.0,43.13671875
11,0,2,medium,0.0,45.13671875
11,0,2,medium,0.0,47.15234375
11,0,2,medium,0.013432800722166922,49.1640625
11,0,2,medium,0.18180329637584489,51.17578125
11,0,2,medium,0.26816634046674337,53.19140625
11,0,2,medium,0.16521717088815097,55.19140625
11,0,2,medium,0.05251756477043361,57.19140625
11,0,2,medium,0.1341006588100419,59.21875
11,0,2,small,0.4570775341136944,61.23046875
11,0,2,small,5.235187295549762,63.28515625
11,1,3,large,0.0,2.9921875
11,1,3,large,0.012818908216237278,4.9921875
11,1,3,large,0.017508531105404096,6.9921875
11,1,3,large,0.004615198691994714,8.9921875
11,1,3,large,0.08342674567463232,10.9921875
11,1,3,large,0.16990857546247928,12.9921875
11,1,3,large,0.24425119477497198,14.9921875
11,1,3,large,0.5781387446506703,17.00390625
11,1,3,large,0.771719385101057,19.015625
11,1,3,large,2.235158685672127,21.015625
11,1,3,large,2.0483967048722023,23.03125
11,1,3,large,1.3447163805949378,25.03125
11,1,3,large,1.4445250875973907,27.03125
11,1,3,large,0.5873667527583235,29.03125
11,1,3,medium,0.34739265166739963,31.03125
11,1,3,medium,3.4161624410459295,33.02734375
11,1,3,medium,6.738979943188916,35.04296875
11,1,3,medium,8.651333880798937,37.04296875
11,1,3,medium,10.984508660543355,39.04296875
11,1,3,medium,15.568217216403795,41.0546875
11,1,3,medium,10.874102988154224,43.0703125
11,1,3,medium,7.924709330682311,45.06640625
11,1,3,medium,5.8975640349249945,47.06640625
11,1,3,medium,5.179718781838561,49.08203125
11,1,3,medium,6.287018761402388,51.08203125
11,1,3,medium,16.09070558792085,53.08203125
11,1,3,medium,14.798399744799152,55.09375
11,1,3,medium,28.840071399806373,57.09375
11,0,3,large,0.0,2.984375
11,0,3,large,0.0,4.984375
11,0,3,large,0.0,6.984375
11,0,3,large,0.0,8.984375
11,0,3,large,0.0,10.99609375
11,0,3,large,0.0,12.99609375
11,0,3,large,0.0,14.99609375
11,0,3,large,0.0,17.0
11,0,3,large,0.0,19.01171875
11,0,3,large,0.0,21.0234375
11,0,3,large,0.006250554146369778,23.02734375
11,0,3,large,0.001752976373581331,25.0234375
11,0,3,large,0.00045848878017231613,27.03515625
11,0,3,large,0.00012022531828701409,29.04296875
11,0,3,medium,3.1607883347611486e-05,31.046875
11,0,3,medium,0.003921247008599826,33.0625
11,0,3,medium,0.7392127593315245,35.0625
11,0,3,medium,1.3221697662945568,37.0625
11,0,3,medium,1.2792885302344115,39.07421875
11,0,3,medium,0.6942515087941566,41.07421875
11,0,3,medium,0.2975567445683036,43.07421875
11,0,3,medium,0.10277711698355756,45.07421875
11,0,3,medium,0.04019334956566886,47.0859375
11,0,3,medium,0.13689316825462505,49.1015625
11,0,3,medium,0.6379436130868823,51.11328125
11,0,3,medium,1.6450361013405774,53.12890625
11,0,3,medium,1.027109680274581,55.12890625
11,0,3,medium,0.47809685481387965,57.125
11,0,3,medium,0.4698192433642404,59.140625
11,0,3,small,1.3912275606889049,61.15234375
11,0,3,small,3.9264055046220854,63.16796875
11,0,3,small,13.808587478333946,65.1796875
11,0,3,small,9.8705373512435,67.19140625
11,0,3,small,9.105963178253496,69.1953125
11,0,3,small,15.525900282410507,71.203125
11,0,3,small,23.805956961462222,73.21875
11,0,3,small,19.215184236904783,75.21875
11,0,3,small,16.31978125667111,77.2578125
11,0,3,small,15.253616219796939,79.28515625
11,0,3,small,11.865984975177229,81.30078125
11,0,3,small,11.21124876000524,83.3125
11,1,1,large,0.0030031614573507986,3.00390625
11,1,1,large,0.1212782207927448,5.00390625
11,1,1,large,0.15934805030294885,7.00390625
11,1,1,large,0.04722610598447895,9.00390625
11,1,1,large,0.012448666381858684,11.00390625
11,1,1,large,0.0032814328316154175,13.00390625
11,1,1,large,0.0008649763033328124,15.00390625
11,1,1,large,0.00022800527809645074,17.00390625
11,1,1,large,5.964046716514729e-05,19.015625
11,1,1,large,1.572105646061784e-05,21.015625
11,1,1,large,4.144025491174633e-06,23.015625
11,1,1,large,1.092353259752255e-06,25.015625
11,1,1,large,2.8794119308208036e-07,27.015625
11,1,1,large,7.59004744420645e-08,29.015625
11,1,1,medium,0.0005150092072228814,31.02734375
11,1,1,medium,0.025770040906510274,33.02734375
11,1,1,medium,0.20787367942526874,35.02734375
11,1,1,medium,1.8886648169924205,37.02734375
11,1,1,medium,3.563020986617767,39.0546875
11,1,1,medium,1.0036148357292052,41.06640625
11,1,1,medium,0.2646097694655502,43.06640625
11,1,1,medium,0.2963498941979008,45.06640625
11,1,1,medium,4.6310516272467,47.078125
11,1,1,medium,1.5625349787865583,49.09375
11,0,3,large,0.0,3.0
11,0,3,large,0.0,4.99609375
11,0,3,large,0.0,7.0
11,0,3,large,0.0,9.0
11,0,3,large,0.0,11.01171875
11,0,3,large,0.0,13.01171875
11,0,3,large,0.0,15.015625
11,0,3,large,0.0,17.01171875
11,0,3,large,0.0,19.0234375
11,0,3,large,1.2948059760726589e-05,21.0390625
11,0,3,large,0.05472197340609337,23.0390625
11,0,3,large,0.025697873679040733,25.0390625
11,0,3,large,0.015469498287282397,27.05078125
11,0,3,large,0.004045442775943861,29.0625
11,0,3,medium,0.0024484155066733966,31.078125
11,0,3,medium,0.046539794294764056,33.078125
11,0,3,medium,0.2048016773053634,35.08984375
11,0,3,medium,0.3826709182181163,37.08984375
11,0,3,medium,0.13565796993417734,39.1015625
11,0,3,medium,0.301102900398005,41.12890625
11,0,3,medium,3.0016537013861835,43.140625
11,0,3,medium,1.5921715939498737,45.140625
11,0,3,medium,0.7405736462937049,47.15625
11,0,3,medium,0.8915874845350381,49.1953125
11,0,3,medium,3.212966023049705,51.20703125
11,0,3,medium,2.5600257994003623,53.20703125
11,0,3,medium,0.7240193879513782,55.22265625
11,0,3,medium,0.3469470777794661,57.21875
11,0,3,medium,1.0923553761192015,59.234375
11,0,3,small,8.652486402826352,61.24609375
11,0,3,small,12.133594928948757,63.26171875
11,0,3,small,10.150889010899512,65.2734375
11,1,2,large,0.0001482732195204289,2.9921875
11,1,2,large,3.9084396324790085e-05,4.9921875
11,1,2,large,1.0302535016195525e-05,6.9921875
11,1,2,large,2.71571874560621e-06,8.9921875
11,1,2,large,7.158556892690307e-07,10.9921875
11,1,2,large,1.867417445991354e-07,13.0078125
11,1,2,large,0.07557793967896206,15.0078125
11,1,2,large,0.18245325454971942,17.01171875
11,1,2,large,0.42489217179754946,19.0078125
11,1,2,large,0.4296862644405063,21.01953125
11,1,2,large,1.1571693982095592,23.01953125
11,1,2,large,2.149929647899544,25.03125
11,1,2,large,5.980080000070858,27.03125
11,1,2,large,2.648885365467323,29.046875
11,1,2,medium,2.01713886465443,31.0390625
11,1,2,medium,4.692690672307096,33.046875
11,1,2,medium,9.713360320277506,35.046875
11,0,1,large,0.011772014926362092,2.9765625
11,0,1,large,0.0031030694444446746,4.9765625
11,0,1,large,0.0008136783333753206,6.984375
11,0,1,large,0.037498614847574885,8.9765625
11,0,1,large,0.04211240953529265,10.9765625
11,0,1,large,0.024641583229232426,12.9765625
11,0,1,large,0.006759076331377731,14.9765625
11,0,1,large,0.010156165185932046,16.9765625
11,0,1,large,0.06632001021154826,19.00390625
11,0,1,large,0.0605898713128097,21.015625
11,0,1,large,0.05145625009554744,23.015625
11,0,1,large,0.01931173610691463,25.02734375
11,0,1,large,0.0887447278456793,27.04296875
11,0,1,large,0.5058547880127906,29.0546875
11,0,1,medium,1.329882027218531,31.06640625
11,0,1,medium,1.7034645699924171,33.08203125
11,0,1,medium,1.1867129501569158,35.09375
11,0,1,medium,0.8208124997218964,37.09375
11,0,1,medium,0.5381464799998233,39.10546875
11,0,1,medium,0.6876086965291865,41.12109375
11,0,1,medium,1.0668002887255226,43.13671875
11,0,1,medium,2.880024654587391,45.1328125
11,0,1,medium,2.3714889713784224,47.1328125
11,0,1,medium,1.020640649657404,49.16015625
11,0,1,medium,0.2708363087765105,51.19921875
11,0,1,medium,0.07139167589131569,53.19921875
11,0,1,medium,0.0188186414502364,55.19921875
11,0,1,medium,0.00496054002950832,57.19921875
11,0,1,medium,0.0012941404797807404,59.21484375
11,0,1,small,0.00033581615520614737,61.23828125
11,0,1,small,8.759559488844993e-05,63.25390625
11,0,1,small,2.2912812564567844e-05,65.265625
11,1,2,large,0.00034679802290663774,2.9921875
11,1,2,large,0.00036868656372325857,4.9921875
11,1,2,large,9.718472305917284e-05,6.9921875
11,1,2,large,2.5617614866967507e-05,8.9921875
11,1,2,large,6.7527299642835456e-06,10.9921875
11,1,2,large,0.0007320071951876256,12.98828125
11,1,2,large,0.003954922662810726,14.98828125
11,1,2,large,0.1676028165676557,17.00390625
11,1,2,large,0.1530817896920892,19.00390625
11,1,2,large,0.3577306176039855,21.00390625
11,1,2,large,0.390040245543326,23.015625
11,1,2,large,0.8259945299564064,25.015625
11,1,2,large,0.37946565181678904,27.015625
11,1,2,large,0.94346634511214,29.015625
11,1,2,medium,0.385759970815881,31.015625
12,0,2,large,5.560872948616238,2.9921875
12,0,2,large,1.5928335129911535,4.9921875
12,0,2,large,0.41657989647994326,7.00390625
12,0,2,large,0.11067556970596511,8.9921875
12,0,2,large,0.02887139025534497,11.0078125
12,0,2,large,0.010321864316227397,13.0078125
12,0,2,large,1.7779416407452806,15.00390625
12,0,2,large,7.4302786314248275,17.00390625
12,0,2,large,9.897890214214701,19.015625
12,0,2,large,9.02865263598611,21.046875
12,0,2,large,7.803186865266394,23.046875
12,0,2,large,34.38418869962122,25.07421875
12,0,2,large,47.00143248718014,27.07421875
12,0,2,large,69.26371697052758,29.0859375
12,0,2,medium,77.39600366134492,31.11328125
12,0,2,medium,40.072463367473205,33.11328125
12,0,2,medium,15.767935029093888,35.125
12,0,2,medium,23.2960707578969,37.13671875
12,0,2,medium,16.86646893809555,39.13671875
12,0,2,medium,11.950511226336612,41.13671875
12,0,2,medium,5.586272471837492,43.15625
12,0,2,medium,42.951199910964746,45.15234375
12,0,2,medium,59.435501384384395,47.1640625
12,0,2,medium,65.62744197732158,49.203125
12,0,2,medium,75.90226827298112,51.203125
12,0,2,medium,92.73410749520087,53.21875
12,0,2,medium,95.2057163114089,55.21875
12,0,2,medium,89.70544944237281,57.23046875
12,0,2,medium,96.02423154053413,59.2421875
12,0,2,small,94.94803507232314,61.26953125
12,0,2,small,94.4543253454359,63.28125
12,0,2,small,94.85962228542931,65.28125
12,0,2,small,99.07002678586116,67.30859375
12,0,2,small,99.88454353867118,69.30859375
12,0,2,small,99.92558967317038,71.34765625
12,0,2,small,99.99258147232626,73.34765625
12,0,2,small,99.99104717625795,75.36328125
12,0,2,small,98.43531763785795,77.4140625
12,0,2,small,99.06145677919984,79.44140625
12,1,1,large,0.45940940674754477,2.9921875
12,1,1,large,22.17832149171197,4.9921875
12,1,1,large,9.176813466487983,6.9921875
12,1,1,large,4.517076797256827,8.9921875
12,1,1,large,1.1976348070201235,10.9921875
12,1,1,large,0.31940374922378645,12.9921875
12,1,1,large,0.22024810378042137,14.9921875
12,1,1,large,0.15147554459182366,16.9921875
12,1,1,large,5.058330241474893,18.9921875
12,1,1,large,5.142635598295811,20.98828125
12,1,1,large,2.1611885785172307,22.98828125
12,1,1,large,1.9468268130908843,25.00390625
12,1,1,large,7.267690076926549,27.00390625
12,1,1,large,9.07413489636074,29.00390625
12,1,1,medium,27.174239536293577,31.00390625
12,1,1,medium,55.1746131315533,33.0
12,1,1,medium,74.97811179935009,35.015625
12,1,1,medium,69.60941948993784,37.015625
12,1,1,medium,35.92563270825853,39.03125
12,1,1,medium,39.18583522377802,41.02734375
12,1,1,medium,27.962355092840184,43.02734375
12,1,1,medium,23.997237932105715,45.02734375
12,1,1,medium,9.6082745671457,47.02734375
12,1,1,medium,38.919381937884644,49.0390625
12,1,1,medium,28.221165422142647,51.0546875
12,1,1,medium,13.664557985643672,53.0546875
12,1,1,medium,45.17432752591736,55.0546875
12,1,1,medium,69.17490845853783,57.06640625
12,1,1,medium,51.337786883489514,59.06640625
12,1,1,small,26.713677471037762,61.06640625
12,1,1,small,46.50556760686895,63.06640625
12,1,1,small,63.00865835303871,65.078125
12,1,1,small,87.05649600764812,67.078125
12,1,1,small,98.25390698553332,69.078125
12,1,1,small,97.63792440116394,71.078125
12,0,3,large,37.33281537960848,3.00390625
12,0,3,large,21.709603322216523,5.00390625
12,0,3,large,19.6791282624872,7.00390625
12,0,3,large,20.807156531139032,9.00390625
12,0,3,large,10.365649468467602,11.00390625
12,0,3,large,39.266397293993606,13.00390625
12,0,3,large,52.04524170133478,15.01171875
12,0,3,large,79.76821110265608,17.0
12,0,3,large,67.48987421463309,19.015625
12,0,3,large,54.2635288101155,21.04296875
12,0,3,large,43.9737598192782,23.04296875
12,0,3,large,38.271702093699446,25.0703125
12,0,3,large,42.11429348600502,27.08203125
12,0,3,large,30.108205118583257,29.08203125
12,0,3,medium,33.45469875957753,31.09375
12,0,3,medium,27.945572479323182,33.09375
12,0,3,medium,16.558494977789373,35.10546875
12,0,3,medium,11.290798152568701,37.11328125
12,0,3,medium,11.577840408716087,39.10546875
12,0,3,medium,4.057824295507287,41.12109375
12,0,3,medium,1.089304490100707,43.12109375
12,0,3,medium,0.6844943128735916,45.1171875
12,0,3,medium,1.7148474615701779,47.1328125
12,0,3,medium,2.012343083224828,49.16015625
12,0,3,medium,3.229566017904805,51.171875
12,0,3,medium,23.659515737914923,53.171875
12,0,3,medium,22.728132704262084,55.19921875
12,0,3,medium,8.367086769630635,57.19921875
12,0,3,medium,13.460332248509442,59.2265625
12,0,3,small,24.291923960897723,61.25390625
12,0,3,small,28.84505274402124,63.27734375
12,0,3,small,53.182348525908964,65.29296875
12,0,3,small,65.55340422838376,67.31640625
12,0,3,small,62.04472637156518,69.34375
12,0,3,small,47.55846667289087,71.37109375
12,0,3,small,28.30334443561766,73.38671875
12,1,3,large,0.15885303132222128,2.9921875
12,1,3,large,0.40427067468290157,4.9921875
12,1,3,large,1.9361733462020685,6.9921875
12,1,3,large,0.6502704055231631,8.9921875
12,1,3,large,0.46947259587304363,10.9921875
12,1,3,large,0.4062933567768432,12.9921875
12,1,3,large,0.9696279380649702,14.9921875
12,1,3,large,6.9087439506948,16.98828125
12,1,3,large,31.03467666603793,18.98828125
12,1,3,large,59.09044462518969,20.98828125
12,1,3,large,71.26755326400473,22.98828125
12,1,3,large,70.58919459016187,24.98828125
12,1,3,large,84.72849899484399,27.00390625
12,1,3,large,72.02136274370841,29.0
12,1,3,medium,82.88040306566359,31.0
12,1,3,medium,95.19882280738281,33.0
12,1,3,medium,96.11787570791783,35.015625
12,1,3,medium,92.02519456113826,37.01953125
12,1,3,medium,71.97284058418676,39.015625
12,1,3,medium,89.66316059562021,41.015625
12,1,3,medium,86.98233540926765,43.015625
12,1,3,medium,67.59701121164687,45.02734375
12,1,3,medium,72.69976915673845,47.02734375
12,1,3,medium,68.45521972109862,49.0390625
12,1,3,medium,88.35133820497904,51.0390625
12,1,3,medium,84.48678553506144,53.0546875
12,1,3,medium,80.6191235596484,55.0546875
12,1,3,medium,77.06014000230202,57.0546875
12,1,3,medium,47.385147968021414,59.05859375
12,0,2,large,0.40351011070813925,2.9921875
12,0,2,large,6.247357846385865,4.9921875
12,0,2,large,2.1192602637672984,6.9921875
12,0,2,large,11.81450670331529,8.9921875
12,0,2,large,9.581998626637912,10.9921875
12,0,2,large,3.507630049496667,12.9921875
12,0,2,large,4.500886547538755,14.9921875
12,0,2,large,48.22525658265725,16.9921875
12,0,2,large,46.74755911246676,19.00390625
12,0,2,large,39.77102570302959,21.015625
12,0,2,large,18.520412938996913,23.015625
12,0,2,large,12.460833408088188,25.02734375
12,0,2,large,4.554097259188024,27.02734375
12,0,2,large,7.32708426744683,29.04296875
12,0,2,medium,31.48104185629783,31.05859375
12,0,2,medium,53.724582532744044,33.0546875
12,0,2,medium,57.125827982477375,35.06640625
12,0,2,medium,35.38262967112303,37.06640625
12,0,2,medium,37.37061292171994,39.08203125
12,0,2,medium,24.03664685043676,41.08203125
12,0,2,medium,8.845833143700995,43.09375
12,0,2,medium,13.21712821057919,45.09375
12,0,2,medium,18.387749308237165,47.09375
12,0,2,medium,33.977361819546864,49.1328125
12,0,2,medium,70.16716496750072,51.13671875
12,0,2,medium,82.35636626806811,53.16015625
12,0,2,medium,41.181978078916885,55.16015625
12,0,2,medium,11.516021545773086,57.16796875
12,0,2,medium,6.182599293489367,59.19921875
12,0,2,small,3.922783526927209,61.2265625
12,0,2,small,2.783172982836863,63.265625
12,0,2,small,3.6079525285589544,65.265625
12,0,2,small,4.0533238462033445,67.27734375
12,0,2,small,8.57494284201077,69.29296875
12,0,2,small,49.65642456229746,71.3203125
12,0,2,small,78.93758044356967,73.3203125
12,0,2,small,92.07207807195421,75.3203125
12,0,2,small,87.53118605713387,77.359375
12,0,2,small,92.6930580838179,79.38671875
12,0,2,small,83.23889312216821,81.3984375
12,0,2,small,89.34844270726933,83.42578125
12,0,2,small,83.18186790693221,85.4375
12,0,2,small,90.23958816962717,87.453125
12,1,2,large,0.827286889176287,2.9921875
12,1,2,large,0.21844175111803574,4.9921875
12,1,2,large,0.05758062043970223,6.9921875
12,1,2,large,0.015178086758833477,8.9921875
12,1,2,large,0.004000900231700724,10.9921875
12,1,2,large,0.0010574154564585334,12.98828125
12,1,2,large,0.04657361032440414,14.98828125
12,1,2,large,0.29742521763245733,16.98828125
12,1,2,large,3.3007240308528543,18.98828125
12,1,2,large,2.3144060962921045,20.98828125
12,1,2,large,0.6516261631712208,23.00390625
12,1,2,large,0.17503842561704117,25.00390625
12,1,2,large,4.20694882171769,27.00390625
12,1,2,large,3.242240731886123,29.00390625
12,1,2,medium,9.619807511712146,31.015625
12,1,2,medium,24.622566340302004,33.02734375
12,1,2,medium,48.54653732795335,35.04296875
12,1,2,medium,76.83004068008577,37.046875
12,1,2,medium,64.75446722108205,39.04296875
12,1,2,medium,94.27396411175116,41.0546875
12,1,2,medium,96.2298546456902,43.06640625
12,1,2,medium,93.45699134717756,45.06640625
12,0,3,large,0.0,2.9921875
12,0,3,large,0.0,4.9921875
12,0,3,large,0.0,6.9921875
12,0,3,large,0.0,8.9921875
12,0,3,large,1.3292153074178423,10.9921875
12,0,3,large,1.5608596780167596,12.9921875
12,0,3,large,0.4734347681686334,14.9921875
12,0,3,large,0.3932005238431161,16.9921875
12,0,3,large,25.90152990959108,19.015625
12,0,3,large,16.02045812059471,21.04296875
12,0,3,large,26.604528036866235,23.04296875
12,0,3,large,15.688050838557997,25.0703125
12,0,3,large,23.18224778407436,27.0703125
12,0,3,large,53.26532106566145,29.09765625
12,0,3,medium,56.63433250645761,31.109375
12,0,3,medium,74.16323777581762,33.109375
12,0,3,medium,66.78198152247555,35.12109375
12,0,3,medium,44.63570571124191,37.140625
12,0,3,medium,38.25999832474699,39.1484375
12,0,3,medium,82.93176591459178,41.1875
12,0,3,medium,67.6458697196406,43.19921875
12,0,3,medium,91.04319787250247,45.19921875
12,0,3,medium,95.49740599049437,47.21484375
12,0,3,medium,99.0881531145973,49.28125
12,1,1,large,0.004924755962126695,2.9921875
12,1,1,large,0.780557092147924,4.9921875
12,1,1,large,0.4541770472088232,6.9921875
12,1,1,large,9.475508062249462,8.9921875
12,1,1,large,3.653718240511229,10.9921875
12,1,1,large,1.0044458323778593,12.9921875
12,1,1,large,0.6512773023786237,14.98828125
12,1,1,large,17.654536270926826,16.9921875
12,1,1,large,11.482118991989429,18.98828125
12,1,1,large,10.724008847075522,20.98828125
12,1,1,large,19.521307279099457,22.98828125
12,1,1,large,40.904914361908574,24.98828125
12,1,1,large,47.856630866097525,26.98828125
12,1,1,large,74.15149096485635,29.00390625
12,1,1,medium,84.71292548600996,31.00390625
12,0,3,large,0.21070408388936052,2.9921875
12,0,3,large,0.5318314131014737,4.9921875
12,0,3,large,0.18785486865804074,6.9921875
12,0,3,large,0.05287564592923307,8.9921875
12,0,3,large,0.1142304601600165,10.9921875
12,0,3,large,0.7619558922287357,12.9921875
12,0,3,large,0.32769561914961043,14.9921875
12,0,3,large,8.454715122309144,16.98828125
12,0,3,large,9.916380042635435,19.00390625
12,0,3,large,8.857375374197758,21.03125
12,0,3,large,7.769602296356773,23.03125
12,0,3,large,2.1715992194498774,25.04296875
12,0,3,large,1.4468483510459953,27.04296875
12,0,3,large,8.156953752103036,29.04296875
12,0,3,medium,6.538570893385538,31.06640625
12,0,3,medium,48.93315785253205,33.06640625
12,0,3,medium,38.70360764267011,35.08203125
12,0,3,medium,32.965273341557925,37.08203125
12,0,3,medium,20.46463248836939,39.09375
12,0,3,medium,16.74209881761101,41.09375
12,0,3,medium,10.325917958790102,43.109375
12,0,3,medium,33.12377957863727,45.10546875
12,0,3,medium,15.535454855951931,47.109375
12,0,3,medium,16.97716174344145,49.1484375
12,0,3,medium,7.55287893186405,51.1484375
12,0,3,medium,14.988427750975461,53.16015625
12,0,3,medium,77.95998442821502,55.17578125
12,0,3,medium,43.267979764099806,57.1875
12,0,3,medium,63.085426708961485,59.19921875
12,0,3,small,77.85329710516048,61.21484375
12,0,3,small,88.35799585634737,63.2265625
12,0,3,small,89.33151091226958,65.2265625
12,0,3,small,89.94635633506803,67.23828125
12,0,3,small,98.4355676634282,69.23828125
12,0,3,small,98.41666630267027,71.25390625
12,0,3,small,98.02353971658893,73.25390625
12,0,3,small,98.45789776641035,75.25390625
12,0,3,small,97.12684508247972,77.28125
12,0,3,small,92.7959374262753,79.3046875
12,0,3,small,97.84805285723579,81.3203125
12,0,3,small,99.48143302817186,83.33203125
12,0,3,small,99.70687000760279,85.34375
12,0,3,small,99.92774922236597,87.34375
12,1,1,large,0.0,3.00390625
12,1,1,large,0.027221924091706314,5.00390625
12,1,1,large,0.011065248916448374,7.00390625
12,1,1,large,0.003330346253397818,9.00390625
12,1,1,large,0.0008778697413301009,11.00390625
12,1,1,large,0.0002314039514530086,13.00390625
12,1,1,large,6.09974193516838e-05,15.00390625
12,1,1,large,1.6078745173548745e-05,17.00390625
12,1,1,large,0.3904365362542568,19.00390625
12,1,1,large,0.2683917129878294,21.00390625
12,1,1,large,0.11536072125868078,23.00390625
12,1,1,large,3.1613293321818428,25.00390625
12,1,1,large,3.348478414586848,27.00390625
12,1,1,large,26.534955830430267,29.00390625
12,1,1,medium,28.628801942520994,31.00390625
12,1,1,medium,57.48824509017595,33.00390625
12,1,1,medium,52.09363619210998,35.015625
12,0,3,large,1.3465956539102582,2.9921875
12,0,3,large,0.3549644660004264,4.9921875
12,0,3,large,0.09356761737048985,6.9921875
12,0,3,large,0.024664156159168567,8.9921875
12,0,3,large,0.006501400977596229,10.9921875
12,0,3,large,0.055089517680978015,12.9921875
12,0,3,large,1.0337201612690219,14.9921875
12,0,3,large,9.122909926938991,16.9921875
12,0,3,large,6.833175766100878,19.00390625
12,0,3,large,21.364410112061314,21.015625
12,0,3,large,10.970634178999761,23.015625
12,0,3,large,3.0832540752691884,25.03125
12,0,3,large,1.6969172599103648,27.03125
12,0,3,large,5.8053522281809755,29.04296875
12,0,3,medium,23.02318296324285,31.0546875
12,0,3,medium,43.27998997921387,33.0546875
12,0,3,medium,54.694526258016744,35.08203125
12,1,1,large,0.0,2.9921875
12,1,1,large,0.008786126754056978,4.9921875
12,1,1,large,0.03758606229315211,6.9921875
12,1,1,large,2.325479064446124,8.9921875
12,1,1,large,0.6216498564738606,10.9921875
12,1,1,large,0.16386512307656242,12.9921875
12,1,1,large,0.1713140634114087,14.9921875
12,1,1,large,0.510688811314052,16.98828125
12,1,1,large,14.642105214780287,18.98828125
12,1,1,large,7.557999054931856,20.98828125
12,1,1,large,2.873415723951291,22.98828125
12,1,1,large,0.9258042615870018,24.98828125
12,1,1,large,0.25658834660975904,26.98828125
12,1,1,large,0.5107361642051371,28.98828125
12,1,1,medium,8.092443599802108,30.98828125
12,1,1,medium,59.19949720794621,32.98828125
12,1,1,medium,89.10977602268451,34.98828125
12,1,1,medium,97.16342493341767,37.0
12,0,2,large,4.058587960170719,2.9921875
12,0,2,large,1.8057879773941317,4.9921875
12,0,2,large,0.7419160850321824,6.9921875
12,0,2,large,0.23250898844649265,8.9921875
12,0,2,large,0.061321714300240866,10.9921875
12,0,2,large,0.02023724647369337,12.9921875
12,0,2,large,0.005334480253808171,14.9921875
12,0,2,large,0.0039995399870571885,16.9921875
12,0,2,large,1.3259523300761822,19.00390625
12,0,2,large,49.70463418579927,21.015625
12,0,2,large,61.28614305119429,23.03125
12,0,2,large,73.20904911680552,25.0546875
12,0,2,large,77.74986051813632,27.08203125
12,0,2,large,85.53140776676841,29.09765625
12,0,2,medium,78.6394513988617,31.12109375
12,0,2,medium,46.35506479786049,33.13671875
12,0,2,medium,85.72544783260673,35.13671875
12,0,2,medium,99.00815485074953,37.13671875
12,0,2,medium,99.93318098245727,39.16015625
12,0,2,medium,99.99535718405376,41.16015625
12,0,2,medium,99.99968415319455,43.17578125
12,0,2,medium,65.21893024773375,45.17578125
12,0,2,medium,20.976714265404446,47.1875
12,0,2,medium,8.074762393786315,49.21484375
12,0,2,medium,4.625040805470878,51.21484375
12,0,2,medium,6.528401826815319,53.2265625
12,0,2,medium,4.588348315377157,55.23828125
12,0,2,medium,1.7310277075216498,57.2421875
12,0,2,medium,9.729789438925616,59.25390625
12,0,2,small,22.62707334258031,61.265625
12,0,2,small,50.95312892360942,63.3125
12,0,2,small,58.78818142598106,65.33203125
12,0,2,small,79.67918906314148,67.34765625
12,0,2,small,90.90898827241001,69.34765625
12,1,1,large,0.0,3.00390625
12,1,1,large,0.0008097232957884923,5.00390625
12,1,1,large,0.09975085470079023,7.00390625
12,1,1,large,0.31003086124400614,9.00390625
12,1,1,large,0.22509112386737898,11.00390625
12,1,1,large,1.330518028420329,13.00390625
12,1,1,large,1.8855869647477868,15.00390625
12,1,1,large,20.951446109696157,17.00390625
12,1,1,large,56.936910798318365,19.00390625
12,1,1,large,31.151667994078874,21.00390625
12,1,1,large,13.648935193948516,23.00390625
12,1,1,large,6.103695390581484,25.00390625
12,1,1,large,16.18420722362656,27.015625
12,1,1,large,14.28535716977801,29.015625
12,1,1,medium,18.223596055781638,31.01953125
12,1,1,medium,13.854499696136306,33.015625
12,1,1,medium,16.23791370456373,35.015625
12,1,1,medium,20.005114741364178,37.015625
12,1,1,medium,17.796407880496695,39.015625
12,1,1,medium,72.63610550936059,41.02734375
12,1,1,medium,86.52743983227148,43.02734375
12,1,1,medium,74.70193372624516,45.02734375
12,1,1,medium,92.85043665177653,47.02734375
12,1,1,medium,97.41602130316042,49.0390625
12,1,1,medium,97.89230623219001,51.0390625
12,1,1,medium,99.08725417914235,53.05078125
12,1,1,medium,94.49914660054472,55.05078125
12,1,1,medium,99.50857833731067,57.05078125
12,1,1,medium,99.91247577580027,59.05078125
12,1,1,small,99.75362396737711,61.06640625
12,0,2,large,20.266274485086164,2.9921875
12,0,2,large,6.178372525704218,4.9921875
12,0,2,large,1.7377923419690213,6.9921875
12,0,2,large,13.11010203773407,8.9921875
12,0,2,large,16.523458089564052,10.9921875
12,0,2,large,5.4293203390693945,12.9921875
12,0,2,large,7.8144336955770655,14.9921875
12,0,2,large,25.49817251066853,16.9921875
12,0,2,large,40.06142558337948,19.00390625
12,0,2,large,23.094723913538946,21.015625
12,0,2,large,39.073016873229065,23.015625
12,0,2,large,31.09107576148196,25.03125
12,0,2,large,25.098110353333606,27.03125
12,0,2,large,32.04035565835456,29.04296875
12,0,2,medium,26.486345328825145,31.0546875
12,0,2,medium,20.66813361483706,33.0703125
12,0,2,medium,7.1667342720567015,35.0703125
12,0,2,medium,8.440855105819587,37.08203125
12,0,2,medium,9.764004445369782,39.08203125
12,0,2,medium,6.5360324830243455,41.08203125
12,0,2,medium,7.31558102531943,43.1015625
12,0,2,medium,14.511711171131598,45.09375
12,0,2,medium,11.629090309007534,47.109375
12,0,2,medium,4.141688785132622,49.1328125
12,0,2,medium,2.556040929530702,51.1484375
12,0,2,medium,5.8917822373971,53.16015625
12,0,2,medium,5.380950015500336,55.17578125
12,0,2,medium,2.5721080398025196,57.1796875
12,0,2,medium,1.6938039021304703,59.1875
12,0,2,small,1.8070322544963955,61.19921875
12,0,2,small,1.3017173563992892,63.21484375
12,0,2,small,1.7003487977399665,65.21484375
12,0,2,small,5.88641706546098,67.2265625
12,0,2,small,14.114835016149382,69.23828125
12,0,2,small,6.6438887517272915,71.23828125
12,0,2,small,10.787832034052292,73.23828125
12,0,2,small,34.87194054439506,75.25
12,0,2,small,27.173174408229734,77.27734375
12,0,2,small,39.40920259221707,79.3046875
12,1,3,large,0.0,2.9921875
12,1,3,large,0.0,4.9921875
12,1,3,large,0.0029668676548934196,6.9921875
12,1,3,large,12.407263743667654,8.9921875
12,1,3,large,12.790777594655061,10.9921875
12,1,3,large,13.088982047069932,12.9921875
12,1,3,large,19.942317635057947,14.9921875
12,1,3,large,9.256930648116867,16.9921875
12,1,3,large,36.20144873861547,18.9921875
12,1,3,large,38.05863864268491,20.9921875
12,1,3,large,57.18148122155104,22.9921875
12,1,3,large,40.38054237612393,24.9921875
12,1,3,large,72.33111840151302,26.9921875
12,1,3,large,81.67345554919693,29.0078125
12,1,3,medium,65.22677684088563,31.00390625
12,1,3,medium,88.9153275554208,33.00390625
12,1,3,medium,88.27709651871652,35.01953125
12,1,3,medium,59.026530248933085,37.015625
12,1,3,medium,31.66522398997942,39.01953125
12,1,3,medium,29.352257225139056,41.015625
12,1,3,medium,23.2726074518291,43.015625
12,1,3,medium,28.496115342455163,45.03125
12,1,3,medium,81.14519283108089,47.03125
12,1,3,medium,85.7602424655714,49.03125
12,1,3,medium,77.53819881375608,51.03125
12,1,3,medium,35.34428716863053,53.03125
12,1,3,medium,9.727526709854668,55.03125
12,1,3,medium,3.1134770984018627,57.02734375
12,1,3,medium,7.776612621788182,59.03125
12,1,3,small,9.898517844607332,61.05078125
13,0,1,large,0.16265060986725594,3.01171875
13,0,1,large,0.07144365569533608,5.03515625
13,0,1,large,0.04662613134282473,7.05078125
13,0,1,large,4.838173697962128,9.078125
13,0,1,large,4.985632059685396,11.08984375
13,0,1,large,23.448035008806244,13.1015625
13,0,1,large,18.127482699073006,15.1015625
13,0,1,large,6.916540725067165,17.1015625
13,0,1,large,6.036450845738229,19.15625
13,0,1,large,5.106720211296047,21.1953125
13,0,1,large,26.89350035208237,23.22265625
13,0,1,large,11.16374408320643,25.25
13,0,1,large,7.7003599988562845,27.24609375
13,0,1,large,9.426972892144137,29.26171875
13,0,1,medium,11.076882874916766,31.30078125
13,0,1,medium,8.28924321769355,33.31640625
13,0,1,medium,17.76940420618692,35.34765625
13,0,1,medium,22.700305818504667,37.33984375
13,0,1,medium,10.648002254262682,39.3671875
13,0,1,medium,25.240537008931398,41.37890625
13,0,1,medium,15.864879231271841,43.3828125
13,0,1,medium,22.95802760262974,45.39453125
13,0,1,medium,14.907908598525507,47.39453125
13,1,2,large,2.800376286582453,2.9921875
13,1,2,large,5.058912513285722,4.9921875
13,1,2,large,6.182480796518924,7.00390625
13,1,2,large,7.589342085622999,9.00390625
13,1,2,large,8.942479418064199,11.00390625
13,1,2,large,24.600210137450283,13.00390625
13,1,2,large,18.264601338818004,15.01953125
13,0,1,large,12.528196104568217,2.984375
13,0,1,large,6.671891913202657,5.0078125
13,0,1,large,4.253294688835662,7.10546875
13,0,1,large,2.474695858923759,9.18359375
13,0,1,large,1.5954012924469776,11.22265625
13,0,1,large,7.316040563806165,13.26171875
13,0,1,large,6.814191126632222,15.26171875
13,0,1,large,6.4791854598617125,17.26171875
13,0,1,large,8.717892980373904,19.2890625
13,0,1,large,17.112481391789434,21.328125
13,0,1,large,11.873133260757822,23.35546875
13,0,1,large,4.866947966833096,25.3828125
13,0,1,large,2.4617801977799054,27.40625
13,0,1,large,0.997594531401082,29.40625
13,0,1,medium,1.630242622602586,31.44921875
13,0,1,medium,2.4214262344382464,33.47265625
13,0,1,medium,6.154185780775156,35.484375
13,0,1,medium,56.37856366692003,37.484375
13,0,1,medium,27.22722850281999,39.5
13,0,1,medium,8.957505703440967,41.49609375
13,0,1,medium,2.814258890750118,43.51171875
13,0,1,medium,29.90234293243087,45.51171875
13,0,1,medium,30.57754574712613,47.5234375
13,1,2,large,0.8320763207603377,2.9921875
13,1,2,large,0.5825211207770362,5.04296875
13,1,2,large,1.7751503316690427,7.0703125
13,1,2,large,0.8036793626291574,9.1640625
13,1,2,large,26.889634500032194,11.20703125
13,1,2,large,14.054222600170156,13.21875
13,1,2,large,9.255850507099748,15.21875
13,1,2,large,80.1183508955356,17.22265625
13,1,2,large,61.43385720241562,19.234375
13,1,2,large,16.303610971816312,21.23046875
13,1,2,large,23.462506736721306,23.296875
13,0,3,large,41.19056158992575,2.9765625
13,0,3,large,19.80118205322433,5.00390625
13,0,3,large,5.242618387832017,7.02734375
13,0,3,large,2.2405058520198415,9.0546875
13,0,3,large,0.9755579929580842,11.0546875
13,0,3,large,2.2944196291285284,13.06640625
13,0,3,large,0.7324183693526721,15.08203125
13,0,3,large,3.528532434950545,17.09375
13,0,3,large,4.165141929198144,19.12109375
13,0,3,large,11.89339510600053,21.17578125
13,0,3,large,7.929027784475236,23.203125
13,0,3,large,2.7154504261824104,25.23046875
13,0,3,large,0.9492540889043171,27.2265625
13,0,3,large,0.4051327950408563,29.25390625
13,0,3,medium,0.445409128948673,31.30859375
13,0,3,medium,0.43152248509575497,33.34765625
13,0,3,medium,1.1854316603163433,35.38671875
13,1,3,large,1.81655378650039,2.9921875
13,1,3,large,3.44943044578959,5.015625
13,1,3,large,1.5555835479569986,7.02734375
13,0,1,large,9.413614809303464,2.99609375
13,0,1,large,3.322521425834452,5.03515625
13,0,1,large,10.727834315192178,7.07421875
13,0,1,large,4.0886841255655675,9.1015625
13,0,1,large,13.444703960324548,11.1015625
13,0,1,large,6.94007727389648,13.1171875
13,0,1,large,36.925686629737235,15.12109375
13,0,1,large,23.096998011036206,17.1171875
13,0,1,large,32.12231173074613,19.16796875
13,0,1,large,21.11152449676842,21.2109375
13,0,1,large,14.116889109365378,23.20703125
13,0,1,large,13.629889031838777,25.25
13,0,1,large,13.665606091024376,27.25
13,0,1,large,29.387668298914075,29.26171875
13,0,1,medium,36.59637252348745,31.2890625
13,0,1,medium,22.20373472587595,33.3828125
13,0,1,medium,78.86248525134735,35.4375
13,0,1,medium,60.29114603435113,37.46484375
13,0,1,medium,83.62001268955643,39.54296875
13,0,1,medium,98.56271017808898,41.59375
13,1,2,large,4.556076913564752,2.984375
13,1,2,large,12.836767442004247,5.01171875
13,1,2,large,23.45192161344407,7.078125
13,1,2,large,68.05144655166217,9.171875
13,1,2,large,96.73782870588187,11.25
13,1,2,large,62.457434170560795,13.31640625
13,0,2,large,2.2763486420558365,3.0
13,0,2,large,3.5352726628222055,5.02734375
13,0,2,large,1.4984643002720182,7.06640625
13,0,2,large,0.8495072313712891,9.078125
13,0,2,large,0.5427079892186499,11.078125
13,0,2,large,0.964773115297573,13.10546875
13,0,2,large,1.4337869511107317,15.10546875
13,0,2,large,0.7630953248957899,17.10546875
13,0,2,large,0.19749770369813507,19.1328125
13,0,2,large,0.10705843606046617,21.18359375
13,0,2,large,15.018415696551578,23.21484375
13,0,2,large,70.77192356528008,25.2421875
13,0,2,large,68.10763430286,27.27734375
13,0,2,large,25.401484854574772,29.29296875
13,0,2,medium,9.56462238165828,31.3203125
13,0,2,medium,3.7317567493279387,33.3203125
13,0,2,medium,2.9687464136117234,35.37109375
13,0,2,medium,1.8852521368721997,37.41015625
13,0,2,medium,5.759011379069029,39.4765625
13,0,2,medium,25.082049249695096,41.53125
13,0,2,medium,64.00712069995264,43.59765625
13,0,2,medium,21.497705288481285,45.65234375
13,0,2,medium,8.840917376901965,47.67578125
13,0,2,medium,30.56972019487281,49.7578125
13,0,2,medium,72.06109627957682,51.76953125
13,0,2,medium,45.193527073856416,53.796875
13,0,2,medium,58.06953317336162,55.796875
13,0,2,medium,96.01662160369152,57.80859375
13,0,2,medium,82.9877162734704,59.859375
13,0,2,small,56.14075975709706,61.875
13,1,3,large,0.35005771769470806,2.9921875
13,1,3,large,0.35789380295513434,4.9921875
13,1,3,large,0.09368020734861723,7.00390625
13,1,3,large,0.0710354266301439,9.00390625
13,1,3,large,4.024277517087654,11.015625
13,1,3,large,6.030749399597438,13.015625
13,1,3,large,8.160692182617904,15.03125
13,1,3,large,26.165497664933476,17.03125
13,1,3,large,15.628823909209725,19.03125
13,1,3,large,6.717215727671592,21.02734375
13,1,3,large,5.104088291838518,23.04296875
13,1,3,large,5.5647617164519,25.0625
13,1,3,large,11.01178417359306,27.0546875
13,1,3,large,9.82212429125035,29.08203125
13,1,3,medium,30.754096993366858,31.08203125
13,1,3,medium,22.357499329678447,33.12109375
13,1,3,medium,18.576178452027776,35.13671875
13,1,3,medium,23.112182023923815,37.16015625
13,0,3,large,1.1151336326602181,2.9765625
13,0,3,large,0.35223755889305375,5.015625
13,0,3,large,0.44507942964927827,7.02734375
13,0,3,large,0.1943428403309603,9.0546875
13,0,3,large,0.4220316004978227,11.06640625
13,0,3,large,3.8128892143773236,13.09375
13,0,3,large,1.751779289434562,15.109375
13,0,3,large,15.295710754612402,17.1328125
13,0,3,large,13.97145348354835,19.16015625
13,0,3,large,14.257338589564434,21.21484375
13,0,3,large,6.798172275671813,23.2265625
13,0,3,large,5.055486213681869,25.23828125
13,0,3,large,1.5618177165139078,27.25
13,0,3,large,16.38953710453007,29.25390625
13,0,3,medium,24.37186430329335,31.296875
13,0,3,medium,18.813148280787736,33.29296875
13,0,3,medium,16.762804783660513,35.3203125
13,0,3,medium,28.64130761737418,37.33203125
13,0,3,medium,11.581774507911515,39.34765625
13,0,3,medium,13.266849077355307,41.34765625
13,0,3,medium,6.99524611940455,43.359375
13,0,3,medium,8.727834004323078,45.359375
13,0,3,medium,2.631323450118752,47.4375
13,0,3,medium,6.793549039828681,49.53125
13,0,3,medium,4.282378275023975,51.53125
13,0,3,medium,5.495061297131768,53.5859375
13,0,3,medium,4.781901884725172,55.59765625
13,0,3,medium,52.492966320031236,57.6171875
13,0,3,medium,76.65623610767028,59.63671875
13,0,3,small,61.11048974133553,61.67578125
13,1,1,large,0.057158207349760286,2.9765625
13,1,1,large,0.02664519105964839,4.9921875
13,1,1,large,0.007042174319549614,6.98828125
13,1,1,large,0.1369801151140319,8.98828125
13,1,1,large,0.17100706521053033,11.00390625
13,1,1,large,0.48282105221761895,13.00390625
13,1,1,large,0.3515862934029028,15.00390625
13,1,1,large,0.3973485052907817,17.0
13,1,1,large,2.184185952929405,19.015625
13,1,1,large,2.1602126671919293,21.02734375
13,1,1,large,14.141078029187852,23.02734375
13,1,1,large,11.157587354378038,25.02734375
13,1,1,large,26.228876437010953,27.02734375
13,1,1,large,69.13726593502594,29.02734375
13,1,1,medium,34.085430778746,31.0390625
13,1,1,medium,11.748175430076063,33.06640625
13,0,2,large,0.28577096979167377,2.99609375
13,0,2,large,0.07397886407435761,5.0234375
13,0,2,large,0.019780232259656264,7.03515625
13,0,2,large,1.0184962273199605,9.0625
13,0,2,large,2.2945969587957773,11.0625
13,0,2,large,4.135568970586204,13.0625
13,0,2,large,3.0193627686791276,15.07421875
13,0,2,large,8.602430162984197,17.07421875
13,0,2,large,3.1529511560799905,19.1015625
13,0,2,large,6.805775253439486,21.15234375
13,0,2,large,16.452457987445108,23.15625
13,0,2,large,4.926606712542503,25.1953125
13,0,2,large,2.5184893123223033,27.20703125
13,0,2,large,4.3878516223821755,29.21875
13,0,2,medium,1.6207172059393082,31.234375
13,0,2,medium,1.6391271569959271,33.24609375
13,0,2,medium,4.573064004520771,35.2734375
13,0,2,medium,10.918344749819592,37.28515625
13,0,2,medium,26.805836328076833,39.328125
13,0,2,medium,18.378235446757735,41.3515625
13,0,2,medium,9.549686321511432,43.3671875
13,0,2,medium,19.106934288471898,45.37890625
13,0,2,medium,38.09597561116937,47.40234375
13,0,2,medium,25.32827142290141,49.5
13,0,2,medium,28.170257468477182,51.56640625
13,0,2,medium,17.53857829370403,53.6171875
13,0,2,medium,10.855705275556327,55.66015625
13,0,2,medium,20.65990923552028,57.69921875
13,0,2,medium,33.921126227609676,59.8046875
13,1,1,large,3.8359608057013723,2.98828125
13,1,1,large,1.2432810476115028,5.0
13,1,1,large,0.328224368754924,7.01171875
13,1,1,large,1.724761404108723,9.02734375
13,1,1,large,6.810727847891775,11.02734375
13,1,1,large,9.50370196884324,13.0390625
13,1,1,large,10.09713231113326,15.046875
13,1,1,large,6.37166094442394,17.05078125
13,1,1,large,6.56165930303205,19.078125
13,1,1,large,2.0088922340047217,21.1328125
13,1,1,large,5.200955262953572,23.1328125
13,1,1,large,9.506026143596491,25.1875
13,1,1,large,14.374595091975717,27.265625
13,0,2,large,0.07178601673416914,2.984375
13,0,2,large,0.5197796653457711,5.0078125
13,0,2,large,0.1511005288623079,7.0234375
13,0,2,large,0.9689141506331493,9.05078125
13,0,2,large,0.401124196616473,11.05078125
13,0,2,large,10.274123825897597,13.0625
13,0,2,large,8.082877974571973,15.07421875
13,0,2,large,9.60800592356312,17.07421875
13,0,2,large,4.640691729436642,19.12890625
13,0,2,large,14.878045011703604,21.15234375
13,0,2,large,5.190780632337923,23.16796875
13,0,2,large,12.674829560532677,25.203125
13,0,2,large,6.974736507942942,27.21484375
13,0,2,large,7.11541955538084,29.234375
13,0,2,medium,5.230563937824378,31.26171875
13,0,2,medium,5.410365258287922,33.2890625
13,0,2,medium,6.626064041981438,35.31640625
13,0,2,medium,9.57033883563037,37.328125
13,0,2,medium,3.412655326453678,39.33984375
13,0,2,medium,15.16105286849699,41.3515625
13,1,3,large,0.7880695202401251,2.9921875
13,1,3,large,0.36587937896414136,5.02734375
13,1,3,large,0.13472202992837942,7.04296875
13,1,3,large,8.255514221974984,9.0546875
13,1,3,large,2.8305937210172085,11.0546875
13,1,3,large,30.675743861698358,13.0546875
13,1,3,large,43.88501322318694,15.0546875
13,1,3,large,20.88308876382977,17.0546875
13,1,3,large,35.626446638719415,19.0703125
13,1,3,large,18.570844295536766,21.0703125
13,1,3,large,18.808506889011152,23.06640625
13,1,3,large,22.386605759586132,25.06640625
13,1,3,large,71.12138782772038,27.08203125
13,1,3,large,37.1083577531914,29.09765625
13,0,1,large,5.623700336972721,2.984375
13,0,1,large,1.7955860388615772,5.01171875
13,0,1,large,2.072076446236222,7.0390625
13,0,1,large,0.7833693375136213,9.06640625
13,0,1,large,1.781813248572543,11.078125
13,0,1,large,1.8337312191019945,13.078125
13,0,1,large,20.82572607277566,15.08984375
13,0,1,large,15.821815443513664,17.08984375
13,0,1,large,6.882804216168697,19.1171875
13,0,1,large,6.061422485304917,21.15625
13,0,1,large,4.925399304157072,23.19140625
13,0,1,large,3.378801820827686,25.25
13,0,1,large,2.66478163280277,27.29296875
13,0,1,large,2.6474169028943995,29.2890625
13,0,1,medium,25.757002634504985,31.34375
13,0,1,medium,12.383433871080836,33.35546875
13,0,1,medium,34.52564914139539,35.390625
13,0,1,medium,45.34255912039376,37.38671875
13,0,1,medium,26.61939541120063,39.41015625
13,0,1,medium,33.49642053845568,41.42578125
13,0,1,medium,34.389016218633955,43.44921875
13,0,1,medium,11.485665862446433,45.46484375
13,0,1,medium,13.045512756914203,47.48046875
13,0,1,medium,10.072894065946652,49.52734375
13,0,1,medium,17.83924666725097,51.52734375
13,0,1,medium,34.304152439850796,53.5546875
13,0,1,medium,41.10577622102814,55.58203125
13,0,1,medium,46.76614194687213,57.5859375
13,0,1,medium,25.36561299149384,59.6015625
13,0,1,small,41.52508853992704,61.65625
13,0,1,small,93.34335741418462,63.6484375
13,1,3,large,0.0,2.984375
13,1,3,large,0.038878377652282,4.984375
13,1,3,large,0.015778441691338692,7.00390625
13,1,3,large,0.27464300750986237,9.01171875
13,1,3,large,0.31097199501750217,11.0078125
13,1,3,large,0.14535559547954102,13.0078125
13,1,3,large,6.498719671412301,15.01171875
13,1,3,large,42.347541502477206,17.0078125
13,1,3,large,40.469471046016054,19.0234375
13,1,3,large,24.17260327399918,21.0625
13,1,3,large,23.169301449989224,23.1015625
13,1,3,large,7.209060087148449,25.1015625
13,1,3,large,37.13987648667292,27.1015625
13,1,3,large,27.425991141576443,29.140625
13,1,3,medium,18.128244309057088,31.18359375
13,1,3,medium,5.942024027478942,33.26171875
13,0,2,large,5.697992162095394,2.98046875
13,0,2,large,1.9596093037502182,5.0078125
13,0,2,large,2.420843156719984,7.0078125
13,0,2,large,0.8609630614420193,9.0234375
13,0,2,large,1.288811252464379,11.0234375
13,0,2,large,1.8130099000818143,13.03515625
13,0,2,large,2.530339056391447,15.03515625
13,0,2,large,5.7007558474877875,17.03515625
13,0,2,large,4.798904268212389,19.05078125
13,0,2,large,14.876810451569014,21.08984375
13,0,2,large,7.750231008342552,23.08984375
13,0,2,large,5.340189433398875,25.1015625
13,0,2,large,3.3786418370587215,27.1015625
13,0,2,large,8.260907304477328,29.11328125
13,0,2,medium,5.082358278117294,31.140625
13,0,2,medium,7.926929618098356,33.140625
13,0,2,medium,5.1276436201972135,35.16796875
13,0,2,medium,10.041007526194438,37.1796875
13,0,2,medium,12.258479556563877,39.1953125
13,0,2,medium,22.622270546440234,41.20703125
13,0,2,medium,39.32949128124667,43.20703125
13,0,2,medium,36.65663371652989,45.20703125
13,0,2,medium,28.510514398591496,47.234375
13,0,2,medium,12.898367485929208,49.2734375
13,0,2,medium,13.121661518770843,51.2734375
13,0,2,medium,17.462552435329446,53.28515625
13,0,2,medium,27.03184294649411,55.28515625
13,0,2,medium,16.020934459231285,57.28515625
13,0,2,medium,39.83941648985776,59.3125
13,0,2,small,40.20454891925899,61.32421875
13,0,2,small,37.18737884587866,63.3515625
13,0,2,small,49.20905249379969,65.36328125
13,0,2,small,68.36515406330179,67.36328125
13,0,2,small,81.87309362824132,69.3671875
13,0,2,small,66.8860456149578,71.37890625
13,0,2,small,84.36110553550662,73.390625
13,0,2,small,92.31168302318876,75.390625
13,1,1,large,1.6667120736098466,2.984375
13,1,1,large,0.57557747837124,5.0078125
13,1,1,large,0.15016468921997922,7.0234375
13,1,1,large,0.05693645124021955,9.046875
13,1,1,large,1.2117630635139132,11.046875
13,1,1,large,0.3456298823475508,13.07421875
13,1,1,large,0.27687345974979716,15.07421875
13,1,1,large,0.7780969099063695,17.07421875
13,1,1,large,6.753666765873284,19.11328125
13,1,1,large,9.911760723292511,21.140625
13,1,1,large,23.560195683278852,23.20703125
13,1,1,large,12.591537812048582,25.2734375
13,1,1,large,7.301947641293298,27.30078125
13,1,1,large,6.047602335301711,29.3515625
13,0,1,large,0.0,2.99609375
13,0,1,large,0.005277845592136099,5.0234375
13,0,1,large,0.0018498896096940053,7.046875
13,0,1,large,0.2093034487874284,9.08984375
13,0,1,large,1.702863306035544,11.1015625
13,0,1,large,1.584788309675576,13.14453125
13,0,1,large,2.6789201100704583,15.15625
13,0,1,large,2.7885059160327224,17.16796875
13,0,1,large,12.107543025493296,19.234375
13,0,1,large,9.865411712327557,21.2734375
13,0,1,large,2.963706927573278,23.3125
13,0,1,large,3.418571322442343,25.328125
13,0,1,large,6.389063470188081,27.328125
13,0,1,large,10.53609627578162,29.34375
13,0,1,medium,7.25144695623635,31.3671875
13,0,1,medium,10.365421136321173,33.3828125
13,0,1,medium,8.428882797629308,35.41796875
13,0,1,medium,10.774909889452278,37.421875
13,0,1,medium,6.325993942693615,39.4609375
13,0,1,medium,18.204083283482458,41.484375
13,0,1,medium,11.540343341848043,43.484375
13,0,1,medium,12.558821685105215,45.484375
13,0,1,medium,10.780666284995737,47.49609375
13,0,1,medium,26.43557538409955,49.56640625
13,0,1,medium,38.567542724644454,51.59375
13,0,1,medium,54.338848072117614,53.671875
13,0,1,medium,45.56464704032264,55.6953125
13,0,1,medium,43.1297597373494,57.72265625
13,0,1,medium,66.56621506678553,59.765625
13,0,1,small,93.01507918392537,61.7890625
13,0,1,small,92.44755684935379,63.8046875
13,0,1,small,84.87200845171216,65.81640625
13,0,1,small,87.01180113867957,67.8828125
13,0,1,small,98.49502297871899,69.91015625
13,1,3,large,0.029626270761548522,2.98046875
13,1,3,large,0.008925125585907065,5.0078125
13,1,3,large,0.002355042125403128,7.0078125
13,1,3,large,0.006060054891215508,9.01953125
13,1,3,large,0.25310695744979445,11.01953125
13,1,3,large,0.5231286967647036,13.01953125
13,1,3,large,4.5559263679910815,15.01953125
13,1,3,large,14.67501888233668,17.02734375
13,1,3,large,5.326399705196176,19.02734375
13,1,3,large,3.650189819338296,21.03515625
13,1,3,large,2.9430202281827866,23.046875
13,1,3,large,5.469133606247265,25.046875
13,1,3,large,21.900321321053283,27.046875
13,1,3,large,45.1605501719806,29.046875
13,1,3,medium,33.01906730729791,31.05859375
13,1,3,medium,15.068072879715205,33.1015625
13,0,3,large,0.4040776679446749,2.984375
13,0,3,large,0.3236970570012069,4.99609375
13,0,3,large,0.33240319818542974,7.0234375
13,0,3,large,2.96648003414233,9.03515625
13,0,3,large,1.3709240210238975,11.05078125
13,0,3,large,7.715009967431567,13.0625
13,0,3,large,6.429866072684281,15.07421875
13,0,3,large,5.466054771861093,17.07421875
13,0,3,large,5.7840442013341935,19.11328125
13,0,3,large,13.648252153889029,21.16796875
13,0,3,large,5.3581883147173475,23.18359375
13,0,3,large,3.510062574103681,25.20703125
13,0,3,large,8.837405304192608,27.20703125
13,0,3,large,8.611984191414216,29.20703125
13,0,3,medium,5.950249832012053,31.24609375
13,0,3,medium,3.630241320545006,33.24609375
13,0,3,medium,16.266879469642852,35.2890625
13,0,3,medium,18.957959024188014,37.2890625
13,0,3,medium,6.5084952261702425,39.30078125
13,0,3,medium,7.400827914626577,41.3125
13,0,3,medium,17.568478617868866,43.3125
13,0,3,medium,48.66143208839543,45.328125
13,0,3,medium,56.22212159833744,47.328125
13,0,3,medium,50.152143734812036,49.390625
13,0,3,medium,49.75237971794886,51.390625
13,0,3,medium,24.490319536372525,53.421875
13,0,3,medium,23.140070011493044,55.41796875
13,0,3,medium,27.411267406405297,57.43359375
13,0,3,medium,60.80601408095808,59.4453125
13,0,3,small,56.383349834828984,61.45703125
13,0,3,small,81.78301284390224,63.484375
13,0,3,small,73.83472259599294,65.484375
13,0,3,small,77.74442550125893,67.52734375
13,0,3,small,88.254620053638,69.5390625
13,0,3,small,95.50458755005477,71.56640625
13,0,3,small,97.8271941000615,73.56640625
13,0,3,small,93.69175124443322,75.578125
13,1,2,large,0.0019479007620848022,2.984375
13,1,2,large,0.2178952439097216,4.99609375
13,1,2,large,0.07060525976920584,6.99609375
13,1,2,large,0.058034470316336,9.0078125
13,1,2,large,0.0693943783826017,11.0078125
13,1,2,large,0.24446112711192305,13.0078125
13,1,2,large,3.101969014688377,15.01953125
13,1,2,large,4.958105983369279,17.03515625
13,1,2,large,3.4447005936902655,19.046875
13,1,2,large,3.1122043257360783,21.0625
13,1,2,large,1.4611596619630853,23.07421875
13,1,2,large,1.0670745492208527,25.07421875
13,1,2,large,9.056900047954677,27.07421875
13,1,2,large,3.594416758479092,29.07421875
13,1,2,medium,5.001678553021779,31.07421875
13,1,2,medium,7.44657665640873,33.07421875
13,1,2,medium,4.198956724334085,35.11328125
13,1,2,medium,36.41513619278658,37.1796875
14,0,3,large,1.9552598866853788,2.984375
14,0,3,large,3.67680720923427,4.984375
14,0,3,large,11.577055065743941,6.99609375
14,0,3,large,20.721586052822367,9.0078125
14,0,3,large,9.738740346097345,11.0234375
14,0,3,large,3.9549825872787006,13.05078125
14,0,3,large,11.078712412379616,15.0625
14,0,3,large,10.43889495082379,17.0703125
14,0,3,large,3.4476840046924444,19.0859375
14,0,3,large,4.218993222532099,21.16796875
14,0,3,large,2.272623586608276,23.1953125
14,0,3,large,4.693232352155043,25.22265625
14,0,3,large,5.707854540946459,27.2265625
14,0,3,large,25.65266107184484,29.24609375
14,0,3,medium,76.81481667217976,31.2734375
14,0,3,medium,89.5803765061633,33.2890625
14,0,3,medium,42.840085866514684,35.2890625
14,0,3,medium,45.506838169203434,37.30078125
14,0,3,medium,28.207231242928692,39.328125
14,0,3,medium,67.84640736903134,41.33984375
14,0,3,medium,72.03409933649976,43.3515625
14,0,3,medium,64.06586691353064,45.3515625
14,0,3,medium,58.306608647106714,47.37890625
14,0,3,medium,82.75152530142569,49.41796875
14,0,3,medium,80.67781932988711,51.4375
14,0,3,medium,83.31984475802454,53.43359375
14,0,3,medium,58.55087154897332,55.4296875
14,0,3,medium,70.57012099974486,57.4296875
14,0,3,medium,57.722766346096144,59.45703125
14,0,3,small,50.570587744934315,61.484375
14,1,2,large,11.275106585676879,2.9921875
14,1,2,large,17.0367082435239,4.9921875
14,1,2,large,31.822008680043723,6.9921875
14,1,2,large,43.59436664739859,9.00390625
14,1,2,large,71.48781377321498,11.00390625
14,1,2,large,64.01867964673937,13.015625
14,1,2,large,45.05442294307769,15.015625
14,1,2,large,52.0702206502871,17.015625
14,1,2,large,51.30962546399076,19.03125
14,1,2,large,66.07235610658987,21.04296875
14,1,2,large,77.07631330590715,23.0546875
14,1,2,large,76.02018800566086,25.06640625
14,1,2,large,59.399398839839975,27.08203125
14,1,2,large,45.2844006712941,29.08203125
14,1,2,medium,35.02650227766801,31.08203125
14,1,2,medium,40.569928119790376,33.109375
14,1,2,medium,59.671278763990685,35.16015625
14,1,2,medium,43.04336482813467,37.17578125
14,1,2,medium,58.59734594069483,39.1875
14,1,2,medium,74.5964839876124,41.21484375
14,1,2,medium,67.52831227747185,43.2421875
14,1,2,medium,48.49307933210102,45.25390625
14,1,2,medium,41.32227107274591,47.28125
14,0,3,large,0.8057490544520275,2.984375
14,0,3,large,0.2303794386653108,4.984375
14,0,3,large,0.06024800426026489,6.99609375
14,0,3,large,0.03540963613454551,9.01171875
14,0,3,large,0.7511317535444517,11.015625
14,0,3,large,0.4173281381217051,13.0234375
14,0,3,large,0.7985299410551124,15.0234375
14,0,3,large,0.5146988097788622,17.03515625
14,0,3,large,2.5639174440278962,19.078125
14,0,3,large,18.058093167995153,21.12890625
14,0,3,large,27.961533313340375,23.140625
14,0,3,large,37.56458101344069,25.15625
14,0,3,large,50.1193811857321,27.16796875
14,0,3,large,87.41507921684007,29.16796875
14,0,3,medium,96.46101473018052,31.1953125
14,0,3,medium,83.78903177803116,33.20703125
14,0,3,medium,85.11080712074121,35.234375
14,0,3,medium,76.12872442473602,37.25
14,0,3,medium,74.9712173059794,39.26171875
14,0,3,medium,81.66130802616993,41.2734375
14,0,3,medium,74.64239105351186,43.2734375
14,0,3,medium,78.66654028996723,45.2734375
14,0,3,medium,74.8876334689321,47.2734375
14,0,3,medium,90.24689599444467,49.3125
14,0,3,medium,90.52824872768706,51.328125
14,0,3,medium,63.42183191541548,53.33984375
14,0,3,medium,29.935777539942556,55.3671875
14,0,3,medium,14.389988007256775,57.3671875
14,0,3,medium,54.981574252012855,59.37890625
14,0,3,small,43.06485931914735,61.41796875
14,0,3,small,64.24131433903617,63.41796875
14,0,3,small,77.64281586544345,65.4453125
14,0,3,small,39.88186799756654,67.47265625
14,0,3,small,48.28832662264669,69.47265625
14,0,3,small,32.23588376734115,71.5
14,0,3,small,64.05232524485102,73.51171875
14,0,3,small,46.20353563501132,75.5234375
14,0,3,small,24.81851690411482,77.5625
14,1,1,large,0.12585254552062997,2.9921875
14,1,1,large,4.702668915680835,4.9921875
14,1,1,large,12.55278300071685,6.9921875
14,1,1,large,13.199001346064296,8.9921875
14,1,1,large,18.965047442963844,10.9921875
14,1,1,large,30.476759560925075,12.9921875
14,1,1,large,26.580686260235353,14.9921875
14,1,1,large,40.70387583569428,17.00390625
14,1,1,large,57.2290815210389,19.00390625
14,1,1,large,44.824758354141096,21.00390625
14,1,1,large,45.67375548035311,23.015625
14,1,1,large,64.50304121149301,25.015625
14,1,1,large,76.7067951863386,27.015625
14,1,1,large,75.68901418763633,29.015625
14,1,1,medium,74.04461487481211,31.03125
14,0,1,large,0.02366368349761967,2.9921875
14,0,1,large,0.09757498749428363,4.984375
14,0,1,large,0.03662827270646776,7.0078125
14,0,1,large,0.029843221520876595,9.0234375
14,0,1,large,0.019161179034659914,11.03515625
14,0,1,large,0.10491439334567043,13.0625
14,0,1,large,0.7782121328907533,15.07421875
14,0,1,large,0.5099856310984889,17.07421875
14,0,1,large,0.2436864621726526,19.0859375
14,0,1,large,0.14957163378346716,21.11328125
14,0,1,large,0.22325385440250076,23.125
14,0,1,large,0.23848856556431466,25.125
14,0,1,large,0.2883208693200203,27.140625
14,0,1,large,0.7988335722760435,29.140625
14,0,1,medium,2.224590135325065,31.15234375
14,0,1,medium,3.8667044655100122,33.15234375
14,0,1,medium,8.554130520507364,35.1796875
14,0,1,medium,13.219215209171493,37.1796875
14,0,1,medium,63.298140932699894,39.19140625
14,0,1,medium,67.99146376277855,41.19921875
14,0,1,medium,68.98697519113918,43.20703125
14,0,1,medium,77.45622460869276,45.20703125
14,0,1,medium,76.75012778796746,47.21875
14,0,1,medium,78.69730084635302,49.2734375
14,0,1,medium,69.64275070228061,51.28515625
14,0,1,medium,59.40995245102221,53.3125
14,0,1,medium,86.37991222990482,55.32421875
14,0,1,medium,84.8165431360105,57.32421875
14,0,1,medium,86.66134934845596,59.36328125
14,1,2,large,0.07504291532278844,2.9921875
14,1,2,large,0.13731285177153615,4.9921875
14,1,2,large,0.40554597373619494,6.9921875
14,1,2,large,0.40935474786720594,8.9921875
14,1,2,large,1.2220443866298982,10.9921875
14,1,2,large,1.485350959844733,12.9921875
14,1,2,large,3.016898342442099,14.9921875
14,1,2,large,12.243939365078305,16.98828125
14,1,2,large,48.577045601031,18.9921875
14,1,2,large,62.3049697977889,21.00390625
14,1,2,large,44.10672186185554,23.00390625
14,1,2,large,65.81930572045506,25.00390625
14,1,2,large,86.01904185789607,27.00390625
14,1,2,large,90.19822458719706,29.00390625
14,1,2,medium,86.81954917694318,31.00390625
14,1,2,medium,95.61786454292674,33.015625
14,1,2,medium,67.93314496943208,35.015625
14,1,2,medium,55.021100813363375,37.015625
14,1,2,medium,86.42228575187359,39.02734375
14,1,2,medium,73.92948994544818,41.03125
14,1,2,medium,60.655216459438805,43.04296875
14,0,1,large,15.069883815741473,2.99609375
14,0,1,large,7.702701797081166,4.99609375
14,0,1,large,4.732070088740588,6.99609375
14,0,1,large,1.7748989459306137,8.99609375
14,0,1,large,3.04176579613971,11.0078125
14,0,1,large,3.4567239973521606,13.0078125
14,0,1,large,4.203367147978858,15.0234375
14,0,1,large,5.702569485836984,17.0234375
14,0,1,large,15.405586155797764,19.05078125
14,0,1,large,10.964228927220834,21.08984375
14,0,1,large,10.014680662073602,23.08984375
14,0,1,large,40.754594545138154,25.11328125
14,0,1,large,72.24422223153434,27.12890625
14,0,1,large,82.810055134657,29.12890625
14,0,1,medium,95.05906395050043,31.1796875
14,0,1,medium,93.1554905227421,33.21875
14,0,1,medium,91.49305199926948,35.31640625
14,0,1,medium,69.02646225056418,37.328125
14,0,1,medium,33.511532136243865,39.33984375
14,0,1,medium,32.92937725571189,41.33984375
14,0,1,medium,33.65148837167522,43.33984375
14,0,1,medium,15.417929338643292,45.3515625
14,0,1,medium,15.454985367237823,47.3515625
14,0,1,medium,36.19828655668216,49.39453125
14,0,1,medium,26.403127669526896,51.40625
14,0,1,medium,46.490769006462884,53.42578125
14,0,1,medium,82.66294231623696,55.41796875
14,0,1,medium,65.9427068658368,57.43359375
14,0,1,medium,72.2416793671333,59.47265625
14,0,1,small,89.42688268883091,61.5
14,0,1,small,72.08493919151276,63.5390625
14,1,2,large,0.0517879712413859,3.00390625
14,1,2,large,1.008702731606144,5.00390625
14,1,2,large,11.214608418433412,7.00390625
14,1,2,large,49.05793175553306,9.01953125
14,1,2,large,51.851457737462724,11.01953125
14,1,2,large,46.797324360503666,13.01953125
14,1,2,large,77.43601350250671,15.03125
14,1,2,large,70.4179014854322,17.03125
14,1,2,large,55.225125914432994,19.04296875
14,1,2,large,62.575880716708454,21.05859375
14,1,2,large,81.50002794087912,23.0546875
14,1,2,large,42.84967279822345,25.0703125
14,1,2,large,59.209024084844756,27.0703125
14,1,2,large,65.34497694826078,29.0703125
14,1,2,medium,47.07092194485192,31.08203125
14,1,2,medium,29.06550554044586,33.09765625
14,0,3,large,1.8699218547789422,2.984375
14,0,3,large,0.6745237430264438,4.99609375
14,0,3,large,3.4030753893302634,7.0
14,0,3,large,6.165300338004894,8.99609375
14,0,3,large,2.1344712107334685,11.01953125
14,0,3,large,1.4709655526414651,13.01171875
14,0,3,large,7.325138452758982,15.02734375
14,0,3,large,10.519944725216078,17.02734375
14,0,3,large,15.010229003883111,19.0390625
14,0,3,large,62.894963618337584,21.10546875
14,0,3,large,59.251473431414134,23.1171875
14,0,3,large,60.18891070926391,25.15625
14,0,3,large,61.96684384826344,27.171875
14,0,3,large,65.35936127478742,29.18359375
14,0,3,medium,90.14674774303779,31.265625
14,0,3,medium,70.73137707179188,33.27734375
14,0,3,medium,59.18789149416081,35.3046875
14,0,3,medium,72.0973022421808,37.3125
14,0,3,medium,55.04628732694372,39.33203125
14,0,3,medium,57.95762225090915,41.37109375
14,1,2,large,22.666414001779334,3.0078125
14,1,2,large,22.63725263818239,5.0078125
14,1,2,large,50.81303988644621,7.0078125
14,1,2,large,53.93258860527429,9.0078125
14,1,2,large,90.39672594406005,11.0078125
14,1,2,large,98.48338335876791,13.0078125
14,1,2,large,98.59439044826621,15.00390625
14,1,2,large,90.59991254594735,17.01953125
14,1,2,large,90.94126496612526,19.03125
14,1,2,large,90.37872021100398,21.046875
14,1,2,large,80.91913443369131,23.046875
14,1,2,large,82.64402448553636,25.046875
14,1,2,large,80.61205664016205,27.05859375
14,1,2,large,84.94851788582609,29.05859375
14,1,2,medium,62.03025732763408,31.0703125
14,1,2,medium,24.29266773025216,33.0703125
14,1,2,medium,31.16704721066302,35.08984375
14,1,2,medium,10.904393484709436,37.08203125
14,1,2,medium,22.104368475494464,39.08203125
14,1,2,medium,6.697600173619907,41.08984375
14,1,2,medium,11.606854671649923,43.09765625
14,1,2,medium,11.975376770945644,45.13671875
14,1,2,medium,26.647554302346634,47.203125
14,0,3,large,0.03114859646579237,3.0
14,0,3,large,0.008315724893233407,4.9921875
14,0,3,large,0.0408759438068364,7.0078125
14,0,3,large,0.6221424815760886,9.0078125
14,0,3,large,1.3154708347525648,11.03515625
14,0,3,large,0.6520169160330622,13.03125
14,0,3,large,1.5713808914422185,15.046875
14,0,3,large,4.586264277157424,17.046875
14,0,3,large,8.311954321503807,19.05859375
14,0,3,large,17.776971437404303,21.11328125
14,0,3,large,5.864795257911086,23.140625
14,0,3,large,44.32093087353891,25.19140625
14,0,3,large,71.33395057497083,27.19140625
14,0,3,large,57.32489340922552,29.203125
14,0,3,medium,82.63339932827628,31.2578125
14,0,3,medium,78.3472516392876,33.26953125
14,0,3,medium,52.9402585141638,35.3125
14,0,3,medium,46.2926873298853,37.3125
14,0,3,medium,44.807128145288765,39.33984375
14,0,3,medium,71.77065571919596,41.33984375
14,0,3,medium,39.51093425828362,43.3515625
14,0,3,medium,41.07227018753418,45.3515625
14,0,3,medium,50.753779790928036,47.36328125
14,0,3,medium,73.08128417087624,49.41796875
14,0,3,medium,61.85540678242353,51.4453125
14,0,3,medium,61.918747131491926,53.484375
14,0,3,medium,40.01559201811209,55.49609375
14,0,3,medium,55.877431444121456,57.49609375
14,0,3,medium,61.72314771317396,59.5390625
14,0,3,small,27.868901147311313,61.55078125
14,0,3,small,21.90026206183976,63.5625
14,0,3,small,42.7266926338047,65.57421875
14,1,1,large,2.9138130460415916,2.9921875
14,1,1,large,14.188301783304508,4.9921875
14,1,1,large,37.15094439041651,6.9921875
14,1,1,large,70.07465022978778,8.9921875
14,1,1,large,88.48398003409835,11.00390625
14,1,1,large,83.34699392684462,13.0546875
14,1,1,large,63.65460255848947,15.0703125
14,1,1,large,40.80386282406286,17.0703125
14,1,1,large,54.57916619556859,19.0703125
14,1,1,large,36.154634321384734,21.08203125
14,1,1,large,32.55599992395993,23.08203125
14,1,1,large,36.252432769452255,25.0859375
14,1,1,large,29.57545133521586,27.09375
14,1,1,large,40.726452769036754,29.09375
14,1,1,medium,60.01047778148953,31.09375
14,1,1,medium,84.08107682119665,33.10546875
14,1,1,medium,88.32095800617643,35.12109375
14,1,1,medium,67.53244609210012,37.1875
14,1,1,medium,72.48984699676868,39.2421875
14,1,1,medium,44.509194925109085,41.25390625
14,1,1,medium,53.58002769156738,43.3359375
14,1,1,medium,23.372329281020235,45.359375
14,0,1,large,0.12681411180541013,2.9921875
14,0,1,large,0.07663695423492105,4.9921875
14,0,1,large,0.11244456920797999,7.00390625
14,0,1,large,0.04171671348606988,9.00390625
14,0,1,large,0.020837625157936572,11.00390625
14,0,1,large,0.7748431808233606,13.00390625
14,0,1,large,1.961717206011681,15.00390625
14,0,1,large,3.3121571926528524,17.00390625
14,0,1,large,12.444664181037272,19.015625
14,0,1,large,17.285822628601345,21.04296875
14,0,1,large,32.86923820223585,23.04296875
14,0,1,large,78.48905749207339,25.0546875
14,0,1,large,85.07963002079481,27.08203125
14,0,1,large,53.45180206468925,29.08203125
14,0,1,medium,30.082627922797613,31.1484375
14,0,1,medium,75.70518373276147,33.1484375
14,0,1,medium,71.07187269636768,35.1875
14,0,1,medium,65.75183905820813,37.1875
14,0,1,medium,75.04762894917626,39.203125
14,0,1,medium,56.309631719679686,41.19921875
14,0,1,medium,45.98068482713522,43.21484375
14,0,1,medium,72.00637982973515,45.21484375
14,0,1,medium,83.41125599355304,47.2265625
14,0,1,medium,95.5664730354351,49.26953125
14,0,1,medium,98.37777699675041,51.27734375
14,0,1,medium,98.55709126732472,53.30078125
14,0,1,medium,94.24338970845099,55.30859375
14,0,1,medium,88.05887021280354,57.30859375
14,0,1,medium,79.3901634695853,59.3359375
14,1,2,large,0.10960362339158403,2.984375
14,1,2,large,13.183429423584066,4.9921875
14,1,2,large,52.47694807476886,6.9921875
14,1,2,large,50.98725363903589,9.00390625
14,1,2,large,41.79874288939077,11.00390625
14,1,2,large,29.00926813495404,13.00390625
14,1,2,large,22.03410004734107,15.00390625
14,1,2,large,9.520492192061798,17.015625
14,1,2,large,14.268438928914753,19.015625
14,1,2,large,59.13953728705414,21.03515625
14,1,2,large,78.58214128142654,23.02734375
14,1,2,large,65.85819974180541,25.04296875
14,1,2,large,86.3055780100017,27.04296875
14,1,2,large,95.26584648989746,29.04296875
14,1,2,medium,99.23177686787096,31.04296875
14,1,2,medium,80.14921183525534,33.04296875
14,0,3,large,28.124230505103473,2.9921875
14,0,3,large,36.513487082696365,4.9921875
14,0,3,large,22.64221040791621,7.015625
14,0,3,large,7.3593782987569,9.02734375
14,0,3,large,3.511092848743184,11.02734375
14,0,3,large,3.506585635120956,13.04296875
14,0,3,large,3.5935602380132727,15.0546875
14,0,3,large,8.82030252800109,17.0546875
14,0,3,large,24.13878066795857,19.09375
14,0,3,large,12.738345885458386,21.13671875
14,0,3,large,5.909736354599017,23.1484375
14,0,3,large,12.58527407298628,25.1640625
14,0,3,large,7.024208296676685,27.1640625
14,0,3,large,9.139452623564596,29.1796875
14,0,3,medium,11.411183499151441,31.21484375
14,0,3,medium,12.997117239437218,33.21484375
14,0,3,medium,29.9891830958802,35.2421875
14,0,3,medium,48.72830507801734,37.25390625
14,0,3,medium,47.444435481109124,39.28125
14,0,3,medium,53.86328561794849,41.28125
14,0,3,medium,35.069179138092004,43.30859375
14,0,3,medium,40.81287089742869,45.30859375
14,0,3,medium,82.97242147329715,47.3203125
14,0,3,medium,43.33554680696649,49.375
14,0,3,medium,76.10250132767095,51.38671875
14,0,3,medium,89.72471410808674,53.40234375
14,0,3,medium,48.084115152126685,55.40234375
14,0,3,medium,15.983739715384829,57.4140625
14,0,3,medium,9.646813099925485,59.4140625
14,0,3,small,38.002549968131966,61.4375
14,0,3,small,21.917253619721347,63.4375
14,0,3,small,76.15158613086771,65.46484375
14,0,3,small,65.6412304779708,67.48046875
14,0,3,small,45.834382844280626,69.48046875
14,0,3,small,28.396905270744952,71.4921875
14,0,3,small,11.454566242306278,73.4921875
14,0,3,small,3.94945993589903,75.50390625
14,0,3,small,8.765564256865147,77.53125
14,0,3,small,10.6172469993519,79.55859375
14,0,3,small,13.02322282389877,81.5703125
14,0,3,small,11.906472866767636,83.5859375
14,0,3,small,23.860792419734672,85.61328125
14,0,3,small,15.746989396293477,87.625
14,1,3,large,0.0,3.0
14,1,3,large,0.031598140420784945,4.9921875
14,1,3,large,0.04352234390994327,6.9921875
14,1,3,large,0.0649224875393657,8.9921875
14,1,3,large,0.13428968677910186,10.9921875
14,1,3,large,0.5448339198537152,12.9921875
14,1,3,large,1.5068673379451585,15.00390625
14,1,3,large,2.6203438351069726,17.015625
14,1,3,large,2.6740649446037406,19.015625
14,1,3,large,29.93415454924287,21.03125
14,1,3,large,70.02105116799208,23.03125
14,1,3,large,86.24565899122176,25.03125
14,1,3,large,91.27870372347883,27.0390625
14,1,3,large,94.73994396228844,29.0390625
14,0,2,large,35.93709807826555,2.984375
14,0,2,large,67.51121474512868,4.99609375
14,0,2,large,24.997907488346655,7.0078125
14,0,2,large,14.981336234903436,9.0234375
14,0,2,large,34.96913972878896,11.0234375
14,0,2,large,18.48638288909413,13.0390625
14,0,2,large,4.886901144010796,15.03515625
14,0,2,large,17.688863012546143,17.046875
14,0,2,large,22.87725455009301,19.07421875
14,0,2,large,6.867582196913835,21.14453125
14,0,2,large,10.454649428657579,23.16796875
14,0,2,large,22.105407620909407,25.1953125
14,0,2,large,37.41682338880911,27.1953125
14,0,2,large,23.20236731720714,29.2109375
14,0,2,medium,68.64143419104958,31.2734375
14,0,2,medium,75.10334893593595,33.2890625
14,0,2,medium,43.89847671752023,35.3125
14,0,2,medium,59.78119209900054,37.328125
14,0,2,medium,72.02830311329626,39.37109375
14,0,2,medium,78.54122845250384,41.3671875
14,0,2,medium,72.07388208297746,43.3828125
14,0,2,medium,70.94602267272913,45.39453125
14,0,2,medium,89.88579559174607,47.40625
14,0,2,medium,94.20142547383858,49.4375
14,0,2,medium,64.96488692905233,51.4609375
14,0,2,medium,83.0899206515923,53.48828125
14,0,2,medium,92.97069092662908,55.50390625
14,0,2,medium,59.126257953350716,57.5390625
14,0,2,medium,57.61817740090618,59.5703125
14,0,2,small,37.51320308179305,61.578125
14,1,1,large,62.09352111511289,2.9921875
14,1,1,large,91.70449267334779,4.9921875
14,1,1,large,89.98856759067576,6.98828125
14,1,1,large,66.74075044376988,9.00390625
14,1,1,large,37.616903966996276,11.00390625
14,1,1,large,71.37978237956798,13.00390625
14,1,1,large,74.19630862078773,15.00390625
14,1,1,large,61.355951396908424,17.00390625
14,1,1,large,58.44174956979456,19.015625
14,1,1,large,39.3468469897406,21.015625
14,1,1,large,25.3831842466564,23.02734375
14,1,1,large,34.525721137982586,25.02734375
14,1,1,large,47.4748107743459,27.02734375
14,1,1,large,69.79697730222642,29.02734375
14,0,2,large,12.967446564164248,3.0
14,0,2,large,26.081025228268384,5.0
14,0,2,large,24.001384032117997,7.01171875
14,0,2,large,14.123798398877891,9.01171875
14,0,2,large,11.03363293109109,11.015625
14,0,2,large,8.550060527578264,13.01171875
14,0,2,large,10.894429596295833,15.01171875
14,0,2,large,19.523291637698627,17.015625
14,0,2,large,36.56532632849188,19.02734375
14,0,2,large,16.71925651678692,21.0703125
14,0,2,large,26.97636434673018,23.06640625
14,0,2,large,44.9452435272743,25.09375
14,0,2,large,68.75814694572206,27.10546875
14,0,2,large,31.746252023611977,29.10546875
14,0,2,medium,25.48588370293925,31.14453125
14,0,2,medium,24.24885197195363,33.16015625
14,0,2,medium,17.055317793263768,35.171875
14,0,2,medium,16.492980752047398,37.1875
14,0,2,medium,49.705060707175946,39.2109375
14,0,2,medium,63.98234815062727,41.2109375
14,0,2,medium,66.78776010396908,43.22265625
14,0,2,medium,26.961757297753877,45.2265625
14,0,2,medium,54.19725653590736,47.2265625
14,0,2,medium,61.82476384108524,49.27734375
14,0,2,medium,62.63280884948366,51.27734375
14,0,2,medium,80.84572098030493,53.2890625
14,0,2,medium,82.82199578076482,55.3046875
14,0,2,medium,77.14315455276524,57.3046875
14,0,2,medium,68.86569230721155,59.31640625
14,0,2,small,83.65001925692938,61.359375
14,0,2,small,77.49626162576212,63.41015625
14,0,2,small,74.92798691198989,65.48828125
14,0,2,small,59.38317060266405,67.54296875
14,0,2,small,45.377764501925306,69.59375
14,0,2,small,53.64527543937152,71.703125
14,1,3,large,4.892637315289783,2.9921875
14,1,3,large,31.475640454164356,4.9921875
14,1,3,large,51.490067767853525,6.9921875
14,1,3,large,52.36866746386508,8.9921875
14,1,3,large,46.15482740087214,11.00390625
14,1,3,large,83.32086212356978,13.04296875
14,1,3,large,52.761261240187096,15.0703125
14,1,3,large,20.958101305715502,17.0703125
14,1,3,large,40.05031921731551,19.078125
14,1,3,large,53.84601239231741,21.0859375
14,1,3,large,27.927079584051185,23.08203125
14,1,3,large,9.770941091107787,25.08203125
14,1,3,large,19.487747699151665,27.08203125
14,1,3,large,32.99447334631304,29.08203125
14,1,3,medium,59.62338329336124,31.08203125
14,1,3,medium,91.21104224693414,33.08203125
14,1,3,medium,97.23130654304532,35.109375
14,1,3,medium,98.04534277667392,37.125
14,1,3,medium,89.21188050427011,39.1484375
14,1,3,medium,75.70227437628265,41.1484375
14,1,3,medium,80.8286661973774,43.1484375
14,1,3,medium,75.07604087121689,45.1640625
14,1,3,medium,82.30217124745722,47.16015625
14,1,3,medium,82.10024894004151,49.203125
14,1,3,medium,50.16134128550372,51.22265625
14,1,3,medium,46.10419705008038,53.2421875
14,0,1,large,85.00725242732071,2.9921875
14,0,1,large,97.10968640927288,4.9921875
14,0,1,large,96.1377238560361,6.9921875
14,0,1,large,98.2597294818149,8.9921875
14,0,1,large,98.12852025600596,10.9921875
14,0,1,large,96.26126764012078,12.9921875
14,0,1,large,95.88975065004422,14.9921875
14,0,1,large,86.69480654918324,16.9921875
14,0,1,large,26.053645280782252,19.04296875
14,0,1,large,6.479802921979277,21.13671875
14,0,1,large,19.965390650691095,23.1484375
14,0,1,large,30.603211421343147,25.19140625
14,0,1,large,70.6687550161224,27.19140625
14,0,1,large,69.79463355278662,29.1875
14,0,1,medium,79.9145932633337,31.26953125
14,0,1,medium,34.40477408460212,33.26953125
14,0,1,medium,17.330336006355452,35.29296875
14,0,1,medium,6.720072956014016,37.29296875
14,0,1,medium,8.648978523255572,39.3203125
14,0,1,medium,19.854199073636398,41.3203125
14,0,1,medium,26.204291162451334,43.3203125
14,0,1,medium,26.801122844901208,45.3203125
14,0,1,medium,18.380823136492786,47.3203125
14,0,1,medium,14.020129686986998,49.375
14,0,1,medium,32.4126878702733,51.38671875
14,0,1,medium,37.187688769119,53.40234375
14,0,1,medium,32.566122724102314,55.40234375
14,0,1,medium,23.002930557764582,57.4140625
14,0,1,medium,16.01711461944347,59.42578125
14,0,1,small,58.430569802551815,61.453125
14,0,1,small,31.22906103062948,63.4921875
14,1,3,large,0.0,2.9921875
14,1,3,large,0.0,4.9921875
14,1,3,large,0.0,7.04296875
14,1,3,large,0.0,9.0703125
14,1,3,large,0.0,11.0703125
14,1,3,large,0.0006939127945007046,13.0703125
14,1,3,large,0.40223859218116476,15.0703125
14,1,3,large,1.9143190875046765,17.08203125
14,1,3,large,32.51173602050656,19.08203125
14,1,3,large,75.03418259915313,21.109375
14,1,3,large,79.01364542508318,23.109375
14,1,3,large,91.00007497337816,25.109375
14,1,3,large,92.21323895648251,27.109375
14,1,3,large,93.99843397205613,29.109375
14,1,3,medium,95.65956627252397,31.13671875
14,0,1,large,0.029630114225303508,2.98828125
14,0,1,large,0.20505122358889225,4.984375
14,0,1,large,0.14257199702802759,6.99609375
14,0,1,large,0.31085360962664055,8.99609375
14,0,1,large,0.11249104557330519,11.00390625
14,0,1,large,0.03055638769306349,13.0078125
14,0,1,large,0.015418391744447065,15.0078125
14,0,1,large,0.26089348356930886,17.0078125
14,0,1,large,0.1413223620245987,19.03515625
14,0,1,large,0.08659985418182992,21.05859375
14,0,1,large,0.18145483234791315,23.07421875
14,0,1,large,0.829240346021523,25.0703125
14,0,1,large,0.7322767153750503,27.07421875
14,0,1,large,1.1992511518954454,29.0859375
14,0,1,medium,3.4445498120600977,31.11328125
14,0,1,medium,7.37889249493678,33.12890625
14,0,1,medium,9.571708461019863,35.15234375
14,0,1,medium,17.527831309682988,37.15234375
14,0,1,medium,41.58105697435615,39.16796875
14,0,1,medium,72.71868843435195,41.16796875
14,0,1,medium,72.99543782911178,43.1796875
14,0,1,medium,75.38804845453905,45.19140625
14,0,1,medium,83.06405356320073,47.19140625
14,0,1,medium,89.75008935709201,49.23046875
14,0,1,medium,84.85370197456174,51.23046875
14,0,1,medium,93.225599422143,53.24609375
14,0,1,medium,98.45160062822575,55.2578125
14,0,1,medium,97.99646330977046,57.2578125
14,0,1,medium,98.44373018640509,59.28515625
14,0,1,small,99.19376191985572,61.30859375
14,0,1,small,96.22262204587209,63.3359375
14,0,1,small,81.0815730992817,65.36328125
14,0,1,small,83.7774651620279,67.40625
14,0,1,small,42.105272420924564,69.41796875
14,0,1,small,17.020833756461613,71.41796875
14,0,1,small,7.815235453433672,73.484375
14,1,2,large,69.95727721812764,2.9921875
14,1,2,large,77.52530518052964,4.9921875
14,1,2,large,89.35979908626113,6.9921875
14,1,2,large,84.83836835879667,8.9921875
14,1,2,large,91.18216777542223,11.00390625
14,1,2,large,91.28796680717053,13.00390625
14,1,2,large,46.73857272367742,15.01953125
14,1,2,large,43.780062805434774,17.01953125
14,1,2,large,70.10378665990046,19.03125
15,1,1,large,51.029583813626026,2.9921875
15,1,1,large,59.70090798454653,4.9921875
15,1,1,large,32.687222580134,6.9921875
15,1,1,large,12.372655272455498,8.98828125
15,1,1,large,5.338236671548086,10.98828125
15,1,1,large,3.907172325791661,12.98828125
15,1,1,large,5.81071665610655,15.00390625
15,1,1,large,3.0168085673802123,17.00390625
15,1,1,large,1.942499477518526,19.00390625
15,1,1,large,5.361173395862408,21.00390625
15,1,1,large,24.834940545806898,23.00390625
15,1,1,large,39.538243559280964,25.015625
15,1,1,large,25.96316024008796,27.015625
15,1,1,large,39.939892231524944,29.015625
15,1,1,medium,53.46980890797373,31.02734375
15,1,1,medium,54.626754863702715,33.02734375
15,1,1,medium,57.94602506101843,35.04296875
15,1,1,medium,62.13165161297095,37.05078125
15,1,1,medium,32.147205883167885,39.04296875
15,1,1,medium,33.514509506777486,41.04296875
15,1,1,medium,49.31088036114668,43.0546875
15,1,1,medium,57.96283113692275,45.0546875
15,1,1,medium,27.9080381652578,47.0546875
15,1,1,medium,40.612493785569356,49.06640625
15,1,1,medium,56.29514483882123,51.06640625
15,1,1,medium,58.64869394067365,53.08203125
15,1,1,medium,54.13622764254819,55.08203125
15,1,1,medium,42.2267112262461,57.08203125
15,0,3,large,0.1378386269290718,2.9921875
15,0,3,large,6.594040686708743,4.98828125
15,0,3,large,4.156597030403655,7.00390625
15,0,3,large,1.102431384389501,9.00390625
15,0,3,large,0.2905977578940321,11.00390625
15,0,3,large,0.3205733634258634,13.00390625
15,0,3,large,0.8707465964562322,15.00390625
15,0,3,large,0.2307901039449403,17.00390625
15,0,3,large,0.1184063491313046,19.015625
15,0,3,large,0.10741411436806775,21.04296875
15,0,3,large,10.993993753755529,23.04296875
15,0,3,large,26.69238456698528,25.0546875
15,0,3,large,30.170592670570713,27.05859375
15,0,3,large,32.50386020585784,29.0703125
15,0,3,medium,39.001916086164755,31.0703125
15,0,3,medium,71.70905746793929,33.08203125
15,0,3,medium,48.140176402146245,35.09765625
15,0,3,medium,76.11942551076334,37.109375
15,0,3,medium,98.05883390795762,39.12109375
15,0,3,medium,99.76881513653309,41.13671875
15,0,3,medium,99.9839364778158,43.13671875
15,0,3,medium,99.99865283198369,45.1328125
15,0,3,medium,99.70178447857936,47.13671875
15,0,3,medium,99.79284000300825,49.17578125
15,0,3,medium,98.49758754184572,51.203125
15,1,2,large,10.127321510812822,2.9921875
15,1,2,large,30.011786309378934,4.9921875
15,1,2,large,36.033829661151714,6.9921875
15,1,2,large,36.14260938052671,8.9921875
15,1,2,large,37.4147389747893,10.9921875
15,1,2,large,30.289558597501845,12.9921875
15,1,2,large,21.134826929624772,14.9921875
15,1,2,large,30.63786863138952,17.00390625
15,1,2,large,17.505806988228308,19.00390625
15,1,2,large,17.63548529314981,21.00390625
15,1,2,large,18.628080235554187,23.00390625
15,1,2,large,20.27984280147215,25.015625
15,1,2,large,33.76974752217585,27.015625
15,1,2,large,76.95305188185642,29.015625
15,1,2,medium,67.93713437082883,31.03125
15,1,2,medium,34.47364588878668,33.02734375
15,1,2,medium,32.98387275010643,35.02734375
15,1,2,medium,23.207385400544364,37.02734375
15,1,2,medium,17.60053287598396,39.0546875
15,1,2,medium,7.290368870021914,41.0546875
15,0,3,large,53.440817071195625,2.984375
15,0,3,large,31.678508440905894,4.984375
15,0,3,large,17.10593369594988,7.0078125
15,0,3,large,11.564683904519061,9.0078125
15,0,3,large,5.316397170872039,11.0234375
15,0,3,large,10.874570967967527,13.02734375
15,0,3,large,4.924048687041235,15.03515625
15,0,3,large,14.368235538623125,17.04296875
15,0,3,large,39.29712288488656,19.0625
15,0,3,large,33.01086367907086,21.1015625
15,0,3,large,31.485648163279762,23.1015625
15,0,3,large,25.958678568131255,25.140625
15,0,3,large,35.599579009629,27.140625
15,0,3,large,27.268366443248286,29.140625
15,0,3,medium,67.69184629984949,31.15234375
15,0,3,medium,77.81807198130417,33.16796875
15,0,3,medium,95.92268413607275,35.1953125
15,0,3,medium,99.31970361186032,37.22265625
15,0,3,medium,97.18223364437233,39.23046875
15,0,3,medium,94.23430225802386,41.24609375
15,0,3,medium,79.86034434981188,43.26171875
15,0,3,medium,75.83356326672283,45.26171875
15,0,3,medium,64.2681253872232,47.2734375
15,0,3,medium,76.95250144767878,49.3125
15,0,3,medium,69.32778676705875,51.32421875
15,0,3,medium,93.23445402117068,53.3515625
15,0,3,medium,93.87124743361764,55.3671875
15,0,3,medium,97.78361819855927,57.37890625
15,1,2,large,6.242183879008772,2.9921875
15,1,2,large,48.03524125479754,4.9921875
15,1,2,large,54.64458439120046,6.9921875
15,1,2,large,73.70890821983309,8.9921875
15,1,2,large,62.447316905935125,10.9921875
15,1,2,large,51.89360224766269,13.00390625
15,1,2,large,37.01654769716677,15.00390625
15,1,2,large,24.939028408895894,17.00390625
15,1,2,large,24.248412722660458,19.00390625
15,1,2,large,17.630570018620055,21.015625
15,1,2,large,25.286733081572713,23.015625
15,1,2,large,21.132333714613896,25.015625
15,1,2,large,22.560063562606434,27.015625
15,1,2,large,54.47208660627828,29.015625
15,1,2,medium,54.39333375717608,31.04296875
15,1,2,medium,49.231726357380566,33.08203125
15,1,2,medium,82.80328757447705,35.08203125
15,0,2,large,10.353334480580983,2.984375
15,0,2,large,24.573120886396026,4.99609375
15,0,2,large,25.918364022861716,6.99609375
15,0,2,large,28.21057344574052,8.99609375
15,0,2,large,19.381946316326598,11.0078125
15,0,2,large,37.31089416162593,13.0078125
15,0,2,large,16.309380494877093,15.0078125
15,0,2,large,29.669865472778774,17.0078125
15,0,2,large,42.25271265799689,19.0234375
15,0,2,large,31.385199853456896,21.0625
15,0,2,large,14.97367750505078,23.08203125
15,0,2,large,44.96395486588722,25.07421875
15,0,2,large,35.90486911295248,27.09375
15,0,2,large,23.172783089534718,29.1015625
15,0,2,medium,33.537856068089766,31.1015625
15,0,2,medium,55.2675791679825,33.1015625
15,0,2,medium,54.97802632691838,35.11328125
15,0,2,medium,33.1178558967969,37.11328125
15,0,2,medium,24.373537252508513,39.11328125
15,0,2,medium,46.9583520781749,41.11328125
15,0,2,medium,54.71270590235198,43.125
15,0,2,medium,57.2086671195342,45.125
15,0,2,medium,59.696200072001346,47.140625
15,0,2,medium,50.15520310525819,49.1796875
15,0,2,medium,36.70339479821092,51.19140625
15,0,2,medium,32.784249343230236,53.20703125
15,0,2,medium,59.745328184808784,55.23046875
15,0,2,medium,42.722321469713634,57.23046875
15,0,2,medium,18.898602540916922,59.24609375
15,0,2,small,13.243620151205018,61.2578125
15,0,2,small,13.542689992473937,63.26953125
15,1,3,large,3.6551238401398796,2.9921875
15,1,3,large,7.848097198195943,4.9921875
15,1,3,large,32.99420655290745,6.9921875
15,1,3,large,42.554081739874604,8.99609375
15,1,3,large,19.0650915198135,10.9921875
15,1,3,large,30.153072480036407,12.9921875
15,1,3,large,51.59008093857253,14.9921875
15,1,3,large,54.75489141290142,16.9921875
15,1,3,large,74.31633369364783,19.00390625
15,1,3,large,60.38374934770738,21.015625
15,1,3,large,33.691524726565525,23.015625
15,1,3,large,14.81625918853977,25.046875
15,1,3,large,14.242293751100362,27.04296875
15,1,3,large,13.664222486869292,29.04296875
15,1,3,medium,62.53121749612184,31.04296875
15,1,3,medium,22.15168322419548,33.0546875
15,0,2,large,1.5004161452946614,2.984375
15,0,2,large,5.107425896152058,4.984375
15,0,2,large,7.679618887714705,6.984375
15,0,2,large,8.580435937306028,8.984375
15,0,2,large,11.108832312760759,10.984375
15,0,2,large,18.56178514245167,12.984375
15,0,2,large,35.10362925433644,14.984375
15,0,2,large,44.05227986289297,16.984375
15,0,2,large,81.06720607025846,19.01171875
15,0,2,large,72.68221333094743,21.05078125
15,0,2,large,27.991009876191786,23.05078125
15,0,2,large,19.095390412626465,25.078125
15,0,2,large,24.740636090458246,27.08984375
15,0,2,large,15.075361617584905,29.08984375
15,0,2,medium,68.39565365002728,31.1015625
15,0,2,medium,37.850806853382906,33.11328125
15,0,2,medium,45.633524363677736,35.12890625
15,0,2,medium,18.817331560076497,37.12890625
15,0,2,medium,7.25018761141828,39.140625
15,0,2,medium,3.954845297681228,41.14453125
15,0,2,medium,2.2940049550516974,43.14453125
15,0,2,medium,4.876150534232183,45.14453125
15,0,2,medium,11.121586530381965,47.15625
15,0,2,medium,32.221194863661715,49.18359375
15,0,2,medium,28.2001008504352,51.1953125
15,0,2,medium,57.18564809893438,53.22265625
15,0,2,medium,59.86291743454087,55.22265625
15,0,2,medium,68.20215976994734,57.22265625
15,0,2,medium,67.94801307412808,59.234375
15,0,2,small,49.38205678107938,61.24609375
15,0,2,small,68.7424407241452,63.26171875
15,0,2,small,93.43127781568687,65.2734375
15,1,3,large,27.691845617145884,2.9921875
15,1,3,large,27.94361104895514,4.9921875
15,1,3,large,32.66390148985434,6.9921875
15,1,3,large,37.63176549190442,8.9921875
15,1,3,large,15.03159982981932,10.9921875
15,1,3,large,12.404930831838136,12.9921875
15,1,3,large,50.102470898839975,15.00390625
15,1,3,large,40.46022281146736,17.00390625
15,1,3,large,12.551122499451814,19.00390625
15,1,3,large,12.875623371190754,21.015625
15,1,3,large,21.540944794873383,23.015625
15,1,3,large,39.790768839360894,25.015625
15,1,3,large,17.92891310773451,27.03125
15,1,3,large,30.630386689393607,29.02734375
15,1,3,medium,45.409767594544924,31.03125
15,1,3,medium,30.22856781082455,33.04296875
15,1,3,medium,56.659748506501856,35.046875
15,1,3,medium,56.67946827287556,37.04296875
15,1,3,medium,62.923788428201746,39.04296875
15,1,3,medium,49.04526263438262,41.0546875
15,1,3,medium,40.420549134533346,43.0546875
15,1,3,medium,23.926541268240857,45.0546875
15,1,3,medium,29.774744823741987,47.0546875
15,1,3,medium,29.509211145080823,49.06640625
15,1,3,medium,37.240915487850266,51.06640625
15,1,3,medium,52.43960421374493,53.08203125
15,1,3,medium,31.27265242412441,55.0859375
15,1,3,medium,34.82382290235868,57.08203125
15,1,3,medium,50.4627478696185,59.08203125
15,1,3,small,29.06296811135615,61.08203125
15,1,3,small,12.158016453339716,63.09375
15,1,3,small,24.73517949994222,65.09375
15,0,1,large,0.0,2.9921875
15,0,1,large,9.546595458711735e-05,4.9921875
15,0,1,large,0.21934608425643407,6.9921875
15,0,1,large,0.05781900006688728,8.9921875
15,0,1,large,0.01524092294634455,10.9921875
15,0,1,large,0.595390168289316,12.9921875
15,0,1,large,0.36631651302005214,15.00390625
15,0,1,large,3.3273026021091243,17.00390625
15,0,1,large,21.344949306419128,19.00390625
15,0,1,large,49.57505215602404,21.03125
15,0,1,large,50.974237870093035,23.05859375
15,0,1,large,22.748333115713116,25.05859375
15,0,1,large,23.513077669490386,27.05859375
15,0,1,large,25.939201639244587,29.0703125
15,0,1,medium,42.75595561323839,31.08203125
15,0,1,medium,45.355293600143376,33.09765625
15,0,1,medium,42.403534654732404,35.109375
15,0,1,medium,40.773939353749626,37.109375
15,0,1,medium,79.54669743995747,39.125
15,0,1,medium,74.24921051001813,41.125
15,0,1,medium,40.376106009167785,43.13671875
15,0,1,medium,34.8248619395875,45.13671875
15,0,1,medium,29.916155576822977,47.1484375
15,0,1,medium,29.10562860984547,49.203125
15,0,1,medium,13.805642728003436,51.21484375
15,0,1,medium,36.6961696104636,53.2265625
15,0,1,medium,48.41187220796449,55.2421875
15,0,1,medium,57.839398514580154,57.25390625
15,0,1,medium,60.40848082137869,59.25390625
15,0,1,small,96.16779627928847,61.29296875
15,1,1,large,0.03146916347907423,2.9921875
15,1,1,large,0.5912967756847107,5.00390625
15,1,1,large,12.845302191968292,7.00390625
15,1,1,large,12.398965896142478,9.00390625
15,1,1,large,13.279697918308042,11.00390625
15,1,1,large,13.874549185062909,13.00390625
15,1,1,large,6.772140049840891,15.00390625
15,1,1,large,5.697332407557338,17.00390625
15,1,1,large,6.718190547852884,19.00390625
15,1,1,large,7.745745657439807,21.00390625
15,1,1,large,23.03519044262862,23.00390625
15,1,1,large,14.691571892376128,25.00390625
15,1,1,large,16.49706881172672,27.00390625
15,1,1,large,7.393869935254228,29.0
15,1,1,medium,34.28199062841553,31.015625
15,1,1,medium,58.55982453383649,33.015625
15,1,1,medium,40.51104131516354,35.015625
15,1,1,medium,33.629957110925915,37.01953125
15,1,1,medium,57.33649607808272,39.015625
15,1,1,medium,42.603648127879026,41.02734375
15,1,1,medium,57.81542700788348,43.02734375
15,1,1,medium,48.08096371420726,45.02734375
15,1,1,medium,18.75210040325409,47.02734375
15,1,1,medium,7.123364221178573,49.02734375
15,1,1,medium,4.488358697325015,51.02734375
15,1,1,medium,41.731123241831995,53.0390625
15,1,1,medium,88.90432227039446,55.0546875
15,0,3,large,0.06806703902222194,2.9921875
15,0,3,large,0.02023448478703599,4.9921875
15,0,3,large,0.0053337522811089146,6.9921875
15,0,3,large,0.08419978216420856,8.99609375
15,0,3,large,0.4303009398700401,10.9921875
15,0,3,large,0.3118368969020236,13.01171875
15,0,3,large,1.1905728803600941,15.00390625
15,0,3,large,4.260741370358239,17.00390625
15,0,3,large,1.793450856004894,19.00390625
15,0,3,large,1.1897361926527577,21.03125
15,0,3,large,0.37560576421998926,23.03125
15,0,3,large,0.30056840491222103,25.04296875
15,0,3,large,0.5589878635383938,27.04296875
15,0,3,large,0.21549181107378027,29.046875
15,0,3,medium,4.395365917675487,31.0703125
15,0,3,medium,6.289823084426648,33.08984375
15,0,3,medium,11.015946744553148,35.08203125
15,0,3,medium,4.899875668366395,37.08203125
15,0,3,medium,14.639838763862365,39.08203125
15,0,3,medium,30.46464283814717,41.08203125
15,0,3,medium,29.872552871658097,43.09375
15,0,3,medium,10.70883340533223,45.09375
15,0,3,medium,38.53521439458629,47.09375
15,0,3,medium,42.80613659509009,49.12109375
15,0,3,medium,48.138298802365384,51.1328125
15,0,3,medium,21.41109925818703,53.1484375
15,0,3,medium,41.139125662482954,55.1484375
15,0,3,medium,52.88516474084687,57.16015625
15,0,3,medium,56.35517534305516,59.16015625
15,0,3,small,53.89622371863071,61.17578125
15,0,3,small,37.26450747303615,63.203125
15,0,3,small,19.83942334446421,65.21484375
15,1,2,large,0.0007960785504485941,2.9921875
15,1,2,large,0.36494354996620226,4.9921875
15,1,2,large,4.133361669595612,7.00390625
15,1,2,large,2.160357370340993,9.00390625
15,1,2,large,3.1381153984661276,11.00390625
15,1,2,large,5.3074219805841025,13.00390625
15,1,2,large,14.220027463505343,15.00390625
15,1,2,large,16.078706875949997,17.01953125
15,1,2,large,11.09726078310391,19.01953125
15,1,2,large,26.236849384105142,21.03125
15,1,2,large,19.882489189525806,23.03125
15,1,2,large,37.79135924464941,25.04296875
15,1,2,large,40.21449650057039,27.04296875
15,1,2,large,27.527666696989453,29.05859375
15,1,2,medium,15.789872263296889,31.05859375
15,1,2,medium,7.589038494466599,33.05859375
15,1,2,medium,8.448267785034467,35.0546875
15,1,2,medium,34.06959505392988,37.0703125
15,1,2,medium,23.892612754772575,39.0703125
15,1,2,medium,13.50184561617294,41.0703125
15,1,2,medium,18.834710194103003,43.0703125
15,1,2,medium,29.441815005709323,45.06640625
15,1,2,medium,11.246866257363166,47.06640625
15,1,2,medium,8.597731775870592,49.08203125
15,1,2,medium,13.42595935503888,51.08203125
15,1,2,medium,9.51892325401934,53.08203125
15,1,2,medium,20.293952871627564,55.08203125
15,1,2,medium,26.18899046570087,57.08203125
15,1,2,medium,54.92545375370044,59.109375
15,1,2,small,51.64674724609266,61.12109375
15,0,1,large,0.0,2.9921875
15,0,1,large,0.3053856710064924,4.9921875
15,0,1,large,5.233735656552312,6.9921875
15,0,1,large,5.101686621747506,8.9921875
15,0,1,large,25.800574261717554,10.9921875
15,0,1,large,29.79897888339688,13.00390625
15,0,1,large,24.837255171002738,15.00390625
15,0,1,large,27.288357280912034,17.00390625
15,0,1,large,45.566658049381545,19.00390625
15,0,1,large,54.74834281482501,21.04296875
15,0,1,large,58.22318026775679,23.08203125
15,0,1,large,38.95623266922992,25.08203125
15,0,1,large,45.81828999154851,27.09765625
15,0,1,large,33.10568685534737,29.09375
15,0,1,medium,35.4673056503717,31.09765625
15,0,1,medium,40.01118650220616,33.109375
15,0,1,medium,55.521314796537304,35.12109375
15,0,1,medium,42.02916762164279,37.12109375
15,0,1,medium,37.42312739999683,39.13671875
15,0,1,medium,37.182169440193135,41.1328125
15,0,1,medium,20.48098088427805,43.1328125
15,0,1,medium,19.476288561770033,45.1484375
15,0,1,medium,58.32358239650252,47.1484375
15,0,1,medium,64.71981623277318,49.1875
15,0,1,medium,53.932001303637485,51.203125
15,0,1,medium,55.62439723744591,53.23046875
15,0,1,medium,61.03749849475987,55.2265625
15,0,1,medium,58.59680054255692,57.2265625
15,0,1,medium,29.52929352599575,59.25390625
15,0,1,small,41.17850800074724,61.26953125
15,0,1,small,69.3043711187171,63.30859375
15,0,1,small,47.4050900561877,65.3125
15,0,1,small,19.522701455290445,67.3203125
15,0,1,small,36.24473068358395,69.33203125
15,0,1,small,37.91127299209895,71.34765625
15,0,1,small,19.728226305312425,73.359375
15,0,1,small,25.541897529467093,75.359375
15,0,1,small,18.441496990788576,77.3984375
15,0,1,small,21.585707237785435,79.42578125
15,0,1,small,12.584647007314476,81.453125
15,0,1,small,8.863284596251038,83.46484375
15,0,1,small,28.683560220587104,85.46484375
15,0,1,small,24.177024474167474,87.46484375
15,1,3,large,1.8562967258390617,2.984375
15,1,3,large,19.844708578250227,4.984375
15,1,3,large,36.11044414286596,6.984375
15,1,3,large,68.67951988062924,8.984375
15,1,3,large,43.84041654122397,10.984375
15,1,3,large,70.14116762862926,12.984375
15,1,3,large,74.05838146236019,14.984375
15,1,3,large,44.8879533387074,16.984375
15,1,3,large,76.10448903393524,18.984375
15,1,3,large,72.12441949586972,21.0
15,1,3,large,48.599060165961944,23.00390625
15,1,3,large,35.58340436148285,25.01171875
15,1,3,large,15.931591314538784,27.01171875
15,1,3,large,14.876233352760892,29.01953125
15,1,3,medium,19.40170174248368,31.0078125
15,1,3,medium,30.76270984970025,33.0078125
15,1,3,medium,49.6397968489701,35.0078125
15,1,3,medium,55.962557038921645,37.0078125
15,1,3,medium,62.655076807643745,39.0234375
15,1,3,medium,38.71651181237352,41.0234375
15,1,3,medium,50.19499696615189,43.0234375
15,1,3,medium,48.4642492460721,45.0234375
15,1,3,medium,55.94843520369781,47.0234375
15,1,3,medium,35.07441204317625,49.03515625
15,1,3,medium,23.878864766909594,51.03515625
15,1,3,medium,23.494819894747913,53.03515625
15,1,3,medium,9.191423216046172,55.046875
15,1,3,medium,17.169939463236243,57.046875
15,1,3,medium,37.017523028067274,59.046875
15,1,3,small,17.179834820870447,61.046875
15,1,3,small,5.888495934116744,63.046875
15,1,3,small,10.370086941385281,65.0625
15,0,2,large,2.053139623389895,2.9921875
15,0,2,large,40.8148169690582,4.9921875
15,0,2,large,17.456576524382598,7.00390625
15,0,2,large,6.7513151283167865,9.00390625
15,0,2,large,3.676595354903801,11.00390625
15,0,2,large,1.2244615909229142,13.00390625
15,0,2,large,2.909656349980806,15.00390625
15,1,1,large,0.0,2.9921875
15,1,1,large,0.0,4.9921875
15,1,1,large,0.0,6.9921875
15,1,1,large,0.7391187163518131,8.9921875
15,1,1,large,0.45797894412127277,11.00390625
15,1,1,large,0.1497848077315279,13.00390625
15,1,1,large,0.7326910266105925,15.00390625
15,1,1,large,0.7248887071798434,17.015625
15,1,1,large,12.23094674967357,19.015625
15,1,1,large,17.564185540028888,21.03125
15,1,1,large,35.20782259488745,23.03125
15,1,1,large,21.504643685975438,25.03125
15,1,1,large,40.308996041619956,27.04296875
15,1,1,large,38.522439378641394,29.04296875
15,1,1,medium,58.08135925268701,31.04296875
15,1,1,medium,51.7807930553065,33.0703125
15,0,2,large,0.0,2.984375
15,0,2,large,0.03734970748109639,4.984375
15,0,2,large,2.4979571523678095,7.03515625
15,0,2,large,9.427447545780765,9.05078125
15,0,2,large,14.106826543487776,11.05078125
15,0,2,large,33.63694970835414,13.05078125
15,0,2,large,23.60953177296356,15.05078125
15,0,2,large,11.035445785120796,17.05078125
15,0,2,large,9.983875068300883,19.07421875
15,0,2,large,3.97099076299405,21.1015625
15,0,2,large,1.3052452551562783,23.11328125
15,0,2,large,0.7993874171114475,25.12890625
15,0,2,large,3.72936410408141,27.12890625
15,0,2,large,13.094336223152686,29.140625
15,0,2,medium,25.06555139588609,31.15234375
15,0,2,medium,55.78758328555234,33.16796875
15,0,2,medium,59.278644728150695,35.1796875
15,0,2,medium,37.03123535074939,37.1953125
15,0,2,medium,28.92784502242211,39.20703125
15,0,2,medium,49.399484929806206,41.21875
15,0,2,medium,52.585356311853104,43.25390625
15,0,2,medium,26.625096135630752,45.26171875
15,0,2,medium,35.99870843311106,47.2734375
15,0,2,medium,28.935412358140283,49.3125
15,0,2,medium,25.2117266319034,51.328125
15,0,2,medium,73.0645847524794,53.328125
15,0,2,medium,44.11668532504311,55.33984375
15,0,2,medium,25.30600022163387,57.33984375
15,0,2,medium,36.32443395146504,59.3515625
15,0,2,small,55.31901169007418,61.37890625
15,0,2,small,67.59988262218742,63.37890625
15,1,3,large,5.78721913692279,2.9921875
15,1,3,large,9.372450865542074,4.9921875
15,1,3,large,7.09820814634001,6.9921875
15,1,3,large,6.898262621613317,9.00390625
15,1,3,large,2.8716948435323655,11.00390625
15,1,3,large,1.981267565747251,13.00390625
15,1,3,large,3.8662778397862563,15.00390625
15,1,3,large,4.219937686903002,17.00390625
15,1,3,large,2.9556403304552212,19.00390625
15,1,3,large,3.5573329590976126,21.015625
15,1,3,large,4.1234420630115025,23.015625
15,1,3,large,2.2044878674623885,25.015625
15,1,3,large,2.712587401134466,27.015625
15,1,3,large,7.7525147178194675,29.015625
15,1,3,medium,20.56787395048847,31.02734375
15,1,3,medium,32.48708585254764,33.02734375
15,1,3,medium,42.66877801341569,35.02734375
15,1,3,medium,25.406614065019625,37.04296875
15,1,3,medium,22.417235835993132,39.06640625
15,1,3,medium,84.99300204403778,41.08203125
15,0,3,large,9.48258575592195,2.9921875
15,0,3,large,23.310714894878725,4.99609375
15,0,3,large,17.83548002929752,7.00390625
15,0,3,large,13.912174770460021,9.00390625
15,0,3,large,35.36063909704018,11.03125
15,0,3,large,31.70780910282034,13.05078125
15,0,3,large,28.553727728255115,15.04296875
15,0,3,large,26.210872897947493,17.0546875
15,0,3,large,39.8251317709872,19.0703125
15,0,3,large,24.996384886735363,21.13671875
15,0,3,large,7.689620056692705,23.1484375
15,0,3,large,4.609904116119336,25.1484375
15,0,3,large,11.275840825325925,27.1484375
15,0,3,large,26.163189879950586,29.1484375
15,0,3,medium,49.91399689293796,31.19140625
15,0,3,medium,37.028798908774355,33.1953125
15,0,3,medium,34.36812997974203,35.21484375
15,0,3,medium,36.53296641975366,37.21875
15,0,3,medium,45.476334147918635,39.23046875
15,0,3,medium,64.99166312453153,41.23046875
15,0,3,medium,36.10039003857561,43.2421875
15,0,3,medium,48.330449151117534,45.24609375
15,0,3,medium,60.512301989102355,47.25390625
15,0,3,medium,35.2463386243204,49.28125
15,0,3,medium,26.19322975435909,51.29296875
15,0,3,medium,61.581365701663785,53.30859375
15,0,3,medium,52.150605695904815,55.3359375
15,0,3,medium,69.9235112785181,57.359375
15,0,3,medium,91.75162915462452,59.359375
15,0,3,small,94.19095626139453,61.38671875
15,0,3,small,79.57641236308712,63.4140625
15,0,3,small,60.74449599703375,65.4140625
15,1,1,large,19.078754476223274,2.99609375
15,1,1,large,27.31414096441278,4.99609375
15,1,1,large,32.41400054940948,6.99609375
15,1,1,large,19.5393080873925,9.0078125
15,1,1,large,5.5195819640133506,11.0078125
15,1,1,large,1.92641895824039,13.0078125
15,1,1,large,0.8336849740940238,15.0078125
15,1,1,large,2.7107542581257063,17.0078125
15,1,1,large,5.727626621500354,19.0078125
15,1,1,large,18.337439565095146,21.0234375
15,1,1,large,35.64550020275203,23.0234375
15,1,1,large,24.670614817108152,25.0234375
15,1,1,large,41.793450601294,27.0234375
15,1,1,large,56.56863460670951,29.03515625
15,1,1,medium,36.91935288316055,31.03515625
15,1,1,medium,38.7809066300291,33.0546875
15,1,1,medium,64.92739768891154,35.0625
15,0,1,large,0.002049904834281942,2.984375
15,0,1,large,0.0005403490477263148,4.984375
15,0,1,large,0.000140935371590966,7.0
15,0,1,large,3.724894963323615e-05,8.99609375
15,0,1,large,9.818716521137927e-06,10.99609375
15,0,1,large,0.009723743090179832,13.01171875
15,0,1,large,0.15465614785343684,15.01171875
15,0,1,large,0.055670631480337025,17.01171875
15,0,1,large,0.014410589145495123,19.0390625
15,0,1,large,0.0037389350147205127,21.0625
15,0,1,large,0.002636817045083333,23.0625
15,0,1,large,0.5430280116316413,25.0625
15,0,1,large,3.923646279190477,27.078125
15,0,1,large,2.8988613249017394,29.08984375
15,0,1,medium,12.033432643372311,31.1171875
15,0,1,medium,11.458948720903809,33.1171875
15,0,1,medium,11.053126469119643,35.1171875
15,0,1,medium,9.527129944969001,37.12890625
15,0,1,medium,21.285523194884014,39.12890625
15,0,1,medium,29.246840610874802,41.12890625
15,0,1,medium,19.592536466113163,43.140625
15,0,1,medium,25.53734454113641,45.140625
15,0,1,medium,43.33332602527557,47.15625
15,0,1,medium,50.55538134421557,49.18359375
15,0,1,medium,42.89492286388965,51.1953125
15,0,1,medium,59.76347490639068,53.20703125
15,0,1,medium,55.22648111790526,55.22265625
15,0,1,medium,36.75689887311249,57.22265625
15,0,1,medium,45.311326656436634,59.234375
15,0,1,small,48.471703648106846,61.26171875
15,0,1,small,65.12031801797839,63.2734375
15,0,1,small,57.04304550032902,65.2734375
15,1,2,large,30.698554396085626,2.98828125
15,1,2,large,36.98085280467858,4.98828125
15,1,2,large,36.14448196412952,7.00390625
15,1,2,large,20.95484124694249,9.00390625
15,1,2,large,31.662484704902614,11.00390625
15,1,2,large,24.159522281630395,13.00390625
15,1,2,large,18.411315470513664,15.015625
15,1,2,large,15.01229571533597,17.015625
15,1,2,large,37.26539022316072,19.015625
15,1,2,large,59.21136422250451,21.02734375
15,1,2,large,32.68625221341375,23.04296875
15,1,2,large,31.96145200690992,25.04296875
15,1,2,large,38.6685499635133,27.04296875
15,1,2,large,36.19387973232806,29.0390625
15,1,2,medium,40.653679173991875,31.0390625
15,1,2,medium,65.47522257738851,33.06640625
