subject,condition,t,tb,arousal,above_fixed,above_tuned,above_subject,above_adaptive,sustained,excess_fixed,excess_adaptive,rate,crash
0,2,0,0,0.0,0.0,0.0,0.0,0.0,0.0,0.0,0.0,0.0,0.0
0,2,1,0,21.79547076014847,1.0,1.0,1.0,1.0,0.0,13.373704493692397,13.373704493692397,21.79547076014847,0.0
0,2,2,0,29.31544883621691,1.0,1.0,1.0,1.0,0.0,20.496483528524074,13.064498988681834,14.657724418108455,0.0
0,2,3,0,21.726090226527457,1.0,1.0,1.0,1.0,1.0,12.537464568327033,6.581261043936122,7.2420300755091525,0.0
0,2,4,0,15.70561701574259,1.0,1.0,1.0,1.0,1.0,6.170313938419039,1.3197491322308714,-2.029951248135293,0.0
0,2,5,1,15.380921913884315,1.0,1.0,1.0,1.0,1.0,5.517368589477394,1.483331871445273,-4.644842307444198,0.0
0,2,6,1,22.921004339989732,1.0,1.0,1.0,1.0,1.0,12.604075414051641,9.152654925882752,0.398304704487425,0.0
0,2,7,1,36.717611154240814,1.0,1.0,1.0,1.0,1.0,25.672973407253497,21.115432549344376,7.003998046166075,0.0
0,2,8,1,59.6411528264589,1.0,1.0,1.0,1.0,1.0,47.89958431570848,38.277245743831195,14.753410304191528,0.0
0,2,9,1,78.08200265580844,1.0,1.0,1.0,1.0,1.0,65.66397827488882,50.227436977169106,18.386999438606235,0.0
0,2,10,2,72.64358044290485,1.0,1.0,1.0,1.0,1.0,59.55927192171768,42.16679437697963,11.975323096221345,0.0
0,2,11,2,45.877939866244006,1.0,1.0,1.0,1.0,1.0,32.1272157709987,17.48178103337196,-4.5877376534049645,0.0
0,2,12,2,25.267150780336983,1.0,1.0,1.0,0.0,1.0,10.839576513550721,0.0,-17.60495062515715,0.0
0,2,13,2,15.051028064930303,0.0,0.0,0.0,0.0,0.0,0.0,0.0,-19.197517459324846,0.0
0,2,14,2,11.557318158226176,0.0,0.0,0.0,0.0,0.0,0.0,0.0,-11.440207236005945,0.0
0,2,15,3,10.682731945304589,0.0,0.0,0.0,0.0,0.0,0.0,0.0,-4.8614729450107985,0.0
0,2,16,3,12.420072155478085,0.0,0.0,0.0,0.0,0.0,0.0,0.0,-0.8769853031507395,0.0
0,2,17,3,32.51703470909146,1.0,1.0,1.0,0.0,0.0,14.18807989312976,0.0,6.986572183621763,0.0
0,2,18,3,46.75341943984459,1.0,1.0,1.0,1.0,0.0,27.46864042990801,13.433432830945264,12.02356249818,0.0
0,2,19,3,32.09938631429026,1.0,1.0,1.0,0.0,1.0,11.776226367050306,0.0,6.559771386270724,0.0
0,2,20,4,18.071902481912304,0.0,0.0,0.0,0.0,0.0,0.0,0.0,-4.815044075726386,0.0
0,2,21,4,10.938194206926173,0.0,0.0,0.0,0.0,0.0,0.0,0.0,-11.938408410972807,0.0
0,2,22,4,7.260098839509978,0.0,0.0,0.0,0.0,0.0,0.0,0.0,-8.279762491593425,0.0
0,2,23,4,5.750222364248261,0.0,0.0,0.0,0.0,0.0,0.0,0.0,-4.1072267058880145,0.0
0,2,24,4,5.953760822948839,0.0,0.0,0.0,0.0,0.0,0.0,0.0,-1.6614777946591115,0.0
0,2,25,5,10.164681892041862,0.0,0.0,0.0,0.0,0.0,0.0,0.0,0.9681943508439614,0.0
0,2,26,5,18.250426061656032,0.0,0.0,0.0,0.0,0.0,0.0,0.0,4.1667345658025905,0.0
0,2,27,5,20.071057218220496,0.0,0.0,0.0,0.0,0.0,0.0,0.0,4.705765465090552,0.0
0,2,28,5,20.164532785655886,0.0,0.0,0.0,0.0,0.0,0.0,0.0,3.3332836312046745,0.0
0,2,29,5,19.392511136434255,0.0,0.0,0.0,0.0,0.0,0.0,0.0,0.38069502492607415,0.0
0,2,30,6,16.90669266385625,0.0,0.0,0.0,0.0,0.0,0.0,0.0,-1.0547881847880813,0.0
0,2,31,6,17.828730833173438,0.0,0.0,0.0,0.0,0.0,0.0,0.0,-0.7786006508274829,0.0
0,2,32,6,17.539831847926408,0.0,0.0,0.0,0.0,0.0,0.0,0.0,-0.617559762835949,0.0
0,2,33,6,17.885023186653576,0.0,0.0,0.0,0.0,0.0,0.0,0.0,0.32611017426577504,0.0
0,2,34,6,32.003018565265535,0.0,0.0,0.0,0.0,0.0,0.0,0.0,4.724762577364032,1.0
0,2,35,7,40.18625257972593,0.0,0.0,0.0,1.0,0.0,0.0,3.661829010420071,7.548806910599841,1.0
0,2,36,7,31.900730376392886,0.0,0.0,0.0,0.0,0.0,0.0,0.0,4.67190239657977,1.0
0,2,37,7,22.37572119706153,0.0,0.0,0.0,0.0,0.0,0.0,0.0,-3.2090991227346684,1.0
0,2,38,7,16.647658490755212,0.0,0.0,0.0,0.0,0.0,0.0,0.0,-7.8461980296569065,1.0
0,3,0,0,0.0,0.0,0.0,0.0,0.0,0.0,0.0,0.0,0.0,0.0
0,3,1,0,4.6452683865882065,0.0,0.0,0.0,0.0,0.0,0.0,0.0,4.6452683865882065,0.0
0,3,2,0,4.255784990940592,0.0,0.0,0.0,0.0,0.0,0.0,0.0,2.127892495470296,0.0
0,3,3,0,2.324142691222462,0.0,0.0,0.0,0.0,0.0,0.0,0.0,0.7747142304074873,0.0
0,3,4,0,1.201487871688574,0.0,0.0,0.0,0.0,0.0,0.0,0.0,-1.1479268382998775,0.0
0,3,5,1,1.0058667166383386,0.0,0.0,0.0,0.0,0.0,0.0,0.0,-1.0833060914340844,0.0
0,3,6,1,2.7528684570315063,0.0,0.0,0.0,0.0,0.0,0.0,0.0,0.14290858860301472,0.0
0,3,7,1,7.781702457110469,0.0,0.0,0.0,0.0,0.0,0.0,0.0,2.193404861807298,0.0
0,3,8,1,13.614796864331002,1.0,0.0,1.0,1.0,0.0,1.8732283535805863,3.8299752391596904,4.202976715897554,0.0
0,3,9,1,9.049632928784487,0.0,0.0,0.0,0.0,0.0,0.0,0.0,2.0989214905843268,0.0
0,3,10,2,4.75387360397745,0.0,0.0,0.0,0.0,0.0,0.0,0.0,-1.009276284377673,0.0
0,3,11,2,2.7411378619413833,0.0,0.0,0.0,0.0,0.0,0.0,0.0,-3.62455300079654,0.0
0,3,12,2,4.341990178275038,0.0,0.0,0.0,0.0,0.0,0.0,0.0,-1.569214250169816,0.0
0,3,13,2,9.179502389293917,0.0,0.0,0.0,0.0,0.0,0.0,0.0,1.475209595105489,0.0
0,3,14,2,24.187299439842302,1.0,1.0,1.0,1.0,0.0,8.333508382756708,9.942648904470552,7.148720525966973,0.0
0,3,15,3,41.178918171118745,1.0,1.0,1.0,1.0,0.0,24.5551541678903,21.6486396386079,12.278975997614568,0.0
0,3,16,3,41.38833722315425,1.0,1.0,1.0,1.0,1.0,23.94295302153119,18.988051010000564,10.736278277953446,0.0
0,3,17,3,25.052202980386447,1.0,0.0,1.0,1.0,1.0,6.723248164424746,2.4474185759637805,0.2883011801813815,0.0
0,3,18,3,13.172022735234062,0.0,0.0,0.0,0.0,0.0,0.0,0.0,-9.33563181196156,0.0
0,3,19,3,7.089812887580692,0.0,0.0,0.0,0.0,0.0,0.0,0.0,-11.432841445191187,0.0
0,3,20,4,4.225387512454725,0.0,0.0,0.0,0.0,0.0,0.0,0.0,-6.9422718226439075,0.0
0,3,21,4,3.073483850751654,0.0,0.0,0.0,0.0,0.0,0.0,0.0,-3.3661796281608027,0.0
0,3,22,4,2.4654570730993037,0.0,0.0,0.0,0.0,0.0,0.0,0.0,-1.5414519381604628,0.0
0,3,23,4,3.38836739712524,0.0,0.0,0.0,0.0,0.0,0.0,0.0,-0.27900670510982845,0.0
0,3,24,4,4.620212859348855,0.0,0.0,0.0,0.0,0.0,0.0,0.0,0.515576336199067,0.0
0,3,25,5,3.525126123051706,0.0,0.0,0.0,0.0,0.0,0.0,0.0,0.35322301665080075,0.0
0,3,26,5,4.676475585339995,0.0,0.0,0.0,0.0,0.0,0.0,0.0,0.42936939607158503,0.0
0,3,27,5,10.921779903479726,0.0,0.0,0.0,0.0,0.0,0.0,0.0,2.1005223480436235,0.0
0,3,28,5,16.2067496238286,0.0,0.0,0.0,0.0,0.0,0.0,0.0,4.227207833592298,0.0
0,3,29,5,16.856307406628744,0.0,0.0,0.0,0.0,0.0,0.0,0.0,4.059943940429583,0.0
0,3,30,6,15.412884285566674,0.0,0.0,0.0,0.0,0.0,0.0,0.0,1.497034794028983,0.0
0,3,31,6,10.08426345010616,0.0,0.0,0.0,0.0,0.0,0.0,0.0,-2.0408287245741463,0.0
0,3,32,6,5.453175219930149,0.0,0.0,0.0,0.0,0.0,0.0,0.0,-3.801044062232865,0.0
0,3,33,6,2.8542952698378974,0.0,0.0,0.0,0.0,0.0,0.0,0.0,-4.186196338576259,0.0
0,3,34,6,2.67190250520981,0.0,0.0,0.0,0.0,0.0,0.0,0.0,-2.470786981632117,0.0
0,3,35,7,4.4712310925882495,0.0,0.0,0.0,0.0,0.0,0.0,0.0,-0.3273147091139664,0.0
0,3,36,7,12.872365576999297,0.0,0.0,0.0,0.0,0.0,0.0,0.0,3.3393567690537993,0.0
0,3,37,7,39.41708045332493,0.0,0.0,0.0,0.0,0.0,0.0,0.0,12.248392649371707,0.0
0,3,38,7,43.977798479824116,0.0,0.0,0.0,0.0,0.0,0.0,0.0,13.168855795745289,0.0
0,3,39,7,33.898078507656024,0.0,0.0,0.0,0.0,0.0,0.0,0.0,7.008570976885576,0.0
0,3,40,8,51.18422589287084,0.0,0.0,0.0,0.0,0.0,0.0,0.0,3.922381813181971,0.0
0,3,41,8,78.53381509073219,0.0,0.0,0.0,1.0,0.0,0.0,11.665265939831087,11.518672203636024,0.0
0,3,42,8,84.75247798747361,0.0,0.0,0.0,1.0,0.0,0.0,10.378968929624932,16.95146649327253,0.0
0,3,43,8,75.79353161548894,0.0,0.0,0.0,0.0,0.0,0.0,0.0,8.203101907539368,0.0
0,3,44,8,58.594422670059515,0.0,0.0,0.0,0.0,0.0,0.0,0.0,-6.646464140224225,0.0
0,3,45,9,58.052682837767705,0.0,0.0,0.0,0.0,0.0,0.0,0.0,-8.899931716568636,0.0
0,3,46,9,73.23804448320607,0.0,0.0,0.0,0.0,0.0,0.0,0.0,-0.8518290440942925,0.0
0,3,47,9,77.48890051279801,0.0,0.0,0.0,0.0,0.0,0.0,0.0,6.298159280912832,0.0
0,3,48,9,73.91841931265712,0.0,0.0,0.0,0.0,0.0,0.0,0.0,5.288578824963139,0.0
0,3,49,9,79.8725019503555,0.0,0.0,0.0,0.0,0.0,0.0,0.0,2.211485822383144,0.0
0,3,50,10,90.46569875827058,0.0,0.0,0.0,1.0,0.0,0.0,4.523902221785349,4.325599415157522,0.0
0,3,51,10,91.19766820705473,0.0,0.0,0.0,1.0,0.0,0.0,2.0255084449851495,5.75974963146587,0.0
0,3,52,10,83.1194018907286,0.0,0.0,0.0,0.0,0.0,0.0,0.0,1.0822999801243658,0.0
0,3,53,10,80.53945500994983,0.0,0.0,0.0,0.0,0.0,0.0,0.0,-3.3087479161069147,0.0
0,3,54,10,82.7825201934318,0.0,0.0,0.0,0.0,0.0,0.0,0.0,-2.8050493378743133,0.0
0,3,55,11,72.07597836756096,0.0,0.0,0.0,0.0,0.0,0.0,0.0,-3.681141174389211,0.0
0,3,56,11,43.00373255862362,0.0,0.0,0.0,0.0,0.0,0.0,0.0,-12.511907483775405,0.0
0,3,57,11,24.118161613383883,0.0,0.0,0.0,0.0,0.0,0.0,0.0,-19.554786193349305,0.0
0,3,58,11,29.74531409691975,0.0,0.0,0.0,0.0,0.0,0.0,0.0,-14.110221423547072,1.0
0,3,59,11,53.21211660140176,0.0,0.0,0.0,0.0,0.0,0.0,0.0,3.4027946809260476,1.0
0,3,60,11,59.408315711543835,0.0,0.0,0.0,0.0,0.0,0.0,0.0,11.76338469938665,1.0
0,3,61,11,58.45937256328243,0.0,0.0,0.0,0.0,0.0,0.0,0.0,9.571352822120893,1.0
0,3,62,11,69.37840150685548,0.0,0.0,0.0,0.0,0.0,0.0,0.0,5.388761635151241,1.0
0,1,0,0,0.0,0.0,0.0,0.0,0.0,0.0,0.0,0.0,0.0,0.0
0,1,1,0,0.07926635322830063,0.0,0.0,0.0,0.0,0.0,0.0,0.0,0.07926635322830063,0.0
0,1,2,0,0.18272303372987397,0.0,0.0,0.0,0.0,0.0,0.0,0.0,0.09136151686493699,0.0
0,1,3,0,0.21943587730311326,0.0,0.0,0.0,0.0,0.0,0.0,0.0,0.07314529243437108,0.0
0,1,4,0,0.48807196363689076,0.0,0.0,0.0,0.0,0.0,0.0,0.0,0.13626853680286338,0.0
0,1,5,1,1.877570566041168,0.0,0.0,0.0,0.0,0.0,0.0,0.0,0.5649491774370979,0.0
0,1,6,1,2.162605641358227,0.0,0.0,0.0,0.0,0.0,0.0,0.0,0.6477232546850379,0.0
0,1,7,1,1.7606649483761654,0.0,0.0,0.0,0.0,0.0,0.0,0.0,0.4241976615797582,0.0
0,1,8,1,1.3116110109189492,0.0,0.0,0.0,0.0,0.0,0.0,0.0,-0.18865318504073958,0.0
0,1,9,1,0.9005972567590899,0.0,0.0,0.0,0.0,0.0,0.0,0.0,-0.42066946153304574,0.0
0,1,10,2,1.6323028868018339,0.0,0.0,0.0,0.0,0.0,0.0,0.0,-0.0427873538581105,0.0
0,1,11,2,3.4734888133023722,0.0,0.0,0.0,0.0,0.0,0.0,0.0,0.7206259341278077,0.0
0,1,12,2,2.8865576440955145,0.0,0.0,0.0,0.0,0.0,0.0,0.0,0.6619867957788083,0.0
0,1,13,2,1.960446648614131,0.0,0.0,0.0,0.0,0.0,0.0,0.0,0.10938125393743237,0.0
0,1,14,2,1.4993169368279458,0.0,0.0,0.0,0.0,0.0,0.0,0.0,-0.6580572921581421,0.0
0,1,15,3,1.827464643145297,0.0,0.0,0.0,0.0,0.0,0.0,0.0,-0.3530310003167392,0.0
0,1,16,3,2.6568021378708426,0.0,0.0,0.0,0.0,0.0,0.0,0.0,0.2321184964189039,0.0
0,1,17,3,1.7985817347741888,0.0,0.0,0.0,0.0,0.0,0.0,0.0,0.09975493264874769,0.0
0,1,18,3,1.1470360146761602,0.0,0.0,0.0,0.0,0.0,0.0,0.0,-0.22680954282304558,0.0
0,1,19,3,0.7751089526044579,0.0,0.0,0.0,0.0,0.0,0.0,0.0,-0.6272310617554616,0.0
0,1,20,4,0.6358462396420971,0.0,0.0,0.0,0.0,0.0,0.0,0.0,-0.38757849837736397,0.0
0,1,21,4,1.851824088415455,0.0,0.0,0.0,0.0,0.0,0.0,0.0,0.2349293579130983,0.0
0,1,22,4,6.7710542902789355,0.0,0.0,0.0,0.0,0.0,0.0,0.0,1.9986484458914926,0.0
0,1,23,4,13.93684763249166,0.0,0.0,0.0,0.0,0.0,0.0,0.0,4.433667130949854,0.0
0,1,24,4,18.082681628206938,0.0,0.0,0.0,0.0,0.0,0.0,0.0,5.410285846597161,0.0
0,1,25,5,15.727901514041818,0.0,0.0,0.0,0.0,0.0,0.0,0.0,2.985615741254294,0.0
0,1,26,5,10.771738267571868,0.0,0.0,0.0,0.0,0.0,0.0,0.0,-1.0550364549732638,0.0
0,1,27,5,6.984479474851051,0.0,0.0,0.0,0.0,0.0,0.0,0.0,-3.6994007177852954,0.0
0,1,28,5,4.176343752639292,0.0,0.0,0.0,0.0,0.0,0.0,0.0,-3.850519253800842,0.0
0,1,29,5,2.411050000825508,0.0,0.0,0.0,0.0,0.0,0.0,0.0,-2.7868960889154533,0.0
0,1,30,6,1.8651057189971172,0.0,0.0,0.0,0.0,0.0,0.0,0.0,-1.7064579186179778,0.0
0,1,31,6,3.2115764098432535,0.0,0.0,0.0,0.0,0.0,0.0,0.0,-0.32158911426534625,0.0
0,1,32,6,6.727792273537952,0.0,0.0,0.0,0.0,0.0,0.0,0.0,1.438914090904148,0.0
0,1,33,6,11.744778383114225,0.0,0.0,0.0,0.0,0.0,0.0,0.0,3.2932242213723693,0.0
0,1,34,6,17.65655180640884,0.0,0.0,0.0,0.0,0.0,0.0,0.0,4.814991798855195,0.0
0,1,35,7,37.88079381798288,0.0,0.0,0.0,0.0,0.0,0.0,0.0,10.384333848148309,0.0
0,1,36,7,65.73394331775205,1.0,0.0,1.0,1.0,0.0,5.143360089318023,16.267028891291602,17.996388311545942,0.0
0,1,37,7,75.75167740500189,1.0,0.0,1.0,1.0,0.0,10.874850867979077,17.462202349953444,19.365041866197682,0.0
0,1,38,7,71.34348932098231,1.0,0.0,0.0,1.0,1.0,1.9021026218897248,7.538984948020939,11.154231834333146,0.0
0,1,39,7,61.06973586323326,0.0,0.0,0.0,0.0,0.0,0.0,0.0,-1.5547358181729294,0.0
0,1,40,8,65.40199608255136,0.0,0.0,0.0,0.0,0.0,0.0,0.0,-3.449893774150174,0.0
0,1,41,8,81.68350178628876,0.0,0.0,0.0,1.0,0.0,0.0,9.91672446254951,3.4466708217688145,0.0
0,1,42,8,87.00324024305777,0.0,0.0,0.0,1.0,0.0,0.0,13.458600833213652,8.644501459941504,0.0
0,1,43,8,90.51258261806701,0.0,0.0,0.0,1.0,0.0,0.0,16.273978543131307,8.370195511838551,0.0
0,1,44,8,95.05354696036795,0.0,0.0,0.0,1.0,0.0,0.0,21.12324430681757,4.456681724693065,0.0
0,1,45,9,96.37867660592778,0.0,0.0,0.0,1.0,0.0,0.0,24.539225610992872,3.1251454542900015,0.0
0,1,46,9,97.38276775936005,0.0,0.0,0.0,1.0,0.0,0.0,25.832305612488668,2.290061713764345,0.0
0,1,47,9,97.74620050230482,0.0,0.0,0.0,1.0,0.0,0.0,22.613792224225733,0.8975511806456211,0.0
0,1,48,9,96.99075286506034,0.0,0.0,0.0,1.0,0.0,0.0,17.73919358908259,0.20402541971085478,0.0
0,1,49,9,97.37395546390786,0.0,0.0,0.0,1.0,0.0,0.0,14.52410593419134,-0.002937431817395956,0.0
0,1,50,10,98.21602478102163,0.0,0.0,0.0,1.0,0.0,0.0,14.162669624609222,0.1566080929056047,0.0
0,1,51,10,99.01971022547374,0.0,0.0,0.0,1.0,0.0,0.0,14.894246359297213,0.6763191201378002,0.0
0,1,52,10,99.06724334024507,0.0,0.0,0.0,1.0,0.0,0.0,12.018177870066722,0.5644292921124029,0.0
0,1,53,10,97.91812991985447,0.0,0.0,0.0,1.0,0.0,0.0,7.3874152682245295,-0.09929828705572182,0.0
0,1,54,10,90.56420127610605,0.0,0.0,0.0,0.0,0.0,0.0,0.0,-2.8185029831225656,0.0
0,1,55,11,83.08363757239027,0.0,0.0,0.0,0.0,0.0,0.0,0.0,-5.3278685892849325,0.0
0,1,56,11,88.40330495850691,0.0,0.0,0.0,0.0,0.0,0.0,0.0,-3.171608320449186,1.0
0,1,57,11,89.86042438555802,0.0,0.0,0.0,0.0,0.0,0.0,0.0,-0.23459229684934257,1.0
0,1,58,11,90.5181379805918,0.0,0.0,0.0,0.0,0.0,0.0,0.0,2.4781668027338433,1.0
0,1,59,11,92.66181407447425,0.0,0.0,0.0,0.0,0.0,0.0,0.0,1.4195030386557808,1.0
0,1,60,11,89.96199462890527,0.0,0.0,0.0,0.0,0.0,0.0,0.0,0.03385674778241802,1.0
0,3,0,0,0.0,0.0,0.0,0.0,0.0,0.0,0.0,0.0,0.0,0.0
0,3,1,0,0.3181340508902789,0.0,0.0,0.0,0.0,0.0,0.0,0.0,0.3181340508902789,0.0
0,3,2,0,0.35546191675396754,0.0,0.0,0.0,0.0,0.0,0.0,0.0,0.17773095837698377,0.0
0,3,3,0,0.2562795873711093,0.0,0.0,0.0,0.0,0.0,0.0,0.0,0.08542652912370309,0.0
0,3,4,0,0.26770000050974885,0.0,0.0,0.0,0.0,0.0,0.0,0.0,-0.016811350126843354,0.0
0,3,5,1,0.4258897175255816,0.0,0.0,0.0,0.0,0.0,0.0,0.0,0.023475933590538012,0.0
0,3,6,1,1.2022742220780729,0.0,0.0,0.0,0.0,0.0,0.0,0.0,0.31533154490232124,0.0
0,3,7,1,7.685225142813708,0.0,0.0,0.0,0.0,0.0,0.0,0.0,2.4725083807679864,0.0
0,3,8,1,34.32699397365916,1.0,1.0,1.0,1.0,0.0,22.58542546290874,17.918701503765185,11.30036808537786,0.0
0,3,9,1,48.63930866374876,1.0,1.0,1.0,1.0,0.0,36.22128428282914,26.02902567087755,15.812344813890228,0.0
0,3,10,2,41.82199364115394,1.0,1.0,1.0,1.0,1.0,28.737685119966766,17.11851184214652,11.378922832780077,0.0
0,3,11,2,28.727033405038018,1.0,1.0,1.0,1.0,1.0,14.976309309792711,3.60245744209686,-1.866653522873713,0.0
0,3,12,2,15.906956029844512,1.0,0.0,1.0,0.0,1.0,1.4793817630582495,0.0,-10.910784211301413,0.0
0,3,13,2,8.369855753821668,0.0,0.0,0.0,0.0,0.0,0.0,0.0,-11.150712629110757,0.0
0,3,14,2,4.735395873107537,0.0,0.0,0.0,0.0,0.0,0.0,0.0,-7.997212510643493,0.0
0,3,15,3,3.42782380888794,0.0,0.0,0.0,0.0,0.0,0.0,0.0,-4.159710740318857,0.0
0,3,16,3,4.0406543347716894,0.0,0.0,0.0,0.0,0.0,0.0,0.0,-1.4430671396833261,0.0
0,3,17,3,3.8289133311869703,0.0,0.0,0.0,0.0,0.0,0.0,0.0,-0.30216084730685555,0.0
0,3,18,3,2.68474809768073,0.0,0.0,0.0,0.0,0.0,0.0,0.0,-0.24769190373573657,0.0
0,3,19,3,1.798757840448704,0.0,0.0,0.0,0.0,0.0,0.0,0.0,-0.7472988314409953,0.0
0,3,20,4,3.073092459317314,0.0,0.0,0.0,0.0,0.0,0.0,0.0,-0.2519402906232188,0.0
0,3,21,4,9.238089211707877,0.0,0.0,0.0,0.0,0.0,0.0,0.0,2.184447038009049,0.0
0,3,22,4,8.595888316182245,0.0,0.0,0.0,0.0,0.0,0.0,0.0,2.265710158577847,0.0
0,3,23,4,5.872502610787144,0.0,0.0,0.0,0.0,0.0,0.0,0.0,0.9331367171566102,0.0
0,3,24,4,3.5037936855037417,0.0,0.0,0.0,0.0,0.0,0.0,0.0,-1.911431842068045,0.0
0,3,25,5,2.2490379978138173,0.0,0.0,0.0,0.0,0.0,0.0,0.0,-2.115616772789476,0.0
0,3,26,5,3.2689739519223524,0.0,0.0,0.0,0.0,0.0,0.0,0.0,-0.867842886288264,0.0
0,3,27,5,3.464428998339254,0.0,0.0,0.0,0.0,0.0,0.0,0.0,-0.013121562388162497,0.0
0,3,28,5,2.5736175846006852,0.0,0.0,0.0,0.0,0.0,0.0,0.0,0.10819319559562264,0.0
0,3,29,5,2.2047030623048016,0.0,0.0,0.0,0.0,0.0,0.0,0.0,-0.35475696320585026,0.0
0,3,30,6,2.642979041349173,0.0,0.0,0.0,0.0,0.0,0.0,0.0,-0.2738166523300271,0.0
0,3,31,6,2.5404053858861424,0.0,0.0,0.0,0.0,0.0,0.0,0.0,-0.011070732904847613,0.0
0,3,32,6,2.547545437943258,0.0,0.0,0.0,0.0,0.0,0.0,0.0,0.11428079187948548,0.0
0,3,33,6,5.724973766869014,0.0,0.0,0.0,0.0,0.0,0.0,0.0,1.0273315751732803,0.0
0,3,34,6,11.460964592501789,0.0,0.0,0.0,0.0,0.0,0.0,0.0,2.9735197355385488,0.0
0,3,35,7,21.727633021075807,0.0,0.0,0.0,0.0,0.0,0.0,0.0,6.393362527710849,0.0
0,3,36,7,30.542155629407212,0.0,0.0,0.0,0.0,0.0,0.0,0.0,8.2723939541794,0.0
0,3,37,7,28.206898660556753,0.0,0.0,0.0,0.0,0.0,0.0,0.0,5.581978022684988,0.0
0,3,38,7,18.97701430204963,0.0,0.0,0.0,0.0,0.0,0.0,0.0,-0.9168729063420594,0.0
0,3,39,7,10.247998247528688,0.0,0.0,0.0,0.0,0.0,0.0,0.0,-6.7647191272928415,0.0
0,3,40,8,5.516493196582388,0.0,0.0,0.0,0.0,0.0,0.0,0.0,-7.563468487991455,0.0
0,3,41,8,3.509361052946457,0.0,0.0,0.0,0.0,0.0,0.0,0.0,-5.155884416367724,0.0
0,3,42,8,2.980890754078218,0.0,0.0,0.0,0.0,0.0,0.0,0.0,-2.42236916448349,0.0
0,3,43,8,8.191472195046584,0.0,0.0,0.0,0.0,0.0,0.0,0.0,0.891659666154732,0.0
0,3,44,8,22.354913315781605,0.0,0.0,0.0,0.0,0.0,0.0,0.0,6.281850754278383,0.0
0,3,45,9,50.96042291558827,0.0,0.0,0.0,0.0,0.0,0.0,0.0,15.993177387170016,0.0
0,3,46,9,69.49008199997985,0.0,0.0,0.0,0.0,0.0,0.0,0.0,20.432869934977756,0.0
0,3,47,9,70.9121591014495,0.0,0.0,0.0,0.0,0.0,0.0,0.0,16.185748595222634,0.0
0,3,48,9,79.23446482013992,0.0,0.0,0.0,0.0,0.0,0.0,0.0,9.424680634850551,0.0
0,3,49,9,84.64387064994216,0.0,0.0,0.0,0.0,0.0,0.0,0.0,5.05126288332077,0.0
0,3,50,10,77.40957066614396,0.0,0.0,0.0,0.0,0.0,0.0,0.0,2.165803854898153,0.0
0,3,51,10,59.538687012558015,0.0,0.0,0.0,0.0,0.0,0.0,0.0,-6.565259269193969,0.0
0,3,52,10,46.814495535055926,0.0,0.0,0.0,0.0,0.0,0.0,0.0,-12.609791704962078,0.0
0,3,53,10,39.394340460053236,0.0,0.0,0.0,0.0,0.0,0.0,0.0,-12.671743402030243,0.0
0,3,54,10,40.64816516510743,0.0,0.0,0.0,0.0,0.0,0.0,0.0,-6.296840615816862,0.0
0,3,55,11,60.694097589559604,0.0,0.0,0.0,0.0,0.0,0.0,0.0,4.6265340181678924,0.0
0,3,56,11,78.36433980593829,0.0,0.0,0.0,0.0,0.0,0.0,0.0,12.989999781961684,0.0
0,3,57,11,83.65420179296302,0.0,0.0,0.0,0.0,0.0,0.0,0.0,14.335345542618532,0.0
0,3,58,11,86.50652901984203,0.0,0.0,0.0,0.0,0.0,0.0,0.0,8.604143810094143,1.0
0,3,59,11,90.62809733885203,0.0,0.0,0.0,0.0,0.0,0.0,0.0,4.0879191776379145,1.0
0,3,60,11,92.84745360522413,0.0,0.0,0.0,0.0,0.0,0.0,0.0,3.064417270753703,1.0
0,3,61,11,96.33209485015273,0.0,0.0,0.0,0.0,0.0,0.0,0.0,3.2751886101035645,1.0
0,3,62,11,98.0848970992426,0.0,0.0,0.0,0.0,0.0,0.0,0.0,2.485599920130189,1.0
0,2,0,0,0.0,0.0,0.0,0.0,0.0,0.0,0.0,0.0,0.0,0.0
0,2,1,0,0.0,0.0,0.0,0.0,0.0,0.0,0.0,0.0,0.0,0.0
0,2,2,0,0.0,0.0,0.0,0.0,0.0,0.0,0.0,0.0,0.0,0.0
0,2,3,0,0.0,0.0,0.0,0.0,0.0,0.0,0.0,0.0,0.0,0.0
0,2,4,0,0.0002134828730357443,0.0,0.0,0.0,0.0,0.0,0.0,0.0,7.116095767858143e-05,0.0
0,2,5,1,0.006311106709105958,0.0,0.0,0.0,0.0,0.0,0.0,0.0,0.0021037022363686528,0.0
0,2,6,1,0.0049045154600494065,0.0,0.0,0.0,0.0,0.0,0.0,0.0,0.0016348384866831354,0.0
0,2,7,1,0.009713533466342246,0.0,0.0,0.0,0.0,0.0,0.0,0.0,0.0031666835311021675,0.0
0,2,8,1,0.058476223778635525,0.0,0.0,0.0,0.0,0.0,0.0,0.0,0.017388372356509856,0.0
0,2,9,1,0.04596616927724823,0.0,0.0,0.0,0.0,0.0,0.0,0.0,0.013687217939066276,0.0
0,2,10,2,0.023601274239430692,0.0,0.0,0.0,0.0,0.0,0.0,0.0,0.0046292469243628155,0.0
0,2,11,2,0.012117298225506654,0.0,0.0,0.0,0.0,0.0,0.0,0.0,-0.015452975184376291,0.0
0,2,12,2,0.0062600644867783425,0.0,0.0,0.0,0.0,0.0,0.0,0.0,-0.013235368263489963,0.0
0,2,13,2,0.0032162477938255424,0.0,0.0,0.0,0.0,0.0,0.0,0.0,-0.006795008815201717,0.0
0,2,14,2,0.0214037395219268,0.0,0.0,0.0,0.0,0.0,0.0,0.0,0.0030954804321400484,0.0
0,2,15,3,0.14605705304099725,0.0,0.0,0.0,0.0,0.0,0.0,0.0,0.04659899618473964,0.0
0,2,16,3,0.35703728752404396,0.0,0.0,0.0,0.0,0.0,0.0,0.0,0.11794034657673946,0.0
0,2,17,3,0.2097233849709657,0.0,0.0,0.0,0.0,0.0,0.0,0.0,0.06277321514967964,0.0
0,2,18,3,0.10767557610555659,0.0,0.0,0.0,0.0,0.0,0.0,0.0,-0.012793825645146889,0.0
0,2,19,3,0.05528248407428955,0.0,0.0,0.0,0.0,0.0,0.0,0.0,-0.10058493448325147,0.0
0,2,20,4,0.028382973706386934,0.0,0.0,0.0,0.0,0.0,0.0,0.0,-0.06044680375485959,0.0
0,2,21,4,0.01457230458991101,0.0,0.0,0.0,0.0,0.0,0.0,0.0,-0.031034423838548524,0.0
0,2,22,4,0.007481670640217541,0.0,0.0,0.0,0.0,0.0,0.0,0.0,-0.015933604478024003,0.0
0,2,23,4,0.003841217785651224,0.0,0.0,0.0,0.0,0.0,0.0,0.0,-0.008180585306911903,0.0
0,2,24,4,0.001972146969085807,0.0,0.0,0.0,0.0,0.0,0.0,0.0,-0.004200052540275068,0.0
0,2,25,5,0.001012534015176895,0.0,0.0,0.0,0.0,0.0,0.0,0.0,-0.0021563788750135486,0.0
0,2,26,5,0.0005198522969946249,0.0,0.0,0.0,0.0,0.0,0.0,0.0,-0.0011071218295521997,0.0
0,2,27,5,0.0002669010686454561,0.0,0.0,0.0,0.0,0.0,0.0,0.0,-0.0005684153001467837,0.0
0,2,28,5,0.0001621255883576297,0.0,0.0,0.0,0.0,0.0,0.0,0.0,-0.00028346947560642177,0.0
0,2,29,5,0.06796938828382934,0.0,0.0,0.0,0.0,0.0,0.0,0.0,0.02248317866227824,0.0
0,2,30,6,0.16255808290248605,0.0,0.0,0.0,0.0,0.0,0.0,0.0,0.054097060611280195,0.0
0,2,31,6,0.09033482678592664,0.0,0.0,0.0,0.0,0.0,0.0,0.0,0.030057567065856338,0.0
0,2,32,6,0.04657609436652608,0.0,0.0,0.0,0.0,0.0,0.0,0.0,-0.007131097972434421,0.0
0,2,33,6,0.03612612254600714,0.0,0.0,0.0,0.0,0.0,0.0,0.0,-0.04214398678549297,0.0
0,2,34,6,0.7854227253812114,0.0,0.0,0.0,0.0,0.0,0.0,0.0,0.23169596619842825,0.0
0,2,35,7,6.582262826691469,0.0,0.0,0.0,0.0,0.0,0.0,0.0,2.1785622441083143,0.0
0,2,36,7,19.696971220215346,0.0,0.0,0.0,0.0,0.0,0.0,0.0,6.553615032556446,0.0
0,2,37,7,40.69694759326224,0.0,0.0,0.0,0.0,0.0,0.0,0.0,13.30384162262701,0.0
0,2,38,7,63.09729639620852,0.0,0.0,0.0,1.0,0.0,0.0,7.6886899954566985,18.83834452317235,0.0
0,2,39,7,70.99125247352669,0.0,0.0,0.0,1.0,0.0,0.0,7.482998679689544,17.09809375110378,0.0
0,2,40,8,65.32871133695326,0.0,0.0,0.0,0.0,0.0,0.0,0.0,8.210587914563675,0.0
0,2,41,8,66.33829013496258,0.0,0.0,0.0,0.0,0.0,0.0,0.0,1.0803312462513521,0.0
0,2,42,8,73.22278948970404,0.0,0.0,0.0,0.0,0.0,0.0,0.0,0.7438456720591186,0.0
0,2,43,8,84.66886215384956,0.0,0.0,0.0,1.0,0.0,0.0,5.298237162758838,6.446716938965433,0.0
0,2,44,8,90.95804874700556,0.0,0.0,0.0,1.0,0.0,0.0,9.33024357426956,8.206586204014329,0.0
0,2,45,9,89.9666496240898,0.0,0.0,0.0,1.0,0.0,0.0,8.365214207944405,5.581286711461918,0.0
0,2,46,9,88.41053474644517,0.0,0.0,0.0,1.0,0.0,0.0,8.733585661689844,1.2472241975318685,0.0
0,2,47,9,83.61086452346831,0.0,0.0,0.0,1.0,0.0,0.0,6.719789696222335,-2.4490614078457518,0.0
0,2,48,9,80.50778112582266,0.0,0.0,0.0,1.0,0.0,0.0,4.350618647573626,-3.1529561660890457,0.0
0,2,49,9,76.58957663677016,0.0,0.0,0.0,0.0,0.0,0.0,0.0,-3.940319369891668,0.0
0,2,50,10,68.90008522893156,0.0,0.0,0.0,0.0,0.0,0.0,0.0,-4.903593098178916,1.0
0,2,51,10,65.51592321147936,0.0,0.0,0.0,0.0,0.0,0.0,0.0,-4.997285971447766,1.0
0,2,52,10,66.9070292939441,0.0,0.0,0.0,0.0,0.0,0.0,0.0,-3.2275157809420185,1.0
0,2,53,10,74.64469314710013,0.0,0.0,0.0,0.0,0.0,0.0,0.0,1.9148693060561897,1.0
0,2,54,10,76.74441150721631,0.0,0.0,0.0,0.0,0.0,0.0,0.0,3.7428294319123174,1.0
0,3,0,0,0.0,0.0,0.0,0.0,0.0,0.0,0.0,0.0,0.0,0.0
0,3,1,0,0.6733610823254037,0.0,0.0,0.0,0.0,0.0,0.0,0.0,0.6733610823254037,0.0
0,3,2,0,0.920966873237568,0.0,0.0,0.0,0.0,0.0,0.0,0.0,0.460483436618784,0.0
0,3,3,0,0.6048888487850645,0.0,0.0,0.0,0.0,0.0,0.0,0.0,0.20162961626168818,0.0
0,3,4,0,0.3135757747329693,0.0,0.0,0.0,0.0,0.0,0.0,0.0,-0.1199284358641448,0.0
0,3,5,1,0.209308683849081,0.0,0.0,0.0,0.0,0.0,0.0,0.0,-0.237219396462829,0.0
0,3,6,1,0.3797647812632058,0.0,0.0,0.0,0.0,0.0,0.0,0.0,-0.07504135584061959,0.0
0,3,7,1,0.5269031923890003,0.0,0.0,0.0,0.0,0.0,0.0,0.0,0.071109139218677,0.0
0,3,8,1,0.6253341201929499,0.0,0.0,0.0,0.0,0.0,0.0,0.0,0.1386751454479563,0.0
0,3,9,1,0.9235803744799161,0.0,0.0,0.0,0.0,0.0,0.0,0.0,0.1812718644055701,0.0
0,3,10,2,1.355241026499646,0.0,0.0,0.0,0.0,0.0,0.0,0.0,0.2761126113702152,0.0
0,3,11,2,2.1872222236277064,0.0,0.0,0.0,0.0,0.0,0.0,0.0,0.5206293678115855,0.0
0,3,12,2,2.1905996819409292,0.0,0.0,0.0,0.0,0.0,0.0,0.0,0.422339769153671,0.0
0,3,13,2,1.669459845848705,0.0,0.0,0.0,0.0,0.0,0.0,0.0,0.10473960644968638,0.0
0,3,14,2,2.2432645472512784,0.0,0.0,0.0,0.0,0.0,0.0,0.0,0.018680774541190697,0.0
0,3,15,3,2.8007656832912176,0.0,0.0,0.0,0.0,0.0,0.0,0.0,0.20338866711676276,0.0
0,3,16,3,1.9605532019246188,0.0,0.0,0.0,0.0,0.0,0.0,0.0,0.09703111869197123,0.0
0,3,17,3,1.0636281638923442,0.0,0.0,0.0,0.0,0.0,0.0,0.0,-0.3932121277863114,0.0
0,3,18,3,0.7530883106852988,0.0,0.0,0.0,0.0,0.0,0.0,0.0,-0.682559124201973,0.0
0,3,19,3,1.8564532563960037,0.0,0.0,0.0,0.0,0.0,0.0,0.0,-0.03469998184287171,0.0
0,3,20,4,3.8944936429769914,0.0,0.0,0.0,0.0,0.0,0.0,0.0,0.9436218263615491,0.0
0,3,21,4,10.750945275601975,0.0,0.0,0.0,0.0,0.0,0.0,0.0,3.3326189883055584,0.0
0,3,22,4,19.570565753006015,0.0,0.0,0.0,1.0,0.0,0.0,2.0782875161820655,5.90470416553667,0.0
0,3,23,4,18.179836719212553,0.0,0.0,0.0,0.0,0.0,0.0,0.0,4.761781025411854,0.0
0,3,24,4,15.778493856496135,0.0,0.0,0.0,0.0,0.0,0.0,0.0,1.6758495269647202,0.0
0,3,25,5,14.568357100824883,0.0,0.0,0.0,0.0,0.0,0.0,0.0,-1.6674028840603772,0.0
0,3,26,5,10.93065938750552,0.0,0.0,0.0,0.0,0.0,0.0,0.0,-2.4163924439023443,0.0
0,3,27,5,6.822334909552014,0.0,0.0,0.0,0.0,0.0,0.0,0.0,-2.9853863156480407,0.0
0,3,28,5,4.891366028031119,0.0,0.0,0.0,0.0,0.0,0.0,0.0,-3.225663690931255,0.0
0,3,29,5,5.803296905417884,0.0,0.0,0.0,0.0,0.0,0.0,0.0,-1.7091208273625451,0.0
0,3,30,6,8.822959460378936,0.0,0.0,0.0,0.0,0.0,0.0,0.0,0.6668748502756406,0.0
0,3,31,6,9.468153382976496,0.0,0.0,0.0,0.0,0.0,0.0,0.0,1.5255957849817923,0.0
0,3,32,6,10.162246314842415,0.0,0.0,0.0,0.0,0.0,0.0,0.0,1.4529831364748436,0.0
0,3,33,6,23.23638446610184,0.0,0.0,0.0,0.0,0.0,0.0,0.0,4.804475001907634,0.0
0,3,34,6,33.848370524135845,0.0,0.0,0.0,0.0,0.0,0.0,0.0,8.126739047053116,0.0
0,3,35,7,28.07832156311737,0.0,0.0,0.0,0.0,0.0,0.0,0.0,5.972025082758319,0.0
0,3,36,7,18.433494885990715,0.0,0.0,0.0,0.0,0.0,0.0,0.0,-1.6009631933703747,0.0
0,3,37,7,12.739359507572683,0.0,0.0,0.0,0.0,0.0,0.0,0.0,-7.036337005521054,0.0
0,3,38,7,15.565157085535162,0.0,0.0,0.0,0.0,0.0,0.0,0.0,-4.171054825860736,0.0
0,3,39,7,23.908493414905735,0.0,0.0,0.0,0.0,0.0,0.0,0.0,1.8249995096383398,0.0
0,3,40,8,31.758617165265072,0.0,0.0,0.0,0.0,0.0,0.0,0.0,6.339752552564129,0.0
0,3,41,8,53.7710849552459,0.0,0.0,0.0,0.0,0.0,0.0,0.0,12.735309289903578,0.0
0,3,42,8,74.50301899317645,0.0,0.0,0.0,1.0,0.0,0.0,10.517385157183085,16.864841859423574,0.0
0,3,43,8,73.00743282065358,0.0,0.0,0.0,1.0,0.0,0.0,3.3705617296686796,13.749605218462834,0.0
0,3,44,8,58.54814050652763,0.0,0.0,0.0,0.0,0.0,0.0,0.0,1.5923518504272447,0.0
0,3,45,9,45.69494429463336,0.0,0.0,0.0,0.0,0.0,0.0,0.0,-9.602691566181031,0.0
0,3,46,9,40.543666172729175,0.0,0.0,0.0,0.0,0.0,0.0,0.0,-10.821255549308134,0.0
0,3,47,9,61.8904009183715,0.0,0.0,0.0,0.0,0.0,0.0,0.0,1.1140868039479557,0.0
0,3,48,9,77.99182966915527,0.0,0.0,0.0,0.0,0.0,0.0,0.0,10.76562845817397,0.0
0,3,49,9,84.72476115629125,0.0,0.0,0.0,0.0,0.0,0.0,0.0,14.72703166118736,0.0
0,3,50,10,93.26377854367381,0.0,0.0,0.0,1.0,0.0,0.0,0.41398630386572677,10.457792541767438,0.0
0,3,51,10,97.20003058637081,0.0,0.0,0.0,1.0,0.0,0.0,0.5160067518243494,6.40273363907185,0.0
0,3,52,10,97.77791638117718,0.0,0.0,0.0,0.0,0.0,0.0,0.0,4.351051741628642,0.0
0,3,53,10,97.42236511210864,0.0,0.0,0.0,0.0,0.0,0.0,0.0,1.3861955228116092,0.0
0,3,54,10,96.2873157300177,0.0,0.0,0.0,0.0,0.0,0.0,0.0,-0.30423828545103976,0.0
0,3,55,11,96.18457426361314,0.0,0.0,0.0,0.0,0.0,0.0,0.0,-0.5311140391880116,0.0
0,3,56,11,96.71532798449026,0.0,0.0,0.0,0.0,0.0,0.0,0.0,-0.23567904253945926,1.0
0,3,57,11,95.8244795617147,0.0,0.0,0.0,0.0,0.0,0.0,0.0,-0.15427872276766644,1.0
0,3,58,11,95.27724812315621,0.0,0.0,0.0,0.0,0.0,0.0,0.0,-0.30244204681897696,1.0
0,3,59,11,94.89267689763142,0.0,0.0,0.0,0.0,0.0,0.0,0.0,-0.6075503622862802,1.0
0,3,60,11,92.85249650134696,0.0,0.0,0.0,0.0,0.0,0.0,0.0,-0.990661020122578,1.0
0,3,0,0,0.0,0.0,0.0,0.0,0.0,0.0,0.0,0.0,0.0,0.0
0,3,1,0,0.0,0.0,0.0,0.0,0.0,0.0,0.0,0.0,0.0,0.0
0,3,2,0,0.0029418476931617173,0.0,0.0,0.0,0.0,0.0,0.0,0.0,0.0014709238465808586,0.0
0,3,3,0,0.11209471153072387,0.0,0.0,0.0,0.0,0.0,0.0,0.0,0.037364903843574625,0.0
0,3,4,0,1.823619772914926,0.0,0.0,0.0,0.0,0.0,0.0,0.0,0.6078732576383087,0.0
0,3,5,1,5.548584543064559,0.0,0.0,0.0,0.0,0.0,0.0,0.0,1.848547565123799,0.0
0,3,6,1,6.6694319794247,0.0,0.0,0.0,0.0,0.0,0.0,0.0,2.185779089297992,0.0
0,3,7,1,7.064049724325929,0.0,0.0,0.0,0.0,0.0,0.0,0.0,1.7468099838036677,0.0
0,3,8,1,6.949062468579367,0.0,0.0,0.0,0.0,0.0,0.0,0.0,0.4668259751716028,0.0
0,3,9,1,5.846480207104932,0.0,0.0,0.0,0.0,0.0,0.0,0.0,-0.27431725743992263,0.0
0,3,10,2,5.5521123675454085,0.0,0.0,0.0,0.0,0.0,0.0,0.0,-0.5039791189268401,0.0
0,3,11,2,5.542735467707912,0.0,0.0,0.0,0.0,0.0,0.0,0.0,-0.46877566695715167,0.0
0,3,12,2,4.9538577648543765,0.0,0.0,0.0,0.0,0.0,0.0,0.0,-0.2975408140835185,0.0
0,3,13,2,4.051844170147749,0.0,0.0,0.0,0.0,0.0,0.0,0.0,-0.5000893991325531,0.0
0,3,14,2,2.842383266757551,0.0,0.0,0.0,0.0,0.0,0.0,0.0,-0.900117400316787,0.0
0,3,15,3,1.8957931150302891,0.0,0.0,0.0,0.0,0.0,0.0,0.0,-1.0193548832746957,0.0
0,3,16,3,1.1750073015707534,0.0,0.0,0.0,0.0,0.0,0.0,0.0,-0.9589456228589986,0.0
0,3,17,3,1.922117898003552,0.0,0.0,0.0,0.0,0.0,0.0,0.0,-0.30675512291799967,0.0
0,3,18,3,3.0760218576799025,0.0,0.0,0.0,0.0,0.0,0.0,0.0,0.3934095808832045,0.0
0,3,19,3,2.111110253563024,0.0,0.0,0.0,0.0,0.0,0.0,0.0,0.31203431733075687,0.0
0,3,20,4,1.123007360947389,0.0,0.0,0.0,0.0,0.0,0.0,0.0,-0.266370179018721,0.0
0,3,21,4,0.5766520112197335,0.0,0.0,0.0,0.0,0.0,0.0,0.0,-0.8331232821533897,0.0
0,3,22,4,0.296063014284786,0.0,0.0,0.0,0.0,0.0,0.0,0.0,-0.6050157464260794,0.0
0,3,23,4,0.15200381984620015,0.0,0.0,0.0,0.0,0.0,0.0,0.0,-0.3236678470337296,0.0
0,3,24,4,0.07804136326738534,0.0,0.0,0.0,0.0,0.0,0.0,0.0,-0.1662035493174494,0.0
0,3,25,5,0.056502060930338216,0.0,0.0,0.0,0.0,0.0,0.0,0.0,-0.07985365111814925,0.0
0,3,26,5,0.08396129719599174,0.0,0.0,0.0,0.0,0.0,0.0,0.0,-0.022680840883402803,0.0
0,3,27,5,0.09527959805233932,0.0,0.0,0.0,0.0,0.0,0.0,0.0,0.005746078261651327,0.0
0,3,28,5,0.37474973507254866,0.0,0.0,0.0,0.0,0.0,0.0,0.0,0.10608255804740348,0.0
0,3,29,5,0.385042674922325,0.0,0.0,0.0,0.0,0.0,0.0,0.0,0.10036045924211108,0.0
0,3,30,6,0.20536804077007165,0.0,0.0,0.0,0.0,0.0,0.0,0.0,0.03669614757257744,0.0
0,3,31,6,0.10630514876843325,0.0,0.0,0.0,0.0,0.0,0.0,0.0,-0.08948152876803846,0.0
0,3,32,6,0.054928513769470506,0.0,0.0,0.0,0.0,0.0,0.0,0.0,-0.11003805371761817,0.0
0,3,33,6,0.04794274152311964,0.0,0.0,0.0,0.0,0.0,0.0,0.0,-0.052475099748984004,0.0
0,3,34,6,0.10586219729515173,0.0,0.0,0.0,0.0,0.0,0.0,0.0,-0.00014765049109384068,0.0
0,3,35,7,0.5263578522948343,0.0,0.0,0.0,0.0,0.0,0.0,0.0,0.15714311284178795,0.0
0,3,36,7,0.8306879772542166,0.0,0.0,0.0,0.0,0.0,0.0,0.0,0.26091507857703233,0.0
0,3,37,7,0.623575039393794,0.0,0.0,0.0,0.0,0.0,0.0,0.0,0.17257094736621412,0.0
0,3,38,7,0.3838902653738051,0.0,0.0,0.0,0.0,0.0,0.0,0.0,-0.047489195640343075,0.0
0,3,39,7,0.20756044729934806,0.0,0.0,0.0,0.0,0.0,0.0,0.0,-0.20770917665162283,0.0
0,3,40,8,0.10659232600535558,0.0,0.0,0.0,0.0,0.0,0.0,0.0,-0.17232757112947947,0.0
0,3,41,8,0.054726324928652585,0.0,0.0,0.0,0.0,0.0,0.0,0.0,-0.1097213134817175,0.0
0,3,42,8,0.0281922902317807,0.0,0.0,0.0,0.0,0.0,0.0,0.0,-0.05978938568918912,0.0
0,3,43,8,0.02155902121959242,0.0,0.0,0.0,0.0,0.0,0.0,0.0,-0.02834443492858772,0.0
0,3,44,8,0.014225385912083478,0.0,0.0,0.0,0.0,0.0,0.0,0.0,-0.013500313005523035,0.0
0,3,45,9,0.05447369665546253,0.0,0.0,0.0,0.0,0.0,0.0,0.0,0.008760468807893941,0.0
0,3,46,9,0.8533968377046,0.0,0.0,0.0,0.0,0.0,0.0,0.0,0.2772792721616692,0.0
0,3,47,9,3.927565724593803,0.0,0.0,0.0,0.0,0.0,0.0,0.0,1.3044467795605732,0.0
0,3,48,9,11.351677862289527,0.0,0.0,0.0,0.0,0.0,0.0,0.0,3.765734721878022,0.0
0,3,49,9,20.461223528705894,0.0,0.0,0.0,0.0,0.0,0.0,0.0,6.535942230333764,0.0
0,3,50,10,22.118918036371422,0.0,0.0,0.0,0.0,0.0,0.0,0.0,6.063784103925873,0.0
0,3,51,10,14.811081475544386,0.0,0.0,0.0,0.0,0.0,0.0,0.0,1.1531345377516196,0.0
0,3,52,10,8.298519413205879,0.0,0.0,0.0,0.0,0.0,0.0,0.0,-4.054234705166672,0.0
0,3,53,10,4.639615823752935,0.0,0.0,0.0,0.0,0.0,0.0,0.0,-5.826434070872828,0.0
0,3,54,10,2.908421963760999,0.0,0.0,0.0,0.0,0.0,0.0,0.0,-3.967553170594462,0.0
0,3,55,11,6.550169116979246,0.0,0.0,0.0,0.0,0.0,0.0,0.0,-0.5827834320755443,0.0
0,3,56,11,32.02916078681183,0.0,0.0,0.0,0.0,0.0,0.0,0.0,9.129848321019631,0.0
0,3,57,11,67.27525041405349,0.0,0.0,0.0,0.0,0.0,0.0,0.0,21.45560948343083,0.0
0,3,58,11,83.79069868535538,0.0,0.0,0.0,0.0,0.0,0.0,0.0,25.746843189458712,1.0
0,3,59,11,87.68519469665358,0.0,0.0,0.0,0.0,0.0,0.0,0.0,18.552011303280583,1.0
0,3,60,11,84.40873959305881,0.0,0.0,0.0,0.0,0.0,0.0,0.0,5.711163059668441,1.0
0,3,61,11,84.28285081715127,0.0,0.0,0.0,0.0,0.0,0.0,0.0,0.1640507105986302,1.0
0,3,62,11,90.98305533148971,0.0,0.0,0.0,0.0,0.0,0.0,0.0,1.0992868782787089,1.0
0,1,0,0,0.0,0.0,0.0,0.0,0.0,0.0,0.0,0.0,0.0,0.0
0,1,1,0,0.00134518057448383,0.0,0.0,0.0,0.0,0.0,0.0,0.0,0.00134518057448383,0.0
0,1,2,0,0.01777409808656192,0.0,0.0,0.0,0.0,0.0,0.0,0.0,0.00888704904328096,0.0
0,1,3,0,0.02992408029085003,0.0,0.0,0.0,0.0,0.0,0.0,0.0,0.009974693430283343,0.0
0,1,4,0,0.022837974411191758,0.0,0.0,0.0,0.0,0.0,0.0,0.0,0.007164264612235976,0.0
0,1,5,1,0.011743220008568029,0.0,0.0,0.0,0.0,0.0,0.0,0.0,-0.0020102926926646304,0.0
0,1,6,1,0.006029170184964896,0.0,0.0,0.0,0.0,0.0,0.0,0.0,-0.007964970035295045,0.0
0,1,7,1,0.003095479186521882,0.0,0.0,0.0,0.0,0.0,0.0,0.0,-0.006580831741556625,0.0
0,1,8,1,0.0015892720059694182,0.0,0.0,0.0,0.0,0.0,0.0,0.0,-0.0033846493341995365,0.0
0,1,9,1,0.0008159594546639684,0.0,0.0,0.0,0.0,0.0,0.0,0.0,-0.0017377369101003093,0.0
0,1,10,2,0.0004189275524609802,0.0,0.0,0.0,0.0,0.0,0.0,0.0,-0.0008921838780203006,0.0
0,1,11,2,0.00021508457706789183,0.0,0.0,0.0,0.0,0.0,0.0,0.0,-0.00045806247630050877,0.0
0,1,12,2,0.0007764783750522409,0.0,0.0,0.0,0.0,0.0,0.0,0.0,-1.3160359870575811e-05,0.0
0,1,13,2,0.015333007572686049,0.0,0.0,0.0,0.0,0.0,0.0,0.0,0.004971360006741689,0.0
0,1,14,2,0.028675367897419094,0.0,0.0,0.0,0.0,0.0,0.0,0.0,0.009486761106783734,0.0
0,1,15,3,0.015158700011143878,0.0,0.0,0.0,0.0,0.0,0.0,0.0,0.0047940738786972125,0.0
0,1,16,3,0.007782736088000824,0.0,0.0,0.0,0.0,0.0,0.0,0.0,-0.0025167571615617415,0.0
0,1,17,3,0.0039957899404923745,0.0,0.0,0.0,0.0,0.0,0.0,0.0,-0.00822652598564224,0.0
0,1,18,3,0.003645019349047693,0.0,0.0,0.0,0.0,0.0,0.0,0.0,-0.0038378935540320618,0.0
0,1,19,3,0.35383642678245586,0.0,0.0,0.0,0.0,0.0,0.0,0.0,0.11535123023148501,0.0
0,1,20,4,1.5821928323461667,0.0,0.0,0.0,0.0,0.0,0.0,0.0,0.5260656808018914,0.0
0,1,21,4,2.1328205044250503,0.0,0.0,0.0,0.0,0.0,0.0,0.0,0.7097251616920008,0.0
0,1,22,4,2.950059357088012,0.0,0.0,0.0,0.0,0.0,0.0,0.0,0.8654076434351854,0.0
0,1,23,4,2.9200398645460455,0.0,0.0,0.0,0.0,0.0,0.0,0.0,0.4459490107332929,0.0
0,1,24,4,2.463956048968919,0.0,0.0,0.0,0.0,0.0,0.0,0.0,0.11037851484795629,0.0
0,1,25,5,2.0064268736939304,0.0,0.0,0.0,0.0,0.0,0.0,0.0,-0.3145441611313606,0.0
0,1,26,5,1.7435464076849514,0.0,0.0,0.0,0.0,0.0,0.0,0.0,-0.3921644856203647,0.0
0,1,27,5,1.9558647760405874,0.0,0.0,0.0,0.0,0.0,0.0,0.0,-0.16936375764277725,0.0
0,1,28,5,1.3236067983955166,0.0,0.0,0.0,0.0,0.0,0.0,0.0,-0.2276066917661379,0.0
0,1,29,5,0.6911275637946805,0.0,0.0,0.0,0.0,0.0,0.0,0.0,-0.35080628129675695,0.0
0,1,30,6,0.37933169710662423,0.0,0.0,0.0,0.0,0.0,0.0,0.0,-0.5255110263113211,0.0
0,1,31,6,1.6665508844209738,0.0,0.0,0.0,0.0,0.0,0.0,0.0,0.11431469534181904,0.0
0,1,32,6,5.906462616724594,0.0,0.0,0.0,0.0,0.0,0.0,0.0,1.7384450176433048,0.0
0,1,33,6,5.305395600282067,0.0,0.0,0.0,0.0,0.0,0.0,0.0,1.6420213010584808,0.0
0,1,34,6,3.1448598982422196,0.0,0.0,0.0,0.0,0.0,0.0,0.0,0.4927696712737486,0.0
0,1,35,7,3.2271729732304895,0.0,0.0,0.0,0.0,0.0,0.0,0.0,-0.8930965478313683,0.0
0,1,36,7,5.98996719348551,0.0,0.0,0.0,0.0,0.0,0.0,0.0,0.2281905310678146,0.0
0,1,37,7,5.186007538892772,0.0,0.0,0.0,0.0,0.0,0.0,0.0,0.6803825468835175,0.0
0,1,38,7,3.6519076023062906,0.0,0.0,0.0,0.0,0.0,0.0,0.0,0.14157820969193372,0.0
0,1,39,7,4.831083763348076,0.0,0.0,0.0,0.0,0.0,0.0,0.0,-0.38629447671247813,0.0
0,1,40,8,14.456843585408741,0.0,0.0,0.0,0.0,0.0,0.0,0.0,3.0902786821719896,0.0
0,1,41,8,35.05757447484504,0.0,0.0,0.0,0.0,0.0,0.0,0.0,10.468555624179583,0.0
0,1,42,8,37.53740834267094,0.0,0.0,0.0,0.0,0.0,0.0,0.0,10.902108193107622,0.0
0,1,43,8,23.16989455804138,0.0,0.0,0.0,0.0,0.0,0.0,0.0,2.90435032421088,0.0
0,1,44,8,13.069619368945622,0.0,0.0,0.0,0.0,0.0,0.0,0.0,-7.329318368633139,0.0
0,1,45,9,11.306622774671315,0.0,0.0,0.0,0.0,0.0,0.0,0.0,-8.74359518933321,0.0
0,1,46,9,20.544584580969172,0.0,0.0,0.0,0.0,0.0,0.0,0.0,-0.8751033256907365,0.0
0,1,47,9,23.950259532477197,0.0,0.0,0.0,0.0,0.0,0.0,0.0,3.6268800545105253,0.0
0,1,48,9,17.4731484181431,0.0,0.0,0.0,0.0,0.0,0.0,0.0,2.0555085478239286,0.0
0,1,49,9,10.198174647544102,0.0,0.0,0.0,0.0,0.0,0.0,0.0,-3.44880331114169,0.0
0,1,50,10,6.596569905861774,0.0,0.0,0.0,0.0,0.0,0.0,0.0,-5.784563208871808,0.0
0,1,51,10,12.512580021898737,0.0,0.0,0.0,0.0,0.0,0.0,0.0,-1.6535227987481214,0.0
0,1,52,10,33.12656205413978,0.0,0.0,0.0,0.0,0.0,0.0,0.0,7.6427958021985605,0.0
0,1,53,10,65.07114367580331,0.0,0.0,0.0,0.0,0.0,0.0,0.0,19.491524589980514,0.0
0,1,54,10,86.83243864338928,0.0,0.0,0.0,0.0,0.0,0.0,0.0,24.773286207163512,0.0
0,1,55,11,95.22220752158344,0.0,0.0,0.0,0.0,0.0,0.0,0.0,20.698548489147885,0.0
0,1,56,11,98.4241175805594,0.0,0.0,0.0,0.0,0.0,0.0,0.0,11.117657968252027,1.0
0,1,57,11,99.2015263910524,0.0,0.0,0.0,0.0,0.0,0.0,0.0,4.123029249221038,1.0
0,1,58,11,99.37460498805136,0.0,0.0,0.0,0.0,0.0,0.0,0.0,1.3841324888226392,1.0
0,1,59,11,99.42123609304176,0.0,0.0,0.0,0.0,0.0,0.0,0.0,0.3323728374941197,1.0
0,1,60,11,99.30604088347565,0.0,0.0,0.0,0.0,0.0,0.0,0.0,0.03483816414108295,1.0
0,1,0,0,0.0,0.0,0.0,0.0,0.0,0.0,0.0,0.0,0.0,0.0
0,1,1,0,0.9960734255961419,0.0,0.0,0.0,0.0,0.0,0.0,0.0,0.9960734255961419,0.0
0,1,2,0,1.8843404094238312,0.0,0.0,0.0,0.0,0.0,0.0,0.0,0.9421702047119156,0.0
0,1,3,0,1.5129625275785223,0.0,0.0,0.0,0.0,0.0,0.0,0.0,0.5043208425261742,0.0
0,1,4,0,0.9638300445553915,0.0,0.0,0.0,0.0,0.0,0.0,0.0,-0.01074779368025014,0.0
0,1,5,1,0.9900688979171832,0.0,0.0,0.0,0.0,0.0,0.0,0.0,-0.2980905038355493,0.0
0,1,6,1,1.9962953569444797,0.0,0.0,0.0,0.0,0.0,0.0,0.0,0.1611109431219858,0.0
0,1,7,1,2.8426205708925263,0.0,0.0,0.0,0.0,0.0,0.0,0.0,0.6262635087790449,0.0
0,1,8,1,2.089649122096289,0.0,0.0,0.0,0.0,0.0,0.0,0.0,0.3665267413930353,0.0
0,1,9,1,1.2614294101504946,0.0,0.0,0.0,0.0,0.0,0.0,0.0,-0.24495531559799502,0.0
0,1,10,2,0.8312431186903074,0.0,0.0,0.0,0.0,0.0,0.0,0.0,-0.6704591507340729,0.0
0,1,11,2,0.46808960579934705,0.0,0.0,0.0,0.0,0.0,0.0,0.0,-0.5405198387656474,0.0
0,1,12,2,0.24103820713957552,0.0,0.0,0.0,0.0,0.0,0.0,0.0,-0.34013040100363967,0.0
0,1,13,2,0.13232275990218278,0.0,0.0,0.0,0.0,0.0,0.0,0.0,-0.23297345292937488,0.0
0,1,14,2,0.276586283446606,0.0,0.0,0.0,0.0,0.0,0.0,0.0,-0.063834440784247,0.0
0,1,15,3,1.0123309125216748,0.0,0.0,0.0,0.0,0.0,0.0,0.0,0.25709756846069975,0.0
0,1,16,3,1.9664818810130142,0.0,0.0,0.0,0.0,0.0,0.0,0.0,0.6113863737036105,0.0
0,1,17,3,2.2695577585264,0.0,0.0,0.0,0.0,0.0,0.0,0.0,0.664323825026598,0.0
0,1,18,3,1.6434592886363104,0.0,0.0,0.0,0.0,0.0,0.0,0.0,0.21037612537154518,0.0
0,1,19,3,1.0272683287539053,0.0,0.0,0.0,0.0,0.0,0.0,0.0,-0.31307118408636964,0.0
0,1,20,4,0.7331467358727262,0.0,0.0,0.0,0.0,0.0,0.0,0.0,-0.5121370075512247,0.0
0,1,21,4,0.6198369229939802,0.0,0.0,0.0,0.0,0.0,0.0,0.0,-0.34120745521411006,0.0
0,1,22,4,0.5858392623343904,0.0,0.0,0.0,0.0,0.0,0.0,0.0,-0.1471430221398383,0.0
0,1,23,4,0.7478195299166366,0.0,0.0,0.0,0.0,0.0,0.0,0.0,0.00489093134797014,0.0
0,1,24,4,1.0869376510978537,0.0,0.0,0.0,0.0,0.0,0.0,0.0,0.15570024270129115,0.0
0,1,25,5,2.2756583476257513,0.0,0.0,0.0,0.0,0.0,0.0,0.0,0.5632730284304536,0.0
0,1,26,5,3.6442762648471896,0.0,0.0,0.0,0.0,0.0,0.0,0.0,0.9654855783101843,0.0
0,1,27,5,2.8303097726341306,0.0,0.0,0.0,0.0,0.0,0.0,0.0,0.5811240405120923,0.0
0,1,28,5,1.689911390303442,0.0,0.0,0.0,0.0,0.0,0.0,0.0,-0.1952489857741031,0.0
0,1,29,5,0.9635564543091345,0.0,0.0,0.0,0.0,0.0,0.0,0.0,-0.8935732701793517,0.0
0,1,30,6,0.5863391969300797,0.0,0.0,0.0,0.0,0.0,0.0,0.0,-0.7479901919013502,0.0
0,1,31,6,0.6158695480448648,0.0,0.0,0.0,0.0,0.0,0.0,0.0,-0.3580139474195257,0.0
0,1,32,6,3.0219181372514496,0.0,0.0,0.0,0.0,0.0,0.0,0.0,0.6861205609807718,0.0
0,1,33,6,6.495581327412671,0.0,0.0,0.0,0.0,0.0,0.0,0.0,1.9697473768275302,0.0
0,1,34,6,9.65494431644022,0.0,0.0,0.0,0.0,0.0,0.0,0.0,3.013024922798452,0.0
0,1,35,7,24.606675130548112,0.0,0.0,0.0,0.0,0.0,0.0,0.0,7.194918997765554,0.0
0,1,36,7,36.85405726375249,0.0,0.0,0.0,0.0,0.0,0.0,0.0,10.119491978779939,0.0
0,1,37,7,37.7860914578291,0.0,0.0,0.0,0.0,0.0,0.0,0.0,9.377049047129626,0.0
0,1,38,7,32.25311088822781,0.0,0.0,0.0,0.0,0.0,0.0,0.0,2.5488119192265657,0.0
0,1,39,7,21.836527369764344,0.0,0.0,0.0,0.0,0.0,0.0,0.0,-5.005843297996048,0.0
0,1,40,8,17.55560904370334,0.0,0.0,0.0,0.0,0.0,0.0,0.0,-6.743494138041921,0.0
0,1,41,8,34.19813811821278,0.0,0.0,0.0,0.0,0.0,0.0,0.0,0.6483424099949909,0.0
0,1,42,8,52.905505521851026,0.0,0.0,0.0,0.0,0.0,0.0,0.0,10.35632605069556,0.0
0,1,43,8,55.01139663244486,0.0,0.0,0.0,0.0,0.0,0.0,0.0,12.485262529580504,0.0
0,1,44,8,42.39764574983051,0.0,0.0,0.0,0.0,0.0,0.0,0.0,2.7331692105392427,0.0
0,1,45,9,28.185335730186026,0.0,0.0,0.0,0.0,0.0,0.0,0.0,-8.240056597221667,0.0
0,1,46,9,15.836334421683835,0.0,0.0,0.0,0.0,0.0,0.0,0.0,-13.058354070253673,0.0
0,1,47,9,8.310280961929212,0.0,0.0,0.0,0.0,0.0,0.0,0.0,-11.362454929300432,0.0
0,1,48,9,5.568916689893888,0.0,0.0,0.0,0.0,0.0,0.0,0.0,-7.538806346764045,0.0
0,1,49,9,8.255995150743914,0.0,0.0,0.0,0.0,0.0,0.0,0.0,-2.5267797569799737,0.0
0,1,50,10,10.656998169382385,0.0,0.0,0.0,0.0,0.0,0.0,0.0,0.7822390691510576,0.0
0,1,51,10,15.866951519517837,0.0,0.0,0.0,0.0,0.0,0.0,0.0,3.4326782765413157,0.0
0,1,52,10,15.096402114627676,0.0,0.0,0.0,0.0,0.0,0.0,0.0,2.280135654627921,0.0
0,1,53,10,8.470807662631193,0.0,0.0,0.0,0.0,0.0,0.0,0.0,-0.728730168917064,0.0
0,1,54,10,4.465372546132038,0.0,0.0,0.0,0.0,0.0,0.0,0.0,-3.800526324461933,0.0
0,1,55,11,2.3819011764090083,0.0,0.0,0.0,0.0,0.0,0.0,0.0,-4.2381669794062224,0.0
0,1,56,11,1.3526175889503427,0.0,0.0,0.0,0.0,0.0,0.0,0.0,-2.3727300245602834,0.0
0,1,57,11,0.8858402096590687,0.0,0.0,0.0,0.0,0.0,0.0,0.0,-1.1931774454909896,0.0
0,1,58,11,1.1677306084617176,0.0,0.0,0.0,0.0,0.0,0.0,0.0,-0.4047235226490969,0.0
0,1,59,11,3.588337858197478,0.0,0.0,0.0,0.0,0.0,0.0,0.0,0.7452400897490451,0.0
0,1,60,11,15.701774128654652,0.0,0.0,0.0,0.0,0.0,0.0,0.0,4.938644639665195,0.0
0,1,61,11,42.323798081312226,0.0,0.0,0.0,0.0,0.0,0.0,0.0,13.718689157616836,0.0
0,1,62,11,44.01140804988633,0.0,0.0,0.0,0.0,0.0,0.0,0.0,13.47435673056295,1.0
0,1,63,11,39.622736026844485,0.0,0.0,0.0,0.0,0.0,0.0,0.0,7.973653966063278,1.0
0,1,64,11,34.72649744468254,0.0,0.0,0.0,0.0,0.0,0.0,0.0,-2.5324335455432276,1.0
0,1,65,11,28.45770798242942,0.0,0.0,0.0,0.0,0.0,0.0,0.0,-5.184566689152303,1.0
0,1,66,11,25.513128626976098,0.0,0.0,0.0,0.0,0.0,0.0,0.0,-4.703202466622796,1.0
0,3,0,0,0.0,0.0,0.0,0.0,0.0,0.0,0.0,0.0,0.0,0.0
0,3,1,0,0.027876816834656155,0.0,0.0,0.0,0.0,0.0,0.0,0.0,0.027876816834656155,0.0
0,3,2,0,0.03980012233526932,0.0,0.0,0.0,0.0,0.0,0.0,0.0,0.01990006116763466,0.0
0,3,3,0,0.029586427952740406,0.0,0.0,0.0,0.0,0.0,0.0,0.0,0.009862142650913468,0.0
0,3,4,0,0.015940586118474584,0.0,0.0,0.0,0.0,0.0,0.0,0.0,-0.003978743572060524,0.0
0,3,5,1,0.13174328980078484,0.0,0.0,0.0,0.0,0.0,0.0,0.0,0.030647722488505173,0.0
0,3,6,1,0.7576315956241075,0.0,0.0,0.0,0.0,0.0,0.0,0.0,0.2426817225571224,0.0
0,3,7,1,1.2210077527883445,0.0,0.0,0.0,0.0,0.0,0.0,0.0,0.4016890555566233,0.0
0,3,8,1,1.0382303815461356,0.0,0.0,0.0,0.0,0.0,0.0,0.0,0.3021623639151169,0.0
0,3,9,1,0.6592811239919596,0.0,0.0,0.0,0.0,0.0,0.0,0.0,-0.03278349054404931,0.0
0,3,10,2,0.35668941274646837,0.0,0.0,0.0,0.0,0.0,0.0,0.0,-0.288106113347292,0.0
0,3,11,2,0.1831553170886911,0.0,0.0,0.0,0.0,0.0,0.0,0.0,-0.2850250214858148,0.0
0,3,12,2,0.09983304551233699,0.0,0.0,0.0,0.0,0.0,0.0,0.0,-0.18648269282654087,0.0
0,3,13,2,0.12662178506262142,0.0,0.0,0.0,0.0,0.0,0.0,0.0,-0.07668920922794899,0.0
0,3,14,2,0.430945495738911,0.0,0.0,0.0,0.0,0.0,0.0,0.0,0.08259672621673997,0.0
0,3,15,3,0.58881268060002,0.0,0.0,0.0,0.0,0.0,0.0,0.0,0.16299321169589434,0.0
0,3,16,3,0.4754795844223946,0.0,0.0,0.0,0.0,0.0,0.0,0.0,0.11628593311992437,0.0
0,3,17,3,0.27127379214779057,0.0,0.0,0.0,0.0,0.0,0.0,0.0,-0.053223901197040145,0.0
0,3,18,3,0.18370590360051392,0.0,0.0,0.0,0.0,0.0,0.0,0.0,-0.1350355923331687,0.0
0,3,19,3,0.1285405891828177,0.0,0.0,0.0,0.0,0.0,0.0,0.0,-0.11564633174652562,0.0
0,3,20,4,0.06844409038697474,0.0,0.0,0.0,0.0,0.0,0.0,0.0,-0.06760990058693861,0.0
0,3,21,4,0.03532450600140516,0.0,0.0,0.0,0.0,0.0,0.0,0.0,-0.04946046586636959,0.0
0,3,22,4,0.10002991977613707,0.0,0.0,0.0,0.0,0.0,0.0,0.0,-0.00950355646889354,0.0
0,3,23,4,2.548763156989122,0.0,0.0,0.0,0.0,0.0,0.0,0.0,0.8267730222007157,0.0
0,3,24,4,6.801788808099154,0.0,0.0,0.0,0.0,0.0,0.0,0.0,2.2554881006992495,0.0
0,3,25,5,10.005080555192666,0.0,0.0,0.0,0.0,0.0,0.0,0.0,3.301683545138843,0.0
0,3,26,5,10.265223224548844,0.0,0.0,0.0,0.0,0.0,0.0,0.0,2.572153355853241,0.0
0,3,27,5,7.950490971909687,0.0,0.0,0.0,0.0,0.0,0.0,0.0,0.38290072127017777,0.0
0,3,28,5,6.600395070522751,0.0,0.0,0.0,0.0,0.0,0.0,0.0,-1.1348951615566385,0.0
0,3,29,5,6.325863279201766,0.0,0.0,0.0,0.0,0.0,0.0,0.0,-1.3131199817823596,0.0
0,3,30,6,5.4006061556163445,0.0,0.0,0.0,0.0,0.0,0.0,0.0,-0.8499616054311142,0.0
0,3,31,6,3.4719779288455213,0.0,0.0,0.0,0.0,0.0,0.0,0.0,-1.0428057138924098,0.0
0,3,32,6,1.9574387017579646,0.0,0.0,0.0,0.0,0.0,0.0,0.0,-1.4561415258146004,0.0
0,3,33,6,1.2172704495862847,0.0,0.0,0.0,0.0,0.0,0.0,0.0,-1.3944452353433532,0.0
0,3,34,6,1.2209750866219071,0.0,0.0,0.0,0.0,0.0,0.0,0.0,-0.7503342807412047,0.0
0,3,35,7,9.079962396474954,0.0,0.0,0.0,0.0,0.0,0.0,0.0,2.374174564905663,0.0
0,3,36,7,44.41643465589056,0.0,0.0,0.0,1.0,0.0,0.0,2.045625795533958,14.399721402101425,0.0
0,3,37,7,60.81897506089179,0.0,0.0,0.0,1.0,0.0,0.0,8.98076031279497,19.865999991423294,0.0
0,3,38,7,52.11269684781587,0.0,0.0,0.0,0.0,0.0,0.0,0.0,14.344244817113639,0.0
0,3,39,7,40.392084423890665,0.0,0.0,0.0,0.0,0.0,0.0,0.0,-1.341450077333299,0.0
0,3,40,8,26.45168937860545,0.0,0.0,0.0,0.0,0.0,0.0,0.0,-11.455761894095446,0.0
0,3,41,8,15.028159269494822,0.0,0.0,0.0,0.0,0.0,0.0,0.0,-12.361512526107015,0.0
0,3,42,8,8.699863108248714,0.0,0.0,0.0,0.0,0.0,0.0,0.0,-10.56407377188065,0.0
0,3,43,8,4.869383766092746,0.0,0.0,0.0,0.0,0.0,0.0,0.0,-7.194101870837568,0.0
0,3,44,8,2.57346505933768,0.0,0.0,0.0,0.0,0.0,0.0,0.0,-4.151564736719047,0.0
0,3,45,9,1.4949910634335488,0.0,0.0,0.0,0.0,0.0,0.0,0.0,-2.4016240149383883,0.0
0,3,46,9,1.8731166450191203,0.0,0.0,0.0,0.0,0.0,0.0,0.0,-0.9987557070245418,0.0
0,3,47,9,5.23905865808894,0.0,0.0,0.0,0.0,0.0,0.0,0.0,0.8885311995837532,0.0
0,3,48,9,18.7829547462782,0.0,0.0,0.0,0.0,0.0,0.0,0.0,5.762654560948217,0.0
0,3,49,9,39.86070676099098,0.0,0.0,0.0,0.0,0.0,0.0,0.0,12.662530038657286,0.0
0,3,50,10,41.7552451860806,0.0,0.0,0.0,0.0,0.0,0.0,0.0,12.17206217599722,0.0
0,3,51,10,31.454118487091442,0.0,0.0,0.0,0.0,0.0,0.0,0.0,4.223721246937747,0.0
0,3,52,10,23.668455752939167,0.0,0.0,0.0,0.0,0.0,0.0,0.0,-5.397417002683937,0.0
0,3,53,10,31.187745805682674,0.0,0.0,0.0,0.0,0.0,0.0,0.0,-3.5224997934659754,0.0
0,3,54,10,43.531723358028174,0.0,0.0,0.0,0.0,0.0,0.0,0.0,4.025868290312244,0.0
0,3,55,11,50.40326531948348,0.0,0.0,0.0,0.0,0.0,0.0,0.0,8.911603188848105,0.0
0,3,56,11,44.764192356683694,0.0,0.0,0.0,0.0,0.0,0.0,0.0,4.525482183667006,0.0
0,3,57,11,35.68868183540682,0.0,0.0,0.0,0.0,0.0,0.0,0.0,-2.6143471742071185,0.0
0,3,58,11,29.745772278436494,0.0,0.0,0.0,0.0,0.0,0.0,0.0,-6.885831013682329,0.0
0,3,59,11,31.863187207049208,0.0,0.0,0.0,0.0,0.0,0.0,0.0,-4.300335049878162,0.0
0,3,60,11,47.63586673227,0.0,0.0,0.0,0.0,0.0,0.0,0.0,3.9823949656210615,0.0
0,3,61,11,66.55375594106039,0.0,0.0,0.0,0.0,0.0,0.0,0.0,12.2693278875413,0.0
0,3,62,11,84.85625194864222,0.0,0.0,0.0,0.0,0.0,0.0,0.0,17.66435491386434,0.0
0,3,63,11,93.99130617024953,0.0,0.0,0.0,0.0,0.0,0.0,0.0,15.451813145993176,0.0
0,3,64,11,96.49062669089926,0.0,0.0,0.0,0.0,0.0,0.0,0.0,9.978956916612958,0.0
0,3,65,11,97.72832069886373,0.0,0.0,0.0,0.0,0.0,0.0,0.0,4.290689583407167,0.0
0,3,66,11,98.04907264633982,0.0,0.0,0.0,0.0,0.0,0.0,0.0,1.352588825363431,0.0
0,3,67,11,97.96845977413875,0.0,0.0,0.0,0.0,0.0,0.0,0.0,0.4926110277464962,0.0
0,3,68,11,98.75660686863199,0.0,0.0,0.0,0.0,0.0,0.0,0.0,0.3427620565894216,1.0
0,3,69,11,98.72122846089967,0.0,0.0,0.0,0.0,0.0,0.0,0.0,0.22405193818661454,1.0
0,3,70,11,98.51559490966353,0.0,0.0,0.0,0.0,0.0,0.0,0.0,0.1823783785082611,1.0
0,3,71,11,98.97493208894852,0.0,0.0,0.0,0.0,0.0,0.0,0.0,0.0727750734388432,1.0
0,3,72,11,99.24123404626985,0.0,0.0,0.0,0.0,0.0,0.0,0.0,0.17333519512339515,1.0
0,3,0,0,0.0,0.0,0.0,0.0,0.0,0.0,0.0,0.0,0.0,0.0
0,3,1,0,10.989971170387001,1.0,0.0,1.0,1.0,0.0,2.56820490393093,2.56820490393093,10.989971170387001,0.0
0,3,2,0,14.217483948040508,1.0,1.0,1.0,1.0,0.0,5.398518640347675,4.312714074998318,7.108741974020254,0.0
0,3,3,0,10.047636008201621,1.0,0.0,1.0,1.0,1.0,0.8590103500011974,0.5406237782741634,3.3492120027338736,0.0
0,3,4,0,7.970357242482729,0.0,0.0,0.0,0.0,0.0,0.0,0.0,-1.0065379759680908,0.0
0,3,5,1,16.028854262182165,1.0,1.0,1.0,1.0,0.0,6.165300937775244,6.015166004759529,0.6037901047138856,0.0
0,3,6,1,26.694559847951425,1.0,1.0,1.0,1.0,0.0,16.37763092201333,13.942175193260358,5.548974613249935,0.0
0,3,7,1,29.924975205160393,1.0,1.0,1.0,1.0,1.0,18.880337458173077,15.262638569076454,7.318205987559222,0.0
0,3,8,1,32.64818857125658,1.0,1.0,1.0,1.0,1.0,20.906620060506167,16.49745678853818,5.539778103024806,0.0
0,3,9,1,27.88344686843793,1.0,1.0,1.0,1.0,1.0,15.46542248751831,11.388865357444022,0.39629567349550143,0.0
0,3,10,2,17.72607945715668,1.0,0.0,1.0,1.0,1.0,4.641770935969507,1.4115262492519456,-4.066298582667905,0.0
0,3,11,2,9.972163760862475,0.0,0.0,0.0,0.0,0.0,0.0,0.0,-7.5586749367980355,0.0
0,3,12,2,5.220494130144676,0.0,0.0,0.0,0.0,0.0,0.0,0.0,-7.554317579431085,0.0
0,3,13,2,2.709421372604761,0.0,0.0,0.0,0.0,0.0,0.0,0.0,-5.005552694850639,0.0
0,3,14,2,1.6860406044951932,0.0,0.0,0.0,0.0,0.0,0.0,0.0,-2.7620410521224272,0.0
0,3,15,3,2.1697299518347726,0.0,0.0,0.0,0.0,0.0,0.0,0.0,-1.0169213927699678,0.0
0,3,16,3,5.29969410844539,0.0,0.0,0.0,0.0,0.0,0.0,0.0,0.8634242452802097,0.0
0,3,17,3,7.0375530042535495,0.0,0.0,0.0,0.0,0.0,0.0,0.0,1.7838374665861185,0.0
0,3,18,3,6.737132731664703,0.0,0.0,0.0,0.0,0.0,0.0,0.0,1.5224675932766434,0.0
0,3,19,3,5.359934051431936,0.0,0.0,0.0,0.0,0.0,0.0,0.0,0.020079980995515296,0.0
0,3,20,4,3.2219042623124716,0.0,0.0,0.0,0.0,0.0,0.0,0.0,-1.2718829139803594,0.0
0,3,21,4,1.6948137657604785,0.0,0.0,0.0,0.0,0.0,0.0,0.0,-1.6807729886347413,0.0
0,3,22,4,0.8706580453677272,0.0,0.0,0.0,0.0,0.0,0.0,0.0,-1.4964253353547363,0.0
0,3,23,4,0.44701074531524687,0.0,0.0,0.0,0.0,0.0,0.0,0.0,-0.9249645056657415,0.0
0,3,24,4,0.22956326661394144,0.0,0.0,0.0,0.0,0.0,0.0,0.0,-0.4884168330488457,0.0
0,3,25,5,0.42339556867185446,0.0,0.0,0.0,0.0,0.0,0.0,0.0,-0.14908749223195758,0.0
0,3,26,5,5.734390665674763,0.0,0.0,0.0,0.0,0.0,0.0,0.0,1.762459973453172,0.0
0,3,27,5,14.25502641901516,0.0,0.0,0.0,0.0,0.0,0.0,0.0,4.675154384133739,0.0
0,3,28,5,11.601367539317199,0.0,0.0,0.0,0.0,0.0,0.0,0.0,3.7259906568817818,0.0
0,3,29,5,6.980854251284539,0.0,0.0,0.0,0.0,0.0,0.0,0.0,0.41548786186992537,0.0
0,3,30,6,3.7114508745215646,0.0,0.0,0.0,0.0,0.0,0.0,0.0,-3.514525181497865,0.0
0,3,31,6,1.907132473553469,0.0,0.0,0.0,0.0,0.0,0.0,0.0,-3.23141168858791,0.0
0,3,32,6,0.9791918504116146,0.0,0.0,0.0,0.0,0.0,0.0,0.0,-2.000554133624308,0.0
0,3,33,6,0.505175454516753,0.0,0.0,0.0,0.0,0.0,0.0,0.0,-1.0687584733349371,0.0
0,3,34,6,0.26697297436466333,0.0,0.0,0.0,0.0,0.0,0.0,0.0,-0.5467198330629351,0.0
0,3,35,7,0.32176929091481854,0.0,0.0,0.0,0.0,0.0,0.0,0.0,-0.2191408531655987,0.0
0,3,36,7,0.8365496949291559,0.0,0.0,0.0,0.0,0.0,0.0,0.0,0.1104580801374676,0.0
0,3,37,7,1.6381217838041358,0.0,0.0,0.0,0.0,0.0,0.0,0.0,0.4570496031464908,0.0
0,3,38,7,5.757201226125372,0.0,0.0,0.0,0.0,0.0,0.0,0.0,1.8118106450701845,0.0
0,3,39,7,18.153620225681248,0.0,0.0,0.0,0.0,0.0,0.0,0.0,5.7723568435840305,0.0
0,3,40,8,28.013393892367052,0.0,0.0,0.0,0.0,0.0,0.0,0.0,8.791757369520973,0.0
0,3,41,8,24.796575238662964,0.0,0.0,0.0,0.0,0.0,0.0,0.0,6.346458004179198,0.0
0,3,42,8,19.814652593373342,0.0,0.0,0.0,0.0,0.0,0.0,0.0,0.5536774558973647,0.0
0,3,43,8,16.53875774924704,0.0,0.0,0.0,0.0,0.0,0.0,0.0,-3.8248787143733374,0.0
0,3,44,8,11.311994547871413,0.0,0.0,0.0,0.0,0.0,0.0,0.0,-4.494860230263851,0.0
0,3,45,9,8.134566709653033,0.0,0.0,0.0,0.0,0.0,0.0,0.0,-3.893361961240103,0.0
0,3,46,9,12.680444259543343,0.0,0.0,0.0,0.0,0.0,0.0,0.0,-1.286104496567899,0.0
0,3,47,9,14.937362374898377,0.0,0.0,0.0,0.0,0.0,0.0,0.0,1.2084559423423216,0.0
0,3,48,9,17.958777292555745,0.0,0.0,0.0,0.0,0.0,0.0,0.0,3.2747368609675704,0.0
0,3,49,9,32.60983535728205,0.0,0.0,0.0,0.0,0.0,0.0,0.0,6.643130365912903,0.0
0,3,50,10,49.76717914338336,0.0,0.0,0.0,0.0,0.0,0.0,0.0,11.609938922828327,0.0
0,3,51,10,66.89086472195677,0.0,0.0,0.0,0.0,0.0,0.0,0.0,16.310695809800343,0.0
0,3,52,10,71.5701815138723,0.0,0.0,0.0,0.0,0.0,0.0,0.0,12.98678205219675,0.0
0,3,53,10,56.5232500615305,0.0,0.0,0.0,0.0,0.0,0.0,0.0,2.2520236393823794,0.0
0,3,54,10,36.71054968738264,0.0,0.0,0.0,0.0,0.0,0.0,0.0,-10.060105011524712,0.0
0,3,55,11,23.894313519914643,0.0,0.0,0.0,0.0,0.0,0.0,0.0,-15.891955997985884,0.0
0,3,56,11,14.592980834933455,0.0,0.0,0.0,0.0,0.0,0.0,0.0,-13.97675640886568,0.0
0,3,57,11,8.45286424425841,0.0,0.0,0.0,0.0,0.0,0.0,0.0,-9.41922848104141,0.0
0,3,58,11,4.943932038946443,0.0,0.0,0.0,0.0,0.0,0.0,0.0,-6.3167938269894,0.0
0,3,59,11,3.006193781671299,0.0,0.0,0.0,0.0,0.0,0.0,0.0,-3.8622623510873857,0.0
0,3,60,11,2.2382848012704013,0.0,0.0,0.0,0.0,0.0,0.0,0.0,-2.071526480996003,0.0
0,3,61,11,2.4301747230269033,0.0,0.0,0.0,0.0,0.0,0.0,0.0,-0.8379191053065131,0.0
0,3,62,11,2.89910477448677,0.0,0.0,0.0,0.0,0.0,0.0,0.0,-0.035696335728176244,0.0
0,3,63,11,2.5706449161371863,0.0,0.0,0.0,0.0,0.0,0.0,0.0,0.11078670495559499,0.0
0,3,64,11,1.5616907317710436,0.0,0.0,0.0,0.0,0.0,0.0,0.0,-0.28949466375195326,0.0
0,3,65,11,0.8753009362265283,0.0,0.0,0.0,0.0,0.0,0.0,0.0,-0.6746012794200805,0.0
0,3,66,11,0.48734380883150474,0.0,0.0,0.0,0.0,0.0,0.0,0.0,-0.6944337024352271,1.0
0,3,67,11,0.34781238644454404,0.0,0.0,0.0,0.0,0.0,0.0,0.0,-0.40462611510883323,1.0
0,3,68,11,0.4056996401799751,0.0,0.0,0.0,0.0,0.0,0.0,0.0,-0.15653376534885105,1.0
0,3,69,11,0.9156661175043714,0.0,0.0,0.0,0.0,0.0,0.0,0.0,0.14277410289095557,1.0
0,3,70,11,4.2362165007502295,0.0,0.0,0.0,0.0,0.0,0.0,0.0,1.2961347047685619,1.0
0,2,0,0,0.0,0.0,0.0,0.0,0.0,0.0,0.0,0.0,0.0,0.0
0,2,1,0,24.925057122724837,1.0,1.0,1.0,1.0,0.0,16.503290856268766,16.503290856268766,24.925057122724837,0.0
0,2,2,0,53.61416820895887,1.0,1.0,1.0,1.0,0.0,44.79520290126604,27.889337121049117,26.807084104479436,0.0
0,2,3,0,48.38968281754522,1.0,1.0,1.0,1.0,1.0,39.2010571593448,22.931583861309093,16.129894272515074,0.0
0,2,4,0,28.16976905694359,1.0,1.0,1.0,1.0,1.0,18.63446597962004,4.557176533826645,1.0815706447395843,0.0
0,2,5,1,15.34659842252384,1.0,1.0,1.0,0.0,1.0,5.48304509811692,0.0,-12.755856595478344,0.0
0,2,6,1,11.028570783242923,1.0,0.0,1.0,0.0,1.0,0.7116418573048318,0.0,-12.453704011434098,0.0
0,2,7,1,15.457301480202002,1.0,1.0,1.0,0.0,1.0,4.412663733214686,0.0,-4.237489192247196,0.0
0,2,8,1,21.20945114151553,1.0,1.0,1.0,0.0,1.0,9.467882630765114,0.0,1.9542842396638964,0.0
0,2,9,1,19.615227502115626,1.0,1.0,1.0,0.0,1.0,7.197203121196008,0.0,2.862218906290901,0.0
0,2,10,2,11.731624454876519,0.0,0.0,0.0,0.0,0.0,0.0,0.0,-1.241892341775161,0.0
0,2,11,2,6.0974571209905974,0.0,0.0,0.0,0.0,0.0,0.0,0.0,-5.037331340174977,0.0
0,2,12,2,3.131132992212391,0.0,0.0,0.0,0.0,0.0,0.0,0.0,-5.494698169967745,0.0
0,2,13,2,1.6386169909891408,0.0,0.0,0.0,0.0,0.0,0.0,0.0,-3.364335821295793,0.0
0,2,14,2,1.1613247451474307,0.0,0.0,0.0,0.0,0.0,0.0,0.0,-1.645377458614389,0.0
0,2,15,3,3.1814886158872566,0.0,0.0,0.0,0.0,0.0,0.0,0.0,0.016785207891621894,0.0
0,2,16,3,6.9392140651513685,0.0,0.0,0.0,0.0,0.0,0.0,0.0,1.7668656913874095,0.0
0,2,17,3,8.198509498950449,0.0,0.0,0.0,0.0,0.0,0.0,0.0,2.3457282512676727,0.0
0,2,18,3,9.785203174756447,0.0,0.0,0.0,0.0,0.0,0.0,0.0,2.20123818628973,0.0
0,2,19,3,12.55470736015841,0.0,0.0,0.0,0.0,0.0,0.0,0.0,1.8718310983356805,0.0
0,2,20,4,13.991000313801976,0.0,0.0,0.0,0.0,0.0,0.0,0.0,1.930830271617176,0.0
0,2,21,4,11.259666951564547,0.0,0.0,0.0,0.0,0.0,0.0,0.0,0.4914879256027002,0.0
0,2,22,4,6.972216825392722,0.0,0.0,0.0,0.0,0.0,0.0,0.0,-1.8608301782552295,0.0
0,2,23,4,4.684272486637175,0.0,0.0,0.0,0.0,0.0,0.0,0.0,-3.1022426090549335,0.0
0,2,24,4,4.483265741877494,0.0,0.0,0.0,0.0,0.0,0.0,0.0,-2.2588004032290177,0.0
0,2,25,5,5.355851817916692,0.0,0.0,0.0,0.0,0.0,0.0,0.0,-0.5387883358253432,0.0
0,2,26,5,4.484770862621651,0.0,0.0,0.0,0.0,0.0,0.0,0.0,-0.06650054133850809,0.0
0,2,27,5,2.584657670099946,0.0,0.0,0.0,0.0,0.0,0.0,0.0,-0.6328693572591826,0.0
0,2,28,5,1.4287923750180724,0.0,0.0,0.0,0.0,0.0,0.0,0.0,-1.30901981429954,0.0
0,2,29,5,0.8946172858725261,0.0,0.0,0.0,0.0,0.0,0.0,0.0,-1.196717858916375,0.0
0,2,30,6,0.54960956650655,0.0,0.0,0.0,0.0,0.0,0.0,0.0,-0.6783493678644654,0.0
0,2,31,6,0.29820340911709026,0.0,0.0,0.0,0.0,0.0,0.0,0.0,-0.37686298863366074,0.0
0,2,32,6,0.15318621162021512,0.0,0.0,0.0,0.0,0.0,0.0,0.0,-0.24714369141743697,0.0
0,2,33,6,0.07864842344556791,0.0,0.0,0.0,0.0,0.0,0.0,0.0,-0.15698704768699404,0.0
0,2,34,6,0.0403794469818789,0.0,0.0,0.0,0.0,0.0,0.0,0.0,-0.08594132071173712,0.0
0,2,35,7,0.03233495706353022,0.0,0.0,0.0,0.0,0.0,0.0,0.0,-0.04028375151889497,0.0
0,2,36,7,0.11376116078332896,0.0,0.0,0.0,0.0,0.0,0.0,0.0,0.011704245779253683,0.0
0,2,37,7,0.9032155473936145,0.0,0.0,0.0,0.0,0.0,0.0,0.0,0.28761203347057857,0.0
0,2,38,7,2.687322147357133,0.0,0.0,0.0,0.0,0.0,0.0,0.0,0.8849957300978676,0.0
0,2,39,7,2.1740450484075584,0.0,0.0,0.0,0.0,0.0,0.0,0.0,0.6867612958747431,0.0
0,2,40,8,1.3792139880492074,0.0,0.0,0.0,0.0,0.0,0.0,0.0,0.15866614688519762,0.0
0,2,41,8,0.9681906210407094,0.0,0.0,0.0,0.0,0.0,0.0,0.0,-0.5730438421054745,0.0
0,2,42,8,0.8354282059159268,0.0,0.0,0.0,0.0,0.0,0.0,0.0,-0.4462056141638772,0.0
0,2,43,8,1.9876182200454786,0.0,0.0,0.0,0.0,0.0,0.0,0.0,0.20280141066542376,0.0
0,2,44,8,8.037837641933681,0.0,0.0,0.0,0.0,0.0,0.0,0.0,2.356549006964324,0.0
0,2,45,9,22.28755742817721,0.0,0.0,0.0,0.0,0.0,0.0,0.0,7.1507097407537605,0.0
0,2,46,9,36.772498987906715,0.0,0.0,0.0,0.0,0.0,0.0,0.0,11.594960255953746,0.0
0,2,47,9,47.21994255031777,0.0,0.0,0.0,0.0,0.0,0.0,0.0,13.06070163612803,0.0
0,2,48,9,67.28616612068772,0.0,0.0,0.0,0.0,0.0,0.0,0.0,14.999536230836839,0.0
0,2,49,9,85.22472879043397,0.0,0.0,0.0,0.0,0.0,0.0,0.0,16.150743267509085,0.0
0,2,50,10,92.50188088693585,0.0,0.0,0.0,0.0,0.0,0.0,0.0,15.093979445539361,0.0
0,2,51,10,93.09346150508414,0.0,0.0,0.0,0.0,0.0,0.0,0.0,8.602431794798804,0.0
0,2,52,10,88.85266434017254,0.0,0.0,0.0,0.0,0.0,0.0,0.0,1.2093118499128555,0.0
0,2,53,10,83.99413035991486,0.0,0.0,0.0,0.0,0.0,0.0,0.0,-2.8359168423403296,0.0
0,2,54,10,77.23620951897033,0.0,0.0,0.0,0.0,0.0,0.0,0.0,-5.285750662037937,0.0
0,2,55,11,64.19848535092638,0.0,0.0,0.0,0.0,0.0,0.0,0.0,-8.218059663082053,0.0
0,2,56,11,57.70350100860118,0.0,0.0,0.0,0.0,0.0,0.0,0.0,-8.763543117104561,0.0
0,2,57,11,67.58156157635399,0.0,0.0,0.0,0.0,0.0,0.0,0.0,-3.218215980872112,0.0
0,2,58,11,78.89825369977243,0.0,0.0,0.0,0.0,0.0,0.0,0.0,4.899922782948683,0.0
0,2,59,11,85.10662739106517,0.0,0.0,0.0,0.0,0.0,0.0,0.0,9.134375460821332,1.0
0,2,60,11,88.93561256639191,0.0,0.0,0.0,0.0,0.0,0.0,0.0,7.118016996679306,1.0
0,2,61,11,89.79258878578116,0.0,0.0,0.0,0.0,0.0,0.0,0.0,3.6314450286695794,1.0
0,2,62,11,80.57844973364936,0.0,0.0,0.0,0.0,0.0,0.0,0.0,-1.5093925524719367,1.0
0,2,63,11,68.86132151621968,0.0,0.0,0.0,0.0,0.0,0.0,0.0,-6.691430350057412,1.0
1,2,0,0,0.0,0.0,0.0,0.0,0.0,0.0,0.0,0.0,0.0,0.0
1,2,1,0,23.44113519756143,1.0,1.0,1.0,1.0,0.0,15.019368931105358,15.019368931105358,23.44113519756143,0.0
1,2,2,0,30.549106905198187,1.0,1.0,1.0,1.0,0.0,21.73014159750535,13.677862044142756,15.274553452599093,0.0
1,2,3,0,21.508334655924763,1.0,1.0,1.0,1.0,1.0,12.319708997724339,5.914288810592961,7.169444885308255,0.0
1,2,4,0,15.070394624889268,1.0,1.0,1.0,1.0,1.0,5.535091547565717,0.22090432431821583,-2.790246857557387,0.0
1,2,5,1,12.502104248592008,1.0,0.0,1.0,0.0,1.0,2.638550924185088,0.0,-6.01566755220206,0.0
1,2,6,1,14.497037760518056,1.0,1.0,1.0,1.0,1.0,4.180108834579965,0.3404168245262831,-2.337098965135569,0.0
1,2,7,1,22.86027845256364,1.0,1.0,1.0,1.0,1.0,11.815640705576325,8.74230774545425,2.5966279425581242,0.0
1,2,8,1,31.13080231835717,1.0,1.0,1.0,1.0,1.0,19.389233807606754,16.155950916065745,6.209566023255054,0.0
1,2,9,1,31.322257617899137,1.0,1.0,1.0,1.0,1.0,18.90423323697952,15.77502668899368,5.6084066191270265,0.0
1,2,10,2,27.924327570117512,1.0,1.0,1.0,1.0,1.0,14.84001904893034,12.249872652667847,1.688016372517957,0.0
1,2,11,2,20.80177174569431,1.0,1.0,1.0,1.0,1.0,7.051047650449004,7.570300595644241,-3.4430101908876196,0.0
1,2,12,2,12.174108004964394,0.0,0.0,0.0,0.0,0.0,0.0,0.0,-6.382716537644915,0.0
1,2,13,2,6.879945550869937,0.0,0.0,0.0,0.0,0.0,0.0,0.0,-7.014794006415858,0.0
1,2,14,2,4.1686975777101125,0.0,0.0,0.0,0.0,0.0,0.0,0.0,-5.544358055994732,0.0
1,2,15,3,3.559672691410965,0.0,0.0,0.0,0.0,0.0,0.0,0.0,-2.871478437851143,0.0
1,2,16,3,3.318447493516558,0.0,0.0,0.0,0.0,0.0,0.0,0.0,-1.187166019117793,0.0
1,2,17,3,2.953540189466821,0.0,0.0,0.0,0.0,0.0,0.0,0.0,-0.4050524627477638,0.0
1,2,18,3,8.913419462222521,0.0,0.0,0.0,0.0,0.0,0.0,0.0,1.7845822569371854,0.0
1,2,19,3,33.48583658325418,1.0,1.0,1.0,1.0,0.0,13.162676636014233,11.963369609972283,10.055796363245875,0.0
1,2,20,4,67.67395096121449,1.0,1.0,1.0,1.0,0.0,46.21955016965045,38.1895583796654,21.573470257249223,0.0
1,2,21,4,85.92750142063319,1.0,1.0,1.0,1.0,1.0,63.238696714032095,47.35289550626662,25.671360652803557,0.0
1,2,22,4,90.276501442436,1.0,1.0,1.0,1.0,1.0,66.23982658639265,44.81327845425049,18.930221619727273,0.0
1,2,23,4,78.68477228553641,1.0,1.0,1.0,1.0,1.0,53.17645788195337,30.10799646833412,3.6702737747739747,0.0
1,2,24,4,51.552916401145666,1.0,1.0,1.0,1.0,1.0,24.438889888233263,3.0400056069110377,-11.458195006495842,0.0
1,2,25,5,29.248532172536965,1.0,0.0,1.0,0.0,1.0,0.38441782481328346,0.0,-20.342656423299676,0.0
1,2,26,5,18.258375950114797,0.0,0.0,0.0,0.0,0.0,0.0,0.0,-20.142132111807204,0.0
1,2,27,5,12.480722970228468,0.0,0.0,0.0,0.0,0.0,0.0,0.0,-13.024064476972399,0.0
1,2,28,5,10.21379317820033,0.0,0.0,0.0,0.0,0.0,0.0,0.0,-6.344912998112211,1.0
1,2,29,5,13.285380736794634,0.0,0.0,0.0,0.0,0.0,0.0,0.0,-1.657665071106721,1.0
1,2,30,6,28.085825744773274,0.0,0.0,0.0,0.0,0.0,0.0,0.0,5.201700924848269,1.0
1,2,31,6,39.726888486784375,0.0,0.0,0.0,0.0,0.0,0.0,0.0,9.837698436194682,1.0
1,2,32,6,39.79724260537283,0.0,0.0,0.0,0.0,0.0,0.0,0.0,8.837287289526065,1.0
1,2,0,0,0.0,0.0,0.0,0.0,0.0,0.0,0.0,0.0,0.0,0.0
1,2,1,0,0.18687740320708024,0.0,0.0,0.0,0.0,0.0,0.0,0.0,0.18687740320708024,0.0
1,2,2,0,0.23463741983220182,0.0,0.0,0.0,0.0,0.0,0.0,0.0,0.11731870991610091,0.0
1,2,3,0,0.28052391508993196,0.0,0.0,0.0,0.0,0.0,0.0,0.0,0.09350797169664399,0.0
1,2,4,0,0.19303906282729066,0.0,0.0,0.0,0.0,0.0,0.0,0.0,0.0020538865400701414,0.0
1,2,5,1,0.10029432176614822,0.0,0.0,0.0,0.0,0.0,0.0,0.0,-0.04478103268868453,0.0
1,2,6,1,0.051492821736503686,0.0,0.0,0.0,0.0,0.0,0.0,0.0,-0.0763436977844761,0.0
1,2,7,1,0.026437296186814594,0.0,0.0,0.0,0.0,0.0,0.0,0.0,-0.05553392221349202,0.0
1,2,8,1,0.04698457196011227,0.0,0.0,0.0,0.0,0.0,0.0,0.0,-0.017769916602011982,0.0
1,2,9,1,0.31590162617984485,0.0,0.0,0.0,0.0,0.0,0.0,0.0,0.08813626814778037,0.0
1,2,10,2,0.23519691634455414,0.0,0.0,0.0,0.0,0.0,0.0,0.0,0.06958654005257985,0.0
1,2,11,2,0.1318575936628459,0.0,0.0,0.0,0.0,0.0,0.0,0.0,0.028291007234244547,0.0
1,2,12,2,0.06824559199310967,0.0,0.0,0.0,0.0,0.0,0.0,0.0,-0.0825520113955784,0.0
1,2,13,2,0.1281685047868117,0.0,0.0,0.0,0.0,0.0,0.0,0.0,-0.03567613718591415,0.0
1,2,14,2,0.35599010086238636,0.0,0.0,0.0,0.0,0.0,0.0,0.0,0.07471083573318014,0.0
1,2,15,3,1.0284494792950662,0.0,0.0,0.0,0.0,0.0,0.0,0.0,0.32006796243398555,0.0
1,2,16,3,3.1028392746385807,0.0,0.0,0.0,0.0,0.0,0.0,0.0,0.9915569232839231,0.0
1,2,17,3,4.78394464098619,0.0,0.0,0.0,0.0,0.0,0.0,0.0,1.4759848467079346,0.0
1,2,18,3,4.57103387510206,0.0,0.0,0.0,0.0,0.0,0.0,0.0,1.180861465268998,0.0
1,2,19,3,7.732282045918846,0.0,0.0,0.0,0.0,0.0,0.0,0.0,1.543147590426755,0.0
1,2,20,4,13.193429103813063,0.0,0.0,0.0,0.0,0.0,0.0,0.0,2.8031614876089574,0.0
1,2,21,4,11.154500542826431,0.0,0.0,0.0,0.0,0.0,0.0,0.0,2.194488889241457,0.0
1,2,22,4,7.043679334577536,0.0,0.0,0.0,0.0,0.0,0.0,0.0,-0.22953423711376994,0.0
1,2,23,4,3.821436651055115,0.0,0.0,0.0,0.0,0.0,0.0,0.0,-3.1239974842526492,0.0
1,2,24,4,2.806485534912558,0.0,0.0,0.0,0.0,0.0,0.0,0.0,-2.7826716693046243,0.0
1,2,25,5,4.200641039466303,0.0,0.0,0.0,0.0,0.0,0.0,0.0,-0.9476794317037444,0.0
1,2,26,5,4.779661007233667,0.0,0.0,0.0,0.0,0.0,0.0,0.0,0.31940811872618396,0.0
1,2,27,5,5.240177894191309,0.0,0.0,0.0,0.0,0.0,0.0,0.0,0.8112307864262501,0.0
1,2,28,5,10.711552101297215,0.0,0.0,0.0,0.0,0.0,0.0,0.0,2.1703036872769705,0.0
1,2,29,5,23.953694902083072,0.0,0.0,0.0,0.0,0.0,0.0,0.0,6.391344631616469,0.0
1,2,30,6,24.320827087128134,0.0,0.0,0.0,0.0,0.0,0.0,0.0,6.360216397645608,0.0
1,2,31,6,23.388316364956538,0.0,0.0,0.0,0.0,0.0,0.0,0.0,4.2255880878864405,0.0
1,2,32,6,27.478848135300783,0.0,0.0,0.0,0.0,0.0,0.0,0.0,1.1750510777392371,0.0
1,2,33,6,37.479684706753545,0.0,0.0,0.0,1.0,0.0,0.0,0.7096815776218222,4.386285873208471,0.0
1,2,34,6,46.696412910801,0.0,0.0,0.0,1.0,0.0,0.0,5.72939844916317,7.769365515281488,0.0
1,2,35,7,64.26123401328051,1.0,0.0,1.0,1.0,0.0,7.688880403646522,17.397065594218155,12.260795292659912,0.0
1,2,36,7,74.14466025215383,1.0,0.0,1.0,1.0,0.0,13.554077023719799,21.68178582127797,12.221658515133427,0.0
1,2,37,7,69.48952839097745,1.0,0.0,1.0,1.0,1.0,4.612701853954647,14.068376027250238,7.597705160058818,0.0
1,2,38,7,73.18962916151372,1.0,0.0,1.0,1.0,1.0,3.748242462421132,15.737630335156297,2.976131716077736,0.0
1,2,39,7,71.51802712011168,0.0,0.0,0.0,1.0,0.0,0.0,12.889272990841881,-0.8755443773473814,0.0
1,2,40,8,53.556138639414954,0.0,0.0,0.0,0.0,0.0,0.0,0.0,-5.3111299171875,0.0
1,2,41,8,35.59220662379104,0.0,0.0,0.0,0.0,0.0,0.0,0.0,-12.532474179240893,0.0
1,2,42,8,25.20485478047247,0.0,0.0,0.0,0.0,0.0,0.0,0.0,-15.43772411321307,0.0
1,2,43,8,24.485374806877488,0.0,0.0,0.0,0.0,0.0,0.0,0.0,-9.690254610845821,0.0
1,2,44,8,26.26138134873682,0.0,0.0,0.0,0.0,0.0,0.0,0.0,-3.1102750916847413,0.0
1,2,45,9,25.78773692463519,0.0,0.0,0.0,0.0,0.0,0.0,0.0,0.1942940480542402,0.0
1,2,46,9,30.472266521195657,0.0,0.0,0.0,0.0,0.0,0.0,0.0,1.9956305714393896,0.0
1,2,47,9,30.8318536274178,0.0,0.0,0.0,0.0,0.0,0.0,0.0,1.523490759560327,0.0
1,2,48,9,30.153230922361367,0.0,0.0,0.0,0.0,0.0,0.0,0.0,1.4551646659087254,0.0
1,2,49,9,32.910942967987914,0.0,0.0,0.0,0.0,0.0,0.0,0.0,0.8128921489307525,0.0
1,2,50,10,42.31980698061928,0.0,0.0,0.0,0.0,0.0,0.0,0.0,3.8293177844004944,0.0
1,2,51,10,49.257406325865205,0.0,0.0,0.0,0.0,0.0,0.0,0.0,6.368058467834612,0.0
1,2,52,10,49.79556342773624,0.0,0.0,0.0,0.0,0.0,0.0,0.0,5.628206819916109,0.0
1,2,53,10,65.83639401674117,0.0,0.0,0.0,0.0,0.0,0.0,0.0,7.838862345373961,0.0
1,2,54,10,85.64797267058222,0.0,0.0,0.0,0.0,0.0,0.0,0.0,12.130188781572338,0.0
1,2,55,11,93.50129143687337,0.0,0.0,0.0,0.0,0.0,0.0,0.0,14.568576003045711,0.0
1,2,56,11,95.85546048419258,0.0,0.0,0.0,0.0,0.0,0.0,0.0,10.00635548915047,1.0
1,2,57,11,95.94142847544848,0.0,0.0,0.0,0.0,0.0,0.0,0.0,3.4311519349554183,1.0
1,2,58,11,95.37893010328264,0.0,0.0,0.0,0.0,0.0,0.0,0.0,0.6258795554697562,1.0
1,2,59,11,93.91632492905123,0.0,0.0,0.0,0.0,0.0,0.0,0.0,-0.6463785183804495,1.0
1,2,60,11,90.34796006818826,0.0,0.0,0.0,0.0,0.0,0.0,0.0,-1.8644894690867393,1.0
1,1,0,0,0.0,0.0,0.0,0.0,0.0,0.0,0.0,0.0,0.0,0.0
1,1,1,0,0.0,0.0,0.0,0.0,0.0,0.0,0.0,0.0,0.0,0.0
1,1,2,0,0.0003219973838757418,0.0,0.0,0.0,0.0,0.0,0.0,0.0,0.0001609986919378709,0.0
1,1,3,0,0.5365703818171301,0.0,0.0,0.0,0.0,0.0,0.0,0.0,0.17885679393904338,0.0
1,1,4,0,3.8511894219761498,0.0,0.0,0.0,0.0,0.0,0.0,0.0,1.2837298073253833,0.0
1,1,5,1,10.810820659772176,1.0,0.0,1.0,1.0,0.0,0.9472673353652556,1.9998566824368709,3.6034995541294332,0.0
1,1,6,1,36.49435965388283,1.0,1.0,1.0,1.0,0.0,26.17743072794474,18.883235795565582,11.985929757355235,0.0
1,1,7,1,61.77891241049025,1.0,1.0,1.0,1.0,1.0,50.73427466350293,34.87462533377801,19.309240996171365,0.0
1,1,8,1,56.637713547926495,1.0,1.0,1.0,1.0,1.0,44.89614503717608,26.649198467085107,15.275630962718106,0.0
1,1,9,1,34.41385824126455,1.0,1.0,1.0,1.0,1.0,21.99583386034493,4.900535855481142,-0.6935004708727609,0.0
1,1,10,2,19.830967170628462,1.0,1.0,1.0,0.0,1.0,6.74665864944129,0.0,-13.982648413287263,0.0
1,1,11,2,13.325073705127634,0.0,0.0,0.0,0.0,0.0,0.0,0.0,-14.437546614266287,0.0
1,1,12,2,9.176408851470432,0.0,0.0,0.0,0.0,0.0,0.0,0.0,-8.412483129931372,0.0
1,1,13,2,7.1319682970170195,0.0,0.0,0.0,0.0,0.0,0.0,0.0,-4.232999624537148,0.0
1,1,14,2,5.750992925584596,0.0,0.0,0.0,0.0,0.0,0.0,0.0,-2.524693593181013,0.0
1,1,15,3,6.406189155032548,0.0,0.0,0.0,0.0,0.0,0.0,0.0,-0.9234065654792948,0.0
1,1,16,3,9.195895645195172,0.0,0.0,0.0,0.0,0.0,0.0,0.0,0.6879757827260509,0.0
1,1,17,3,16.972893757029404,0.0,0.0,0.0,0.0,0.0,0.0,0.0,3.7406336104816025,0.0
1,1,18,3,33.20788880161962,1.0,1.0,1.0,1.0,0.0,13.923109791683036,8.426215422928166,8.93389988219569,0.0
1,1,19,3,37.06636867631374,1.0,1.0,1.0,1.0,0.0,16.743208729073793,15.526970169699336,9.290157677039524,0.0
1,1,20,4,31.520237359159974,1.0,1.0,1.0,1.0,1.0,10.065836567595934,9.746051287639897,4.849114534043523,0.0
1,1,21,4,31.07238955999688,1.0,0.0,1.0,1.0,1.0,8.383584853395782,7.9571020288985395,-0.711833080540913,0.0
1,1,22,4,33.15533583971176,1.0,1.0,1.0,1.0,1.0,9.118660983668413,8.719504345695459,-1.303677612200661,0.0
1,1,23,4,29.29268216121158,1.0,0.0,1.0,1.0,1.0,3.784367757628541,4.3405763617919675,-0.7425183993161314,0.0
1,1,24,4,20.47452472074022,0.0,0.0,0.0,0.0,0.0,0.0,0.0,-3.532621613085553,0.0
1,1,25,5,15.992547949097084,0.0,0.0,0.0,0.0,0.0,0.0,0.0,-5.720929296871559,0.0
1,1,26,5,18.777224712393192,0.0,0.0,0.0,0.0,0.0,0.0,0.0,-3.505152482939463,0.0
1,1,27,5,25.675706881054897,0.0,0.0,0.0,1.0,0.0,0.0,1.945513644604091,1.7337273867715588,0.0
1,1,28,5,31.79650046604585,0.0,0.0,0.0,1.0,0.0,0.0,7.488479552044502,5.267984172316255,0.0
1,1,29,5,40.18092623265382,1.0,0.0,1.0,1.0,0.0,2.6666400170211375,13.849424508202532,7.1345671734202085,0.0
1,1,30,6,65.10200606351323,1.0,1.0,1.0,1.0,0.0,24.961205930276137,32.013726053324326,13.142099727486112,0.0
1,1,31,6,72.0347269093249,1.0,1.0,1.0,1.0,1.0,29.061218150848063,32.88986576412751,13.412742147759685,0.0
1,1,32,6,60.566283757047515,1.0,0.0,1.0,1.0,1.0,14.543568502003339,18.437561946655066,6.795119174797899,0.0
1,1,33,6,52.26946008541884,1.0,0.0,1.0,1.0,1.0,2.970737298787526,8.084433107361008,-4.2775153260314625,0.0
1,1,34,6,43.129556790729154,0.0,0.0,0.0,0.0,0.0,0.0,0.0,-9.635056706198583,0.0
1,1,35,7,33.19585899037453,0.0,0.0,0.0,0.0,0.0,0.0,0.0,-9.123474922224327,0.0
1,1,36,7,28.773028514389036,0.0,0.0,0.0,0.0,0.0,0.0,0.0,-7.832143857009935,0.0
1,1,37,7,25.04492619187945,0.0,0.0,0.0,0.0,0.0,0.0,0.0,-6.028210199616567,0.0
1,1,38,7,22.919590439585612,0.0,0.0,0.0,0.0,0.0,0.0,0.0,-3.4254228502629736,0.0
1,1,39,7,33.447183921583466,0.0,0.0,0.0,0.0,0.0,0.0,0.0,1.5580518023981433,0.0
1,1,40,8,49.15494783509926,0.0,0.0,0.0,0.0,0.0,0.0,0.0,8.036673881073268,0.0
1,1,41,8,56.27436275966286,0.0,0.0,0.0,0.0,0.0,0.0,0.0,11.118257440025749,0.0
1,1,42,8,47.027986485089635,0.0,0.0,0.0,0.0,0.0,0.0,0.0,4.52693418783539,0.0
1,1,43,8,33.995621348351335,0.0,0.0,0.0,0.0,0.0,0.0,0.0,-5.053108828915974,0.0
1,1,44,8,26.047124144839522,0.0,0.0,0.0,0.0,0.0,0.0,0.0,-10.075746204941112,0.0
1,1,45,9,20.31686826424048,0.0,0.0,0.0,0.0,0.0,0.0,0.0,-8.903706073616386,0.0
1,1,46,9,18.750820203120604,0.0,0.0,0.0,0.0,0.0,0.0,0.0,-5.081600381743577,1.0
1,1,47,9,20.17273630756013,0.0,0.0,0.0,0.0,0.0,0.0,0.0,-1.958129279093131,1.0
1,1,48,9,17.072200142288064,0.0,0.0,0.0,0.0,0.0,0.0,0.0,-1.0815560406508051,1.0
1,1,49,9,14.970119028632702,0.0,0.0,0.0,0.0,0.0,0.0,0.0,-1.2602337248293007,1.0
1,1,50,10,22.003669102367347,0.0,0.0,0.0,0.0,0.0,0.0,0.0,0.610310931602406,1.0
1,3,0,0,0.0,0.0,0.0,0.0,0.0,0.0,0.0,0.0,0.0,0.0
1,3,1,0,0.0,0.0,0.0,0.0,0.0,0.0,0.0,0.0,0.0,0.0
1,3,2,0,0.0,0.0,0.0,0.0,0.0,0.0,0.0,0.0,0.0,0.0
1,3,3,0,0.0,0.0,0.0,0.0,0.0,0.0,0.0,0.0,0.0,0.0
1,3,4,0,0.0,0.0,0.0,0.0,0.0,0.0,0.0,0.0,0.0,0.0
1,3,5,1,0.0,0.0,0.0,0.0,0.0,0.0,0.0,0.0,0.0,0.0
1,3,6,1,0.0,0.0,0.0,0.0,0.0,0.0,0.0,0.0,0.0,0.0
1,3,7,1,0.0,0.0,0.0,0.0,0.0,0.0,0.0,0.0,0.0,0.0
1,3,8,1,0.0,0.0,0.0,0.0,0.0,0.0,0.0,0.0,0.0,0.0
1,3,9,1,0.00052970137845571,0.0,0.0,0.0,0.0,0.0,0.0,0.0,0.00017656712615190333,0.0
1,3,10,2,0.0005344581125946279,0.0,0.0,0.0,0.0,0.0,0.0,0.0,0.0001781527041982093,0.0
1,3,11,2,0.0002743999444119309,0.0,0.0,0.0,0.0,0.0,0.0,0.0,9.146664813731031e-05,0.0
1,3,12,2,0.00014088162892267718,0.0,0.0,0.0,0.0,0.0,0.0,0.0,-0.00012960658317767758,0.0
1,3,13,2,7.23310400460997e-05,0.0,0.0,0.0,0.0,0.0,0.0,0.0,-0.00015404235751617605,0.0
1,3,14,2,3.713599419709961e-05,0.0,0.0,0.0,0.0,0.0,0.0,0.0,-7.908798340494376e-05,0.0
1,3,15,3,1.9066255153085963e-05,0.0,0.0,0.0,0.0,0.0,0.0,0.0,-4.060512458986374e-05,0.0
1,3,16,3,9.788941791437719e-06,0.0,0.0,0.0,0.0,0.0,0.0,0.0,-2.0847366084887328e-05,0.0
1,3,17,3,5.025810292937701e-06,0.0,0.0,0.0,0.0,0.0,0.0,0.0,-1.0703394634720636e-05,0.0
1,3,18,3,2.5803370414044257e-06,0.0,0.0,0.0,0.0,0.0,0.0,0.0,-5.49530603722718e-06,0.0
1,3,19,3,1.3247892099309448e-06,0.0,0.0,0.0,0.0,0.0,0.0,0.0,-2.8213841938355916e-06,0.0
1,3,20,4,6.801694594882104e-07,0.0,0.0,0.0,0.0,0.0,0.0,0.0,-1.4485469444831635e-06,0.0
1,3,21,4,0.0038004494382202036,0.0,0.0,0.0,0.0,0.0,0.0,0.0,0.0012659563670595997,0.0
1,3,22,4,0.3808256790427553,0.0,0.0,0.0,0.0,0.0,0.0,0.0,0.12694145141784846,0.0
1,3,23,4,3.250140877860617,0.0,0.0,0.0,0.0,0.0,0.0,0.0,1.0833800658970525,0.0
1,3,24,4,10.054792996799968,0.0,0.0,0.0,0.0,0.0,0.0,0.0,3.3503308491205828,0.0
1,3,25,5,20.204529463837794,0.0,0.0,0.0,0.0,0.0,0.0,0.0,6.607901261598347,0.0
1,3,26,5,32.27157692217954,1.0,0.0,1.0,1.0,0.0,1.5026958504704275,6.418633737282377,9.673812014772976,0.0
1,3,27,5,44.556771244582166,1.0,0.0,1.0,1.0,0.0,11.718141396021238,13.042903872069843,11.5006594159274,0.0
1,3,28,5,43.27978906849467,1.0,0.0,1.0,1.0,1.0,8.1961252265233,8.248706450113112,7.6917532015522925,0.0
1,3,29,5,38.07791137530777,1.0,0.0,1.0,1.0,1.0,0.563625159675091,1.1416929288246678,1.93544481770941,0.0
1,3,30,6,34.0742914478119,0.0,0.0,0.0,0.0,0.0,0.0,0.0,-3.4941599322567547,0.0
1,3,31,6,25.696664663719773,0.0,0.0,0.0,0.0,0.0,0.0,0.0,-5.8610414682583,0.0
1,3,32,6,16.693996465654,0.0,0.0,0.0,0.0,0.0,0.0,0.0,-7.1279716365512575,0.0
1,3,33,6,13.499980134006957,0.0,0.0,0.0,0.0,0.0,0.0,0.0,-6.858103771268315,0.0
1,3,34,6,12.182549738996556,0.0,0.0,0.0,0.0,0.0,0.0,0.0,-4.504704974907739,0.0
1,3,35,7,7.391150615387671,0.0,0.0,0.0,0.0,0.0,0.0,0.0,-3.1009486167554425,0.0
1,3,36,7,3.8025421639442656,0.0,0.0,0.0,0.0,0.0,0.0,0.0,-3.2324793233542306,0.0
1,3,37,7,2.0389862569822323,0.0,0.0,0.0,0.0,0.0,0.0,0.0,-3.381187827338108,0.0
1,3,38,7,1.2121938276350661,0.0,0.0,0.0,0.0,0.0,0.0,0.0,-2.0596522625842018,0.0
1,3,39,7,1.0326804925143267,0.0,0.0,0.0,0.0,0.0,0.0,0.0,-0.9232872238099796,0.0
1,3,40,8,2.229811322834571,0.0,0.0,0.0,0.0,0.0,0.0,0.0,0.06360835528411284,0.0
1,3,41,8,6.781836677014285,0.0,0.0,0.0,0.0,0.0,0.0,0.0,1.8565476164597394,0.0
1,3,42,8,6.99878557698616,0.0,0.0,0.0,0.0,0.0,0.0,0.0,1.9887016948239442,0.0
1,3,43,8,4.840925403612923,0.0,0.0,0.0,0.0,0.0,0.0,0.0,0.8703713602594507,0.0
1,3,44,8,3.4416617980832016,0.0,0.0,0.0,0.0,0.0,0.0,0.0,-1.1133916263103611,0.0
1,3,45,9,2.555086236856305,0.0,0.0,0.0,0.0,0.0,0.0,0.0,-1.4812331133766186,0.0
1,3,46,9,2.053996514648759,0.0,0.0,0.0,0.0,0.0,0.0,0.0,-0.928976296321388,0.0
1,3,47,9,3.0220566094764054,0.0,0.0,0.0,0.0,0.0,0.0,0.0,-0.1398683962022654,0.0
1,3,48,9,4.6294535240155685,0.0,0.0,0.0,0.0,0.0,0.0,0.0,0.6914557623864211,0.0
1,3,49,9,3.329647080530827,0.0,0.0,0.0,0.0,0.0,0.0,0.0,0.4252168552940227,0.0
1,3,50,10,1.7280473478017617,0.0,0.0,0.0,0.0,0.0,0.0,0.0,-0.4313364205582146,0.0
1,3,51,10,0.8998338370464842,0.0,0.0,0.0,0.0,0.0,0.0,0.0,-1.2432065623230282,0.0
1,3,52,10,2.6003336030851285,0.0,0.0,0.0,0.0,0.0,0.0,0.0,-0.24310449248189947,0.0
1,3,53,10,23.6600837356559,0.0,0.0,0.0,0.0,0.0,0.0,0.0,7.310678795951379,0.0
1,3,54,10,56.775268846453784,0.0,0.0,0.0,0.0,0.0,0.0,0.0,18.625145003135767,0.0
1,3,55,11,70.68779482176822,0.0,0.0,0.0,0.0,0.0,0.0,0.0,22.695820406227696,0.0
1,3,56,11,66.63846648804869,0.0,0.0,0.0,0.0,0.0,0.0,0.0,14.32612758413093,0.0
1,3,57,11,47.30833678745244,0.0,0.0,0.0,0.0,0.0,0.0,0.0,-3.1556440196671147,0.0
1,3,58,11,29.104492262306486,0.0,0.0,0.0,0.0,0.0,0.0,0.0,-13.861100853153912,0.0
1,3,59,11,19.67493620105242,0.0,0.0,0.0,0.0,0.0,0.0,0.0,-15.654510095665424,0.0
1,3,60,11,15.35463208139177,0.0,0.0,0.0,0.0,0.0,0.0,0.0,-10.651234902020223,0.0
1,3,61,11,12.094824258146835,0.0,0.0,0.0,0.0,0.0,0.0,0.0,-5.669889334719883,0.0
1,3,62,11,8.582113359497166,0.0,0.0,0.0,0.0,0.0,0.0,0.0,-3.6976076138517517,0.0
1,3,63,11,5.634106282122184,0.0,0.0,0.0,0.0,0.0,0.0,0.0,-3.2401752664231953,0.0
1,3,64,11,4.704933299408101,0.0,0.0,0.0,0.0,0.0,0.0,0.0,-2.463296986246245,1.0
1,3,65,11,4.930116746384375,0.0,0.0,0.0,0.0,0.0,0.0,0.0,-1.2173322043709305,1.0
1,3,66,11,3.62892971226747,0.0,0.0,0.0,0.0,0.0,0.0,0.0,-0.6683921899515713,1.0
1,3,67,11,3.9402309721111894,0.0,0.0,0.0,0.0,0.0,0.0,0.0,-0.254900775765637,1.0
1,3,68,11,5.340820917017741,0.0,0.0,0.0,0.0,0.0,0.0,0.0,0.13690139021112202,1.0
1,1,0,0,0.0,0.0,0.0,0.0,0.0,0.0,0.0,0.0,0.0,0.0
1,1,1,0,1.6378730507924786,0.0,0.0,0.0,0.0,0.0,0.0,0.0,1.6378730507924786,0.0
1,1,2,0,3.367423117570512,0.0,0.0,0.0,0.0,0.0,0.0,0.0,1.683711558785256,0.0
1,1,3,0,2.292159845562958,0.0,0.0,0.0,0.0,0.0,0.0,0.0,0.7640532818543194,0.0
1,1,4,0,1.1793741713382873,0.0,0.0,0.0,0.0,0.0,0.0,0.0,-0.15283295981806377,0.0
1,1,5,1,0.611598989702313,0.0,0.0,0.0,0.0,0.0,0.0,0.0,-0.9186080426227331,0.0
1,1,6,1,0.3424386215029003,0.0,0.0,0.0,0.0,0.0,0.0,0.0,-0.649907074686686,0.0
1,1,7,1,0.5999275075934356,0.0,0.0,0.0,0.0,0.0,0.0,0.0,-0.19314888791495055,0.0
1,1,8,1,4.0839306313875525,0.0,0.0,0.0,0.0,0.0,0.0,0.0,1.1574438805617466,0.0
1,1,9,1,13.54268103854692,1.0,0.0,1.0,1.0,0.0,1.1246566576273018,3.649981480949041,4.40008080568134,0.0
1,1,10,2,17.74877334786088,1.0,0.0,1.0,1.0,0.0,4.664464826673708,5.726688772097086,5.716281946755815,0.0
1,1,11,2,11.503133569063532,0.0,0.0,0.0,0.0,0.0,0.0,0.0,2.473067645891993,0.0
1,1,12,2,6.3967307108704645,0.0,0.0,0.0,0.0,0.0,0.0,0.0,-2.3819834425588184,0.0
1,1,13,2,3.8974236810388954,0.0,0.0,0.0,0.0,0.0,0.0,0.0,-4.617116555607328,0.0
1,1,14,2,2.179272635328595,0.0,0.0,0.0,0.0,0.0,0.0,0.0,-3.1079536445783127,0.0
1,1,15,3,1.1329143563721549,0.0,0.0,0.0,0.0,0.0,0.0,0.0,-1.7546054514994367,0.0
1,1,16,3,0.5816576249592559,0.0,0.0,0.0,0.0,0.0,0.0,0.0,-1.1052553520265465,0.0
1,1,17,3,0.2986329820699215,0.0,0.0,0.0,0.0,0.0,0.0,0.0,-0.6268798844195579,0.0
1,1,18,3,0.1689196654314874,0.0,0.0,0.0,0.0,0.0,0.0,0.0,-0.32133156364688914,0.0
1,1,19,3,0.7065073038368422,0.0,0.0,0.0,0.0,0.0,0.0,0.0,0.041616559625862116,0.0
1,1,20,4,2.047180302719874,0.0,0.0,0.0,0.0,0.0,0.0,0.0,0.5828491068833176,0.0
1,1,21,4,1.316776041806231,0.0,0.0,0.0,0.0,0.0,0.0,0.0,0.3826187921249146,0.0
1,1,22,4,0.696008322487593,0.0,0.0,0.0,0.0,0.0,0.0,0.0,-0.0034996604497497343,0.0
1,1,23,4,2.0360884961028987,0.0,0.0,0.0,0.0,0.0,0.0,0.0,-0.0036972688723251323,0.0
1,1,24,4,3.9818259145323234,0.0,0.0,0.0,0.0,0.0,0.0,0.0,0.8883499575753641,0.0
1,1,25,5,5.107771147847394,0.0,0.0,0.0,0.0,0.0,0.0,0.0,1.4705876084532672,0.0
1,1,26,5,3.4187380027177507,0.0,0.0,0.0,0.0,0.0,0.0,0.0,0.46088316887161734,0.0
1,1,27,5,2.3125561359008637,0.0,0.0,0.0,0.0,0.0,0.0,0.0,-0.5564232595438199,0.0
1,1,28,5,4.537251810798438,0.0,0.0,0.0,0.0,0.0,0.0,0.0,-0.19017311234965226,0.0
1,1,29,5,3.718946395271916,0.0,0.0,0.0,0.0,0.0,0.0,0.0,0.10006946418472173,0.0
1,1,30,6,3.5461483313257895,0.0,0.0,0.0,0.0,0.0,0.0,0.0,0.4111973984749753,1.0
1,1,31,6,2.1397642896449387,0.0,0.0,0.0,0.0,0.0,0.0,0.0,-0.7991625070511663,1.0
1,1,32,6,1.0985916169983267,0.0,0.0,0.0,0.0,0.0,0.0,0.0,-0.8734515927578631,1.0
1,1,33,6,0.5640357429926384,0.0,0.0,0.0,0.0,0.0,0.0,0.0,-0.9940375294443836,1.0
1,1,34,6,0.28958560619868834,0.0,0.0,0.0,0.0,0.0,0.0,0.0,-0.6167262278154167,1.0
1,2,0,0,0.0,0.0,0.0,0.0,0.0,0.0,0.0,0.0,0.0,0.0
1,2,1,0,0.0,0.0,0.0,0.0,0.0,0.0,0.0,0.0,0.0,0.0
1,2,2,0,0.0,0.0,0.0,0.0,0.0,0.0,0.0,0.0,0.0,0.0
1,2,3,0,0.002595681777317873,0.0,0.0,0.0,0.0,0.0,0.0,0.0,0.0008652272591059577,0.0
1,2,4,0,0.0635950080203026,0.0,0.0,0.0,0.0,0.0,0.0,0.0,0.021198336006767533,0.0
1,2,5,1,0.050237981424667705,0.0,0.0,0.0,0.0,0.0,0.0,0.0,0.01674599380822257,0.0
1,2,6,1,0.025793039689065808,0.0,0.0,0.0,0.0,0.0,0.0,0.0,0.007732452637249312,0.0
1,2,7,1,0.01324258812825349,0.0,0.0,0.0,0.0,0.0,0.0,0.0,-0.01678413996401637,0.0
1,2,8,1,0.24649351721913737,0.0,0.0,0.0,0.0,0.0,0.0,0.0,0.06541851193148988,0.0
1,2,9,1,1.7767841774521562,0.0,0.0,0.0,0.0,0.0,0.0,0.0,0.5836637125876968,0.0
1,2,10,2,4.477519938109523,0.0,0.0,0.0,0.0,0.0,0.0,0.0,1.4880924499937567,0.0
1,2,11,2,7.018899763234364,0.0,0.0,0.0,0.0,0.0,0.0,0.0,2.257468748671742,0.0
1,2,12,2,8.80609270911934,0.0,0.0,0.0,0.0,0.0,0.0,0.0,2.3431028438890613,0.0
1,2,13,2,9.156015502884397,0.0,0.0,0.0,0.0,0.0,0.0,0.0,1.5594985215916246,0.0
1,2,14,2,11.877308178563652,0.0,0.0,0.0,0.0,0.0,0.0,0.0,1.6194694717764293,0.0
1,2,15,3,15.826158871037784,0.0,0.0,0.0,1.0,0.0,0.0,2.4166453415691453,2.3400220539728145,0.0
1,2,16,3,33.28971288711148,1.0,1.0,1.0,1.0,0.0,15.844328685488414,15.408208296012297,8.04456579474236,0.0
1,2,17,3,42.51801054653647,1.0,1.0,1.0,1.0,0.0,24.189055730574772,20.405746638510525,10.21356745599094,0.0
1,2,18,3,35.904402717488644,1.0,1.0,1.0,1.0,1.0,16.619623707552062,12.314503104225423,6.692747948816954,0.0
1,2,19,3,38.49209907221301,1.0,1.0,1.0,1.0,1.0,18.168939124973058,13.844886211212739,1.7341287283671771,0.0
1,2,20,4,44.02682566864174,1.0,1.0,1.0,1.0,1.0,22.5724248770777,18.271172263492556,0.5029383740350895,0.0
1,2,21,4,54.32618480492626,1.0,1.0,1.0,1.0,1.0,31.63738009832516,26.68151307732742,6.140594029145871,0.0
1,2,22,4,65.12082864197714,1.0,1.0,1.0,1.0,1.0,41.08415378593379,34.912957750769,8.876243189921377,0.0
1,2,23,4,75.14627619419332,1.0,1.0,1.0,1.0,1.0,49.63796179061028,42.181879976950576,10.37315017518386,0.0
1,2,24,4,74.6175613492446,1.0,1.0,1.0,1.0,1.0,47.50353483633219,40.74670557435611,6.763792181439446,0.0
1,2,25,5,62.52888409061017,1.0,1.0,1.0,1.0,1.0,33.66476974288649,30.100127475274782,-0.8639815171223238,0.0
1,2,26,5,48.61341714958208,1.0,1.0,1.0,1.0,1.0,17.844536077872963,18.611246866691843,-8.844286348203747,0.0
1,2,27,5,34.90115194467805,1.0,0.0,1.0,1.0,1.0,2.062522096117121,4.00956975279836,-13.238803134855516,0.0
1,2,28,5,30.250574936001584,0.0,0.0,0.0,0.0,0.0,0.0,0.0,-10.75943638486953,0.0
1,2,29,5,29.012651209281255,0.0,0.0,0.0,0.0,0.0,0.0,0.0,-6.53358864676694,0.0
1,2,30,6,35.342036284168486,0.0,0.0,0.0,0.0,0.0,0.0,0.0,0.14696144649681267,0.0
1,2,31,6,35.332065109942434,0.0,0.0,0.0,0.0,0.0,0.0,0.0,1.6938300579802832,0.0
1,2,32,6,35.93110346183461,0.0,0.0,0.0,0.0,0.0,0.0,0.0,2.3061507508511183,0.0
1,2,33,6,46.497300688935525,0.0,0.0,0.0,1.0,0.0,0.0,5.087930768829644,3.7184214682556793,0.0
1,2,34,6,51.66044819370206,0.0,0.0,0.0,1.0,0.0,0.0,11.069010212770294,5.442794361253209,0.0
1,2,35,7,46.223482474940724,0.0,0.0,0.0,1.0,0.0,0.0,7.592645383188639,3.4307930043687045,0.0
1,2,36,7,38.88557392302533,0.0,0.0,0.0,1.0,0.0,0.0,0.8109025632906608,-2.537242255303397,0.0
1,2,37,7,29.39436982775664,0.0,0.0,0.0,0.0,0.0,0.0,0.0,-7.422026121981806,0.0
1,2,38,7,16.050171299492284,0.0,0.0,0.0,0.0,0.0,0.0,0.0,-10.057770391816147,0.0
1,2,39,7,10.36491923903732,0.0,0.0,0.0,0.0,0.0,0.0,0.0,-9.50688489466267,0.0
1,2,40,8,12.524766032792236,0.0,0.0,0.0,0.0,0.0,0.0,0.0,-5.623201264988135,0.0
1,2,41,8,23.067471857020095,0.0,0.0,0.0,0.0,0.0,0.0,0.0,2.3391001858426037,0.0
1,2,42,8,34.353119774423575,0.0,0.0,0.0,0.0,0.0,0.0,0.0,7.996066845128752,0.0
1,2,43,8,38.73270838694049,0.0,0.0,0.0,0.0,0.0,0.0,0.0,8.735980784716084,0.0
1,2,44,8,33.32646469859159,0.0,0.0,0.0,0.0,0.0,0.0,0.0,3.4196642805238326,0.0
1,2,45,9,30.471713958667003,0.0,0.0,0.0,0.0,0.0,0.0,0.0,-1.2938019385855242,0.0
1,2,46,9,39.04573151924836,0.0,0.0,0.0,0.0,0.0,0.0,0.0,0.10434104410262535,0.0
1,2,47,9,51.30222270288986,0.0,0.0,0.0,0.0,0.0,0.0,0.0,5.991919334766088,0.0
1,2,48,9,62.309396101031396,0.0,0.0,0.0,0.0,0.0,0.0,0.0,10.612560714121464,0.0
1,2,49,9,68.24505985471492,0.0,0.0,0.0,0.0,0.0,0.0,0.0,9.73310944515552,0.0
1,2,50,10,70.53366122605689,0.0,0.0,0.0,0.0,0.0,0.0,0.0,6.4104795077223455,0.0
1,2,51,10,71.88158854497297,0.0,0.0,0.0,0.0,0.0,0.0,0.0,3.1907308146471913,0.0
1,2,52,10,75.35436650737475,0.0,0.0,0.0,0.0,0.0,0.0,0.0,2.369768884219942,0.0
1,2,53,10,85.97260384815493,0.0,0.0,0.0,0.0,0.0,0.0,0.0,5.1463142073660135,0.0
1,2,54,10,89.11705471864647,0.0,0.0,0.0,0.0,0.0,0.0,0.0,5.7451553912245,0.0
1,2,55,11,89.17104664772825,0.0,0.0,0.0,0.0,0.0,0.0,0.0,4.6055600467844995,0.0
1,2,56,11,89.28041743021831,0.0,0.0,0.0,0.0,0.0,0.0,0.0,1.1026045273544582,0.0
1,2,57,11,86.93439416469906,0.0,0.0,0.0,0.0,0.0,0.0,0.0,-0.7275535179824715,0.0
1,2,58,11,88.7845309177346,0.0,0.0,0.0,0.0,0.0,0.0,0.0,-0.128838576664549,0.0
1,2,59,11,92.13643115540972,0.0,0.0,0.0,0.0,0.0,0.0,0.0,0.9520045750638056,0.0
1,2,60,11,91.59329105613631,0.0,0.0,0.0,0.0,0.0,0.0,0.0,1.5529656304790838,0.0
1,2,61,11,81.3690141890533,0.0,0.0,0.0,0.0,0.0,0.0,0.0,-2.4718389095604323,0.0
1,2,62,11,57.32315081883418,0.0,0.0,0.0,0.0,0.0,0.0,0.0,-11.604426778858516,1.0
1,2,63,11,30.16362470195812,0.0,0.0,0.0,0.0,0.0,0.0,0.0,-20.47655545139273,1.0
1,2,64,11,15.50472519883343,0.0,0.0,0.0,0.0,0.0,0.0,0.0,-21.95476299673996,1.0
1,2,65,11,8.251233595019045,0.0,0.0,0.0,0.0,0.0,0.0,0.0,-16.357305741271713,1.0
1,2,66,11,7.330189543807547,0.0,0.0,0.0,0.0,0.0,0.0,0.0,-7.611145052716857,1.0
1,2,0,0,0.0,0.0,0.0,0.0,0.0,0.0,0.0,0.0,0.0,0.0
1,2,1,0,0.0,0.0,0.0,0.0,0.0,0.0,0.0,0.0,0.0,0.0
1,2,2,0,0.0,0.0,0.0,0.0,0.0,0.0,0.0,0.0,0.0,0.0
1,2,3,0,0.019865508420508694,0.0,0.0,0.0,0.0,0.0,0.0,0.0,0.006621836140169565,0.0
1,2,4,0,1.1407625018807765,0.0,0.0,0.0,0.0,0.0,0.0,0.0,0.3802541672935922,0.0
1,2,5,1,5.933358248352357,0.0,0.0,0.0,0.0,0.0,0.0,0.0,1.977786082784119,0.0
1,2,6,1,19.755787479302512,1.0,1.0,1.0,1.0,0.0,9.43885855336442,7.776485501239296,6.578640656960668,0.0
1,2,7,1,35.6734906477036,1.0,1.0,1.0,1.0,0.0,24.628852900716286,17.88830686400658,11.510909381940941,0.0
1,2,8,1,39.54056025195305,1.0,1.0,1.0,1.0,1.0,27.798991741202638,18.462366658398135,11.202400667866899,0.0
1,2,9,1,31.639771342553928,1.0,1.0,1.0,1.0,1.0,19.22174696163431,9.820232277756354,3.9613279544171385,0.0
1,2,10,2,24.001993225746634,1.0,1.0,1.0,1.0,1.0,10.917684704559463,2.3021842340434695,-3.8904991406523224,0.0
1,2,11,2,32.27813858312162,1.0,1.0,1.0,1.0,1.0,18.52741448787631,10.200904427410777,-2.4208072229438122,0.0
1,2,12,2,39.679944862288075,1.0,1.0,1.0,1.0,1.0,25.252370595501812,17.097432182517537,2.6800578399113824,0.0
1,2,13,2,36.008021876420855,1.0,1.0,1.0,1.0,1.0,20.88285967691857,14.060952381775724,4.002009550224741,0.0
1,2,14,2,29.74833199804622,1.0,1.0,1.0,1.0,1.0,13.894540940960624,9.55779281270523,-0.8432688616917995,0.0
1,2,15,3,22.935926525023227,1.0,0.0,1.0,1.0,1.0,6.312162521794782,5.190169342466341,-5.581339445754949,0.0
1,2,16,3,22.47033296117919,1.0,0.0,1.0,1.0,1.0,5.024948759556125,7.118897735152366,-4.512562971747222,0.0
1,2,17,3,17.638022473238237,0.0,0.0,0.0,1.0,0.0,0.0,1.5042842028692398,-4.03676984160266,0.0
1,2,18,3,9.479178978933525,0.0,0.0,0.0,0.0,0.0,0.0,0.0,-4.485582515363234,0.0
1,2,19,3,4.866772762158365,0.0,0.0,0.0,0.0,0.0,0.0,0.0,-5.867853399673607,0.0
1,2,20,4,2.4986844505336414,0.0,0.0,0.0,0.0,0.0,0.0,0.0,-5.046446007568199,0.0
1,2,21,4,1.2828673719645196,0.0,0.0,0.0,0.0,0.0,0.0,0.0,-2.7321038689896686,0.0
1,2,22,4,0.6586460702149372,0.0,0.0,0.0,0.0,0.0,0.0,0.0,-1.402708897314476,0.0
1,2,23,4,0.3381601678318918,0.0,0.0,0.0,0.0,0.0,0.0,0.0,-0.7201747609005832,0.0
1,2,24,4,0.17361721913982797,0.0,0.0,0.0,0.0,0.0,0.0,0.0,-0.3697500509415639,0.0
1,2,25,5,0.08913805246522077,0.0,0.0,0.0,0.0,0.0,0.0,0.0,-0.18983600591657213,0.0
1,2,26,5,0.04576500209286975,0.0,0.0,0.0,0.0,0.0,0.0,0.0,-0.09746505524634068,0.0
1,2,27,5,0.02349653552704177,0.0,0.0,0.0,0.0,0.0,0.0,0.0,-0.05004022787092873,0.0
1,2,28,5,0.012063523577540747,0.0,0.0,0.0,0.0,0.0,0.0,0.0,-0.025691509629226675,0.0
1,2,29,5,0.006193619520562728,0.0,0.0,0.0,0.0,0.0,0.0,0.0,-0.013190460857435674,0.0
1,2,30,6,0.02385286059838003,0.0,0.0,0.0,0.0,0.0,0.0,0.0,0.00011877502377941977,0.0
1,2,31,6,0.16769649060624808,0.0,0.0,0.0,0.0,0.0,0.0,0.0,0.05187765567623578,0.0
1,2,32,6,0.33594960184885125,0.0,0.0,0.0,0.0,0.0,0.0,0.0,0.10991866077609617,0.0
1,2,33,6,0.2716595855573749,0.0,0.0,0.0,0.0,0.0,0.0,0.0,0.08260224165299829,0.0
1,2,34,6,0.9651076396399096,0.0,0.0,0.0,0.0,0.0,0.0,0.0,0.26580371634455385,0.0
1,2,35,7,2.425110673114712,0.0,0.0,0.0,0.0,0.0,0.0,0.0,0.6963870237552868,0.0
1,2,36,7,2.4340451226390987,0.0,0.0,0.0,0.0,0.0,0.0,0.0,0.7207951790272412,0.0
1,2,37,7,1.9070947351853356,0.0,0.0,0.0,0.0,0.0,0.0,0.0,0.313995698515142,0.0
1,2,38,7,1.5406481955424647,0.0,0.0,0.0,0.0,0.0,0.0,0.0,-0.2948208258574158,0.0
1,2,39,7,2.925121206443534,0.0,0.0,0.0,0.0,0.0,0.0,0.0,0.16369202793481183,0.0
1,2,40,8,4.881845846806687,0.0,0.0,0.0,0.0,0.0,0.0,0.0,0.9915837038737839,1.0
1,2,41,8,5.081045694468314,0.0,0.0,0.0,0.0,0.0,0.0,0.0,1.1801324996419496,1.0
1,2,42,8,7.1429593349900244,0.0,0.0,0.0,0.0,0.0,0.0,0.0,1.4059460428488302,1.0
1,2,43,8,21.313402877167405,0.0,0.0,0.0,0.0,0.0,0.0,0.0,5.477185676786906,1.0
1,2,44,8,47.28809053537074,0.0,0.0,0.0,0.0,0.0,0.0,0.0,14.069014946967476,1.0
1,3,0,0,0.0,0.0,0.0,0.0,0.0,0.0,0.0,0.0,0.0,0.0
1,3,1,0,0.0,0.0,0.0,0.0,0.0,0.0,0.0,0.0,0.0,0.0
1,3,2,0,0.003490986174938886,0.0,0.0,0.0,0.0,0.0,0.0,0.0,0.001745493087469443,0.0
1,3,3,0,0.004064372754031974,0.0,0.0,0.0,0.0,0.0,0.0,0.0,0.001354790918010658,0.0
1,3,4,0,0.0020867185500496608,0.0,0.0,0.0,0.0,0.0,0.0,0.0,0.0006955728500165536,0.0
1,3,5,1,0.001230614547143793,0.0,0.0,0.0,0.0,0.0,0.0,0.0,-0.000753457209265031,0.0
1,3,6,1,0.15408416370120137,0.0,0.0,0.0,0.0,0.0,0.0,0.0,0.050006596982389795,0.0
1,3,7,1,3.47751772568861,0.0,0.0,0.0,0.0,0.0,0.0,0.0,1.1584770023795201,0.0
1,3,8,1,10.442154060908678,0.0,0.0,0.0,1.0,0.0,0.0,1.340327902426914,3.4803078154538447,0.0
1,3,9,1,11.904222509976822,0.0,0.0,0.0,1.0,0.0,0.0,1.4012776655526888,3.916712782091874,0.0
1,3,10,2,12.81505033998537,0.0,0.0,0.0,1.0,0.0,0.0,1.2908269584845495,3.1125108714322534,0.0
1,3,11,2,15.635677639592314,1.0,0.0,1.0,1.0,0.0,1.8849535443470078,2.8881227514497265,1.731174526227879,0.0
1,3,12,2,16.494282214531164,1.0,0.0,1.0,1.0,0.0,2.066707947744902,2.817891836398079,1.530019901518114,0.0
1,3,13,2,15.857622989148501,1.0,0.0,1.0,1.0,1.0,0.7324607896462183,1.6733336259951859,1.0141908830543767,0.0
1,3,14,2,13.725889240682466,0.0,0.0,0.0,0.0,0.0,0.0,0.0,-0.6365961329699493,0.0
1,3,15,3,22.233431076211296,1.0,0.0,1.0,1.0,0.0,5.609667072982852,7.301305343288874,1.913049620560044,0.0
1,3,16,3,41.782766586859225,1.0,1.0,1.0,1.0,0.0,24.33738238523616,22.9397063063347,8.64171453257024,0.0
1,3,17,3,49.49078575584789,1.0,1.0,1.0,1.0,1.0,31.161830939886187,27.272464438470404,11.921632171721805,0.0
1,3,18,3,61.88533100603014,1.0,1.0,1.0,1.0,1.0,42.60055199609356,35.43196833097211,13.217299976606283,0.0
1,3,19,3,74.592295341735,1.0,1.0,1.0,1.0,1.0,54.269135394495045,43.07599945114389,10.936509584958591,0.0
1,3,20,4,78.08147401012907,1.0,1.0,1.0,1.0,1.0,56.62707321856503,42.976077420122685,9.530229418093727,0.0
1,3,21,4,66.62650807712471,1.0,1.0,1.0,1.0,1.0,43.937703370523614,30.73326944516046,1.580392357031523,0.0
1,3,22,4,46.39405287188069,1.0,1.0,1.0,1.0,1.0,22.35737801583734,11.179793999942873,-9.399414156618102,0.0
1,3,23,4,29.614134994922637,1.0,0.0,1.0,0.0,1.0,4.105820591339597,0.0,-16.155779671735477,0.0
1,3,24,4,17.375918248842815,0.0,0.0,0.0,0.0,0.0,0.0,0.0,-16.416863276093967,0.0
1,3,25,5,9.292445618972884,0.0,0.0,0.0,0.0,0.0,0.0,0.0,-12.367202417635935,0.0
1,3,26,5,4.782484311377949,0.0,0.0,0.0,0.0,0.0,0.0,0.0,-8.277216894514895,0.0
1,3,27,5,2.45540931696624,0.0,0.0,0.0,0.0,0.0,0.0,0.0,-4.973502977292192,0.0
1,3,28,5,1.2673949960847914,0.0,0.0,0.0,0.0,0.0,0.0,0.0,-2.675016874296031,0.0
1,3,29,5,1.054745480804625,0.0,0.0,0.0,0.0,0.0,0.0,0.0,-1.2425796101911082,0.0
1,3,30,6,1.2342054145140056,0.0,0.0,0.0,0.0,0.0,0.0,0.0,-0.4070679674840781,0.0
1,3,31,6,0.7409931538955253,0.0,0.0,0.0,0.0,0.0,0.0,0.0,-0.17546728072975537,0.0
1,3,32,6,0.38048712064184476,0.0,0.0,0.0,0.0,0.0,0.0,0.0,-0.22475278672092677,1.0
1,3,33,6,0.19534860130894252,0.0,0.0,0.0,0.0,0.0,0.0,0.0,-0.3462856044016877,1.0
1,3,34,6,0.10029531609108386,0.0,0.0,0.0,0.0,0.0,0.0,0.0,-0.21356594593481382,1.0
1,3,35,7,0.053679482233600084,0.0,0.0,0.0,0.0,0.0,0.0,0.0,-0.1089358794694149,1.0
1,3,36,7,0.14044177841595007,0.0,0.0,0.0,0.0,0.0,0.0,0.0,-0.01830227429766415,1.0
2,3,0,0,0.0,0.0,0.0,0.0,0.0,0.0,0.0,0.0,0.0,0.0
2,3,1,0,0.4875369020242797,0.0,0.0,0.0,0.0,0.0,0.0,0.0,0.4875369020242797,0.0
2,3,2,0,0.5968685280762408,0.0,0.0,0.0,0.0,0.0,0.0,0.0,0.2984342640381204,0.0
2,3,3,0,1.1801499364676011,0.0,0.0,0.0,0.0,0.0,0.0,0.0,0.393383312155867,0.0
2,3,4,0,3.953524158349225,0.0,0.0,0.0,0.0,0.0,0.0,0.0,1.1553290854416485,0.0
2,3,5,1,3.4103448211475733,0.0,0.0,0.0,0.0,0.0,0.0,0.0,0.9378254310237776,0.0
2,3,6,1,2.3875604317119725,0.0,0.0,0.0,0.0,0.0,0.0,0.0,0.4024701650814571,0.0
2,3,7,1,2.4484730496878564,0.0,0.0,0.0,0.0,0.0,0.0,0.0,-0.5016837028871229,0.0
2,3,8,1,1.8848059733019196,0.0,0.0,0.0,0.0,0.0,0.0,0.0,-0.5085129492818846,0.0
2,3,9,1,1.399864789227197,0.0,0.0,0.0,0.0,0.0,0.0,0.0,-0.32923188082825855,0.0
2,3,10,2,0.960194595379064,0.0,0.0,0.0,0.0,0.0,0.0,0.0,-0.49609281810293077,0.0
2,3,11,2,1.5406580571813142,0.0,0.0,0.0,0.0,0.0,0.0,0.0,-0.11471597204020179,0.0
2,3,12,2,6.919519681984866,0.0,0.0,0.0,0.0,0.0,0.0,0.0,1.8398849642525565,0.0
2,3,13,2,9.474362929551877,0.0,0.0,0.0,0.0,0.0,0.0,0.0,2.8380561113909373,0.0
2,3,14,2,5.600202426646492,0.0,0.0,0.0,0.0,0.0,0.0,0.0,1.3531814564883924,0.0
2,3,15,3,3.6272315183044057,0.0,0.0,0.0,0.0,0.0,0.0,0.0,-1.0974293878934869,0.0
2,3,16,3,4.817242674606813,0.0,0.0,0.0,0.0,0.0,0.0,0.0,-1.552373418315021,0.0
2,3,17,3,5.865203749094864,0.0,0.0,0.0,0.0,0.0,0.0,0.0,0.08833377414945727,0.0
2,3,18,3,6.2573363703807665,0.0,0.0,0.0,0.0,0.0,0.0,0.0,0.8767016173587869,0.0
2,3,19,3,6.575234489095136,0.0,0.0,0.0,0.0,0.0,0.0,0.0,0.5859972714961076,0.0
2,3,20,4,5.792841692832498,0.0,0.0,0.0,0.0,0.0,0.0,0.0,-0.02412068542078849,0.0
2,3,21,4,9.338466959554019,0.0,0.0,0.0,0.0,0.0,0.0,0.0,1.0270435297244174,0.0
2,3,22,4,15.206504628341092,0.0,0.0,0.0,1.0,0.0,0.0,0.1529529080510521,2.8770900464153186,0.0
2,3,23,4,28.335562551691098,1.0,0.0,1.0,1.0,0.0,2.8272481481080582,8.753182865006632,7.5142402862862,0.0
2,3,24,4,51.24895803482026,1.0,1.0,1.0,1.0,0.0,24.13493152190786,23.722506065402335,13.970163691755415,0.0
2,3,25,5,66.7827929984494,1.0,1.0,1.0,1.0,1.0,37.91867865072571,31.721179083071064,17.192096123369435,0.0
2,3,26,5,80.19426923026147,1.0,1.0,1.0,1.0,1.0,49.42538815855235,38.230239796705504,17.28623555952346,0.0
2,3,27,5,90.3731337658133,1.0,1.0,1.0,1.0,1.0,57.534503917252366,42.4233629514502,13.04139191033101,0.0
2,3,28,5,93.83773505986409,1.0,1.0,1.0,1.0,1.0,58.754071217892715,41.661722115563606,9.018314020471564,0.0
2,3,29,5,95.03713954836573,1.0,1.0,1.0,1.0,1.0,57.52285333273305,40.375564678355616,4.947623439368087,0.0
2,3,30,6,95.84878497838854,1.0,1.0,1.0,1.0,1.0,55.707984845151444,40.34046175195533,1.8252170708584146,0.0
2,3,31,6,96.63573421286482,1.0,1.0,1.0,1.0,1.0,53.66222545438798,42.209992159090135,0.9326663843335771,0.0
2,3,32,6,97.14110797923601,1.0,1.0,1.0,1.0,1.0,51.118392724191835,45.48400167295186,0.7013228102900939,0.0
2,3,33,6,96.35958875685448,1.0,1.0,1.0,1.0,1.0,47.06086597022316,49.396725347769376,0.17026792615531386,0.0
2,3,34,6,93.10335270206045,1.0,1.0,1.0,1.0,1.0,40.29151818512993,51.941213696924166,-1.1774605036014567,0.0
2,3,35,7,88.48459626525894,1.0,1.0,1.0,1.0,1.0,31.91224265562495,50.925544109619985,-2.8855039046590227,0.0
2,3,36,7,83.89358528567578,1.0,1.0,1.0,1.0,1.0,23.303002057241756,47.78200711100025,-4.155334490392899,1.0
2,3,37,7,73.55250771424521,1.0,0.0,1.0,1.0,1.0,8.675681177222401,33.83605983499679,-6.516948329271746,1.0
2,3,38,7,60.27153453831212,0.0,0.0,0.0,1.0,0.0,0.0,13.852717823988343,-9.404353908982275,1.0
2,3,39,7,68.08416880113666,0.0,0.0,0.0,1.0,0.0,0.0,17.985638728686133,-5.269805494846376,1.0
2,3,40,8,84.29189249703944,1.0,0.0,1.0,1.0,0.0,4.845222258595314,31.950946630860216,3.5797949275980776,1.0
2,1,0,0,0.0,0.0,0.0,0.0,0.0,0.0,0.0,0.0,0.0,0.0
2,1,1,0,1.1255072225907825,0.0,0.0,0.0,0.0,0.0,0.0,0.0,1.1255072225907825,0.0
2,1,2,0,1.7254714569329161,0.0,0.0,0.0,0.0,0.0,0.0,0.0,0.8627357284664581,0.0
2,1,3,0,1.6993172424053933,0.0,0.0,0.0,0.0,0.0,0.0,0.0,0.5664390808017977,0.0
2,1,4,0,2.4527588712653037,0.0,0.0,0.0,0.0,0.0,0.0,0.0,0.44241721622484037,0.0
2,1,5,1,7.377949641749262,0.0,0.0,0.0,1.0,0.0,0.0,0.16517719468414516,1.8841593949387818,0.0
2,1,6,1,12.509102016793673,1.0,0.0,1.0,1.0,0.0,2.192173090855581,3.177640111770236,3.60326159146276,0.0
2,1,7,1,14.966761117148243,1.0,0.0,1.0,1.0,0.0,3.922123370160927,4.132787296544908,4.171334081960979,0.0
2,1,8,1,16.707551990753004,1.0,1.0,1.0,1.0,1.0,4.965983480002588,4.722839420287375,3.1098674496679144,0.0
2,1,9,1,18.157499919172764,1.0,1.0,1.0,1.0,1.0,5.739475538253146,5.231038206759521,1.8827993007930306,0.0
2,1,10,2,19.20647897678332,1.0,1.0,1.0,1.0,1.0,6.122170455596148,5.4997849328316875,1.4132392865450256,0.0
2,1,11,2,17.149597907556398,1.0,0.0,1.0,1.0,1.0,3.3988738123110913,3.3294224812130295,0.1473486389344648,0.0
2,1,12,2,12.683726548380156,0.0,0.0,0.0,0.0,0.0,0.0,0.0,-1.8245911235975363,0.0
2,1,13,2,9.687938308404636,0.0,0.0,0.0,0.0,0.0,0.0,0.0,-3.1728468894595614,0.0
2,1,14,2,6.921454552189873,0.0,0.0,0.0,0.0,0.0,0.0,0.0,-3.4093811184555083,0.0
2,1,15,3,4.53255066727529,0.0,0.0,0.0,0.0,0.0,0.0,0.0,-2.7170586270349553,0.0
2,1,16,3,3.196818456496603,0.0,0.0,0.0,0.0,0.0,0.0,0.0,-2.1637066173026778,0.0
2,1,17,3,2.879721057511068,0.0,0.0,0.0,0.0,0.0,0.0,0.0,-1.3472444982262683,0.0
2,1,18,3,2.373862559099071,0.0,0.0,0.0,0.0,0.0,0.0,0.0,-0.7195627027254062,0.0
2,1,19,3,2.205583534798774,0.0,0.0,0.0,0.0,0.0,0.0,0.0,-0.330411640565943,0.0
2,1,20,4,8.04781864482768,0.0,0.0,0.0,0.0,0.0,0.0,0.0,1.7226991957722042,0.0
2,1,21,4,13.510956202190947,0.0,0.0,0.0,0.0,0.0,0.0,0.0,3.7123645476972924,0.0
2,1,22,4,15.368871356663464,0.0,0.0,0.0,0.0,0.0,0.0,0.0,4.38776260728823,0.0
2,1,23,4,16.3291595519496,0.0,0.0,0.0,0.0,0.0,0.0,0.0,2.76044696904064,0.0
2,1,24,4,21.346709639237414,0.0,0.0,0.0,1.0,0.0,0.0,1.2712156989773291,2.6119178123488225,0.0
2,1,25,5,33.15623170290952,1.0,0.0,1.0,1.0,0.0,4.292117355185841,9.140190612664185,5.929120115415354,0.0
2,1,26,5,57.59297515343222,1.0,1.0,1.0,1.0,0.0,26.824094081723107,25.97110603543615,13.754605200494206,0.0
2,1,27,5,75.99920486465612,1.0,1.0,1.0,1.0,1.0,43.160575016095194,36.41494340515346,18.217498408472903,0.0
2,1,28,5,86.35765187698229,1.0,1.0,1.0,1.0,1.0,51.273988035010916,40.222232126102625,17.733806724690922,1.0
2,1,29,5,90.93750112430718,1.0,1.0,1.0,1.0,1.0,53.423214908674495,40.215259458819304,11.114841990291652,1.0
2,1,30,6,93.27379256292193,1.0,1.0,1.0,1.0,1.0,53.13299242968483,39.83641837096194,5.758195899421935,1.0
2,1,31,6,94.35392703117994,1.0,1.0,1.0,1.0,1.0,51.380418272703096,39.29311891445873,2.665425051399216,1.0
2,1,32,6,97.20361707642135,1.0,1.0,1.0,1.0,1.0,51.18090182137718,41.24518463290339,2.0887053173713923,1.0
2,2,0,0,0.0,0.0,0.0,0.0,0.0,0.0,0.0,0.0,0.0,0.0
2,2,1,0,0.40190732549218167,0.0,0.0,0.0,0.0,0.0,0.0,0.0,0.40190732549218167,0.0
2,2,2,0,0.655675695141386,0.0,0.0,0.0,0.0,0.0,0.0,0.0,0.327837847570693,0.0
2,2,3,0,0.8470995314399979,0.0,0.0,0.0,0.0,0.0,0.0,0.0,0.28236651047999933,0.0
2,2,4,0,1.696656459063307,0.0,0.0,0.0,0.0,0.0,0.0,0.0,0.4315830445237085,0.0
2,2,5,1,2.4666350108244472,0.0,0.0,0.0,0.0,0.0,0.0,0.0,0.6036531052276871,0.0
2,2,6,1,1.4817920377105906,0.0,0.0,0.0,0.0,0.0,0.0,0.0,0.21156416875686423,0.0
2,2,7,1,1.6267108843864828,0.0,0.0,0.0,0.0,0.0,0.0,0.0,-0.023315191558941423,0.0
2,2,8,1,2.2467149581881043,0.0,0.0,0.0,0.0,0.0,0.0,0.0,-0.07330668421211432,0.0
2,2,9,1,1.9918950894157421,0.0,0.0,0.0,0.0,0.0,0.0,0.0,0.1700343505683838,0.0
2,2,10,2,1.2854498091181004,0.0,0.0,0.0,0.0,0.0,0.0,0.0,-0.11375369175612748,0.0
2,2,11,2,0.8511194636772292,0.0,0.0,0.0,0.0,0.0,0.0,0.0,-0.4651984981702917,0.0
2,2,12,2,0.7383261446700616,0.0,0.0,0.0,0.0,0.0,0.0,0.0,-0.4178563149152268,0.0
2,2,13,2,0.43866061915107746,0.0,0.0,0.0,0.0,0.0,0.0,0.0,-0.28226306332234097,0.0
2,2,14,2,0.3813549281210772,0.0,0.0,0.0,0.0,0.0,0.0,0.0,-0.15658817851871734,0.0
2,2,15,3,2.225624160113437,0.0,0.0,0.0,0.0,0.0,0.0,0.0,0.49576600514779184,0.0
2,2,16,3,6.159830667671558,0.0,0.0,0.0,0.0,0.0,0.0,0.0,1.9070566828401603,0.0
2,2,17,3,7.554736612505912,0.0,0.0,0.0,0.0,0.0,0.0,0.0,2.3911272281282785,0.0
2,2,18,3,9.444161349944721,0.0,0.0,0.0,0.0,0.0,0.0,0.0,2.406179063277095,0.0
2,2,19,3,8.083290166690846,0.0,0.0,0.0,0.0,0.0,0.0,0.0,0.6411531663397625,0.0
2,2,20,4,4.5198902001292804,0.0,0.0,0.0,0.0,0.0,0.0,0.0,-1.0116154707922105,0.0
2,2,21,4,4.092883686867144,0.0,0.0,0.0,0.0,0.0,0.0,0.0,-1.783759221025859,0.0
2,2,22,4,23.522054649440598,0.0,0.0,0.0,1.0,0.0,0.0,5.188764466343994,5.146254827583251,0.0
2,2,23,4,49.32087626921694,1.0,1.0,1.0,1.0,0.0,23.8125618656339,22.821564696304733,14.93366202302922,0.0
2,2,24,4,53.06764940874807,1.0,1.0,1.0,1.0,0.0,25.953622895835665,21.529349955316498,16.32492190729364,0.0
2,2,25,5,76.4461952795703,1.0,1.0,1.0,1.0,1.0,47.58208093184662,37.55174840891304,17.641380210043234,0.0
2,2,26,5,90.59882654114679,1.0,1.0,1.0,1.0,1.0,59.829945469437675,44.77160981208316,13.759316757309952,0.0
2,2,27,5,95.16303829617097,1.0,1.0,1.0,1.0,1.0,62.32440844761004,44.163022250445195,14.031796295807633,0.0
2,2,28,5,92.84832957717074,1.0,1.0,1.0,1.0,1.0,57.76466573519937,38.930808151655185,5.467378099200147,1.0
2,2,29,5,78.73146210072167,1.0,1.0,1.0,1.0,1.0,41.21717588508899,24.473162525479566,-3.9557881468083735,1.0
2,2,30,6,56.47773320252319,1.0,1.0,1.0,1.0,1.0,16.336933069286097,3.7810380573767404,-12.895101697882593,1.0
2,2,31,6,39.3517216844975,0.0,0.0,0.0,0.0,0.0,0.0,0.0,-17.832202630891082,1.0
2,2,32,6,42.90554834685122,0.0,0.0,0.0,0.0,0.0,0.0,0.0,-11.94197125129015,1.0
2,1,0,0,0.0,0.0,0.0,0.0,0.0,0.0,0.0,0.0,0.0,0.0
2,1,1,0,0.0027817626869570495,0.0,0.0,0.0,0.0,0.0,0.0,0.0,0.0027817626869570495,0.0
2,1,2,0,0.036202240068224784,0.0,0.0,0.0,0.0,0.0,0.0,0.0,0.018101120034112392,0.0
2,1,3,0,0.5047954055141293,0.0,0.0,0.0,0.0,0.0,0.0,0.0,0.16826513517137642,0.0
2,1,4,0,1.2204188214126142,0.0,0.0,0.0,0.0,0.0,0.0,0.0,0.40587901957521905,0.0
2,1,5,1,0.6888414745568698,0.0,0.0,0.0,0.0,0.0,0.0,0.0,0.217546411496215,0.0
2,1,6,1,0.4064840550747838,0.0,0.0,0.0,0.0,0.0,0.0,0.0,-0.03277045014644849,0.0
2,1,7,1,0.6825033022005293,0.0,0.0,0.0,0.0,0.0,0.0,0.0,-0.17930517307069493,0.0
2,1,8,1,1.3773878932153485,0.0,0.0,0.0,0.0,0.0,0.0,0.0,0.22951547288615956,0.0
2,1,9,1,1.4576758299533383,0.0,0.0,0.0,0.0,0.0,0.0,0.0,0.35039725829285145,0.0
2,1,10,2,1.4761040625934252,0.0,0.0,0.0,0.0,0.0,0.0,0.0,0.26453358679763195,0.0
2,1,11,2,2.303311332061987,0.0,0.0,0.0,0.0,0.0,0.0,0.0,0.3086411462822129,0.0
2,1,12,2,2.7114450098236036,0.0,0.0,0.0,0.0,0.0,0.0,0.0,0.4179230599567551,0.0
2,1,13,2,5.286703561357947,0.0,0.0,0.0,0.0,0.0,0.0,0.0,1.2701998329215074,0.0
2,1,14,2,12.146731197478264,0.0,0.0,0.0,1.0,0.0,0.0,1.1528629769958965,3.281139955138759,0.0
2,1,15,3,13.329310286964656,0.0,0.0,0.0,1.0,0.0,0.0,0.7860121737885244,3.5392884257136843,0.0
2,1,16,3,21.46600173875706,1.0,0.0,1.0,1.0,0.0,4.020617537133997,6.321952916094546,5.393099392466372,0.0
2,1,17,3,28.53365419176842,1.0,1.0,1.0,1.0,0.0,10.204699375806719,10.4727532550321,5.462307664763386,0.0
2,1,18,3,26.470866982010016,1.0,0.0,1.0,1.0,1.0,7.186087972073434,6.886992133122554,4.380518898348453,0.0
2,1,19,3,30.92331907053672,1.0,1.0,1.0,1.0,1.0,10.60015912329677,9.722852478669918,3.1524391105932197,0.0
2,1,20,4,39.028524187764056,1.0,1.0,1.0,1.0,1.0,17.574123396200015,15.719278253411304,3.498289998665212,0.0
2,1,21,4,43.12931850618174,1.0,1.0,1.0,1.0,1.0,20.440513799580643,18.099830191684127,5.552817174723908,0.0
2,1,22,4,50.03044441845324,1.0,1.0,1.0,1.0,1.0,25.993769562409895,23.218386995030475,6.369041782638841,0.0
2,1,23,4,49.259114931518155,1.0,1.0,1.0,1.0,1.0,23.750800527935116,21.94724978758874,3.4101969145847,0.0
2,1,24,4,36.7868645996182,1.0,0.0,1.0,1.0,1.0,9.672838086705795,10.636615995811447,-2.1141513021878473,0.0
2,1,25,5,25.67366966618789,0.0,0.0,0.0,1.0,0.0,0.0,0.02902890696827143,-8.118924917421785,0.0
2,1,26,5,34.0430209742634,1.0,0.0,1.0,1.0,0.0,3.2741399025542854,9.344380307509567,-5.072031319084918,0.0
2,1,27,5,40.15935506444282,1.0,0.0,1.0,1.0,0.0,7.320725215881893,15.383151673263733,1.1241634882748741,0.0
2,1,28,5,49.940883120180445,1.0,1.0,1.0,1.0,1.0,14.857219278209072,23.643823805398306,8.08907115133085,0.0
2,1,29,5,77.70511897182725,1.0,1.0,1.0,1.0,1.0,40.19083275619457,45.405166799914156,14.554032665854615,0.0
2,1,30,6,92.66858716278665,1.0,1.0,1.0,1.0,1.0,52.52778702954956,53.52470083540061,17.50307736611461,0.0
2,1,31,6,97.05859528057235,1.0,1.0,1.0,1.0,1.0,54.08508652209551,52.29670830936561,15.705904053463968,0.0
2,1,32,6,97.23447300634885,1.0,1.0,1.0,1.0,1.0,51.211757751304674,48.18448964486838,6.509784678173868,0.0
2,1,33,6,97.54333976287108,1.0,1.0,1.0,1.0,1.0,48.24461697623977,44.80814091160687,1.6249175333614783,0.0
2,1,34,6,97.94627858805273,1.0,1.0,1.0,1.0,1.0,45.13444407112222,42.194841179923564,0.29589443582679564,1.0
2,1,35,7,97.78525418202051,1.0,1.0,1.0,1.0,1.0,41.212900572386516,40.794603477053286,0.1835937252238864,1.0
2,1,36,7,96.64196957568703,1.0,1.0,1.0,1.0,1.0,36.051386347253,41.429273640959195,-0.30045672906135223,1.0
2,1,37,7,92.82888529823201,1.0,1.0,1.0,1.0,1.0,27.9520587612092,40.08527770507828,-1.7057977632735752,1.0
2,1,38,7,92.33173928419643,1.0,0.0,1.0,1.0,1.0,22.89035258510384,43.32802091673083,-1.8178382992746929,1.0
2,2,0,0,0.0,0.0,0.0,0.0,0.0,0.0,0.0,0.0,0.0,0.0
2,2,1,0,0.011453525361139145,0.0,0.0,0.0,0.0,0.0,0.0,0.0,0.011453525361139145,0.0
2,2,2,0,0.2424126365526349,0.0,0.0,0.0,0.0,0.0,0.0,0.0,0.12120631827631745,0.0
2,2,3,0,0.4440437319768474,0.0,0.0,0.0,0.0,0.0,0.0,0.0,0.1480145773256158,0.0
2,2,4,0,0.37967912996108,0.0,0.0,0.0,0.0,0.0,0.0,0.0,0.12274186819998029,0.0
2,2,5,1,0.6854553348151372,0.0,0.0,0.0,0.0,0.0,0.0,0.0,0.1476808994208341,1.0
2,2,6,1,2.2276768850380386,0.0,0.0,0.0,0.0,0.0,0.0,0.0,0.5945443843537305,1.0
2,2,7,1,6.323743888389288,0.0,0.0,0.0,0.0,0.0,0.0,0.0,1.9813549194760693,1.0
2,2,8,1,24.332148271247764,1.0,1.0,1.0,1.0,0.0,12.590579760497349,11.061828494810115,7.882230978810875,1.0
2,2,9,1,60.573260118536695,1.0,1.0,1.0,1.0,0.0,48.155235737617076,36.049924145902786,19.448527744499554,1.0
2,2,0,0,0.0,0.0,0.0,0.0,0.0,0.0,0.0,0.0,0.0,0.0
2,2,1,0,0.4567150341362005,0.0,0.0,0.0,0.0,0.0,0.0,0.0,0.4567150341362005,0.0
2,2,2,0,1.18460866876958,0.0,0.0,0.0,0.0,0.0,0.0,0.0,0.59230433438479,0.0
2,2,3,0,1.650187091293666,0.0,0.0,0.0,0.0,0.0,0.0,0.0,0.5500623637645553,0.0
2,2,4,0,3.5282704911027767,0.0,0.0,0.0,0.0,0.0,0.0,0.0,1.0238518189888588,0.0
2,2,5,1,14.526013143434293,1.0,1.0,1.0,1.0,0.0,4.662459819027372,4.631749725134592,4.447134824888238,0.0
2,2,6,1,31.19856873677713,1.0,1.0,1.0,1.0,0.0,20.88163981083904,15.285356178135126,9.849460548494488,0.0
2,2,7,1,53.95112130469475,1.0,1.0,1.0,1.0,1.0,42.90648355770743,30.116689001548338,16.807616937863994,0.0
2,2,8,1,74.94094285636379,1.0,1.0,1.0,1.0,1.0,63.19937434561338,43.186888238938195,20.138309904309832,0.0
2,2,9,1,80.16280815201684,1.0,1.0,1.0,1.0,1.0,67.74478377109722,43.56602370031208,16.321413138413234,0.0
2,2,10,2,69.2635093873555,1.0,1.0,1.0,1.0,1.0,56.17920086616833,31.25333696012538,5.104129360886915,0.0
2,2,11,2,57.43741182603057,1.0,1.0,1.0,1.0,1.0,43.686687730785266,19.77644734297789,-5.834510343444407,0.0
2,2,12,2,51.45862043726231,1.0,1.0,1.0,1.0,1.0,37.031046170476046,15.2693705771077,-9.568062571584841,0.0
2,2,13,2,46.618724040606615,1.0,1.0,1.0,1.0,1.0,31.49356184110433,12.772157116330973,-7.548261782249628,0.0
2,2,14,2,40.71058882690116,1.0,1.0,1.0,1.0,1.0,24.856797769815564,10.041943168284387,-5.57560766637647,0.0
2,2,15,3,33.1039362952213,1.0,1.0,1.0,1.0,1.0,16.480172291992858,5.971382340935065,-6.118228047347003,0.0
2,2,16,3,22.271097905940717,1.0,0.0,1.0,0.0,1.0,4.8257137043176535,0.0,-8.115875378221967,0.0
2,2,17,3,11.79190356433665,0.0,0.0,0.0,0.0,0.0,0.0,0.0,-9.63956175418817,0.0
2,2,18,3,6.555589549857826,0.0,0.0,0.0,0.0,0.0,0.0,0.0,-8.849448915121158,0.0
2,2,19,3,10.806312202995553,0.0,0.0,0.0,0.0,0.0,0.0,0.0,-3.8215952343150548,0.0
2,2,20,4,23.455765711633603,1.0,0.0,1.0,0.0,0.0,2.0013649200695625,0.0,3.8879540490989846,0.0
2,2,21,4,44.439187591452544,1.0,1.0,1.0,1.0,0.0,21.750382884851447,16.20922567019126,12.627866013864905,0.0
2,2,22,4,64.54271874866748,1.0,1.0,1.0,1.0,1.0,40.506043892624135,34.527663774670316,17.912135515223977,0.0
2,2,23,4,58.97381661256073,1.0,1.0,1.0,1.0,1.0,33.465502208977696,27.34624600515307,11.839350300309043,0.0
2,2,24,4,42.19236573203358,1.0,1.0,1.0,1.0,1.0,15.078339219121176,9.970455294248964,-0.7489406198063217,0.0
2,2,25,5,25.989429119925315,0.0,0.0,0.0,0.0,0.0,0.0,0.0,-12.851096542914055,0.0
2,2,26,5,17.712408314222372,0.0,0.0,0.0,0.0,0.0,0.0,0.0,-13.753802766112786,0.0
2,2,27,5,27.35959249099147,0.0,0.0,0.0,0.0,0.0,0.0,0.0,-4.944257747014036,0.0
2,2,28,5,39.32772488616628,1.0,0.0,1.0,1.0,0.0,4.244061044194908,3.6275224167684073,4.446098588746988,0.0
2,2,29,5,40.97694496917049,1.0,0.0,1.0,1.0,0.0,3.4626587535378093,5.994677577698795,7.754845551649372,0.0
2,2,30,6,41.37583202039241,1.0,0.0,0.0,1.0,1.0,1.2350318871553156,7.153132169580864,4.672079843133646,0.0
2,2,31,6,51.06849266186413,1.0,0.0,1.0,1.0,1.0,8.094983903387288,15.906922324772296,3.913589258565949,0.0
2,2,32,6,60.46009499338021,1.0,0.0,1.0,1.0,1.0,14.437379738336034,22.647050591967144,6.49438334140324,1.0
2,2,33,6,74.79471703810952,1.0,1.0,1.0,1.0,1.0,25.49599425147821,33.69800976744113,11.139628339239039,1.0
2,2,34,6,88.95972508493918,1.0,1.0,1.0,1.0,1.0,36.14789056800866,41.75075186766591,12.630410807691684,1.0
2,2,35,7,96.16208202308422,1.0,1.0,1.0,1.0,1.0,39.58972841345023,42.638367416400534,11.900662343234671,1.0
2,2,36,7,98.8782227315196,1.0,1.0,1.0,1.0,1.0,38.28763950308557,41.32587913607722,8.027835231136692,1.0
2,3,0,0,0.0,0.0,0.0,0.0,0.0,0.0,0.0,0.0,0.0,0.0
2,3,1,0,0.00809490597636022,0.0,0.0,0.0,0.0,0.0,0.0,0.0,0.00809490597636022,0.0
2,3,2,0,0.023587702734004085,0.0,0.0,0.0,0.0,0.0,0.0,0.0,0.011793851367002043,0.0
2,3,3,0,0.2356575450607358,0.0,0.0,0.0,0.0,0.0,0.0,0.0,0.07855251502024527,0.0
2,3,4,0,0.5471312458471391,0.0,0.0,0.0,0.0,0.0,0.0,0.0,0.1796787799569263,0.0
2,3,5,1,0.589461149103709,0.0,0.0,0.0,0.0,0.0,0.0,0.0,0.18862448212323493,0.0
2,3,6,1,2.5693544583960355,0.0,0.0,0.0,0.0,0.0,0.0,0.0,0.7778989711117665,0.0
2,3,7,1,12.542666631458237,1.0,0.0,1.0,1.0,0.0,1.498028884470921,3.0203961181087635,3.9985117952036995,0.0
2,3,8,1,26.0901008796033,1.0,1.0,1.0,1.0,0.0,14.348532368852883,11.850252616689993,8.500213243499863,0.0
2,3,9,1,41.245000965088835,1.0,1.0,1.0,1.0,1.0,28.826976584169216,21.58453958599612,12.8918821688976,0.0
2,3,10,2,54.24951109671785,1.0,1.0,1.0,1.0,1.0,41.165202575530685,29.38396342369254,13.902281488419872,0.0
2,3,11,2,54.81896166667505,1.0,1.0,1.0,1.0,1.0,41.06823757142975,26.562023726670702,9.576286929023917,0.0
2,3,12,2,48.79703507863389,1.0,1.0,1.0,1.0,1.0,34.36946081184763,19.277463690418735,2.5173447045150183,0.0
2,3,13,2,51.69732167931043,1.0,1.0,1.0,1.0,1.0,36.57215947980814,21.513912001634743,-0.8507298058024754,0.0
2,3,14,2,57.609852331927065,1.0,1.0,1.0,1.0,1.0,41.75606127484147,27.140638653331845,0.9302968884173382,0.0
2,3,15,3,54.96981344284673,1.0,1.0,1.0,1.0,1.0,38.346049439618284,25.591751083404176,2.0575927880709464,0.0
2,3,16,3,47.42354559803374,1.0,1.0,1.0,1.0,1.0,29.978161396410677,20.864883242566123,-1.4245920270922288,1.0
2,3,17,3,42.33292976471451,1.0,1.0,1.0,1.0,1.0,24.003974948752806,20.039993034233106,-5.0923075224041865,1.0
2,3,18,3,39.76139008109001,1.0,1.0,1.0,1.0,1.0,20.47661107115343,21.39555578758611,-5.069474453918905,1.0
2,3,19,3,50.87257434444227,1.0,1.0,1.0,1.0,1.0,30.54941439720232,34.97898566734102,1.1496762488028434,1.0
2,3,20,4,81.32770335564729,1.0,1.0,1.0,1.0,1.0,59.87330256408325,60.31219117646634,12.99825786364426,1.0
2,1,0,0,0.0,0.0,0.0,0.0,0.0,0.0,0.0,0.0,0.0,0.0
2,1,1,0,0.06419345983966378,0.0,0.0,0.0,0.0,0.0,0.0,0.0,0.06419345983966378,0.0
2,1,2,0,0.6698925141935996,0.0,0.0,0.0,0.0,0.0,0.0,0.0,0.3349462570967998,0.0
2,1,3,0,2.5890354519039063,0.0,0.0,0.0,0.0,0.0,0.0,0.0,0.863011817301302,0.0
2,1,4,0,4.25784344122293,0.0,0.0,0.0,0.0,0.0,0.0,0.0,1.3978833271277553,0.0
2,1,5,1,7.908145246712789,0.0,0.0,0.0,1.0,0.0,0.0,0.22092553073861243,2.41275091083973,0.0
2,1,6,1,12.247442908193602,1.0,0.0,1.0,1.0,0.0,1.9305139822555102,2.7946424627620736,3.219469152096565,0.0
2,1,7,1,11.06658766548073,1.0,0.0,0.0,1.0,0.0,0.02194991849341399,0.9456681158018494,2.2695814080859336,0.0
2,1,8,1,8.677921475565693,0.0,0.0,0.0,0.0,0.0,0.0,0.0,0.2565920762843013,0.0
2,1,9,1,6.684100314565789,0.0,0.0,0.0,0.0,0.0,0.0,0.0,-1.8544475312092707,0.0
2,1,10,2,4.320584263881917,0.0,0.0,0.0,0.0,0.0,0.0,0.0,-2.2486678005329375,0.0
2,1,11,2,2.566370856933755,0.0,0.0,0.0,0.0,0.0,0.0,0.0,-2.0371835395439795,0.0
2,1,12,2,1.9794060186894522,0.0,0.0,0.0,0.0,0.0,0.0,0.0,-1.568231431958779,0.0
2,1,13,2,1.7506467872980045,0.0,0.0,0.0,0.0,0.0,0.0,0.0,-0.8566458255279711,0.0
2,1,14,2,1.5684851155625301,0.0,0.0,0.0,0.0,0.0,0.0,0.0,-0.332628580457075,0.0
2,1,15,3,1.4587186943723118,0.0,0.0,0.0,0.0,0.0,0.0,0.0,-0.17356244143904678,0.0
2,1,16,3,2.2140177932252127,0.0,0.0,0.0,0.0,0.0,0.0,0.0,0.15445700197573609,0.0
2,1,17,3,4.562849286844326,0.0,0.0,0.0,0.0,0.0,0.0,0.0,0.9981213904272653,0.0
2,1,18,3,5.94932231292453,0.0,0.0,0.0,0.0,0.0,0.0,0.0,1.4968678728507394,0.0
2,1,19,3,5.59979661611793,0.0,0.0,0.0,0.0,0.0,0.0,0.0,1.128592940964239,0.0
2,1,20,4,9.028993863533836,0.0,0.0,0.0,0.0,0.0,0.0,0.0,1.4887148588965033,0.0
2,1,21,4,27.142437313834506,1.0,0.0,1.0,1.0,0.0,4.453632607233409,8.689459585541233,7.0643716669699925,0.0
2,1,22,4,47.9515769757886,1.0,1.0,1.0,1.0,0.0,23.91490211974525,21.972951649704303,14.117260119890224,0.0
2,1,23,4,48.59080260261699,1.0,1.0,1.0,1.0,1.0,23.08248819903395,18.268859908616076,13.187269579694386,0.0
2,1,24,4,35.30602302747982,1.0,0.0,1.0,1.0,1.0,8.191996514567414,3.6526764647230365,2.7211952378817705,0.0
2,1,25,5,29.908019317457537,1.0,0.0,0.0,0.0,1.0,1.0439049697338554,0.0,-6.014519219443687,0.0
2,1,26,5,46.61265658727217,1.0,1.0,1.0,1.0,1.0,15.843775515563056,12.94564590815223,-0.6593820051149398,0.0
2,1,27,5,71.16120801318593,1.0,1.0,1.0,1.0,1.0,38.322578164625,33.33682652048002,11.951728328568704,0.0
2,1,28,5,79.60055184342639,1.0,1.0,1.0,1.0,1.0,44.516888001455015,38.03222096117176,16.564177508656282,0.0
2,1,29,5,74.40405303037463,1.0,1.0,1.0,1.0,1.0,36.88976681474195,31.562415735896927,9.263798814367485,0.0
2,1,30,6,62.13146983911842,1.0,1.0,1.0,1.0,1.0,21.990669705881324,20.672838276649777,-3.0099127246891704,0.0
2,1,31,6,62.277553394275756,1.0,1.0,1.0,1.0,1.0,19.304044635798917,23.193641565429573,-5.774332816383544,0.0
2,1,32,6,73.58267379697907,1.0,1.0,1.0,1.0,1.0,27.55995854193489,34.20175379416928,-0.2737930777985203,0.0
2,1,33,6,82.257455481234,1.0,1.0,1.0,1.0,1.0,32.95873269460269,40.058854750280396,6.708661880705196,0.0
2,1,34,6,83.36624440631756,1.0,1.0,1.0,1.0,1.0,30.554409889387045,38.69249307896958,7.029563670680602,0.0
2,1,35,7,76.24939867612264,1.0,0.0,1.0,1.0,1.0,19.677045066488645,31.85497994763316,0.8889082930478575,0.0
2,1,36,7,76.2137914833602,1.0,0.0,1.0,1.0,1.0,15.623208254926169,35.136721449898914,-2.014554665957936,0.0
2,1,37,7,85.54083796894,1.0,0.0,1.0,1.0,1.0,20.66401143191719,45.24187463498186,0.7248645208741445,0.0
2,1,38,7,89.84168195402492,1.0,0.0,1.0,1.0,1.0,20.40029525493233,46.29949223329028,4.530761092634094,0.0
2,1,39,7,88.72503007934375,1.0,0.0,1.0,1.0,1.0,14.430463201008124,42.11337941821804,4.170412865327852,0.0
2,1,40,8,89.32625418538464,1.0,0.0,1.0,1.0,1.0,9.879583946940514,39.649959000234716,1.2618054054815484,0.0
2,1,41,8,92.01361797676836,1.0,0.0,1.0,1.0,1.0,7.105618033658004,40.640375385311664,0.7239786742478126,0.0
2,1,42,8,93.4154104302786,1.0,0.0,0.0,1.0,1.0,2.7265512742520457,41.19728545702969,1.5634601169782816,1.0
2,1,43,8,91.13760024014248,0.0,0.0,0.0,1.0,0.0,0.0,36.70437808760315,0.6037820182526114,1.0
2,1,44,8,88.58957031359688,0.0,0.0,0.0,1.0,0.0,0.0,31.099970137546862,-1.1413492210571594,1.0
2,1,45,9,91.22455178832226,0.0,0.0,0.0,1.0,0.0,0.0,30.386193584564694,-0.7302862139854464,1.0
2,1,46,9,94.1037806755198,0.0,0.0,0.0,1.0,0.0,0.0,30.748894315035074,0.9887268117924416,1.0
2,1,0,0,0.0,0.0,0.0,0.0,0.0,0.0,0.0,0.0,0.0,0.0
2,1,1,0,0.14718278881015456,0.0,0.0,0.0,0.0,0.0,0.0,0.0,0.14718278881015456,0.0
2,1,2,0,0.10878679712567205,0.0,0.0,0.0,0.0,0.0,0.0,0.0,0.05439339856283602,0.0
2,1,3,0,0.09931350388084073,0.0,0.0,0.0,0.0,0.0,0.0,0.0,0.03310450129361358,0.0
2,1,4,0,0.3115799814322304,0.0,0.0,0.0,0.0,0.0,0.0,0.0,0.05479906420735862,0.0
2,1,5,1,0.5391764126143879,0.0,0.0,0.0,0.0,0.0,0.0,0.0,0.14346320516290526,0.0
2,1,6,1,2.3231441893273423,0.0,0.0,0.0,0.0,0.0,0.0,0.0,0.7412768951488339,0.0
2,1,7,1,7.813294808094751,0.0,0.0,0.0,0.0,0.0,0.0,0.0,2.500571608887507,0.0
2,1,8,1,7.910091464624113,0.0,0.0,0.0,0.0,0.0,0.0,0.0,2.4569716840032414,0.0
2,1,9,1,4.62219069837472,0.0,0.0,0.0,0.0,0.0,0.0,0.0,0.7663488363491258,0.0
2,1,10,2,2.660629137860856,0.0,0.0,0.0,0.0,0.0,0.0,0.0,-1.7175552234112983,0.0
2,1,11,2,1.595168815309154,0.0,0.0,0.0,0.0,0.0,0.0,0.0,-2.1049742164383196,0.0
2,1,12,2,1.859621553215892,0.0,0.0,0.0,0.0,0.0,0.0,0.0,-0.9208563817196093,0.0
2,1,13,2,3.90128443470802,0.0,0.0,0.0,0.0,0.0,0.0,0.0,0.4135517656157213,0.0
2,1,14,2,3.8146215934487877,0.0,0.0,0.0,0.0,0.0,0.0,0.0,0.7398175927132112,0.0
2,1,15,3,2.572456533885176,0.0,0.0,0.0,0.0,0.0,0.0,0.0,0.23761166022309466,0.0
2,1,16,3,3.040215980060359,0.0,0.0,0.0,0.0,0.0,0.0,0.0,-0.2870228182158871,0.0
2,1,17,3,8.15117670650616,0.0,0.0,0.0,0.0,0.0,0.0,0.0,1.445518371019124,0.0
2,1,18,3,18.51193415155604,0.0,0.0,0.0,1.0,0.0,0.0,4.322092600273642,5.313159205890288,0.0
2,1,19,3,47.35465483290115,1.0,1.0,1.0,1.0,0.0,27.031494885661196,24.285914975913037,14.771479617613595,0.0
2,1,20,4,76.32161424409821,1.0,1.0,1.0,1.0,0.0,54.86721345253417,42.45925780320913,22.72347917919735,0.0
2,1,21,4,80.52961192852473,1.0,1.0,1.0,1.0,1.0,57.84080722192363,39.911587350686375,20.672559258989562,0.0
2,1,22,4,74.75832909590366,1.0,1.0,1.0,1.0,1.0,50.721654239860314,30.74933114384134,9.134558087667505,0.0
2,1,23,4,64.0092772391823,1.0,1.0,1.0,1.0,1.0,38.50096283559925,19.058212496272233,-4.104112334971973,0.0
2,1,24,4,50.77661734524896,1.0,1.0,1.0,1.0,1.0,23.662590832336555,6.282011253691202,-9.917664861091923,0.0
2,1,25,5,44.973884700695976,1.0,1.0,1.0,1.0,1.0,16.109770352972294,1.641506949129294,-9.928148131735895,0.0
2,1,26,5,44.46813018521858,1.0,1.0,1.0,1.0,1.0,13.699249113509463,3.1025175944606858,-6.513715684654573,0.0
2,1,27,5,45.79411627585337,1.0,1.0,1.0,1.0,1.0,12.955486427292442,7.292898426540155,-1.6608336897985296,0.0
2,1,28,5,47.18672227827436,1.0,0.0,1.0,1.0,1.0,12.103058436302987,11.973742326495206,0.7376125258594612,0.0
2,1,29,5,58.65238261585411,1.0,1.0,1.0,1.0,1.0,21.13809640022143,26.30035991359388,4.7280841435451775,0.0
2,1,30,6,69.81180273075024,1.0,1.0,1.0,1.0,1.0,29.67100259751315,36.13448114616338,8.005895484965626,0.0
2,1,31,6,72.98824904671525,1.0,1.0,1.0,1.0,1.0,30.014740288238414,38.211024846998086,8.600508922813631,0.0
2,1,32,6,76.00007593188508,1.0,1.0,1.0,1.0,1.0,29.977360676840902,40.291082693847486,5.78256443867699,0.0
2,1,33,6,80.1312358979203,1.0,1.0,1.0,1.0,1.0,30.83251311128899,42.05913253227217,3.4398110557233537,0.0
2,1,34,6,82.33489464336822,1.0,1.0,1.0,1.0,1.0,29.5230601264377,40.93786546875254,3.115548532217654,0.0
2,1,35,7,82.30778930908531,1.0,1.0,1.0,1.0,1.0,25.735435699451315,38.26486434604044,2.10257112573341,0.0
2,1,36,7,79.06626319150243,1.0,0.0,1.0,1.0,1.0,18.4756799630684,33.75155504822152,-0.3549909021392921,0.0
2,1,37,7,74.65913093720212,1.0,0.0,1.0,1.0,1.0,9.782304400179314,29.002354284354084,-2.558587902055365,0.0
2,1,38,7,78.17222632891003,1.0,0.0,1.0,1.0,1.0,8.730839629817439,32.63050112110667,-1.37852099339176,0.0
2,1,39,7,84.897023400237,1.0,0.0,1.0,1.0,1.0,10.602456521901374,40.30552610769406,1.943586736244858,0.0
2,1,40,8,89.16376710016833,1.0,0.0,1.0,1.0,1.0,9.717096861724201,43.70947134424982,4.834878720988736,0.0
2,1,41,8,94.9869325726647,1.0,0.0,1.0,1.0,1.0,10.078932629554345,45.95561410233056,5.604902081251557,0.0
2,1,42,8,97.97510481217732,1.0,0.0,1.0,1.0,1.0,7.2862456561507685,45.0746659020525,4.359360470646773,1.0
2,1,43,8,97.97103439003207,1.0,0.0,0.0,1.0,1.0,1.1714833491471524,41.43561001937156,2.935755763287915,1.0
2,1,44,8,97.34622608340149,0.0,0.0,0.0,1.0,0.0,0.0,37.19192641872889,0.7864311702455969,1.0
2,1,45,9,96.5410372711903,0.0,0.0,0.0,1.0,0.0,0.0,32.81123878228078,-0.4780225136623386,1.0
2,1,46,9,96.13815289159781,0.0,0.0,0.0,1.0,0.0,0.0,28.893726022502747,-0.6109604994780872,1.0
2,3,0,0,0.0,0.0,0.0,0.0,0.0,0.0,0.0,0.0,0.0,0.0
2,3,1,0,0.4212262700615284,0.0,0.0,0.0,0.0,0.0,0.0,0.0,0.4212262700615284,0.0
2,3,2,0,0.8701910729617913,0.0,0.0,0.0,0.0,0.0,0.0,0.0,0.43509553648089566,0.0
2,3,3,0,1.2817689748355656,0.0,0.0,0.0,0.0,0.0,0.0,0.0,0.42725632494518856,0.0
2,3,4,0,1.7412969360211026,0.0,0.0,0.0,0.0,0.0,0.0,0.0,0.4400235553198581,0.0
2,3,5,1,2.7078582964584905,0.0,0.0,0.0,0.0,0.0,0.0,0.0,0.6125557411655663,0.0
2,3,6,1,3.6151467112069,0.0,0.0,0.0,0.0,0.0,0.0,0.0,0.7777925787904447,0.0
2,3,7,1,4.739914625898102,0.0,0.0,0.0,0.0,0.0,0.0,0.0,0.9995392299589998,0.0
2,3,8,1,4.307801189717059,0.0,0.0,0.0,0.0,0.0,0.0,0.0,0.5333142977528563,0.0
2,3,9,1,3.2913794164911874,0.0,0.0,0.0,0.0,0.0,0.0,0.0,-0.10792243157190413,0.0
2,3,10,2,2.731529873668841,0.0,0.0,0.0,0.0,0.0,0.0,0.0,-0.6694615840764203,0.0
2,3,11,2,1.8832257120252982,0.0,0.0,0.0,0.0,0.0,0.0,0.0,-0.8081918258972537,0.0
2,3,12,2,1.1687206826682144,0.0,0.0,0.0,0.0,0.0,0.0,0.0,-0.7075529112743243,0.0
2,3,13,2,0.8927677019985536,0.0,0.0,0.0,0.0,0.0,0.0,0.0,-0.6129207238900958,0.0
2,3,14,2,0.5413301958320468,0.0,0.0,0.0,0.0,0.0,0.0,0.0,-0.44729850539775046,0.0
2,3,15,3,0.2782227153069681,0.0,0.0,0.0,0.0,0.0,0.0,0.0,-0.2968326557870821,0.0
2,3,16,3,0.8068691378188878,0.0,0.0,0.0,0.0,0.0,0.0,0.0,-0.028632854726555263,0.0
2,3,17,3,3.180961391177733,0.0,0.0,0.0,0.0,0.0,0.0,0.0,0.8798770651152287,0.0
2,3,18,3,4.843348189164118,0.0,0.0,0.0,0.0,0.0,0.0,0.0,1.5217084912857166,0.0
2,3,19,3,6.8404983283202565,0.0,0.0,0.0,0.0,0.0,0.0,0.0,2.011209730167123,0.0
2,3,20,4,8.824024091000155,0.0,0.0,0.0,0.0,0.0,0.0,0.0,1.8810208999408073,0.0
2,3,21,4,9.127836692581857,0.0,0.0,0.0,0.0,0.0,0.0,0.0,1.4281628344725796,0.0
2,3,22,4,6.894644823035772,0.0,0.0,0.0,0.0,0.0,0.0,0.0,0.018048831571838637,0.0
2,3,23,4,4.442469849019583,0.0,0.0,0.0,0.0,0.0,0.0,0.0,-1.4605180806601907,0.0
2,3,24,4,2.8707067952760648,0.0,0.0,0.0,0.0,0.0,0.0,0.0,-2.0857099657685976,0.0
2,3,25,5,1.9021484944034763,0.0,0.0,0.0,0.0,0.0,0.0,0.0,-1.664165442877432,0.0
2,3,26,5,2.7262299900083615,0.0,0.0,0.0,0.0,0.0,0.0,0.0,-0.5720799530037404,0.0
2,3,27,5,10.399436289808559,0.0,0.0,0.0,0.0,0.0,0.0,0.0,2.509576498177498,0.0
2,3,28,5,21.01215954637054,0.0,0.0,0.0,0.0,0.0,0.0,0.0,6.3700036839890215,0.0
2,3,29,5,16.87274830275902,0.0,0.0,0.0,0.0,0.0,0.0,0.0,4.7155061042502195,0.0
2,3,30,6,10.373163152586748,0.0,0.0,0.0,0.0,0.0,0.0,0.0,-0.00875771240727019,0.0
2,3,31,6,7.1246980778817655,0.0,0.0,0.0,0.0,0.0,0.0,0.0,-4.629153822829592,0.0
2,3,32,6,9.79381680460428,0.0,0.0,0.0,0.0,0.0,0.0,0.0,-2.359643832718247,0.0
2,3,33,6,23.409781761101783,0.0,0.0,0.0,0.0,0.0,0.0,0.0,4.345539536171678,0.0
2,3,34,6,49.76250970987627,0.0,0.0,0.0,1.0,0.0,0.0,9.730397480085955,14.212603877331501,0.0
2,3,35,7,61.293209178354495,1.0,0.0,1.0,1.0,0.0,4.720855568720502,14.235111531758086,17.166464124583403,0.0
2,3,36,7,70.9276793480782,1.0,0.0,1.0,1.0,0.0,10.337096119644173,17.626438738052016,15.839299195658805,0.0
2,3,37,7,87.432954823069,1.0,0.0,1.0,1.0,1.0,22.55612828604619,27.218817989152335,12.556815037730908,0.0
2,3,38,7,94.48940301801855,1.0,0.0,1.0,1.0,1.0,25.04801631892596,28.050081970745822,11.065397946554684,0.0
2,3,39,7,95.9181929663219,1.0,0.0,1.0,1.0,1.0,21.623626087986267,24.16785930911388,8.330171206081232,0.0
2,3,40,8,94.40205789443888,1.0,0.0,1.0,1.0,1.0,14.955387655994755,19.248932437509836,2.3230343571232956,0.0
2,3,41,8,90.82829428659849,1.0,0.0,1.0,1.0,1.0,5.920294343488138,14.700235932114722,-1.2203695771400191,0.0
2,3,42,8,79.86937719667468,0.0,0.0,0.0,1.0,0.0,0.0,5.622156975300172,-5.349605256549073,0.0
2,3,43,8,54.86145405820746,0.0,0.0,0.0,0.0,0.0,0.0,0.0,-13.180201278743809,0.0
2,3,44,8,34.23857207703887,0.0,0.0,0.0,0.0,0.0,0.0,0.0,-18.863240736519874,0.0
2,3,45,9,47.28130005815542,0.0,0.0,0.0,0.0,0.0,0.0,0.0,-10.862692379506418,0.0
2,3,46,9,80.49655775387546,0.0,0.0,0.0,1.0,0.0,0.0,1.5877658499978224,8.54503456522267,0.0
2,3,47,9,92.69050832942008,0.0,0.0,0.0,1.0,0.0,0.0,9.601946148844434,19.48397875079374,0.0
2,3,48,9,95.87597714447739,0.0,0.0,0.0,1.0,0.0,0.0,8.438340140821381,16.198225695440655,0.0
2,3,49,9,97.14353242962008,0.0,0.0,0.0,1.0,0.0,0.0,5.481226240330088,5.548991558581538,0.0
2,3,50,10,98.01786652774544,0.0,0.0,0.0,1.0,0.0,0.0,1.9784724644442804,1.7757860661084521,1.0
2,3,51,10,98.875213764347,0.0,0.0,0.0,0.0,0.0,0.0,0.0,0.9997455399565354,1.0
2,3,52,10,99.57695538313465,0.0,0.0,0.0,0.0,0.0,0.0,0.0,0.8111409845048551,1.0
2,3,53,10,99.44093766598576,0.0,0.0,0.0,0.0,0.0,0.0,0.0,0.4743570460801057,1.0
2,3,54,10,98.96131066934142,0.0,0.0,0.0,0.0,0.0,0.0,0.0,0.028698968331473413,1.0
2,1,0,0,0.0,0.0,0.0,0.0,0.0,0.0,0.0,0.0,0.0,0.0
2,1,1,0,1.4959762392541505,0.0,0.0,0.0,0.0,0.0,0.0,0.0,1.4959762392541505,0.0
2,1,2,0,3.5638875210953778,0.0,0.0,0.0,0.0,0.0,0.0,0.0,1.7819437605476889,0.0
2,1,3,0,5.2137494465972285,0.0,0.0,0.0,0.0,0.0,0.0,0.0,1.7379164821990762,0.0
2,1,4,0,7.8457960943469995,0.0,0.0,0.0,1.0,0.0,0.0,0.5530906114310508,2.116606618364283,0.0
2,1,5,1,15.591341968267475,1.0,1.0,1.0,1.0,0.0,5.7277886438605545,5.60648632474803,4.009151482390699,0.0
2,1,6,1,24.507883517085773,1.0,1.0,1.0,1.0,0.0,14.190954591147682,11.195334942575364,6.431378023496182,0.0
2,1,7,1,20.13063139652032,1.0,1.0,1.0,1.0,1.0,9.085993649533005,6.0939700358486615,4.09494510072444,0.0
2,1,8,1,12.26899577494035,1.0,0.0,0.0,0.0,1.0,0.5274272641899351,0.0,-1.1074487311090415,0.0
2,1,9,1,6.86108790309661,0.0,0.0,0.0,0.0,0.0,0.0,0.0,-5.882265204663054,0.0
2,1,10,2,3.6719949141358796,0.0,0.0,0.0,0.0,0.0,0.0,0.0,-5.486212160794814,0.0
2,1,11,2,5.7553424592258144,0.0,0.0,0.0,0.0,0.0,0.0,0.0,-2.1712177719048453,0.0
2,1,12,2,14.958201724649735,1.0,0.0,0.0,1.0,0.0,0.5306274578634724,1.1799856668534225,2.6990379405177083,0.0
2,1,13,2,16.225441314902948,1.0,0.0,1.0,1.0,0.0,1.1002791154006655,2.3851467854574437,4.1844821335890225,0.0
2,1,14,2,13.411378016376116,0.0,0.0,0.0,0.0,0.0,0.0,0.0,2.552011852383434,0.0
2,1,15,3,10.091739660879277,0.0,0.0,0.0,0.0,0.0,0.0,0.0,-1.6221540212568193,0.0
2,1,16,3,7.199602368141862,0.0,0.0,0.0,0.0,0.0,0.0,0.0,-3.008612982253695,0.0
2,1,17,3,6.466354070604193,0.0,0.0,0.0,0.0,0.0,0.0,0.0,-2.315007981923974,0.0
2,1,18,3,7.004953750417474,0.0,0.0,0.0,0.0,0.0,0.0,0.0,-1.028928636820601,0.0
2,1,19,3,6.782310348227938,0.0,0.0,0.0,0.0,0.0,0.0,0.0,-0.13909733997130816,0.0
2,1,20,4,6.82084979368776,0.0,0.0,0.0,0.0,0.0,0.0,0.0,0.11816524102785575,0.0
2,1,21,4,4.926967800507915,0.0,0.0,0.0,0.0,0.0,0.0,0.0,-0.6926619833031863,0.0
2,1,22,4,2.6998604058984204,0.0,0.0,0.0,0.0,0.0,0.0,0.0,-1.3608166474431727,0.0
2,1,23,4,1.5211508621099465,0.0,0.0,0.0,0.0,0.0,0.0,0.0,-1.7665663105259377,0.0
2,1,24,4,0.824621771390222,0.0,0.0,0.0,0.0,0.0,0.0,0.0,-1.3674486763725646,0.0
2,1,25,5,0.4244755915142321,0.0,0.0,0.0,0.0,0.0,0.0,0.0,-0.7584616047947295,0.0
2,1,26,5,0.281665607148165,0.0,0.0,0.0,0.0,0.0,0.0,0.0,-0.4131617516539272,0.0
2,1,27,5,5.51983878270761,0.0,0.0,0.0,0.0,0.0,0.0,0.0,1.5650723371057957,0.0
2,1,28,5,24.61172961292847,0.0,0.0,0.0,1.0,0.0,0.0,0.2716383651821275,8.06241800713808,0.0
2,1,29,5,27.124266139291045,0.0,0.0,0.0,0.0,0.0,0.0,0.0,8.947533510714292,0.0
2,1,30,6,23.361785114330452,0.0,0.0,0.0,0.0,0.0,0.0,0.0,5.947315443874281,0.0
2,1,31,6,35.34378025365173,0.0,0.0,0.0,1.0,0.0,0.0,0.8984812312549124,3.5773502135744195,0.0
2,1,32,6,40.478308738918855,0.0,0.0,0.0,1.0,0.0,0.0,2.2246602719597277,4.45134753320927,1.0
2,1,33,6,36.157700854485455,0.0,0.0,0.0,0.0,0.0,0.0,0.0,4.265305246718334,1.0
2,1,34,6,27.58868481751065,0.0,0.0,0.0,0.0,0.0,0.0,0.0,-2.5850318120470264,1.0
2,1,35,7,19.361244946271313,0.0,0.0,0.0,0.0,0.0,0.0,0.0,-7.039021264215847,1.0
2,1,36,7,14.901960123305841,0.0,0.0,0.0,0.0,0.0,0.0,0.0,-7.085246910393205,1.0
2,3,0,0,0.0,0.0,0.0,0.0,0.0,0.0,0.0,0.0,0.0,0.0
2,3,1,0,0.0,0.0,0.0,0.0,0.0,0.0,0.0,0.0,0.0,0.0
2,3,2,0,0.0,0.0,0.0,0.0,0.0,0.0,0.0,0.0,0.0,0.0
2,3,3,0,0.054535360939728085,0.0,0.0,0.0,0.0,0.0,0.0,0.0,0.01817845364657603,0.0
2,3,4,0,0.3198711297477268,0.0,0.0,0.0,0.0,0.0,0.0,0.0,0.10662370991590893,0.0
2,3,5,1,0.3062273219622331,0.0,0.0,0.0,0.0,0.0,0.0,0.0,0.10207577398741104,0.0
2,3,6,1,0.33932443930071876,0.0,0.0,0.0,0.0,0.0,0.0,0.0,0.09492969278699688,0.0
2,3,7,1,1.1365766177932481,0.0,0.0,0.0,0.0,0.0,0.0,0.0,0.27223516268184045,0.0
2,3,8,1,1.691603353542046,0.0,0.0,0.0,0.0,0.0,0.0,0.0,0.4617920105266043,0.0
2,3,9,1,1.0973469179351873,0.0,0.0,0.0,0.0,0.0,0.0,0.0,0.25267415954482286,0.0
2,3,10,2,0.6832607826914386,0.0,0.0,0.0,0.0,0.0,0.0,0.0,-0.15110527836726984,0.0
2,3,11,2,0.4493080947955657,0.0,0.0,0.0,0.0,0.0,0.0,0.0,-0.41409841958216015,0.0
2,3,12,2,1.2640074941026327,0.0,0.0,0.0,0.0,0.0,0.0,0.0,0.05555352538914845,0.0
2,3,13,2,5.714959885783896,0.0,0.0,0.0,0.0,0.0,0.0,0.0,1.6772330343641526,0.0
2,3,14,2,7.764712888065955,0.0,0.0,0.0,0.0,0.0,0.0,0.0,2.4384682644234634,0.0
2,3,15,3,6.3951897053959375,0.0,0.0,0.0,0.0,0.0,0.0,0.0,1.7103940704311016,0.0
2,3,16,3,5.008075330783026,0.0,0.0,0.0,0.0,0.0,0.0,0.0,-0.23562818500029023,0.0
2,3,17,3,3.8796484092796817,0.0,0.0,0.0,0.0,0.0,0.0,0.0,-1.2950214929287578,0.0
2,3,18,3,3.281258700412849,0.0,0.0,0.0,0.0,0.0,0.0,0.0,-1.0379770016610295,0.0
2,3,19,3,2.5468725741051514,0.0,0.0,0.0,0.0,0.0,0.0,0.0,-0.8204009188926248,0.0
2,3,20,4,3.9166770627632097,0.0,0.0,0.0,0.0,0.0,0.0,0.0,0.01234288449450934,0.0
2,3,21,4,6.416114535395873,0.0,0.0,0.0,0.0,0.0,0.0,0.0,1.0449519449943414,0.0
2,3,22,4,4.9572524338754365,0.0,0.0,0.0,0.0,0.0,0.0,0.0,0.8034599532567617,0.0
2,3,23,4,2.696155408299247,0.0,0.0,0.0,0.0,0.0,0.0,0.0,-0.4068405514879876,0.0
2,3,24,4,2.3429368009818567,0.0,0.0,0.0,0.0,0.0,0.0,0.0,-1.3577259114713387,0.0
2,3,25,5,2.0237486783132224,0.0,0.0,0.0,0.0,0.0,0.0,0.0,-0.9778345851874047,0.0
2,3,26,5,2.521225630160826,0.0,0.0,0.0,0.0,0.0,0.0,0.0,-0.058309926046140305,0.0
2,3,27,5,5.572303028669255,0.0,0.0,0.0,0.0,0.0,0.0,0.0,1.0764554092291327,0.0
2,3,28,5,6.298730443647402,0.0,0.0,0.0,0.0,0.0,0.0,0.0,1.42499392177806,0.0
2,3,29,5,4.550074789280036,0.0,0.0,0.0,0.0,0.0,0.0,0.0,0.6762830530397368,0.0
2,3,30,6,3.6373333202241205,0.0,0.0,0.0,0.0,0.0,0.0,0.0,-0.6449899028150449,0.0
2,3,31,6,7.999633782985304,0.0,0.0,0.0,0.0,0.0,0.0,0.0,0.5669677797793007,0.0
2,3,32,6,11.480399130866784,0.0,0.0,0.0,0.0,0.0,0.0,0.0,2.3101081138622495,0.0
2,3,33,6,13.405824457145421,0.0,0.0,0.0,0.0,0.0,0.0,0.0,3.2561637123071,0.0
2,3,34,6,22.472158559495984,0.0,0.0,0.0,0.0,0.0,0.0,0.0,4.82417492550356,0.0
2,3,35,7,50.83406468454153,0.0,0.0,0.0,1.0,0.0,0.0,8.528750172537002,13.117888517891581,0.0
2,3,36,7,77.7549058105258,1.0,0.0,1.0,1.0,0.0,17.16432258209177,24.14818831815076,21.449693784460123,0.0
2,3,37,7,88.43000541941089,1.0,0.0,1.0,1.0,0.0,23.55317888238808,25.89534849072298,21.98594895330497,0.0
2,3,38,7,92.73873945950672,1.0,0.0,1.0,1.0,1.0,23.297352760414128,23.311912504626434,13.968224924988396,0.0
2,3,39,7,95.26600923705962,1.0,0.0,1.0,1.0,1.0,20.97144235872399,20.65148023548167,5.837034475511274,0.0
2,3,40,8,96.84552622331455,1.0,0.0,1.0,1.0,1.0,17.398855984870423,18.80291596690813,2.8051736013012203,1.0
2,3,41,8,97.17954891679864,1.0,0.0,1.0,1.0,1.0,12.271548973688283,17.537854570719702,1.4802698190973065,1.0
2,3,42,8,97.38694339757535,1.0,0.0,1.0,1.0,1.0,6.6980842415487984,17.378096350714443,0.7069780535052436,1.0
2,3,43,8,98.35320667996837,1.0,0.0,0.0,1.0,1.0,1.5536556390834448,19.413626835516453,0.5025601522179386,1.0
2,3,44,8,99.26226351290481,0.0,0.0,0.0,1.0,0.0,0.0,23.858202601432595,0.6942381987020573,1.0
2,3,0,0,0.0,0.0,0.0,0.0,0.0,0.0,0.0,0.0,0.0,0.0
2,3,1,0,0.1525377255802641,0.0,0.0,0.0,0.0,0.0,0.0,0.0,0.1525377255802641,0.0
2,3,2,0,0.12031600277126012,0.0,0.0,0.0,0.0,0.0,0.0,0.0,0.06015800138563006,0.0
2,3,3,0,0.3839576578122477,0.0,0.0,0.0,0.0,0.0,0.0,0.0,0.12798588593741592,0.0
2,3,4,0,1.9641226804874252,0.0,0.0,0.0,0.0,0.0,0.0,0.0,0.6038616516357204,0.0
2,3,5,1,2.426529815259061,0.0,0.0,0.0,0.0,0.0,0.0,0.0,0.7687379374959337,0.0
2,3,6,1,2.8854133546413,0.0,0.0,0.0,0.0,0.0,0.0,0.0,0.833818565609684,0.0
2,3,7,1,2.685482130001767,0.0,0.0,0.0,0.0,0.0,0.0,0.0,0.24045314983811394,0.0
2,3,8,1,2.7727380248602955,0.0,0.0,0.0,0.0,0.0,0.0,0.0,0.11540273653374482,0.0
2,3,9,1,2.591672358183397,0.0,0.0,0.0,0.0,0.0,0.0,0.0,-0.09791366548596765,0.0
2,3,10,2,2.1665539125515534,0.0,0.0,0.0,0.0,0.0,0.0,0.0,-0.17297607248340455,0.0
2,3,11,2,2.740650554954681,0.0,0.0,0.0,0.0,0.0,0.0,0.0,-0.01069582330187154,0.0
2,3,12,2,4.4603593731119915,0.0,0.0,0.0,0.0,0.0,0.0,0.0,0.6228956716428647,0.0
2,3,13,2,5.596543370404122,0.0,0.0,0.0,0.0,0.0,0.0,0.0,1.1433298192841896,0.0
2,3,14,2,4.619925122075413,0.0,0.0,0.0,0.0,0.0,0.0,0.0,0.6264248557069108,0.0
2,3,15,3,4.6671454433287085,0.0,0.0,0.0,0.0,0.0,0.0,0.0,0.06892869007223901,0.0
2,3,16,3,8.616048954322617,0.0,0.0,0.0,0.0,0.0,0.0,0.0,1.006501861306165,0.0
2,3,17,3,12.31437037329857,0.0,0.0,0.0,1.0,0.0,0.0,0.32980800045396386,2.564815083741052,0.0
2,3,18,3,11.315188044980719,0.0,0.0,0.0,0.0,0.0,0.0,0.0,2.21601420055067,0.0
2,3,19,3,10.967525494129983,0.0,0.0,0.0,0.0,0.0,0.0,0.0,0.7838255132691222,0.0
2,3,20,4,25.170143991713353,1.0,0.0,1.0,1.0,0.0,3.715743200149312,8.213596330122819,4.2852578728049275,0.0
2,3,21,4,30.80713491449402,1.0,0.0,1.0,1.0,0.0,8.118330207892924,10.837723281404458,6.497315623171101,0.0
2,3,22,4,21.777795569280244,0.0,0.0,0.0,1.0,0.0,0.0,1.0228062833724891,3.60342335838342,0.0
2,3,23,4,15.40570476657308,0.0,0.0,0.0,0.0,0.0,0.0,0.0,-3.254813075046757,0.0
2,3,24,4,10.347436198910481,0.0,0.0,0.0,0.0,0.0,0.0,0.0,-6.819899571861181,0.0
2,3,25,5,5.67548226089697,0.0,0.0,0.0,0.0,0.0,0.0,0.0,-5.367437769461091,0.0
2,3,26,5,2.9871479253272453,0.0,0.0,0.0,0.0,0.0,0.0,0.0,-4.139518947081945,0.0
2,3,27,5,1.8224171491070504,0.0,0.0,0.0,0.0,0.0,0.0,0.0,-2.8416730166011437,0.0
2,3,28,5,1.3633909942703712,0.0,0.0,0.0,0.0,0.0,0.0,0.0,-1.4373637555421996,0.0
2,3,29,5,2.649796980782279,0.0,0.0,0.0,0.0,0.0,0.0,0.0,-0.11245031484832202,0.0
2,3,30,6,4.444834011908895,0.0,0.0,0.0,0.0,0.0,0.0,0.0,0.8741389542672816,0.0
2,3,31,6,6.217596590735678,0.0,0.0,0.0,0.0,0.0,0.0,0.0,1.618068532155102,0.0
2,3,32,6,13.785138230243371,0.0,0.0,0.0,0.0,0.0,0.0,0.0,3.7117804164870307,0.0
2,3,33,6,21.656229073224587,0.0,0.0,0.0,0.0,0.0,0.0,0.0,5.73713168710523,1.0
2,3,34,6,25.949764704014946,0.0,0.0,0.0,0.0,0.0,0.0,0.0,6.57738937109309,1.0
2,3,35,7,40.56873155107388,0.0,0.0,0.0,0.0,0.0,0.0,0.0,8.927864440276837,1.0
2,3,36,7,67.61306969025782,1.0,0.0,1.0,1.0,0.0,7.022486461823789,16.903055416109012,15.31894687234441,1.0
2,3,37,7,86.54481854297657,1.0,0.0,1.0,1.0,0.0,21.667992005953764,26.086809126602162,20.198351279653874,1.0
3,1,0,0,0.0,0.0,0.0,0.0,0.0,0.0,0.0,0.0,0.0,0.0
3,1,1,0,0.05058171426986146,0.0,0.0,0.0,0.0,0.0,0.0,0.0,0.05058171426986146,0.0
3,1,2,0,0.19984894721995877,0.0,0.0,0.0,0.0,0.0,0.0,0.0,0.09992447360997939,0.0
3,1,3,0,0.3056841048103961,0.0,0.0,0.0,0.0,0.0,0.0,0.0,0.10189470160346537,0.0
3,1,4,0,0.2893893095642057,0.0,0.0,0.0,0.0,0.0,0.0,0.0,0.07960253176478142,0.0
3,1,5,1,0.5438304608332813,0.0,0.0,0.0,0.0,0.0,0.0,0.0,0.1146605045377742,0.0
3,1,6,1,1.2560126139880645,0.0,0.0,0.0,0.0,0.0,0.0,0.0,0.31677616972588946,0.0
3,1,7,1,1.7564003140584208,0.0,0.0,0.0,0.0,0.0,0.0,0.0,0.48900366816473834,0.0
3,1,8,1,1.4782285115910874,0.0,0.0,0.0,0.0,0.0,0.0,0.0,0.3114660169192687,0.0
3,1,9,1,2.339754458517392,0.0,0.0,0.0,0.0,0.0,0.0,0.0,0.36124728150977586,0.0
3,1,10,2,5.558764086931221,0.0,0.0,0.0,0.0,0.0,0.0,0.0,1.2674545909576003,0.0
3,1,11,2,9.927326456031409,0.0,0.0,0.0,1.0,0.0,0.0,0.34670353997352166,2.816365981480107,0.0
3,1,12,2,20.97455234632524,1.0,1.0,1.0,1.0,0.0,6.546978079538977,7.907679429216659,6.21159929593595,0.0
3,1,13,2,30.059241207721872,1.0,1.0,1.0,1.0,0.0,14.93407900821959,13.241244968064574,8.166825706930217,0.0
3,1,14,2,29.771669098690523,1.0,1.0,1.0,1.0,1.0,13.91787804160493,10.791965917697652,6.6147808808863715,0.0
3,1,15,3,31.70998679948726,1.0,1.0,1.0,1.0,1.0,15.086222796258816,11.101985240675134,3.578478151054007,0.0
3,1,16,3,41.4909361509915,1.0,1.0,1.0,1.0,1.0,24.045551949368438,18.557252183076784,3.8105649810898767,0.0
3,1,17,3,56.65873527658263,1.0,1.0,1.0,1.0,1.0,38.32978046062093,29.98777412438663,8.962355392630704,0.0
3,1,18,3,70.92203289865844,1.0,1.0,1.0,1.0,1.0,51.63725388872186,39.85537395410239,13.07068203305706,0.0
3,1,19,3,73.34141296407998,1.0,1.0,1.0,1.0,1.0,53.01825301684003,39.75687915986939,10.616825604362825,0.0
3,1,20,4,76.27663460957143,1.0,1.0,1.0,1.0,1.0,54.82223381800739,41.511602153991234,6.539299777662933,0.0
3,1,21,4,84.6340662797748,1.0,1.0,1.0,1.0,1.0,61.9452615731737,48.95079418540762,4.570677793705452,0.0
3,1,22,4,91.23149154306444,1.0,1.0,1.0,1.0,1.0,67.19481668702109,55.11491830455729,5.963359526328152,0.0
3,1,23,4,94.61772686815625,1.0,1.0,1.0,1.0,1.0,69.10941246457321,57.93207092106602,6.1136974195282745,0.0
3,1,24,4,96.2308546686279,1.0,1.0,1.0,1.0,1.0,69.1168281557155,59.14555889050305,3.8655961296176997,0.0
3,1,25,5,96.01814189390282,1.0,1.0,1.0,1.0,1.0,67.15402754617914,60.17642950236244,1.5955501169461286,0.0
3,1,26,5,95.93489179895464,1.0,1.0,1.0,1.0,1.0,65.16601072724552,63.03818743350443,0.4390549769327947,0.0
3,1,27,5,97.3403586492228,1.0,1.0,1.0,1.0,1.0,64.50172880066187,67.6790549307522,0.3698346601982981,0.0
3,1,28,5,98.48656120879534,1.0,1.0,1.0,1.0,1.0,63.402897366823964,70.69342674417574,0.8228064382975049,1.0
3,1,29,5,98.71711637655554,1.0,1.0,1.0,1.0,1.0,61.20283016092286,71.05289597652843,0.9274081925336333,1.0
3,1,30,6,98.82092590992919,1.0,1.0,1.0,1.0,1.0,58.680125776692094,71.69590158885373,0.49352242023546466,1.0
3,1,31,6,99.32884721092307,1.0,1.0,1.0,1.0,1.0,56.35533845244623,73.35827417935853,0.2807620007092453,1.0
3,1,32,6,99.60194377628493,1.0,1.0,1.0,1.0,1.0,53.57922852124075,73.8129232208702,0.2949424665764629,1.0
3,3,0,0,0.0,0.0,0.0,0.0,0.0,0.0,0.0,0.0,0.0,0.0
3,3,1,0,0.0,0.0,0.0,0.0,0.0,0.0,0.0,0.0,0.0,0.0
3,3,2,0,0.001191673747073386,0.0,0.0,0.0,0.0,0.0,0.0,0.0,0.000595836873536693,0.0
3,3,3,0,0.05306398532736298,0.0,0.0,0.0,0.0,0.0,0.0,0.0,0.01768799510912099,0.0
3,3,4,0,0.9577858376272265,0.0,0.0,0.0,0.0,0.0,0.0,0.0,0.31926194587574214,0.0
3,3,5,1,6.463338120754217,0.0,0.0,0.0,0.0,0.0,0.0,0.0,2.154048815669048,0.0
3,3,6,1,11.69141050883526,1.0,0.0,1.0,1.0,0.0,1.3744815828971682,2.2556594005588426,3.879448841169299,0.0
3,3,7,1,13.789810972151546,1.0,0.0,1.0,1.0,0.0,2.74517322516423,2.901081611633437,4.2773417115081065,0.0
3,3,8,1,36.37738588433177,1.0,1.0,1.0,1.0,1.0,24.635817373581357,19.24741102944879,9.971349254525853,0.0
3,3,9,1,55.430635544422245,1.0,1.0,1.0,1.0,1.0,43.012611163502626,31.434138273151163,14.579741678528995,0.0
3,3,10,2,52.770936968440274,1.0,1.0,1.0,1.0,1.0,39.6866284472531,25.74589347466181,12.993708665429574,0.0
3,3,11,2,59.50808826032831,1.0,1.0,1.0,1.0,1.0,45.757364165083004,29.484549146481456,7.710234125332178,0.0
3,3,12,2,68.14510589597296,1.0,1.0,1.0,1.0,1.0,53.717531629186695,35.41270332010227,4.238156783850239,0.0
3,3,13,2,79.18264601051212,1.0,1.0,1.0,1.0,1.0,64.05748381100983,43.890913089412386,8.803903014023946,0.0
3,3,14,2,90.43819088658313,1.0,1.0,1.0,1.0,1.0,74.58439982949753,53.01187139344546,10.310034208751608,0.0
3,3,15,3,95.45272980753757,1.0,1.0,1.0,1.0,1.0,78.82896580430912,57.41548870525319,9.102541303854869,0.0
3,3,16,3,98.21244394808619,1.0,1.0,1.0,1.0,1.0,80.76705974646313,60.7655493149219,6.343265979191358,0.0
3,3,17,3,99.48856754797842,1.0,1.0,1.0,1.0,1.0,81.15961273201671,64.0294839115572,3.016792220465097,0.0
3,3,18,3,99.6632217754759,1.0,1.0,1.0,1.0,1.0,80.37844276553932,68.67140528742794,1.403497322646113,0.0
3,3,19,3,99.11575965072456,1.0,1.0,1.0,1.0,1.0,78.7925997034846,70.72504842429507,0.30110523421278873,0.0
3,3,20,4,98.84144251389698,1.0,1.0,1.0,1.0,1.0,77.38704172233294,71.29207605270815,-0.2157083446938136,0.0
3,3,21,4,97.56019002002128,1.0,1.0,1.0,1.0,1.0,74.87138531342018,72.67574531035427,-0.701010585151541,0.0
3,3,22,4,92.14810503749752,1.0,1.0,1.0,1.0,1.0,68.11143018145417,70.4516874422473,-2.322551537742347,0.0
3,3,23,4,75.6020122693314,1.0,1.0,1.0,1.0,1.0,50.093697865748354,54.74076293326467,-7.7464767481885275,0.0
3,3,24,4,55.34389117730751,1.0,1.0,1.0,1.0,1.0,28.22986466439511,28.545208029153454,-14.072099614237922,0.0
3,3,25,5,60.416633404224484,1.0,1.0,1.0,1.0,1.0,31.552519056500802,30.009879409313754,-10.577157211091011,0.0
3,3,26,5,73.10998331702416,1.0,1.0,1.0,1.0,1.0,42.34110224531504,41.32266466217889,-0.8306763174357457,0.0
3,3,27,5,76.52048459259733,1.0,1.0,1.0,1.0,1.0,43.6818547440364,43.906936515469646,7.058864471763272,0.0
3,3,28,5,82.40858855020917,1.0,1.0,1.0,1.0,1.0,47.3249247082378,49.36751937667423,7.33065171532823,0.0
3,3,29,5,85.80440950317443,1.0,1.0,1.0,1.0,1.0,48.290123287541746,52.411333550156115,4.2314753953834225,0.0
3,3,30,6,82.5666630320766,1.0,1.0,1.0,1.0,1.0,42.42586289883951,48.92322157001643,2.015392813159759,0.0
3,3,31,6,79.75159906414457,1.0,1.0,1.0,1.0,1.0,36.77809030566773,46.06306475830426,-0.8856631620215344,0.0
3,3,32,6,75.26190314041776,1.0,1.0,1.0,1.0,1.0,29.239187885373582,41.704473975536644,-3.514168787585556,1.0
3,3,33,6,76.92515924680404,1.0,1.0,1.0,1.0,1.0,27.626436460172727,43.01173864037117,-1.8805012617575205,1.0
3,3,34,6,86.25827823800533,1.0,1.0,1.0,1.0,1.0,33.446443721074814,49.97954408422139,2.168893057953587,1.0
3,3,35,7,92.20267865396116,1.0,1.0,1.0,1.0,1.0,35.630325044327165,55.473878845483505,5.646925171181134,1.0
3,3,36,7,95.92879814645464,1.0,1.0,1.0,1.0,1.0,35.33821491802061,58.33456057590437,6.334546299883532,1.0
3,3,0,0,0.0,0.0,0.0,0.0,0.0,0.0,0.0,0.0,0.0,0.0
3,3,1,0,0.0,0.0,0.0,0.0,0.0,0.0,0.0,0.0,0.0,0.0
3,3,2,0,2.16783842973036e-05,0.0,0.0,0.0,0.0,0.0,0.0,0.0,1.08391921486518e-05,0.0
3,3,3,0,0.02328940823887832,0.0,0.0,0.0,0.0,0.0,0.0,0.0,0.007763136079626107,0.0
3,3,4,0,0.07311529030301647,0.0,0.0,0.0,0.0,0.0,0.0,0.0,0.024371763434338823,0.0
3,3,5,1,0.12177472706456063,0.0,0.0,0.0,0.0,0.0,0.0,0.0,0.04058434956008778,0.0
3,3,6,1,0.1877434291483464,0.0,0.0,0.0,0.0,0.0,0.0,0.0,0.0548180069698227,0.0
3,3,7,1,0.758301111120753,0.0,0.0,0.0,0.0,0.0,0.0,0.0,0.2283952736059122,0.0
3,3,8,1,3.5045763099047464,0.0,0.0,0.0,0.0,0.0,0.0,0.0,1.1276005276133951,0.0
3,3,9,1,10.071393219893046,0.0,0.0,0.0,1.0,0.0,0.0,0.9446649022318834,3.2945499302482335,0.0
3,3,10,2,20.75072700969487,1.0,1.0,1.0,1.0,0.0,7.6664184885076985,8.107488426759872,6.664141966191372,0.0
3,3,11,2,35.64072960082778,1.0,1.0,1.0,1.0,0.0,21.890005505582476,17.83986599495322,10.712051096974344,0.0
3,3,12,2,50.838889359579525,1.0,1.0,1.0,1.0,1.0,36.41131509279326,27.16657492879494,13.589165379895492,0.0
3,3,13,2,57.42016017277625,1.0,1.0,1.0,1.0,1.0,42.294997973273965,29.220473155096933,12.223144387693793,0.0
3,3,14,2,60.24877857303194,1.0,1.0,1.0,1.0,1.0,44.39498751594635,28.94590258747312,8.20268299073472,0.0
3,3,15,3,66.90951210043238,1.0,1.0,1.0,1.0,1.0,50.285748097203935,33.0734323961812,5.356874246950952,0.0
3,3,16,3,72.25885914433091,1.0,1.0,1.0,1.0,1.0,54.81347494270785,36.73827522309598,4.946232990518221,0.0
3,3,17,3,82.1649345919652,1.0,1.0,1.0,1.0,1.0,63.835979776003505,45.35614353230564,7.305385339644421,0.0
3,3,18,3,90.67315601898055,1.0,1.0,1.0,1.0,1.0,71.38837700904396,53.43209110096006,7.921214639516056,0.0
3,3,19,3,93.8656747604359,1.0,1.0,1.0,1.0,1.0,73.54251481319594,57.74647674422863,7.202271872034994,0.0
3,3,20,4,89.23510150986536,1.0,1.0,1.0,1.0,1.0,67.78070071830132,56.1417844977977,2.3567223059667177,0.0
3,3,21,4,73.96991198161825,1.0,1.0,1.0,1.0,1.0,51.281107275017156,45.20360435919579,-5.567748012454099,0.0
3,3,22,4,60.20365638970202,1.0,1.0,1.0,1.0,1.0,36.16698153365867,34.04958742494999,-11.220672790244626,0.0
3,3,23,4,55.58955005241173,1.0,1.0,1.0,1.0,1.0,30.08123564882869,29.27059202450935,-11.215183819151209,0.0
3,3,24,4,53.283394811827236,1.0,1.0,1.0,1.0,1.0,26.169368298914833,25.644056100527592,-6.895505723263672,0.0
3,3,25,5,44.15611652393963,1.0,1.0,1.0,1.0,1.0,15.292002176215949,13.676726609580477,-5.3491799552541295,0.0
3,3,26,5,41.61322943894669,1.0,0.0,1.0,1.0,1.0,10.844348367237576,8.011431816145375,-4.658773537821681,0.0
3,3,27,5,45.131818894843754,1.0,1.0,1.0,1.0,1.0,12.293189046282826,9.277138652973072,-2.7171919723278273,0.0
3,3,28,5,41.41918356403655,1.0,0.0,1.0,1.0,1.0,6.335519722065179,3.8872295331553417,-0.9123109866343597,0.0
3,3,29,5,33.052365425503375,0.0,0.0,0.0,0.0,0.0,0.0,0.0,-2.853621337814438,0.0
3,3,30,6,24.471207176070408,0.0,0.0,0.0,0.0,0.0,0.0,0.0,-6.886870572924448,1.0
3,3,31,6,17.749621750633544,0.0,0.0,0.0,0.0,0.0,0.0,0.0,-7.889853937801003,1.0
3,3,32,6,17.412398701009007,0.0,0.0,0.0,0.0,0.0,0.0,0.0,-5.213322241498123,1.0
3,3,33,6,25.041504511334615,0.0,0.0,0.0,0.0,0.0,0.0,0.0,0.19009911175473584,1.0
3,3,34,6,23.1272358889618,0.0,0.0,0.0,0.0,0.0,0.0,0.0,1.7925380461094182,1.0
3,3,0,0,0.0,0.0,0.0,0.0,0.0,0.0,0.0,0.0,0.0,0.0
3,3,1,0,0.7383907171786249,0.0,0.0,0.0,0.0,0.0,0.0,0.0,0.7383907171786249,0.0
3,3,2,0,1.9193921382032242,0.0,0.0,0.0,0.0,0.0,0.0,0.0,0.9596960691016121,0.0
3,3,3,0,4.956925250613087,0.0,0.0,0.0,0.0,0.0,0.0,0.0,1.652308416871029,0.0
3,3,4,0,7.61974105051746,0.0,0.0,0.0,1.0,0.0,0.0,0.24038591923828,2.2937834444462784,0.0
3,3,5,1,10.001832338774559,1.0,0.0,0.0,1.0,0.0,0.13827901436763845,1.4696617719106904,2.694146733523778,0.0
3,3,6,1,18.919809177148494,1.0,1.0,1.0,1.0,0.0,8.602880251210403,7.573762162134244,4.65429464217847,0.0
3,3,7,1,26.889902195243913,1.0,1.0,1.0,1.0,1.0,15.845264448256597,12.483749620358752,6.423387048242151,0.0
3,3,8,1,27.534947196448833,1.0,1.0,1.0,1.0,1.0,15.793378685698418,11.497670254951178,5.844371619224758,0.0
3,3,9,1,26.286674628719393,1.0,1.0,1.0,1.0,1.0,13.868650247799774,9.442728636727555,2.4556218171902997,0.0
3,3,10,2,28.167207383248776,1.0,1.0,1.0,1.0,1.0,15.082898862061604,10.572956582541305,0.42576839600162114,0.0
3,3,11,2,31.385935622294028,1.0,1.0,1.0,1.0,1.0,17.63521152704872,13.388534488151322,1.283662808615065,0.0
3,3,12,2,34.7529823838066,1.0,1.0,1.0,1.0,1.0,20.325408117020334,16.58476235834743,2.822102585029068,0.0
3,3,13,2,38.44055666413303,1.0,1.0,1.0,1.0,1.0,23.315394464630742,20.333614037070685,3.4244497602947503,0.0
3,3,14,2,39.085634307116194,1.0,1.0,1.0,1.0,1.0,23.2318432500306,21.424801829867388,2.5665662282740556,0.0
3,3,15,3,33.581928928243215,1.0,1.0,1.0,1.0,1.0,16.95816492501477,17.32080975965976,-0.39035115185446045,0.0
3,3,16,3,28.912492976174548,1.0,1.0,1.0,1.0,1.0,11.467108774551484,14.738462603721393,-3.176021229319493,0.0
3,3,17,3,30.295931694035048,1.0,1.0,1.0,1.0,1.0,11.966976878073346,16.966748439175607,-2.929900871027049,0.0
3,3,18,3,30.484246815003893,1.0,1.0,1.0,1.0,1.0,11.19946780506731,16.875431078954396,-1.0325607044131075,0.0
3,3,19,3,30.122318045452186,1.0,1.0,1.0,1.0,1.0,9.799158098212235,16.142156561106173,0.4032750230925461,0.0
3,3,20,4,29.756314588557547,1.0,1.0,1.0,1.0,1.0,8.301913796993507,15.523504737459966,-0.1798723684925001,0.0
3,3,21,4,27.177660898757416,1.0,0.0,1.0,1.0,1.0,4.4888561921563195,12.178542362549,-1.102195305415492,0.0
3,3,22,4,19.611403841072917,0.0,0.0,0.0,1.0,0.0,0.0,2.4104830942690434,-3.5036380681264228,0.0
3,3,23,4,12.380075668618606,0.0,0.0,0.0,0.0,0.0,0.0,0.0,-5.792079639979647,0.0
3,3,24,4,8.066997207930907,0.0,0.0,0.0,0.0,0.0,0.0,0.0,-6.3702212302755035,0.0
3,3,25,5,5.84164878302234,0.0,0.0,0.0,0.0,0.0,0.0,0.0,-4.589918352683526,0.0
3,3,26,5,5.080267200268409,0.0,0.0,0.0,0.0,0.0,0.0,0.0,-2.4332694894500655,0.0
3,3,27,5,4.822464687080198,0.0,0.0,0.0,0.0,0.0,0.0,0.0,-1.0815108402835696,0.0
3,3,28,5,4.052868532675285,0.0,0.0,0.0,0.0,0.0,0.0,0.0,-0.596260083449018,0.0
3,3,29,5,3.2091918160442425,0.0,0.0,0.0,0.0,0.0,0.0,0.0,-0.6236917947413888,0.0
3,3,30,6,3.0067926525832585,0.0,0.0,0.0,0.0,0.0,0.0,0.0,-0.6052240114989799,0.0
3,3,31,6,4.009671088812573,0.0,0.0,0.0,0.0,0.0,0.0,0.0,-0.014399147954237357,0.0
3,3,32,6,7.6673396193073415,0.0,0.0,0.0,0.0,0.0,0.0,0.0,1.4860492677543664,0.0
3,3,33,6,7.307648262627431,0.0,0.0,0.0,0.0,0.0,0.0,0.0,1.433618536681391,0.0
3,3,34,6,6.537632717799357,0.0,0.0,0.0,0.0,0.0,0.0,0.0,0.842653876328928,0.0
3,3,35,7,7.923218130147804,0.0,0.0,0.0,0.0,0.0,0.0,0.0,0.08529283694682081,0.0
3,3,36,7,13.773726002542054,0.0,0.0,0.0,0.0,0.0,0.0,0.0,2.1553592466382074,0.0
3,3,37,7,20.252199455962604,0.0,0.0,0.0,0.0,0.0,0.0,0.0,4.571522246054415,0.0
3,3,38,7,18.342597876307753,0.0,0.0,0.0,0.0,0.0,0.0,0.0,3.4731265820533164,0.0
3,3,39,7,19.216751817946744,0.0,0.0,0.0,0.0,0.0,0.0,0.0,1.81434193846823,0.0
3,3,40,8,28.886269185895454,0.0,0.0,0.0,0.0,0.0,0.0,0.0,2.8780232433109503,0.0
3,3,41,8,47.56321570298,0.0,0.0,0.0,0.0,0.0,0.0,0.0,9.740205942224083,0.0
3,3,42,8,63.984000223685904,0.0,0.0,0.0,1.0,0.0,0.0,0.677501164815844,14.922416135246387,0.0
3,3,43,8,70.2821996999164,0.0,0.0,0.0,0.0,0.0,0.0,0.0,13.798643504673649,0.0
3,3,44,8,76.01561950194312,0.0,0.0,0.0,0.0,0.0,0.0,0.0,9.484134599654373,0.0
3,3,45,9,76.61087522823584,0.0,0.0,0.0,0.0,0.0,0.0,0.0,4.208958334849979,0.0
3,3,46,9,74.95388625285494,0.0,0.0,0.0,0.0,0.0,0.0,0.0,1.557228850979513,0.0
3,3,47,9,78.00787356752983,0.0,0.0,0.0,0.0,0.0,0.0,0.0,0.6640846885289022,0.0
3,3,48,9,80.64161423246588,0.0,0.0,0.0,0.0,0.0,0.0,0.0,1.343579668076681,1.0
3,3,49,9,81.40663330367066,0.0,0.0,0.0,0.0,0.0,0.0,0.0,2.150915683605239,1.0
3,3,50,10,88.38272007526041,0.0,0.0,0.0,0.0,0.0,0.0,0.0,3.458282169243527,1.0
3,3,51,10,94.32368324818222,0.0,0.0,0.0,1.0,0.0,0.0,3.6912182450934665,4.560689671905446,1.0
3,3,52,10,94.52850939979622,0.0,0.0,0.0,1.0,0.0,0.0,2.0595998611471344,4.37395869870852,1.0
3,1,0,0,0.0,0.0,0.0,0.0,0.0,0.0,0.0,0.0,0.0,0.0
3,1,1,0,0.00024805025903203853,0.0,0.0,0.0,0.0,0.0,0.0,0.0,0.00024805025903203853,0.0
3,1,2,0,0.005263106645124944,0.0,0.0,0.0,0.0,0.0,0.0,0.0,0.002631553322562472,0.0
3,1,3,0,0.04896648640426579,0.0,0.0,0.0,0.0,0.0,0.0,0.0,0.016322162134755264,0.0
3,1,4,0,0.3117203268833792,0.0,0.0,0.0,0.0,0.0,0.0,0.0,0.10382409220811573,0.0
3,1,5,1,0.9873310607756427,0.0,0.0,0.0,0.0,0.0,0.0,0.0,0.3273559847101726,0.0
3,1,6,1,1.4519067678759014,0.0,0.0,0.0,0.0,0.0,0.0,0.0,0.4676467604905452,0.0
3,1,7,1,2.2657105931131474,0.0,0.0,0.0,0.0,0.0,0.0,0.0,0.651330088743256,0.0
3,1,8,1,5.50465534183769,0.0,0.0,0.0,0.0,0.0,0.0,0.0,1.505774760354016,0.0
3,1,9,1,12.25820733644035,0.0,0.0,0.0,1.0,0.0,0.0,2.4769510427067143,3.602100189521483,0.0
3,1,10,2,34.4567355985392,1.0,1.0,1.0,1.0,0.0,21.372427077352025,18.170480798139877,10.730341668475349,0.0
3,1,11,2,60.458576157168054,1.0,1.0,1.0,1.0,0.0,46.70785206192275,35.24216402959792,18.317973605110122,0.0
3,1,12,2,71.0055349155731,1.0,1.0,1.0,1.0,1.0,56.57796064878683,39.05173293476737,19.58244252637758,0.0
3,1,13,2,77.95233060946711,1.0,1.0,1.0,1.0,1.0,62.82716840996483,40.90946731177252,14.498531670309305,0.0
3,1,14,2,84.2656074820002,1.0,1.0,1.0,1.0,1.0,68.4118164249146,43.420051192779134,7.9356771082773845,0.0
3,1,15,3,85.7447310612165,1.0,1.0,1.0,1.0,1.0,69.12096705798805,42.84684211519185,4.913065381881135,0.0
3,1,16,3,84.23105016827621,1.0,1.0,1.0,1.0,1.0,66.78566596665314,41.090912241523554,2.0929065196030336,0.0
3,1,17,3,84.38593485654704,1.0,1.0,1.0,1.0,1.0,66.05698004058533,42.59391569311972,0.0401091248489441,0.0
3,1,18,3,84.53448552609667,1.0,1.0,1.0,1.0,1.0,65.24970651616009,45.89260472437804,-0.40341517837327484,0.0
3,1,19,3,83.99388039723547,1.0,1.0,1.0,1.0,1.0,63.67072044999552,50.531211320058745,-0.07905659034691344,0.0
3,1,20,4,81.89297222881612,1.0,1.0,1.0,1.0,1.0,60.43857143725208,56.23995014345154,-0.8309875425769727,0.0
3,1,21,4,78.18905637387778,1.0,1.0,1.0,1.0,1.0,55.50025166727668,59.491058458664874,-2.1151430507396327,0.0
3,1,22,4,75.852512702549,1.0,1.0,1.0,1.0,1.0,51.81583784650566,59.333170521307714,-2.713789231562155,0.0
3,1,23,4,78.60825290851778,1.0,1.0,1.0,1.0,1.0,53.09993850493474,62.49164266542838,-1.0949064400994455,0.0
3,1,24,4,87.76940385658276,1.0,1.0,1.0,1.0,1.0,60.65537734367035,70.64343224744441,3.1934491609016598,0.0
3,1,25,5,93.87840313326231,1.0,1.0,1.0,1.0,1.0,65.01428878553862,74.56714537876825,6.008630143571101,0.0
3,1,26,5,96.55534312430784,1.0,1.0,1.0,1.0,1.0,65.78646205259872,74.95357082628396,5.982363405263352,1.0
3,1,27,5,96.71509093189135,1.0,1.0,1.0,1.0,1.0,63.876461083330426,73.10053517954427,2.9818956917695325,1.0
3,1,28,5,95.4331491213324,1.0,1.0,1.0,1.0,1.0,60.34948527936103,70.1377158804279,0.5182486626900319,1.0
3,1,29,5,91.29578781753011,1.0,1.0,1.0,1.0,1.0,53.78150160189743,64.67144530931768,-1.7531851022592424,1.0
3,1,30,6,81.95673178103229,1.0,1.0,1.0,1.0,1.0,41.815931647795196,53.88156027866323,-4.9194530502863545,1.0
3,2,0,0,0.0,0.0,0.0,0.0,0.0,0.0,0.0,0.0,0.0,0.0
3,2,1,0,0.0,0.0,0.0,0.0,0.0,0.0,0.0,0.0,0.0,0.0
3,2,2,0,4.0640983280352354e-05,0.0,0.0,0.0,0.0,0.0,0.0,0.0,2.0320491640176177e-05,0.0
3,2,3,0,0.009526199332236075,0.0,0.0,0.0,0.0,0.0,0.0,0.0,0.0031753997774120247,0.0
3,2,4,0,0.078988826791214,0.0,0.0,0.0,0.0,0.0,0.0,0.0,0.026329608930404664,0.0
3,2,5,1,1.0589315766846785,0.0,0.0,0.0,0.0,0.0,0.0,0.0,0.3529636452337994,0.0
3,2,6,1,6.751647121857241,0.0,0.0,0.0,0.0,0.0,0.0,0.0,2.2473736408416682,0.0
3,2,7,1,9.170869239857705,0.0,0.0,0.0,1.0,0.0,0.0,0.25286808388794313,3.030626804355497,0.0
3,2,8,1,8.095540773948356,0.0,0.0,0.0,0.0,0.0,0.0,0.0,2.3455363990878926,0.0
3,2,9,1,9.879944662345544,0.0,0.0,0.0,0.0,0.0,0.0,0.0,1.0427658468294343,0.0
3,2,10,2,21.162092301755937,1.0,1.0,1.0,1.0,0.0,8.077783780568765,8.345656291255821,3.9970743539660774,0.0
3,2,11,2,42.45399126973469,1.0,1.0,1.0,1.0,0.0,28.703267174489387,23.471145852564312,11.452816831928779,0.0
3,2,12,2,58.36691780781544,1.0,1.0,1.0,1.0,1.0,43.939343541029174,32.97586016228635,16.1623243818233,0.0
3,2,13,2,59.876401373006274,1.0,1.0,1.0,1.0,1.0,44.75123917350399,30.638327398472413,12.90476969041678,0.0
3,2,14,2,66.92473693145878,1.0,1.0,1.0,1.0,1.0,51.07094587437319,34.51966574038366,8.156915220574696,0.0
3,2,15,3,79.72331836282981,1.0,1.0,1.0,1.0,1.0,63.09955435960137,44.018617532984386,7.118800185004791,0.0
3,2,16,3,81.72405808119387,1.0,1.0,1.0,1.0,1.0,64.27867387957082,44.37453051162711,7.282552236062533,0.0
3,2,17,3,80.10606278326644,1.0,1.0,1.0,1.0,1.0,61.77710796730474,42.35919118417095,4.393775283935885,0.0
3,2,18,3,84.11366210629325,1.0,1.0,1.0,1.0,1.0,64.82888309635666,46.78147123633309,1.463447914487811,0.0
3,2,19,3,86.49179369555848,1.0,1.0,1.0,1.0,1.0,66.16863374831854,51.34060239142453,1.5892452047882035,0.0
3,2,20,4,87.59886579013587,1.0,1.0,1.0,1.0,1.0,66.14446499857183,56.77915776928659,2.4976010022898123,0.0
3,2,21,4,88.25705804299231,1.0,1.0,1.0,1.0,1.0,65.56825333639122,62.58037018414901,1.3811319788996883,0.0
3,2,22,4,81.87643634303438,1.0,1.0,1.0,1.0,1.0,57.83976148699104,59.48489031181275,-1.5384524508413666,0.0
3,2,23,4,73.68084922344997,1.0,1.0,1.0,1.0,1.0,48.172534819866925,52.343591227308515,-4.639338855561969,0.0
3,2,24,4,65.59299168042679,1.0,1.0,1.0,1.0,1.0,38.47896516751439,44.496244040860844,-7.55468878752184,0.0
3,2,25,5,48.554508885006236,1.0,1.0,1.0,1.0,1.0,19.690394537282554,22.767974182605926,-11.10730915267605,0.0
3,2,26,5,37.32469297637874,1.0,0.0,1.0,1.0,1.0,6.555811904669628,5.607347392437191,-12.118718749023742,0.0
3,2,27,5,35.92429590845212,1.0,0.0,0.0,1.0,1.0,3.085666059891196,0.02361387551087546,-9.88956525732489,0.0
3,2,28,5,37.59641841041547,1.0,0.0,0.0,0.0,1.0,2.5127545684440946,0.0,-3.6526968248635896,0.0
3,2,29,5,42.76267624886603,1.0,0.0,1.0,1.0,1.0,5.248390033233349,2.5490389271062526,1.8126610908290957,0.0
3,2,30,6,40.85062166756723,1.0,0.0,0.0,0.0,1.0,0.7098215343301391,0.0,1.6421085863717029,0.0
3,2,31,6,30.778726664192703,0.0,0.0,0.0,0.0,0.0,0.0,0.0,-2.272563915407588,0.0
3,2,32,6,20.193727687279832,0.0,0.0,0.0,0.0,0.0,0.0,0.0,-7.522982853862065,0.0
3,2,33,6,13.378081080664808,0.0,0.0,0.0,0.0,0.0,0.0,0.0,-9.157513528967476,0.0
3,2,34,6,21.689287945930356,0.0,0.0,0.0,0.0,0.0,0.0,0.0,-3.029812906087449,0.0
3,2,35,7,62.73281981811921,1.0,0.0,1.0,1.0,0.0,6.160466208485218,20.720943738208064,14.179697376946459,0.0
3,2,36,7,83.70360285254148,1.0,1.0,1.0,1.0,0.0,23.11301962410745,33.949144704152395,23.441840590625556,0.0
3,2,37,7,83.09382366669045,1.0,0.0,1.0,1.0,1.0,18.216997129667647,27.3533828719386,20.468178573586698,0.0
3,2,38,7,80.80241664693177,1.0,0.0,1.0,1.0,1.0,11.361029947839185,20.514363213365307,6.023198942937522,1.0
3,2,39,7,85.90190940790768,1.0,0.0,1.0,1.0,1.0,11.607342529572051,21.103149999612697,0.7327688517887339,1.0
3,2,40,8,94.94553758087966,1.0,0.0,1.0,1.0,1.0,15.498867342435531,25.08709029216979,3.950571304729735,1.0
3,2,41,8,98.66649670799515,1.0,0.0,1.0,1.0,1.0,13.758496764884796,24.232915378103087,5.954693353687792,1.0
3,2,42,8,99.64253981156571,1.0,0.0,1.0,1.0,1.0,8.95368065553916,22.233991194607142,4.580210134552677,1.0
3,3,0,0,0.0,0.0,0.0,0.0,0.0,0.0,0.0,0.0,0.0,0.0
3,3,1,0,0.0,0.0,0.0,0.0,0.0,0.0,0.0,0.0,0.0,0.0
3,3,2,0,0.0,0.0,0.0,0.0,0.0,0.0,0.0,0.0,0.0,0.0
3,3,3,0,0.0,0.0,0.0,0.0,0.0,0.0,0.0,0.0,0.0,0.0
3,3,4,0,0.0,0.0,0.0,0.0,0.0,0.0,0.0,0.0,0.0,0.0
3,3,5,1,0.006800266380917329,0.0,0.0,0.0,0.0,0.0,0.0,0.0,0.002266755460305776,0.0
3,3,6,1,0.06612599367333634,0.0,0.0,0.0,0.0,0.0,0.0,0.0,0.022041997891112112,0.0
3,3,7,1,0.08186210646259837,0.0,0.0,0.0,0.0,0.0,0.0,0.0,0.02728736882086612,0.0
3,3,8,1,0.09711960812667712,0.0,0.0,0.0,0.0,0.0,0.0,0.0,0.0301064472485866,0.0
3,3,9,1,1.9678433322946398,0.0,0.0,0.0,0.0,0.0,0.0,0.0,0.6339057795404345,0.0
3,3,10,2,13.921958078470986,1.0,0.0,0.0,1.0,0.0,0.8376495572838145,3.5565922714353118,4.613365324002796,0.0
3,3,11,2,24.235737639395165,1.0,1.0,1.0,1.0,0.0,10.485013544149858,9.925491504957089,8.04620601042283,0.0
3,3,12,2,30.98541045481462,1.0,1.0,1.0,1.0,1.0,16.557836188028357,13.160869277203453,9.672522374173328,0.0
3,3,13,2,47.71094438416769,1.0,1.0,1.0,1.0,1.0,32.585782184665405,24.576921965884846,11.262995435232234,0.0
3,3,14,2,52.136247613737865,1.0,1.0,1.0,1.0,1.0,36.28245655665227,25.149015103328914,9.300169991447566,0.0
3,3,15,3,55.44028134908748,1.0,1.0,1.0,1.0,1.0,38.81651734585903,25.68203555809516,8.151623631424286,0.0
3,3,16,3,68.18860652667732,1.0,1.0,1.0,1.0,1.0,50.743222325054255,35.205776918133964,6.8258873808365434,0.0
3,3,17,3,80.58974144610315,1.0,1.0,1.0,1.0,1.0,62.260786630141446,44.347635571363526,9.484497944121761,0.0
3,3,18,3,78.1903591476828,1.0,1.0,1.0,1.0,1.0,58.90558013774621,41.066089535065245,7.58335926619844,0.0
3,3,19,3,68.64828059674198,1.0,1.0,1.0,1.0,1.0,48.32512064950203,33.32628011038039,0.15322469002155495,0.0
3,3,20,4,57.04249626966191,1.0,1.0,1.0,1.0,1.0,35.58809547809787,25.570215204895838,-7.849081725480413,0.0
3,3,21,4,37.56727756084521,1.0,1.0,1.0,1.0,1.0,14.878472854244116,8.546130108135134,-13.541027195612529,0.0
3,3,22,4,24.050692904738035,1.0,0.0,0.0,0.0,1.0,0.01401804869468748,0.0,-14.865862564001317,0.0
3,3,23,4,18.714255808473776,0.0,0.0,0.0,0.0,0.0,0.0,0.0,-12.776080153729376,0.0
3,3,24,4,30.55475184394085,1.0,0.0,1.0,0.0,0.0,3.440725331028446,0.0,-2.3375085723014544,0.0
3,3,25,5,48.56922048238914,1.0,1.0,1.0,1.0,0.0,19.70510613466546,13.44060464759685,8.172842525883702,0.0
3,3,26,5,46.8669985365353,1.0,1.0,1.0,1.0,1.0,16.098117464826185,10.74272584553038,9.384247576020508,0.0
3,3,27,5,53.83019671389173,1.0,1.0,1.0,1.0,1.0,20.991566865330803,17.331096479286977,7.7584816233169605,0.0
3,3,28,5,58.79649046130568,1.0,1.0,1.0,1.0,1.0,23.712826619334308,23.374435361405787,3.4090899929721794,0.0
3,3,29,5,45.89052520420087,1.0,0.0,1.0,1.0,1.0,8.37623898856819,12.118187739536424,-0.3254911107781429,0.0
3,3,30,6,29.84464351830787,0.0,0.0,0.0,0.0,0.0,0.0,0.0,-7.995184398527954,0.0
3,3,31,6,20.577429388174423,0.0,0.0,0.0,0.0,0.0,0.0,0.0,-12.739687024377085,0.0
3,3,32,6,20.579175954758384,0.0,0.0,0.0,0.0,0.0,0.0,0.0,-8.437116416480828,0.0
3,3,33,6,23.216748408492357,0.0,0.0,0.0,0.0,0.0,0.0,0.0,-2.209298369938504,0.0
3,3,34,6,19.635932919953298,0.0,0.0,0.0,0.0,0.0,0.0,0.0,-0.3138321560737083,0.0
3,3,35,7,18.2125321305302,0.0,0.0,0.0,0.0,0.0,0.0,0.0,-0.7888812747427281,0.0
3,3,36,7,26.75798806707599,0.0,0.0,0.0,0.0,0.0,0.0,0.0,1.1804132195278771,0.0
3,3,37,7,37.50762951840516,0.0,0.0,0.0,0.0,0.0,0.0,0.0,5.957232199483954,0.0
3,3,38,7,43.74497734216045,0.0,0.0,0.0,0.0,0.0,0.0,0.0,8.510815070543417,0.0
3,3,39,7,56.88829376123489,0.0,0.0,0.0,1.0,0.0,0.0,6.919223624656794,10.043435231386301,0.0
3,3,40,8,72.86938625543768,0.0,0.0,0.0,1.0,0.0,0.0,15.826515153961246,11.787252245677506,0.0
3,3,41,8,87.33745590796416,1.0,0.0,0.0,1.0,0.0,2.429455964853801,21.707642105856493,14.530826188601234,0.0
3,3,42,8,91.97768026934762,1.0,0.0,0.0,1.0,0.0,1.2888211133210632,19.764671348969443,11.696462169370909,0.0
3,3,43,8,91.70747572711797,0.0,0.0,0.0,1.0,0.0,0.0,14.704910835803886,6.279363157226764,0.0
3,3,44,8,95.06700573355005,0.0,0.0,0.0,1.0,0.0,0.0,13.977164400158415,2.5765166085286304,0.0
3,3,45,9,94.598165614807,0.0,0.0,0.0,1.0,0.0,0.0,11.280798332377131,0.8734951151531286,0.0
3,3,46,9,86.7314896455135,0.0,0.0,0.0,1.0,0.0,0.0,3.6652170191938893,-1.658662027201487,0.0
3,3,47,9,83.65962555085035,0.0,0.0,0.0,1.0,0.0,0.0,1.2956411851028662,-3.802460060899899,0.0
3,3,48,9,85.26850408353988,0.0,0.0,0.0,1.0,0.0,0.0,3.260211598471841,-3.1098871770890404,0.0
3,3,49,9,87.7808575217746,0.0,0.0,0.0,1.0,0.0,0.0,6.932681140445652,0.34978929208703374,0.0
3,3,50,10,91.57151279919148,0.0,0.0,0.0,1.0,0.0,0.0,11.159167631691474,2.6372957494470435,0.0
3,3,51,10,91.7518819662937,0.0,0.0,0.0,1.0,0.0,0.0,9.295585609087283,2.161125960917938,0.0
3,3,52,10,95.00771595279022,0.0,0.0,0.0,1.0,0.0,0.0,7.7522495294761455,2.4089528103385383,0.0
3,3,53,10,98.1440288422998,0.0,0.0,0.0,1.0,0.0,0.0,5.498574644390175,2.1908386810361073,0.0
3,3,54,10,98.31990762434887,0.0,0.0,0.0,1.0,0.0,0.0,0.1908884714784449,2.189341886018392,0.0
3,3,55,11,97.18258519325317,0.0,0.0,0.0,0.0,0.0,0.0,0.0,0.7249564134876513,0.0
3,3,56,11,95.261243175409,0.0,0.0,0.0,0.0,0.0,0.0,0.0,-0.9609285556302657,0.0
3,3,57,11,93.6108232272774,0.0,0.0,0.0,0.0,0.0,0.0,0.0,-1.5696947990238261,0.0
3,3,58,11,95.0703492078346,0.0,0.0,0.0,0.0,0.0,0.0,0.0,-0.7040786618061929,1.0
3,3,59,11,96.37633919268845,0.0,0.0,0.0,0.0,0.0,0.0,0.0,0.3716986724264804,1.0
3,3,60,11,93.50677450578857,0.0,0.0,0.0,0.0,0.0,0.0,0.0,-0.034682907162941014,1.0
3,3,61,11,87.345139230748,0.0,0.0,0.0,0.0,0.0,0.0,0.0,-2.5750699923621974,1.0
3,3,62,11,86.27743675251045,0.0,0.0,0.0,0.0,0.0,0.0,0.0,-3.3663008133926646,1.0
3,1,0,0,0.0,0.0,0.0,0.0,0.0,0.0,0.0,0.0,0.0,0.0
3,1,1,0,0.4242229320582601,0.0,0.0,0.0,0.0,0.0,0.0,0.0,0.4242229320582601,0.0
3,1,2,0,1.3717568913602842,0.0,0.0,0.0,0.0,0.0,0.0,0.0,0.6858784456801421,0.0
3,1,3,0,4.3251112316940175,0.0,0.0,0.0,0.0,0.0,0.0,0.0,1.4417037438980058,0.0
3,1,4,0,8.264642197481944,0.0,0.0,0.0,1.0,0.0,0.0,0.6412097303483488,2.6134730884745614,0.0
3,1,5,1,10.126455582397107,1.0,0.0,0.0,1.0,0.0,0.2629022579901861,1.358280019200972,2.918232897012274,0.0
3,1,6,1,12.11375145235715,1.0,0.0,1.0,1.0,0.0,1.7968225264190583,2.3575541029166835,2.5962134068877107,0.0
3,1,7,1,16.32255081756621,1.0,1.0,1.0,1.0,1.0,5.277913070578894,5.201033029410709,2.6859695400280885,0.0
3,1,8,1,20.23720335298838,1.0,1.0,1.0,1.0,1.0,8.495634842237966,7.629085621608979,3.370249256863758,0.0
3,1,9,1,26.866746676582274,1.0,1.0,1.0,1.0,1.0,14.448722295662655,12.209530023443978,4.917665074741708,0.0
3,1,10,2,34.39541223278644,1.0,1.0,1.0,1.0,1.0,21.31110371159927,17.237639331522207,6.024287138406744,0.0
3,1,11,2,48.06271225867809,1.0,1.0,1.0,1.0,1.0,34.31198816343279,27.21605980801573,9.275169635229902,0.0
3,1,12,2,67.83919361104186,1.0,1.0,1.0,1.0,1.0,53.4116193442556,41.38118935036341,13.65748231148653,0.0
3,1,13,2,77.33032741705901,1.0,1.0,1.0,1.0,1.0,62.205165217556726,46.30330507517671,14.311638394757523,0.0
3,1,14,2,69.8857264597006,1.0,1.0,1.0,1.0,1.0,54.03193540261501,37.38349067348538,7.2743380670075055,0.0
3,1,15,3,58.8864634251498,1.0,1.0,1.0,1.0,1.0,42.262699421921354,26.80433821151677,-2.984243395297355,0.0
3,1,16,3,55.200446866958806,1.0,1.0,1.0,1.0,1.0,37.75506266533574,24.39039206791719,-7.376626850033401,0.0
3,1,17,3,49.209163100857126,1.0,1.0,1.0,1.0,1.0,30.880208284895424,20.39279567819573,-6.89218778628116,0.0
3,1,18,3,41.3141079432113,1.0,1.0,1.0,1.0,1.0,22.029328933274716,14.438257915935484,-5.8574518273128335,0.0
3,1,19,3,35.235940058475265,1.0,1.0,1.0,1.0,1.0,14.912780111235314,9.713557403340168,-6.6548356028278475,0.0
3,1,20,4,25.541712889160422,1.0,0.0,1.0,0.0,1.0,4.0873120975963815,0.0,-7.8891500705655675,0.0
3,1,21,4,16.02201139213725,0.0,0.0,0.0,0.0,0.0,0.0,0.0,-8.430698850358015,0.0
3,1,22,4,10.361611129536414,0.0,0.0,0.0,0.0,0.0,0.0,0.0,-8.29144297631295,0.0
3,1,23,4,7.705068896177366,0.0,0.0,0.0,0.0,0.0,0.0,0.0,-5.945547997661019,0.0
3,1,24,4,8.016296552609784,0.0,0.0,0.0,0.0,0.0,0.0,0.0,-2.6685716131758226,0.0
3,1,25,5,9.482632459397419,0.0,0.0,0.0,0.0,0.0,0.0,0.0,-0.29299289004633167,0.0
3,1,26,5,7.082580702161895,0.0,0.0,0.0,0.0,0.0,0.0,0.0,-0.20749606467182366,0.0
3,1,27,5,4.758196355555057,0.0,0.0,0.0,0.0,0.0,0.0,0.0,-1.0860333990182423,0.0
3,1,28,5,4.211074125612267,0.0,0.0,0.0,0.0,0.0,0.0,0.0,-1.757186111261717,0.0
3,1,29,5,4.296994965119916,0.0,0.0,0.0,0.0,0.0,0.0,0.0,-0.9285285790139929,0.0
3,1,30,6,3.960424316544864,0.0,0.0,0.0,0.0,0.0,0.0,0.0,-0.2659240130033978,1.0
3,1,31,6,4.221108376245694,0.0,0.0,0.0,0.0,0.0,0.0,0.0,0.0033447502111423333,1.0
3,1,32,6,6.228375746700495,0.0,0.0,0.0,0.0,0.0,0.0,0.0,0.643793593860193,1.0
3,1,33,6,16.28015526164494,0.0,0.0,0.0,0.0,0.0,0.0,0.0,4.106576981700026,1.0
3,1,34,6,47.288590012686214,0.0,0.0,0.0,1.0,0.0,0.0,8.318667160396728,14.35582721214684,1.0
3,3,0,0,0.0,0.0,0.0,0.0,0.0,0.0,0.0,0.0,0.0,0.0
3,3,1,0,0.0,0.0,0.0,0.0,0.0,0.0,0.0,0.0,0.0,0.0
3,3,2,0,0.0,0.0,0.0,0.0,0.0,0.0,0.0,0.0,0.0,0.0
3,3,3,0,0.0,0.0,0.0,0.0,0.0,0.0,0.0,0.0,0.0,0.0
3,3,4,0,0.0,0.0,0.0,0.0,0.0,0.0,0.0,0.0,0.0,0.0
3,3,5,1,0.0,0.0,0.0,0.0,0.0,0.0,0.0,0.0,0.0,0.0
3,3,6,1,0.000142297152176885,0.0,0.0,0.0,0.0,0.0,0.0,0.0,4.7432384058961665e-05,0.0
3,3,7,1,0.08003694510088126,0.0,0.0,0.0,0.0,0.0,0.0,0.0,0.026678981700293754,0.0
3,3,8,1,0.3721387928775909,0.0,0.0,0.0,0.0,0.0,0.0,0.0,0.1240462642925303,0.0
3,3,9,1,0.8302872230937732,0.0,0.0,0.0,0.0,0.0,0.0,0.0,0.27671497531386546,0.0
3,3,10,2,3.962166862965788,0.0,0.0,0.0,0.0,0.0,0.0,0.0,1.294043305954969,0.0
3,3,11,2,16.644860799588084,1.0,0.0,1.0,1.0,0.0,2.8941367043427775,5.176104794317736,5.424240668903497,0.0
3,3,12,2,39.623931847148484,1.0,1.0,1.0,1.0,0.0,25.19635758036222,20.842189527216043,12.931214874684903,0.0
3,3,13,2,65.6397975326284,1.0,1.0,1.0,1.0,1.0,50.51463533312612,37.59106000864486,20.559210223220873,0.0
3,3,14,2,78.32925127944375,1.0,1.0,1.0,1.0,1.0,62.47546022235816,42.841354058449454,20.56146349328522,0.0
3,3,15,3,80.07465441370364,1.0,1.0,1.0,1.0,1.0,63.450890410475196,39.87930151103154,13.483574188851719,0.0
3,3,16,3,74.16090151233124,1.0,1.0,1.0,1.0,1.0,56.71551731070817,31.94908682407418,2.8403679932342762,0.0
3,3,17,3,53.4570208364307,1.0,1.0,1.0,1.0,1.0,35.128066020469,12.018959861982836,-8.29074348100435,0.0
3,3,18,3,34.8598048441599,1.0,1.0,1.0,0.0,1.0,15.575025834223322,0.0,-15.071616523181246,0.0
3,3,19,3,26.715472887923045,1.0,0.0,1.0,0.0,1.0,6.3923129406830945,0.0,-15.815142874802731,0.0
3,3,20,4,24.65655389082244,1.0,0.0,1.0,0.0,1.0,3.2021530992583997,0.0,-9.600155648536086,0.0
3,3,21,4,24.353445054757437,1.0,0.0,0.0,0.0,1.0,1.6646403481563397,0.0,-3.502119929800822,0.0
3,3,22,4,20.183715301568093,0.0,0.0,0.0,0.0,0.0,0.0,0.0,-2.1772525287849844,0.0
3,3,23,4,18.295946203990333,0.0,0.0,0.0,0.0,0.0,0.0,0.0,-2.120202562277369,0.0
3,3,24,4,22.762466916410276,0.0,0.0,0.0,0.0,0.0,0.0,0.0,-0.5303260461157203,0.0
3,3,25,5,21.564009802071787,0.0,0.0,0.0,0.0,0.0,0.0,0.0,0.4600981668345649,0.0
3,3,26,5,16.682097866855614,0.0,0.0,0.0,0.0,0.0,0.0,0.0,-0.5379494457115731,0.0
3,3,27,5,11.480660635052406,0.0,0.0,0.0,0.0,0.0,0.0,0.0,-3.760602093785957,0.0
3,3,28,5,7.614605617574061,0.0,0.0,0.0,0.0,0.0,0.0,0.0,-4.649801394832576,0.0
3,3,29,5,7.228485522588552,0.0,0.0,0.0,0.0,0.0,0.0,0.0,-3.151204114755687,0.0
3,3,30,6,15.68477198883383,0.0,0.0,0.0,0.0,0.0,0.0,0.0,1.401370451260475,0.0
3,3,31,6,28.5046413748205,0.0,0.0,0.0,1.0,0.0,0.0,0.16051637928731566,6.96334525241548,0.0
3,3,32,6,34.82060934190251,0.0,0.0,0.0,1.0,0.0,0.0,3.420018433334185,9.197374606437986,0.0
3,3,33,6,29.372061379213857,0.0,0.0,0.0,0.0,0.0,0.0,0.0,4.562429796793342,0.0
3,3,34,6,22.81391790596514,0.0,0.0,0.0,0.0,0.0,0.0,0.0,-1.8969078229517866,0.0
3,3,35,7,18.15313659506086,0.0,0.0,0.0,0.0,0.0,0.0,0.0,-5.555824248947217,0.0
3,3,36,7,23.347321349800033,0.0,0.0,0.0,0.0,0.0,0.0,0.0,-2.0082466764712747,0.0
3,3,37,7,30.728318557205718,0.0,0.0,0.0,0.0,0.0,0.0,0.0,2.6381335504135257,0.0
3,3,38,7,29.323279342701213,0.0,0.0,0.0,0.0,0.0,0.0,0.0,3.723380915880117,0.0
3,3,39,7,28.870578854927736,0.0,0.0,0.0,0.0,0.0,0.0,0.0,1.8410858350425674,0.0
3,3,40,8,30.77549792409239,0.0,0.0,0.0,0.0,0.0,0.0,0.0,0.015726455628891262,0.0
3,3,41,8,42.71248282475739,0.0,0.0,0.0,0.0,0.0,0.0,0.0,4.4630678273520585,0.0
3,3,42,8,57.492598726888886,0.0,0.0,0.0,1.0,0.0,0.0,1.5809984578788914,9.540673290653716,0.0
3,3,43,8,66.61208280916651,0.0,0.0,0.0,1.0,0.0,0.0,3.5586877225666598,11.945528295024706,0.0
3,3,44,8,71.20186450657181,0.0,0.0,0.0,1.0,0.0,0.0,1.7008170382326142,9.496460560604808,0.0
3,3,45,9,74.6096319496242,0.0,0.0,0.0,0.0,0.0,0.0,0.0,5.705677740911772,0.0
3,3,46,9,84.26556586226368,0.0,0.0,0.0,1.0,0.0,0.0,4.415301916004836,5.884494351032392,0.0
3,3,47,9,92.72908447668621,0.0,0.0,0.0,1.0,0.0,0.0,7.548262419582585,7.175739990038134,0.0
3,3,48,9,96.75981323428617,0.0,0.0,0.0,1.0,0.0,0.0,6.367775231382339,7.3833937615539895,0.0
3,3,49,9,97.89937282970713,0.0,0.0,0.0,1.0,0.0,0.0,3.71303064951087,4.54460232248115,0.0
3,3,50,10,96.44130022205354,0.0,0.0,0.0,1.0,0.0,0.0,0.20009941573304957,1.237405248455777,0.0
3,3,51,10,93.332337017728,0.0,0.0,0.0,0.0,0.0,0.0,0.0,-1.1424920721860587,0.0
3,3,52,10,91.92551615482516,0.0,0.0,0.0,0.0,0.0,0.0,0.0,-1.9912855582939908,0.0
3,3,53,10,91.22545706819382,0.0,0.0,0.0,0.0,0.0,0.0,0.0,-1.7386143846199076,0.0
3,3,54,10,88.61660115180221,0.0,0.0,0.0,0.0,0.0,0.0,0.0,-1.5719119553085932,0.0
3,3,55,11,85.30961152668854,0.0,0.0,0.0,0.0,0.0,0.0,0.0,-2.2053015427122062,0.0
3,3,56,11,86.5008497969744,0.0,0.0,0.0,0.0,0.0,0.0,0.0,-1.5748690904064706,0.0
3,3,57,11,88.52237703497818,0.0,0.0,0.0,0.0,0.0,0.0,0.0,-0.03140803894134573,0.0
3,3,58,11,88.20694565526605,0.0,0.0,0.0,0.0,0.0,0.0,0.0,0.9657780428591707,1.0
3,3,59,11,91.23185560144287,0.0,0.0,0.0,0.0,0.0,0.0,0.0,1.5770019348228221,1.0
3,3,60,11,93.48267084329919,0.0,0.0,0.0,0.0,0.0,0.0,0.0,1.6534312694403372,1.0
3,3,61,11,96.8056990440861,0.0,0.0,0.0,0.0,0.0,0.0,0.0,2.866251129606681,1.0
3,3,62,11,99.1022555843672,0.0,0.0,0.0,0.0,0.0,0.0,0.0,2.6234666609747754,1.0
3,1,0,0,0.0,0.0,0.0,0.0,0.0,0.0,0.0,0.0,0.0,0.0
3,1,1,0,11.35618354186796,1.0,0.0,1.0,1.0,0.0,2.9344172754118887,2.9344172754118887,11.35618354186796,0.0
3,1,2,0,33.38207044881933,1.0,1.0,1.0,1.0,0.0,24.563105141126492,15.704833539242173,16.691035224409664,0.0
3,1,3,0,57.37092464717011,1.0,1.0,1.0,1.0,1.0,48.18229898896969,31.2267903611029,19.123641549056703,0.0
3,1,4,0,61.43658228799002,1.0,1.0,1.0,1.0,1.0,51.90127921066647,32.57121966769009,16.693466248707352,0.0
3,1,5,1,46.01827832869105,1.0,1.0,1.0,1.0,1.0,36.15472500428413,18.39741963602922,4.2120692932905754,0.0
3,1,6,1,34.756683621830334,1.0,1.0,1.0,1.0,1.0,24.43975469589224,8.509496107040036,-7.538080341779927,0.0
3,1,7,1,41.870246027919606,1.0,1.0,1.0,1.0,1.0,30.82560828093229,16.54452584353299,-6.5221120866901385,0.0
3,1,8,1,56.263834064559106,1.0,1.0,1.0,1.0,1.0,44.522265553808694,30.695412843790493,3.4151852452893507,0.0
3,1,9,1,73.32272098557982,1.0,1.0,1.0,1.0,1.0,60.9046966046602,45.69222557544096,12.855345787916496,0.0
3,1,10,2,85.33058668840128,1.0,1.0,1.0,1.0,1.0,72.24627816721411,54.85378094164784,14.48678022016056,0.0
3,1,11,2,91.18174444161714,1.0,1.0,1.0,1.0,1.0,77.43102034637184,61.84966896600746,11.639303459019345,0.0
3,1,12,2,92.91702938501106,1.0,1.0,1.0,1.0,1.0,78.4894551182248,65.10794397185575,6.531436133143747,0.0
3,1,13,2,92.24315126684989,1.0,1.0,1.0,1.0,1.0,77.11798906734761,64.38018352485312,2.3041881928162034,0.0
3,1,14,2,90.33962681661274,1.0,1.0,1.0,1.0,1.0,74.48583575952713,61.28524754694135,-0.28070587500146854,0.0
3,1,15,3,87.11137202228636,1.0,1.0,1.0,1.0,1.0,70.48760801905792,57.28259412079858,-1.935219120908234,0.0
3,1,16,3,81.77458667630337,1.0,1.0,1.0,1.0,1.0,64.3292024746803,53.02046424362223,-3.4895215301821736,0.0
3,1,17,3,72.30435464841756,1.0,1.0,1.0,1.0,1.0,53.97539983245586,47.52553963631709,-6.011757389398393,0.0
3,1,18,3,57.993823238454326,1.0,1.0,1.0,1.0,1.0,38.70904422851774,35.73820291749932,-9.705849594610678,0.0
3,1,19,3,43.55943026334814,1.0,1.0,1.0,1.0,1.0,23.23627031610819,18.306580246977585,-12.738385470985078,0.0
3,1,20,4,42.569279174540796,1.0,1.0,1.0,1.0,1.0,21.114878382976755,13.461827511336207,-9.911691824625587,0.0
3,1,21,4,60.94266096829647,1.0,1.0,1.0,1.0,1.0,38.253856261695375,30.958024014431523,0.9829459099473823,0.0
3,1,22,4,66.47142041175604,1.0,1.0,1.0,1.0,1.0,42.434745555712695,36.517539854156865,7.637330049469301,0.0
3,1,23,4,60.22510599675965,1.0,1.0,1.0,1.0,1.0,34.71679159317661,30.5908503341503,5.885275607406285,0.0
3,1,24,4,58.00288636675795,1.0,1.0,1.0,1.0,1.0,30.888859853845545,29.075908642079714,-0.9799248671795079,0.0
3,1,25,5,50.668444489825625,1.0,1.0,1.0,1.0,1.0,21.804330142101943,22.50869788047085,-5.2676586406434724,0.0
3,1,26,5,34.392569891721095,1.0,0.0,1.0,1.0,1.0,3.6236888200119814,5.662950741518273,-8.610845368346185,0.0
3,1,27,5,24.54331093218027,0.0,0.0,0.0,0.0,0.0,0.0,0.0,-11.153191811525893,0.0
3,1,28,5,20.20299054413924,0.0,0.0,0.0,0.0,0.0,0.0,0.0,-10.155151315228794,0.0
3,1,29,5,15.872751728666087,0.0,0.0,0.0,0.0,0.0,0.0,0.0,-6.173272721018336,0.0
3,1,30,6,13.02658739410823,0.0,0.0,0.0,0.0,0.0,0.0,0.0,-3.838907846024013,0.0
3,1,31,6,11.698434176915,0.0,0.0,0.0,0.0,0.0,0.0,0.0,-2.83485212240808,0.0
3,1,32,6,9.718029929821522,0.0,0.0,0.0,0.0,0.0,0.0,0.0,-2.051573932948188,0.0
3,1,33,6,11.143127840016898,0.0,0.0,0.0,0.0,0.0,0.0,0.0,-0.627819851363777,0.0
3,1,34,6,18.455722738583994,0.0,0.0,0.0,0.0,0.0,0.0,0.0,2.252429520556331,0.0
3,1,35,7,23.5198373019738,0.0,0.0,0.0,0.0,0.0,0.0,0.0,4.600602457384093,0.0
3,1,36,7,24.84878417841943,0.0,0.0,0.0,0.0,0.0,0.0,0.0,4.568552112800844,0.0
3,1,37,7,24.102992323772597,0.0,0.0,0.0,0.0,0.0,0.0,0.0,1.8824231950628676,0.0
3,1,38,7,26.86095659994639,0.0,0.0,0.0,0.0,0.0,0.0,0.0,1.1137064326575299,0.0
3,1,39,7,28.808617995650277,0.0,0.0,0.0,0.0,0.0,0.0,0.0,1.319944605743616,0.0
3,1,40,8,26.69270161109204,0.0,0.0,0.0,0.0,0.0,0.0,0.0,0.8632364291064812,0.0
3,1,41,8,25.02157710464518,0.0,0.0,0.0,0.0,0.0,0.0,0.0,-0.6131264984337376,0.0
3,1,42,8,26.461696943212907,0.0,0.0,0.0,0.0,0.0,0.0,0.0,-0.7823070174791233,0.0
3,1,43,8,25.815907581762854,0.0,0.0,0.0,0.0,0.0,0.0,0.0,-0.29226467644306214,0.0
3,1,44,8,21.87031297856275,0.0,0.0,0.0,0.0,0.0,0.0,0.0,-1.0504213753608092,0.0
3,1,45,9,21.834025175134222,0.0,0.0,0.0,0.0,0.0,0.0,0.0,-1.5425572560262282,0.0
3,1,46,9,31.005987810447866,0.0,0.0,0.0,0.0,0.0,0.0,0.0,1.730026742895004,0.0
3,1,47,9,41.60990284866661,0.0,0.0,0.0,0.0,0.0,0.0,0.0,6.579863290034619,0.0
3,1,48,9,51.68412263632902,0.0,0.0,0.0,0.0,0.0,0.0,0.0,9.950032487064933,0.0
3,1,49,9,68.39811108601035,0.0,0.0,0.0,0.0,0.0,0.0,0.0,12.464041091854162,0.0
3,1,50,10,83.15538178663994,0.0,0.0,0.0,0.0,0.0,0.0,0.0,13.848492979324442,0.0
3,1,51,10,84.3881671407157,0.0,0.0,0.0,0.0,0.0,0.0,0.0,10.90134816812889,0.0
3,1,52,10,83.4963291334183,0.0,0.0,0.0,0.0,0.0,0.0,0.0,5.032739349135984,0.0
3,1,53,10,84.23432836089226,0.0,0.0,0.0,0.0,0.0,0.0,0.0,0.35964885808410924,0.0
3,1,54,10,90.32380872382087,0.0,0.0,0.0,0.0,0.0,0.0,0.0,1.9785471943683934,0.0
3,1,55,11,93.54899519315387,0.0,0.0,0.0,0.0,0.0,0.0,0.0,3.3508886865785237,0.0
3,1,56,11,94.21513791777829,0.0,0.0,0.0,0.0,0.0,0.0,0.0,3.3269365189620097,0.0
3,1,57,11,95.98884276447166,0.0,0.0,0.0,0.0,0.0,0.0,0.0,1.888344680216927,0.0
3,1,58,11,96.32060805551765,0.0,0.0,0.0,0.0,0.0,0.0,0.0,0.9238709541212605,0.0
3,1,59,11,97.95585964890986,0.0,0.0,0.0,0.0,0.0,0.0,0.0,1.246907243710524,1.0
3,1,60,11,99.08190434094776,0.0,0.0,0.0,0.0,0.0,0.0,0.0,1.0310205254920344,1.0
3,1,61,11,99.42371668757218,0.0,0.0,0.0,0.0,0.0,0.0,0.0,1.0343695440181762,1.0
3,1,62,11,99.71721308623566,0.0,0.0,0.0,0.0,0.0,0.0,0.0,0.5871178124419316,1.0
3,1,63,11,99.90650238993373,0.0,0.0,0.0,0.0,0.0,0.0,0.0,0.2748660163286587,1.0
4,1,0,0,0.0,0.0,0.0,0.0,0.0,0.0,0.0,0.0,0.0,0.0
4,1,1,0,0.13723154620348982,0.0,0.0,0.0,0.0,0.0,0.0,0.0,0.13723154620348982,0.0
4,1,2,0,0.21254836030458268,0.0,0.0,0.0,0.0,0.0,0.0,0.0,0.10627418015229134,0.0
4,1,3,0,0.15770545222747318,0.0,0.0,0.0,0.0,0.0,0.0,0.0,0.052568484075824394,0.0
4,1,4,0,0.09713131628003746,0.0,0.0,0.0,0.0,0.0,0.0,0.0,-0.013366743307817452,0.0
4,1,5,1,0.06960304978659683,0.0,0.0,0.0,0.0,0.0,0.0,0.0,-0.04764843683932862,0.0
4,1,6,1,0.18483499922717,0.0,0.0,0.0,0.0,0.0,0.0,0.0,0.009043182333232277,0.0
4,1,7,1,0.6399659669817315,0.0,0.0,0.0,0.0,0.0,0.0,0.0,0.18094488356723135,0.0
4,1,8,1,1.251800330976684,0.0,0.0,0.0,0.0,0.0,0.0,0.0,0.3940657603966957,0.0
4,1,9,1,1.5000500942323276,0.0,0.0,0.0,0.0,0.0,0.0,0.0,0.43840503166838585,0.0
4,1,10,2,1.3683168141409148,0.0,0.0,0.0,0.0,0.0,0.0,0.0,0.24278361571972776,0.0
4,1,11,2,0.9654782818873804,0.0,0.0,0.0,0.0,0.0,0.0,0.0,-0.0954406830297679,0.0
4,1,12,2,0.5592652499856794,0.0,0.0,0.0,0.0,0.0,0.0,0.0,-0.31359494808221605,0.0
4,1,13,2,0.5482461234739828,0.0,0.0,0.0,0.0,0.0,0.0,0.0,-0.2733568968889773,0.0
4,1,14,2,0.7895162732682885,0.0,0.0,0.0,0.0,0.0,0.0,0.0,-0.05865400287303061,0.0
4,1,15,3,0.5779998447963524,0.0,0.0,0.0,0.0,0.0,0.0,0.0,0.0062448649368909885,0.0
4,1,16,3,0.3393619573539629,0.0,0.0,0.0,0.0,0.0,0.0,0.0,-0.06962805537333998,0.0
4,1,17,3,0.1908768919923965,0.0,0.0,0.0,0.0,0.0,0.0,0.0,-0.19954646042529736,0.0
4,1,18,3,0.13428588838643707,0.0,0.0,0.0,0.0,0.0,0.0,0.0,-0.14790465213663842,0.0
4,1,19,3,0.3004344978708645,0.0,0.0,0.0,0.0,0.0,0.0,0.0,-0.012975819827699464,0.0
4,1,20,4,0.4806377951587376,0.0,0.0,0.0,0.0,0.0,0.0,0.0,0.09658696772211371,0.0
4,1,21,4,0.4195389248940442,0.0,0.0,0.0,0.0,0.0,0.0,0.0,0.09508434550253571,0.0
4,1,22,4,0.3089201084447386,0.0,0.0,0.0,0.0,0.0,0.0,0.0,0.0028285368579580306,0.0
4,1,23,4,1.230172419488397,0.0,0.0,0.0,0.0,0.0,0.0,0.0,0.24984487477655312,0.0
4,1,24,4,8.360478274287821,0.0,0.0,0.0,0.0,0.0,0.0,0.0,2.646979783131259,1.0
4,1,25,5,28.511329402233187,0.0,0.0,1.0,1.0,0.0,0.0,5.76976116293034,9.400803097929483,1.0
4,1,26,5,61.89872346108842,1.0,1.0,1.0,1.0,0.0,31.12984238937931,27.82368660511593,20.22285034720001,1.0
4,1,27,5,79.18547180354943,1.0,1.0,1.0,1.0,0.0,46.346841954988506,35.560517128140475,23.608331176420535,1.0
4,1,28,5,78.81630265370664,1.0,1.0,1.0,1.0,1.0,43.73263881173527,29.287450761943013,16.768324417157817,1.0
4,3,0,0,0.0,0.0,0.0,0.0,0.0,0.0,0.0,0.0,0.0,0.0
4,3,1,0,0.9710233065262486,0.0,0.0,0.0,0.0,0.0,0.0,0.0,0.9710233065262486,0.0
4,3,2,0,1.7402059154599891,0.0,0.0,0.0,0.0,0.0,0.0,0.0,0.8701029577299946,0.0
4,3,3,0,1.721157959218812,0.0,0.0,0.0,0.0,0.0,0.0,0.0,0.573719319739604,0.0
4,3,4,0,1.6825990987652104,0.0,0.0,0.0,0.0,0.0,0.0,0.0,0.2371919307463206,0.0
4,3,5,1,1.7873300066185154,0.0,0.0,0.0,0.0,0.0,0.0,0.0,0.01570803038617541,0.0
4,3,6,1,1.699078978103027,0.0,0.0,0.0,0.0,0.0,0.0,0.0,-0.007359660371928293,0.0
4,3,7,1,1.5963506006697965,0.0,0.0,0.0,0.0,0.0,0.0,0.0,-0.02874949936513797,0.0
4,3,8,1,1.5384571317241384,0.0,0.0,0.0,0.0,0.0,0.0,0.0,-0.08295762496479231,0.0
4,3,9,1,1.5673769124564947,0.0,0.0,0.0,0.0,0.0,0.0,0.0,-0.04390068854884414,0.0
4,3,10,2,1.8205069575576527,0.0,0.0,0.0,0.0,0.0,0.0,0.0,0.0747187856292854,0.0
4,3,11,2,2.0069301161056634,0.0,0.0,0.0,0.0,0.0,0.0,0.0,0.15615766146050833,0.0
4,3,12,2,1.773515369413286,0.0,0.0,0.0,0.0,0.0,0.0,0.0,0.06871281898559707,0.0
4,3,13,2,1.4259834977316896,0.0,0.0,0.0,0.0,0.0,0.0,0.0,-0.13150781994198768,0.0
4,3,14,2,1.3942423175449679,0.0,0.0,0.0,0.0,0.0,0.0,0.0,-0.20422926618689852,0.0
4,3,15,3,2.041127294600824,0.0,0.0,0.0,0.0,0.0,0.0,0.0,0.08920397506251272,0.0
4,3,16,3,3.542087528322484,0.0,0.0,0.0,0.0,0.0,0.0,0.0,0.7053680101969314,0.0
4,3,17,3,4.004119714175601,0.0,0.0,0.0,0.0,0.0,0.0,0.0,0.8699591322102109,0.0
4,3,18,3,3.119924886962233,0.0,0.0,0.0,0.0,0.0,0.0,0.0,0.35959919745380303,0.0
4,3,19,3,3.352295953513705,0.0,0.0,0.0,0.0,0.0,0.0,0.0,-0.06326385826959295,0.0
4,3,20,4,4.933502977375848,0.0,0.0,0.0,0.0,0.0,0.0,0.0,0.309794421066749,0.0
4,3,21,4,5.360901539751073,0.0,0.0,0.0,0.0,0.0,0.0,0.0,0.7469922175962801,0.0
4,3,22,4,4.875224134307633,0.0,0.0,0.0,0.0,0.0,0.0,0.0,0.5076427269313092,0.0
4,3,23,4,4.662661907833777,0.0,0.0,0.0,0.0,0.0,0.0,0.0,-0.09028035651402355,0.0
4,3,24,4,10.247007886173098,0.0,0.0,0.0,0.0,0.0,0.0,0.0,1.628702115474008,0.0
4,3,25,5,27.400375986633716,0.0,0.0,1.0,1.0,0.0,0.0,5.973660270187562,7.508383950775361,0.0
4,3,26,5,46.72458906954702,1.0,1.0,1.0,1.0,0.0,15.955707997837909,17.956666585764026,14.020642387237748,0.0
4,3,27,5,60.52197756833516,1.0,1.0,1.0,1.0,0.0,27.683347719774233,24.697345636819946,16.758323227387354,0.0
4,3,28,5,63.69179375141299,1.0,1.0,1.0,1.0,1.0,28.608129909441615,22.800692580602643,12.097139254926423,0.0
4,3,29,5,61.53208159324838,1.0,1.0,1.0,1.0,1.0,24.0177953776157,17.54840752651171,4.935830841233785,0.0
4,3,30,6,71.41507440017412,1.0,1.0,1.0,1.0,1.0,31.274274266937027,24.25699227506439,3.6310322772796533,0.0
4,3,31,6,86.93838397610185,1.0,1.0,1.0,1.0,1.0,43.96487521762501,35.840529335296125,7.74886340822962,0.0
4,3,32,6,90.4694620213595,1.0,1.0,1.0,1.0,1.0,44.44674676631533,36.84541970820486,9.645793476037042,0.0
4,3,33,6,86.75443201336412,1.0,1.0,1.0,1.0,1.0,37.45570922673281,32.97170035438421,5.113119204396668,0.0
4,3,34,6,77.8725528180232,1.0,1.0,1.0,1.0,1.0,25.060718301092678,26.719394355732106,-3.0219437193595504,0.0
4,3,35,7,59.914839846224325,1.0,0.0,1.0,1.0,1.0,3.3424862365903323,13.117259918469784,-10.184874058378393,0.0
4,3,36,7,51.142764399943545,0.0,0.0,0.0,1.0,0.0,0.0,6.131120157695449,-11.870555871140192,0.0
4,3,37,7,54.11236798039383,0.0,0.0,0.0,1.0,0.0,0.0,7.868412744684264,-7.9200616125431225,0.0
4,3,38,7,60.986188508109336,0.0,0.0,0.0,1.0,0.0,0.0,12.494014398278388,0.3571162206283371,0.0
4,3,39,7,77.48205321978097,1.0,0.0,1.0,1.0,0.0,3.187486341445336,26.537046513443244,8.779762939945806,0.0
4,3,40,8,74.01854108248838,0.0,0.0,1.0,1.0,0.0,0.0,20.82754050647501,6.635391034031518,0.0
4,3,41,8,50.80780161977893,0.0,0.0,0.0,0.0,0.0,0.0,0.0,-3.3927956294434694,0.0
4,3,42,8,33.85902360491392,0.0,0.0,0.0,0.0,0.0,0.0,0.0,-14.541009871622348,0.0
4,3,43,8,23.947507787867785,0.0,0.0,0.0,0.0,0.0,0.0,0.0,-16.6903444315402,0.0
4,3,44,8,23.179507961181145,0.0,0.0,0.0,0.0,0.0,0.0,0.0,-9.209431219532595,0.0
4,3,45,9,41.30377295427698,0.0,0.0,0.0,0.0,0.0,0.0,0.0,2.4815831164543525,0.0
4,3,46,9,58.954858408701575,0.0,0.0,0.0,0.0,0.0,0.0,0.0,11.669116873611264,0.0
4,3,47,9,74.08402636731762,0.0,0.0,0.0,0.0,0.0,0.0,0.0,16.96817280204549,0.0
4,3,48,9,82.04130200413293,0.0,0.0,0.0,0.0,0.0,0.0,0.0,13.579176349951984,0.0
4,3,49,9,75.22943683561061,0.0,0.0,0.0,0.0,0.0,0.0,0.0,5.424859475636346,0.0
4,3,50,10,67.40571606111271,0.0,0.0,0.0,0.0,0.0,0.0,0.0,-2.2261034354016354,0.0
4,3,51,10,69.34457650885338,0.0,0.0,0.0,0.0,0.0,0.0,0.0,-4.2322418317598505,0.0
4,3,52,10,85.08709823159681,0.0,0.0,0.0,0.0,0.0,0.0,0.0,3.2858871319953997,1.0
4,3,53,10,95.40441858940271,0.0,0.0,0.0,0.0,0.0,0.0,0.0,9.332900842763332,1.0
4,3,54,10,90.99373255729557,0.0,0.0,0.0,0.0,0.0,0.0,0.0,7.216385349480731,1.0
4,3,55,11,75.06369558577552,0.0,0.0,0.0,0.0,0.0,0.0,0.0,-3.341134215273764,1.0
4,3,56,11,69.79328650128278,0.0,0.0,0.0,0.0,0.0,0.0,0.0,-8.53704402937331,1.0
4,2,0,0,0.0,0.0,0.0,0.0,0.0,0.0,0.0,0.0,0.0,0.0
4,2,1,0,0.969049808747573,0.0,0.0,0.0,0.0,0.0,0.0,0.0,0.969049808747573,0.0
4,2,2,0,1.914737369393389,0.0,0.0,0.0,0.0,0.0,0.0,0.0,0.9573686846966944,0.0
4,2,3,0,2.7658407521095776,0.0,0.0,0.0,0.0,0.0,0.0,0.0,0.9219469173698592,0.0
4,2,4,0,3.154411468578341,0.0,0.0,0.0,0.0,0.0,0.0,0.0,0.728453886610256,0.0
4,2,5,1,2.6127781444211844,0.0,0.0,0.0,0.0,0.0,0.0,0.0,0.2326802583425985,0.0
4,2,6,1,1.7777412426434278,0.0,0.0,0.0,0.0,0.0,0.0,0.0,-0.32936650315538324,0.0
4,2,7,1,1.497109556719567,0.0,0.0,0.0,0.0,0.0,0.0,0.0,-0.5524339706195914,0.0
4,2,8,1,2.3270225719892874,0.0,0.0,0.0,0.0,0.0,0.0,0.0,-0.09525185747729899,0.0
4,2,9,1,2.688954048246679,0.0,0.0,0.0,0.0,0.0,0.0,0.0,0.3037376018677504,0.0
4,2,10,2,1.9888369482378176,0.0,0.0,0.0,0.0,0.0,0.0,0.0,0.16390913050608358,0.0
4,2,11,2,1.273591147549321,0.0,0.0,0.0,0.0,0.0,0.0,0.0,-0.3511438081466555,0.0
4,2,12,2,1.1909185022028783,0.0,0.0,0.0,0.0,0.0,0.0,0.0,-0.4993451820146002,0.0
4,2,13,2,1.2975632816677134,0.0,0.0,0.0,0.0,0.0,0.0,0.0,-0.23042455552336807,0.0
4,2,14,2,1.4248050803524346,0.0,0.0,0.0,0.0,0.0,0.0,0.0,0.05040464426770456,0.0
4,2,15,3,1.7419198511169407,0.0,0.0,0.0,0.0,0.0,0.0,0.0,0.18366711630468746,0.0
4,2,16,3,1.923834926023655,0.0,0.0,0.0,0.0,0.0,0.0,0.0,0.20875721478531384,0.0
4,2,17,3,1.9091795725613439,0.0,0.0,0.0,0.0,0.0,0.0,0.0,0.16145816406963642,0.0
4,2,18,3,1.784110513079318,0.0,0.0,0.0,0.0,0.0,0.0,0.0,0.014063553987459102,0.0
4,2,19,3,1.9027936512502968,0.0,0.0,0.0,0.0,0.0,0.0,0.0,-0.007013758257786051,0.0
4,2,20,4,2.0786702608390435,0.0,0.0,0.0,0.0,0.0,0.0,0.0,0.05649689609256655,0.0
4,2,21,4,2.0820377953215585,0.0,0.0,0.0,0.0,0.0,0.0,0.0,0.09930909408074684,0.0
4,2,22,4,2.2113793702928852,0.0,0.0,0.0,0.0,0.0,0.0,0.0,0.1028619063475295,0.0
4,2,23,4,2.650388868080767,0.0,0.0,0.0,0.0,0.0,0.0,0.0,0.19057286908057444,0.0
4,2,24,4,2.9185708348179835,0.0,0.0,0.0,0.0,0.0,0.0,0.0,0.27884434649880835,0.0
4,2,25,5,2.218382300693168,0.0,0.0,0.0,0.0,0.0,0.0,0.0,0.002334310133427664,0.0
4,2,26,5,1.3306139390596552,0.0,0.0,0.0,0.0,0.0,0.0,0.0,-0.43992497634037053,0.0
4,2,27,5,0.6932605010380963,0.0,0.0,0.0,0.0,0.0,0.0,0.0,-0.7417701112599624,0.0
4,2,28,5,0.35593180918207123,0.0,0.0,0.0,0.0,0.0,0.0,0.0,-0.6208168305036991,0.0
4,2,29,5,0.18274148404231758,0.0,0.0,0.0,0.0,0.0,0.0,0.0,-0.38262415167244584,0.0
4,2,30,6,0.101637441291225,0.0,0.0,0.0,0.0,0.0,0.0,0.0,-0.19720768658229046,1.0
4,2,31,6,0.1384759751462371,0.0,0.0,0.0,0.0,0.0,0.0,0.0,-0.07248527801194471,1.0
4,2,32,6,0.27654554977559337,0.0,0.0,0.0,0.0,0.0,0.0,0.0,0.03126802191109193,1.0
4,2,33,6,0.7156370796940199,0.0,0.0,0.0,0.0,0.0,0.0,0.0,0.20466654613426497,1.0
4,2,34,6,1.6869397167655564,0.0,0.0,0.0,0.0,0.0,0.0,0.0,0.516154580539773,1.0
4,2,0,0,0.0,0.0,0.0,0.0,0.0,0.0,0.0,0.0,0.0,0.0
4,2,1,0,1.0176136720369175,0.0,0.0,0.0,0.0,0.0,0.0,0.0,1.0176136720369175,0.0
4,2,2,0,1.8948163267062275,0.0,0.0,0.0,0.0,0.0,0.0,0.0,0.9474081633531137,0.0
4,2,3,0,1.78385115217042,0.0,0.0,0.0,0.0,0.0,0.0,0.0,0.5946170507234733,0.0
4,2,4,0,1.3242744727797393,0.0,0.0,0.0,0.0,0.0,0.0,0.0,0.10222026691427392,0.0
4,2,5,1,1.349780630438696,0.0,0.0,0.0,0.0,0.0,0.0,0.0,-0.1816785654225105,0.0
4,2,6,1,3.914152080041938,0.0,0.0,0.0,0.0,0.0,0.0,0.0,0.7101003092905062,0.0
4,2,7,1,10.17468464264315,0.0,0.0,1.0,1.0,0.0,0.0,1.6778382979295472,2.9501367232878035,0.0
4,2,8,1,10.561354723827964,0.0,0.0,1.0,1.0,0.0,0.0,1.009077302367567,3.0705246977964227,0.0
4,2,9,1,6.582220450749158,0.0,0.0,0.0,0.0,0.0,0.0,0.0,0.8893561235690735,0.0
4,2,10,2,3.9368287152767536,0.0,0.0,0.0,0.0,0.0,0.0,0.0,-2.0792853091221324,0.0
4,2,11,2,2.6527017864720093,0.0,0.0,0.0,0.0,0.0,0.0,0.0,-2.6362176457853184,0.0
4,2,12,2,1.9401094862521622,0.0,0.0,0.0,0.0,0.0,0.0,0.0,-1.547370321498999,0.0
4,2,13,2,1.4740987273146093,0.0,0.0,0.0,0.0,0.0,0.0,0.0,-0.8209099959873815,0.0
4,2,14,2,1.4622940579991088,0.0,0.0,0.0,0.0,0.0,0.0,0.0,-0.3968025761576335,0.0
4,2,15,3,1.8796493582870526,0.0,0.0,0.0,0.0,0.0,0.0,0.0,-0.02015337598836986,0.0
4,2,16,3,3.4108769976149746,0.0,0.0,0.0,0.0,0.0,0.0,0.0,0.6455927567667884,0.0
4,2,17,3,9.401844196288303,0.0,0.0,0.0,0.0,0.0,0.0,0.0,2.646516712763065,0.0
4,2,18,3,11.30388815234617,0.0,0.0,0.0,0.0,0.0,0.0,0.0,3.1414129313530395,0.0
4,2,19,3,6.608792468877112,0.0,0.0,0.0,0.0,0.0,0.0,0.0,1.0659718237540456,0.0
4,2,20,4,3.4596035819365754,0.0,0.0,0.0,0.0,0.0,0.0,0.0,-1.9807468714505763,0.0
4,2,21,4,2.2918919292529143,0.0,0.0,0.0,0.0,0.0,0.0,0.0,-3.003998741031085,0.0
4,2,22,4,6.559691182862597,0.0,0.0,0.0,0.0,0.0,0.0,0.0,-0.016367095338171527,0.0
4,2,23,4,26.780766639150546,1.0,0.0,1.0,1.0,0.0,1.2724522355675063,6.892480027709151,7.773721019071323,0.0
4,2,24,4,50.00424789419696,1.0,1.0,1.0,1.0,0.0,22.890221381284555,22.281105600048495,15.904118654981348,0.0
4,2,25,5,57.886746845609004,1.0,1.0,1.0,1.0,1.0,29.022632497885322,24.310134380074018,17.109018554248802,0.0
4,2,26,5,40.21742024225606,1.0,0.0,1.0,1.0,1.0,9.448539170546947,5.108259304203656,4.478884534368505,0.0
4,2,27,5,22.164020449973272,0.0,0.0,0.0,0.0,0.0,0.0,0.0,-9.28007581474123,0.0
4,2,28,5,13.237944589124819,0.0,0.0,0.0,0.0,0.0,0.0,0.0,-14.88293408549473,0.0
4,2,29,5,9.086266101868194,0.0,0.0,0.0,0.0,0.0,0.0,0.0,-10.37705138012929,0.0
4,2,30,6,8.83594782543236,0.0,0.0,0.0,0.0,0.0,0.0,0.0,-4.442690874846971,0.0
4,2,31,6,19.24364351363539,0.0,0.0,0.0,0.0,0.0,0.0,0.0,2.001899641503524,0.0
4,2,32,6,24.6174476336565,0.0,0.0,0.0,0.0,0.0,0.0,0.0,5.177060510596102,0.0
4,2,33,6,19.964260906557886,0.0,0.0,0.0,0.0,0.0,0.0,0.0,3.7094376937085087,0.0
4,2,34,6,19.56397455446792,0.0,0.0,0.0,0.0,0.0,0.0,0.0,0.10677701361084264,0.0
4,2,35,7,34.12716950329181,0.0,0.0,0.0,0.0,0.0,0.0,0.0,3.1699072898784366,0.0
4,2,36,7,63.17214466899311,1.0,0.0,1.0,1.0,0.0,2.581561440559085,17.277624353765518,14.402627920811744,0.0
4,2,37,7,64.20060139745188,0.0,0.0,1.0,1.0,0.0,0.0,12.77030780918696,14.878875614327987,0.0
4,2,38,7,56.99346000846252,0.0,0.0,0.0,1.0,0.0,0.0,1.512279973596975,7.622096835056904,0.0
4,2,39,7,74.81078946600775,1.0,0.0,1.0,1.0,0.0,0.516222587672118,14.09507248053697,3.879548265671545,0.0
4,2,40,8,88.57055512024453,1.0,0.0,1.0,1.0,0.0,9.123884881800407,22.54690532929115,8.123317907597553,1.0
4,2,41,8,96.07567562676547,1.0,0.0,1.0,1.0,1.0,11.16767568365512,25.75087596872001,13.027405206100985,1.0
4,2,42,8,98.30539172017302,1.0,0.0,1.0,1.0,1.0,7.616532564146468,24.066822865577052,7.831534084721757,1.0
4,2,43,8,97.27511175973426,1.0,0.0,1.0,1.0,1.0,0.47556071884933715,20.16597424090436,2.901518879829908,1.0
4,2,44,8,97.96869947004191,0.0,0.0,1.0,1.0,0.0,0.0,20.148808943546996,0.6310079477588127,1.0
4,1,0,0,0.0,0.0,0.0,0.0,0.0,0.0,0.0,0.0,0.0,0.0
4,1,1,0,0.3400075050359164,0.0,0.0,0.0,0.0,0.0,0.0,0.0,0.3400075050359164,0.0
4,1,2,0,0.5914507724531844,0.0,0.0,0.0,0.0,0.0,0.0,0.0,0.2957253862265922,0.0
4,1,3,0,0.5708531731948423,0.0,0.0,0.0,0.0,0.0,0.0,0.0,0.19028439106494743,0.0
4,1,4,0,0.6475772554238579,0.0,0.0,0.0,0.0,0.0,0.0,0.0,0.10252325012931383,0.0
4,1,5,1,0.9250975232706616,0.0,0.0,0.0,0.0,0.0,0.0,0.0,0.11121558360582573,0.0
4,1,6,1,1.0844673773753088,0.0,0.0,0.0,0.0,0.0,0.0,0.0,0.17120473472682218,0.0
4,1,7,1,2.067210903683765,0.0,0.0,0.0,0.0,0.0,0.0,0.0,0.4732112160866357,0.0
4,1,8,1,2.9843743242974465,0.0,0.0,0.0,0.0,0.0,0.0,0.0,0.6864256003422616,0.0
4,1,9,1,2.875578405490379,0.0,0.0,0.0,0.0,0.0,0.0,0.0,0.59703700937169,0.0
4,1,10,2,2.5019232042848953,0.0,0.0,0.0,0.0,0.0,0.0,0.0,0.1449041002003768,0.0
4,1,11,2,2.382743074876368,0.0,0.0,0.0,0.0,0.0,0.0,0.0,-0.20054374980702624,0.0
4,1,12,2,2.430792198670742,0.0,0.0,0.0,0.0,0.0,0.0,0.0,-0.14826206893987903,0.0
4,1,13,2,2.384227551461868,0.0,0.0,0.0,0.0,0.0,0.0,0.0,-0.03923188427434251,0.0
4,1,14,2,2.2314699345263915,0.0,0.0,0.0,0.0,0.0,0.0,0.0,-0.050424380116658764,0.0
4,1,15,3,1.9871844740198372,0.0,0.0,0.0,0.0,0.0,0.0,0.0,-0.14786924155030157,0.0
4,1,16,3,1.778979132314082,0.0,0.0,0.0,0.0,0.0,0.0,0.0,-0.20174947304926194,0.0
4,1,17,3,1.9642552809182572,0.0,0.0,0.0,0.0,0.0,0.0,0.0,-0.08907155120271144,0.0
4,1,18,3,4.074252804247687,0.0,0.0,0.0,0.0,0.0,0.0,0.0,0.6956894434092832,0.0
4,1,19,3,9.944594784424684,0.0,0.0,0.0,0.0,0.0,0.0,0.0,2.7218718840368674,0.0
4,1,20,4,15.462288489245088,0.0,0.0,0.0,1.0,0.0,0.0,0.6102541475335954,4.49934440277561,0.0
4,1,21,4,15.82147235131597,0.0,0.0,0.0,0.0,0.0,0.0,0.0,3.9157398490227613,0.0
4,1,22,4,12.911570374927987,0.0,0.0,0.0,0.0,0.0,0.0,0.0,0.9889918635011009,0.0
4,1,23,4,9.41168866681177,0.0,0.0,0.0,0.0,0.0,0.0,0.0,-2.016866607477773,0.0
4,1,24,4,9.993529730779022,0.0,0.0,0.0,0.0,0.0,0.0,0.0,-1.9426475401789827,0.0
4,1,25,5,15.059144622759305,0.0,0.0,0.0,0.0,0.0,0.0,0.0,0.7158580826104396,0.0
4,1,26,5,12.022037832154663,0.0,0.0,0.0,0.0,0.0,0.0,0.0,0.8701163884476308,0.0
4,1,27,5,7.251911876706982,0.0,0.0,0.0,0.0,0.0,0.0,0.0,-0.9138726180240132,0.0
4,1,28,5,4.982767727188779,0.0,0.0,0.0,0.0,0.0,0.0,0.0,-3.358792298523509,0.0
4,1,29,5,7.127500553092796,0.0,0.0,0.0,0.0,0.0,0.0,0.0,-1.6315124263539555,0.0
4,1,30,6,13.79310364345304,0.0,0.0,0.0,0.0,0.0,0.0,0.0,2.1803972555820192,0.0
4,1,31,6,17.77559607247889,0.0,0.0,0.0,0.0,0.0,0.0,0.0,4.2642761150967035,0.0
4,1,32,6,21.01589267021216,0.0,0.0,0.0,0.0,0.0,0.0,0.0,4.629464039039788,0.0
4,1,33,6,37.06870208707202,0.0,0.0,0.0,1.0,0.0,0.0,3.4090400140713086,7.7585328145396595,0.0
4,1,34,6,49.98053114451862,0.0,0.0,1.0,1.0,0.0,0.0,9.908210734476192,10.734978357346577,0.0
4,1,35,7,47.813295530428604,0.0,0.0,0.0,1.0,0.0,0.0,3.6043633629169776,8.932467620072147,0.0
4,1,36,7,61.5279432381103,1.0,0.0,1.0,1.0,0.0,0.9373600096762758,11.657789195731745,8.153080383679429,0.0
4,1,37,7,78.23573348572754,1.0,0.0,1.0,1.0,0.0,13.358906948704728,21.553839083488853,9.41840078040297,0.0
4,1,38,7,85.49099826411592,1.0,0.0,1.0,1.0,1.0,16.049611565023326,23.3624550029527,12.559234244562438,1.0
4,1,39,7,94.44930794937247,1.0,0.0,1.0,1.0,1.0,20.154741071036838,27.86445477967783,10.973788237087389,1.0
4,1,40,8,97.68524640634449,1.0,0.0,1.0,1.0,1.0,18.238576167900362,28.11368611351253,6.483170973538985,1.0
4,1,41,8,98.38359606241002,1.0,0.0,1.0,1.0,1.0,13.475596119299666,26.838394012177446,4.297532599431368,1.0
4,1,42,8,93.54462293771239,1.0,0.0,1.0,1.0,1.0,2.8557637816858374,21.780593417052316,-0.3015616705533593,1.0
4,2,0,0,0.0,0.0,0.0,0.0,0.0,0.0,0.0,0.0,0.0,0.0
4,2,1,0,0.48732396096336095,0.0,0.0,0.0,0.0,0.0,0.0,0.0,0.48732396096336095,0.0
4,2,2,0,0.7938777453781599,0.0,0.0,0.0,0.0,0.0,0.0,0.0,0.39693887268907996,0.0
4,2,3,0,0.9295455923107513,0.0,0.0,0.0,0.0,0.0,0.0,0.0,0.30984853077025043,0.0
4,2,4,0,1.371691951184395,0.0,0.0,0.0,0.0,0.0,0.0,0.0,0.294789330073678,0.0
4,2,5,1,1.881296693858282,0.0,0.0,0.0,0.0,0.0,0.0,0.0,0.3624729828267073,0.0
4,2,6,1,2.672696587375205,0.0,0.0,0.0,0.0,0.0,0.0,0.0,0.5810503316881513,0.0
4,2,7,1,5.015475874475003,0.0,0.0,0.0,0.0,0.0,0.0,0.0,1.2145946410968693,0.0
4,2,8,1,6.415056079511686,0.0,0.0,0.0,0.0,0.0,0.0,0.0,1.5112531285511348,0.0
4,2,9,1,5.285229494756015,0.0,0.0,0.0,0.0,0.0,0.0,0.0,0.87084430246027,0.0
4,2,10,2,3.832926405755299,0.0,0.0,0.0,0.0,0.0,0.0,0.0,-0.39418315623990124,0.0
4,2,11,2,2.9532208509798554,0.0,0.0,0.0,0.0,0.0,0.0,0.0,-1.153945076177277,0.0
4,2,12,2,2.5240573090849283,0.0,0.0,0.0,0.0,0.0,0.0,0.0,-0.9203907285570289,0.0
4,2,13,2,2.0982616396334066,0.0,0.0,0.0,0.0,0.0,0.0,0.0,-0.5782215887072976,0.0
4,2,14,2,1.739354240159511,0.0,0.0,0.0,0.0,0.0,0.0,0.0,-0.40462220360678147,0.0
4,2,15,3,1.5227787886558857,0.0,0.0,0.0,0.0,0.0,0.0,0.0,-0.33375950680968086,0.0
4,2,16,3,1.7787404105437625,0.0,0.0,0.0,0.0,0.0,0.0,0.0,-0.1065070763632147,0.0
4,2,17,3,3.456575494998372,0.0,0.0,0.0,0.0,0.0,0.0,0.0,0.572407084946287,0.0
4,2,18,3,9.05662755192471,0.0,0.0,0.0,0.0,0.0,0.0,0.0,2.5112829210896077,0.0
4,2,19,3,19.37660055226742,0.0,0.0,1.0,1.0,0.0,0.0,4.268230216963847,5.8659533805745525,0.0
4,2,20,4,24.880150564034807,1.0,0.0,1.0,1.0,0.0,3.425749772470766,6.556054462141557,7.141191689678812,0.0
4,2,21,4,22.858420379204915,1.0,0.0,1.0,1.0,0.0,0.16961567260381827,2.6616893690074193,4.600597609093402,0.0
4,2,22,4,20.416314171173205,0.0,0.0,0.0,0.0,0.0,0.0,0.0,0.34657120630192867,0.0
4,2,23,4,14.607483601238844,0.0,0.0,0.0,0.0,0.0,0.0,0.0,-3.4242223209319875,0.0
4,2,24,4,8.599969305345777,0.0,0.0,0.0,0.0,0.0,0.0,0.0,-4.752817024619713,0.0
4,2,25,5,4.693739402176844,0.0,0.0,0.0,0.0,0.0,0.0,0.0,-5.24085825633212,0.0
4,2,26,5,2.449369710810826,0.0,0.0,0.0,0.0,0.0,0.0,0.0,-4.052704630142673,0.0
4,2,27,5,1.280897111915152,0.0,0.0,0.0,0.0,0.0,0.0,0.0,-2.4396907311435414,0.0
4,2,28,5,0.9222370863435501,0.0,0.0,0.0,0.0,0.0,0.0,0.0,-1.2571674386110978,0.0
4,2,29,5,2.7090404270567845,0.0,0.0,0.0,0.0,0.0,0.0,0.0,0.08655690541531946,0.0
4,2,30,6,8.260127435778891,0.0,0.0,0.0,0.0,0.0,0.0,0.0,2.3264101079545796,0.0
4,2,31,6,19.08281736723471,0.0,0.0,0.0,0.0,0.0,0.0,0.0,6.0535267602970535,0.0
4,2,32,6,20.33230995356356,0.0,0.0,0.0,0.0,0.0,0.0,0.0,5.874423175502258,0.0
4,2,33,6,28.889461114721836,0.0,0.0,0.0,0.0,0.0,0.0,0.0,6.8764445596476484,0.0
4,2,34,6,63.62322837592659,1.0,0.0,1.0,1.0,0.0,10.81139385899607,18.970399247238085,14.84680366956396,0.0
4,2,35,7,81.78433397505091,1.0,1.0,1.0,1.0,0.0,25.21198036541692,26.97576762976402,20.48400800716245,0.0
4,2,36,7,88.8675055282472,1.0,1.0,1.0,1.0,1.0,28.276922299813165,26.309178992111228,19.992681471175118,1.0
4,2,37,7,92.04001838682615,1.0,1.0,1.0,1.0,1.0,27.16319184980334,23.8777598182252,9.47226333696652,1.0
4,2,38,7,93.23331222616972,1.0,0.0,1.0,1.0,1.0,23.791925527077126,21.39910643961875,3.8163260837062674,1.0
4,2,39,7,84.3884565374791,1.0,0.0,1.0,1.0,1.0,10.093889659143471,11.527929159324188,-1.4930163302560306,1.0
4,2,40,8,57.174975746094574,0.0,0.0,0.0,0.0,0.0,0.0,0.0,-11.621680880243858,1.0
4,2,0,0,0.0,0.0,0.0,0.0,0.0,0.0,0.0,0.0,0.0,0.0
4,2,1,0,0.6535774303613264,0.0,0.0,0.0,0.0,0.0,0.0,0.0,0.6535774303613264,0.0
4,2,2,0,1.3188942004983115,0.0,0.0,0.0,0.0,0.0,0.0,0.0,0.6594471002491558,0.0
4,2,3,0,1.4051184054898997,0.0,0.0,0.0,0.0,0.0,0.0,0.0,0.4683728018299666,0.0
4,2,4,0,1.3767937628999685,0.0,0.0,0.0,0.0,0.0,0.0,0.0,0.24107211084621402,0.0
4,2,5,1,2.190675930070152,0.0,0.0,0.0,0.0,0.0,0.0,0.0,0.29059390985728023,0.0
4,2,6,1,3.5604317391609186,0.0,0.0,0.0,0.0,0.0,0.0,0.0,0.7184377778903396,0.0
4,2,7,1,5.680873348898609,0.0,0.0,0.0,0.0,0.0,0.0,0.0,1.43469319533288,0.0
4,2,8,1,6.895900707133629,0.0,0.0,0.0,0.0,0.0,0.0,0.0,1.568408259021159,0.0
4,2,9,1,5.230340494697842,0.0,0.0,0.0,0.0,0.0,0.0,0.0,0.556636251845641,0.0
4,2,10,2,3.70100027692808,0.0,0.0,0.0,0.0,0.0,0.0,0.0,-0.6599576906568428,0.0
4,2,11,2,2.957047620291072,0.0,0.0,0.0,0.0,0.0,0.0,0.0,-1.312951028947519,0.0
4,2,12,2,2.624578773047486,0.0,0.0,0.0,0.0,0.0,0.0,0.0,-0.8685872405501186,0.0
4,2,13,2,2.530454087051099,0.0,0.0,0.0,0.0,0.0,0.0,0.0,-0.390182063292327,0.0
4,2,14,2,2.5942402066526453,0.0,0.0,0.0,0.0,0.0,0.0,0.0,-0.12093580454614224,0.0
4,2,15,3,3.1846783071189795,0.0,0.0,0.0,0.0,0.0,0.0,0.0,0.1866998446904978,0.0
4,2,16,3,4.79554854730854,0.0,0.0,0.0,0.0,0.0,0.0,0.0,0.7550314867524803,0.0
4,2,17,3,7.574479073694805,0.0,0.0,0.0,0.0,0.0,0.0,0.0,1.6600796223473866,0.0
4,2,18,3,7.731203042292691,0.0,0.0,0.0,0.0,0.0,0.0,0.0,1.515508245057904,0.0
4,2,19,3,7.894106881896669,0.0,0.0,0.0,0.0,0.0,0.0,0.0,1.032852778196043,0.0
4,2,20,4,8.55314528584633,0.0,0.0,0.0,0.0,0.0,0.0,0.0,0.32622207071717507,0.0
4,2,21,4,7.19326227385625,0.0,0.0,0.0,0.0,0.0,0.0,0.0,-0.1793135894788135,0.0
4,2,22,4,6.4033470832298445,0.0,0.0,0.0,0.0,0.0,0.0,0.0,-0.4969199328889416,0.0
4,2,23,4,5.9944102703712385,0.0,0.0,0.0,0.0,0.0,0.0,0.0,-0.8529116718250306,0.0
4,2,24,4,4.264272053814555,0.0,0.0,0.0,0.0,0.0,0.0,0.0,-0.9763300733472319,0.0
4,2,25,5,2.8996478733780613,0.0,0.0,0.0,0.0,0.0,0.0,0.0,-1.167899736617261,0.0
4,2,26,5,3.360616503411465,0.0,0.0,0.0,0.0,0.0,0.0,0.0,-0.8779312556532579,0.0
4,2,27,5,4.7883788622513315,0.0,0.0,0.0,0.0,0.0,0.0,0.0,0.17470226947892561,0.0
4,2,28,5,4.2513693791840845,0.0,0.0,0.0,0.0,0.0,0.0,0.0,0.4505738352686744,0.0
4,2,29,5,3.66291718494554,0.0,0.0,0.0,0.0,0.0,0.0,0.0,0.10076689384469173,0.0
4,2,30,6,4.024967574187784,0.0,0.0,0.0,0.0,0.0,0.0,0.0,-0.2544704293545159,0.0
4,2,31,6,4.045329728596558,0.0,0.0,0.0,0.0,0.0,0.0,0.0,-0.06867988352917553,0.0
4,2,32,6,4.22089168973533,0.0,0.0,0.0,0.0,0.0,0.0,0.0,0.18599150159659672,0.0
4,2,33,6,8.837132126291978,0.0,0.0,0.0,0.0,0.0,0.0,0.0,1.604054850701398,0.0
4,2,34,6,19.680067777160914,0.0,0.0,0.0,0.0,0.0,0.0,0.0,5.211579349521452,0.0
4,2,35,7,34.456651904450894,0.0,0.0,0.0,0.0,0.0,0.0,0.0,10.07858673823852,0.0
4,2,36,7,56.40151784188231,0.0,0.0,1.0,1.0,0.0,0.0,9.225594259727302,15.85479523853011,0.0
4,2,37,7,69.37384914802442,1.0,0.0,1.0,1.0,0.0,4.497022611001611,13.915073272236562,16.564593790287834,0.0
4,2,38,7,71.34192657232121,1.0,0.0,1.0,1.0,0.0,1.9005398732286238,9.750608762029614,12.295091555956773,0.0
4,2,39,7,59.24209321280828,0.0,0.0,0.0,0.0,0.0,0.0,0.0,0.9468584569753228,0.0
4,2,40,8,40.83787316026671,0.0,0.0,0.0,0.0,0.0,0.0,0.0,-9.511991995919237,0.0
4,2,41,8,27.62498153086038,0.0,0.0,0.0,0.0,0.0,0.0,0.0,-14.572315013820278,0.0
4,2,42,8,17.561771718546733,0.0,0.0,0.0,0.0,0.0,0.0,0.0,-13.893440498087182,0.0
4,2,43,8,22.9722729362756,0.0,0.0,0.0,0.0,0.0,0.0,0.0,-5.955200074663703,0.0
4,2,44,8,49.29418317601366,0.0,0.0,0.0,0.0,0.0,0.0,0.0,7.223067215051093,0.0
4,2,45,9,67.86567260665173,0.0,0.0,0.0,0.0,0.0,0.0,0.0,16.767966962701664,0.0
4,2,46,9,71.10003915132341,0.0,0.0,0.0,0.0,0.0,0.0,0.0,16.04258873834927,0.0
4,2,47,9,66.49674322814369,0.0,0.0,0.0,0.0,0.0,0.0,0.0,5.734186684043341,0.0
4,2,48,9,59.236472124506754,0.0,0.0,0.0,0.0,0.0,0.0,0.0,-2.8764001607149914,0.0
4,2,49,9,47.18735047871681,0.0,0.0,0.0,0.0,0.0,0.0,0.0,-7.970896224202202,0.0
4,2,50,10,51.79127018856532,0.0,0.0,0.0,0.0,0.0,0.0,0.0,-4.901824346526122,0.0
4,2,51,10,70.02361079914107,0.0,0.0,0.0,0.0,0.0,0.0,0.0,3.595712891544771,0.0
4,2,52,10,79.2504474790573,0.0,0.0,0.0,0.0,0.0,0.0,0.0,10.687699000113497,0.0
4,2,53,10,86.41187307911302,0.0,0.0,0.0,0.0,0.0,0.0,0.0,11.5402009635159,0.0
4,2,54,10,91.32114400992447,0.0,0.0,0.0,0.0,0.0,0.0,0.0,7.0991777369278,0.0
4,2,55,11,86.61047571813928,0.0,0.0,0.0,0.0,0.0,0.0,0.0,2.4533427463606614,0.0
4,2,56,11,86.05590886249583,0.0,0.0,0.0,0.0,0.0,0.0,0.0,-0.11865473887239848,0.0
4,2,57,11,89.4802820536637,0.0,0.0,0.0,0.0,0.0,0.0,0.0,-0.6136206520869223,0.0
4,2,58,11,84.27654337864874,0.0,0.0,0.0,0.0,0.0,0.0,0.0,-0.7779774464968483,1.0
4,2,59,11,77.2023319042884,0.0,0.0,0.0,0.0,0.0,0.0,0.0,-2.9511923194024754,1.0
4,2,60,11,75.56608147851145,0.0,0.0,0.0,0.0,0.0,0.0,0.0,-4.638066858384083,1.0
4,2,61,11,79.26445641353513,0.0,0.0,0.0,0.0,0.0,0.0,0.0,-1.6706956550378702,1.0
4,2,62,11,86.52262847287608,0.0,0.0,0.0,0.0,0.0,0.0,0.0,3.1067655228625597,1.0
4,2,0,0,0.0,0.0,0.0,0.0,0.0,0.0,0.0,0.0,0.0,0.0
4,2,1,0,0.7934398972999448,0.0,0.0,0.0,0.0,0.0,0.0,0.0,0.7934398972999448,0.0
4,2,2,0,1.4575709220771131,0.0,0.0,0.0,0.0,0.0,0.0,0.0,0.7287854610385566,0.0
4,2,3,0,1.6021985397853102,0.0,0.0,0.0,0.0,0.0,0.0,0.0,0.5340661799284367,0.0
4,2,4,0,1.4912967395160937,0.0,0.0,0.0,0.0,0.0,0.0,0.0,0.23261894740538294,0.0
4,2,5,1,1.3187949194570856,0.0,0.0,0.0,0.0,0.0,0.0,0.0,-0.04625866754000918,0.0
4,2,6,1,1.6144902177945084,0.0,0.0,0.0,0.0,0.0,0.0,0.0,0.004097226003066057,0.0
4,2,7,1,3.0184454623756403,0.0,0.0,0.0,0.0,0.0,0.0,0.0,0.5090495742865155,0.0
4,2,8,1,2.9729773976760097,0.0,0.0,0.0,0.0,0.0,0.0,0.0,0.551394159406308,0.0
4,2,9,1,1.951232815726878,0.0,0.0,0.0,0.0,0.0,0.0,0.0,0.11224753264412317,0.0
4,2,10,2,1.557143655262196,0.0,0.0,0.0,0.0,0.0,0.0,0.0,-0.4871006023711481,0.0
4,2,11,2,1.6907439467942895,0.0,0.0,0.0,0.0,0.0,0.0,0.0,-0.4274111502939067,0.0
4,2,12,2,1.7058272166246853,0.0,0.0,0.0,0.0,0.0,0.0,0.0,-0.08180186636739754,0.0
4,2,13,2,1.6801362989019604,0.0,0.0,0.0,0.0,0.0,0.0,0.0,0.04099754787992146,0.0
4,2,14,2,1.6870686867880096,0.0,0.0,0.0,0.0,0.0,0.0,0.0,-0.0012250866687599782,0.0
4,2,15,3,1.8597196977648958,0.0,0.0,0.0,0.0,0.0,0.0,0.0,0.051297493713403496,0.0
4,2,16,3,2.7150301671137287,0.0,0.0,0.0,0.0,0.0,0.0,0.0,0.3449646227372561,0.0
4,2,17,3,4.811191482979699,0.0,0.0,0.0,0.0,0.0,0.0,0.0,1.0413742653972298,0.0
4,2,18,3,10.183814295039294,0.0,0.0,0.0,0.0,0.0,0.0,0.0,2.7746981990914663,0.0
4,2,19,3,13.691927595908222,0.0,0.0,0.0,0.0,0.0,0.0,0.0,3.6589658095981648,0.0
4,2,20,4,11.27486227139621,0.0,0.0,0.0,0.0,0.0,0.0,0.0,2.1545569294721703,0.0
4,2,21,4,11.023051261951291,0.0,0.0,0.0,0.0,0.0,0.0,0.0,0.2797456556373324,0.0
4,2,22,4,16.80357202721069,0.0,0.0,0.0,0.0,0.0,0.0,0.0,1.0372148104341565,0.0
4,2,23,4,15.107649316406366,0.0,0.0,0.0,0.0,0.0,0.0,0.0,1.2775956816700524,0.0
4,2,24,4,10.526285151705908,0.0,0.0,0.0,0.0,0.0,0.0,0.0,-0.16558870341512785,0.0
4,2,25,5,7.679944915009179,0.0,0.0,0.0,0.0,0.0,0.0,0.0,-3.041209037400504,0.0
4,2,26,5,6.548088012168771,0.0,0.0,0.0,0.0,0.0,0.0,0.0,-2.853187101412532,0.0
4,2,27,5,5.8088817801697274,0.0,0.0,0.0,0.0,0.0,0.0,0.0,-1.57246779051206,0.0
4,2,28,5,5.497526932075761,0.0,0.0,0.0,0.0,0.0,0.0,0.0,-0.727472660977806,0.0
4,2,29,5,6.908236917789713,0.0,0.0,0.0,0.0,0.0,0.0,0.0,0.1200496352069808,0.0
4,2,30,6,14.78412645540961,0.0,0.0,0.0,0.0,0.0,0.0,0.0,2.9917482250799607,0.0
4,2,31,6,34.84331210646475,0.0,0.0,0.0,1.0,0.0,0.0,4.902521596689752,9.781928391462996,0.0
4,2,32,6,56.10388125048141,1.0,0.0,1.0,1.0,0.0,10.081165995437232,17.77309028271341,16.39854811089723,0.0
4,2,33,6,61.53216042185383,1.0,0.0,1.0,1.0,0.0,12.233437635222515,16.684618788627105,15.582677988814742,0.0
4,2,34,6,56.166638500281735,1.0,0.0,1.0,1.0,1.0,3.3548039833512178,7.177677135595125,7.107775464605662,0.0
4,2,35,7,67.05730629901291,1.0,0.0,1.0,1.0,1.0,10.484952689378915,13.544700767798439,3.6511416828438334,0.0
4,2,36,7,83.85683006639087,1.0,1.0,1.0,1.0,1.0,23.266246837956842,24.939615261432692,7.441556548179013,0.0
4,2,37,7,94.53259948417943,1.0,1.0,1.0,1.0,1.0,29.65577294715662,30.69456346989857,12.78865366129923,0.0
4,2,38,7,98.15652517390568,1.0,1.0,1.0,1.0,1.0,28.715138474813088,31.1058992503921,10.366406291630923,0.0
4,2,39,7,93.82278846116705,1.0,0.0,1.0,1.0,1.0,19.52822158283142,26.18304936149586,3.3219861315920602,0.0
4,2,40,8,82.75813522043606,1.0,0.0,1.0,1.0,1.0,3.311464981991932,17.384556271119834,-3.9248214212477897,0.0
4,2,41,8,70.0873019314533,0.0,0.0,0.0,1.0,0.0,0.0,8.31694774757834,-9.356407747484127,0.0
4,2,42,8,58.43406910347913,0.0,0.0,0.0,0.0,0.0,0.0,0.0,-11.796239785895972,0.0
4,2,43,8,51.38173967070958,0.0,0.0,0.0,0.0,0.0,0.0,0.0,-10.458798516575493,0.0
4,2,44,8,48.48724578689432,0.0,0.0,0.0,0.0,0.0,0.0,0.0,-7.200018714852992,0.0
4,2,45,9,50.4241415931534,0.0,0.0,0.0,0.0,0.0,0.0,0.0,-2.6699758367752437,0.0
4,2,46,9,60.93868734121952,0.0,0.0,0.0,0.0,0.0,0.0,0.0,3.185649223503314,0.0
4,2,47,9,69.41966163011871,0.0,0.0,0.0,0.0,0.0,0.0,0.0,6.9774719477414635,0.0
4,2,48,9,65.77285455518933,0.0,0.0,0.0,0.0,0.0,0.0,0.0,5.116237654011975,0.0
4,2,49,9,57.73482192922169,0.0,0.0,0.0,0.0,0.0,0.0,0.0,-1.0679551373326106,0.0
4,2,50,10,55.6927162436957,0.0,0.0,0.0,0.0,0.0,0.0,0.0,-4.575648462141004,0.0
4,2,51,10,62.113131723745454,0.0,0.0,0.0,0.0,0.0,0.0,0.0,-1.2199076104812907,0.0
4,2,52,10,75.6395109898183,0.0,0.0,0.0,0.0,0.0,0.0,0.0,5.968229686865539,0.0
4,2,53,10,88.31724798896144,0.0,0.0,0.0,0.0,0.0,0.0,0.0,10.874843915088581,0.0
4,2,54,10,94.18295431994301,0.0,0.0,0.0,0.0,0.0,0.0,0.0,10.689940865399185,1.0
4,2,55,11,94.1969839240675,0.0,0.0,0.0,0.0,0.0,0.0,0.0,6.185824311416397,1.0
4,2,56,11,88.58879784750303,0.0,0.0,0.0,0.0,0.0,0.0,0.0,0.09051661951386336,1.0
4,2,57,11,80.38032058589225,0.0,0.0,0.0,0.0,0.0,0.0,0.0,-4.600877911350253,1.0
4,2,58,11,74.70589222292587,0.0,0.0,0.0,0.0,0.0,0.0,0.0,-6.497030567047209,1.0
4,3,0,0,0.0,0.0,0.0,0.0,0.0,0.0,0.0,0.0,0.0,0.0
4,3,1,0,0.43240116466372563,0.0,0.0,0.0,0.0,0.0,0.0,0.0,0.43240116466372563,0.0
4,3,2,0,0.6779999196066786,0.0,0.0,0.0,0.0,0.0,0.0,0.0,0.3389999598033393,0.0
4,3,3,0,0.55340822893291,0.0,0.0,0.0,0.0,0.0,0.0,0.0,0.18446940964430333,0.0
4,3,4,0,0.7381146669822716,0.0,0.0,0.0,0.0,0.0,0.0,0.0,0.10190450077284864,0.0
4,3,5,1,1.5250048546365615,0.0,0.0,0.0,0.0,0.0,0.0,0.0,0.2823349783432943,0.0
4,3,6,1,1.8514724661024857,0.0,0.0,0.0,0.0,0.0,0.0,0.0,0.43268807905652523,0.0
4,3,7,1,2.2694807133259514,0.0,0.0,0.0,0.0,0.0,0.0,0.0,0.5104553487812266,0.0
4,3,8,1,3.3841315812734853,0.0,0.0,0.0,0.0,0.0,0.0,0.0,0.6197089088789746,0.0
4,3,9,1,2.8964231365879196,0.0,0.0,0.0,0.0,0.0,0.0,0.0,0.3483168901618113,0.0
4,3,10,2,1.891141882926327,0.0,0.0,0.0,0.0,0.0,0.0,0.0,-0.12611294346654148,0.0
4,3,11,2,1.6882485420794802,0.0,0.0,0.0,0.0,0.0,0.0,0.0,-0.5652943463980017,0.0
4,3,12,2,1.8198444342759168,0.0,0.0,0.0,0.0,0.0,0.0,0.0,-0.35885956743733427,0.0
4,3,13,2,1.607289455976052,0.0,0.0,0.0,0.0,0.0,0.0,0.0,-0.09461747565009164,0.0
4,3,14,2,1.8230376996256499,0.0,0.0,0.0,0.0,0.0,0.0,0.0,0.04492971918205657,0.0
4,3,15,3,2.1680988904295444,0.0,0.0,0.0,0.0,0.0,0.0,0.0,0.11608481871787586,0.0
4,3,16,3,2.125900006571881,0.0,0.0,0.0,0.0,0.0,0.0,0.0,0.17287018353194297,0.0
4,3,17,3,1.992348033006215,0.0,0.0,0.0,0.0,0.0,0.0,0.0,0.05643677779352174,0.0
4,3,18,3,1.818103970855294,0.0,0.0,0.0,0.0,0.0,0.0,0.0,-0.11666497319141682,0.0
4,3,19,3,2.3170567439759635,0.0,0.0,0.0,0.0,0.0,0.0,0.0,0.06371891246802752,0.0
4,3,20,4,5.145424398913655,0.0,0.0,0.0,0.0,0.0,0.0,0.0,1.05102545530248,0.0
4,3,21,4,7.2233149070585565,0.0,0.0,0.0,0.0,0.0,0.0,0.0,1.8017369787344208,0.0
4,3,22,4,6.339217699255946,0.0,0.0,0.0,0.0,0.0,0.0,0.0,1.340720318426661,0.0
4,3,23,4,5.437499554604451,0.0,0.0,0.0,0.0,0.0,0.0,0.0,0.0973583852302653,0.0
4,3,24,4,7.944148268092722,0.0,0.0,0.0,0.0,0.0,0.0,0.0,0.24027778701138836,0.0
4,3,25,5,14.91043283948226,0.0,0.0,0.0,0.0,0.0,0.0,0.0,2.8570717134087715,0.0
4,3,26,5,14.515960932811105,0.0,0.0,0.0,0.0,0.0,0.0,0.0,3.0261537927355513,0.0
4,3,27,5,10.198373263514235,0.0,0.0,0.0,0.0,0.0,0.0,0.0,0.751408331807171,0.0
4,3,28,5,7.149666237049292,0.0,0.0,0.0,0.0,0.0,0.0,0.0,-2.586922200810989,0.0
4,3,29,5,5.5563930332290274,0.0,0.0,0.0,0.0,0.0,0.0,0.0,-2.9865226331940256,0.0
4,3,30,6,6.931827390746082,0.0,0.0,0.0,0.0,0.0,0.0,0.0,-1.088848624256051,0.0
4,3,31,6,18.41844509971446,0.0,0.0,0.0,0.0,0.0,0.0,0.0,3.7562596208883896,0.0
4,3,32,6,24.029384731327884,0.0,0.0,0.0,0.0,0.0,0.0,0.0,6.157663899366285,0.0
4,3,33,6,20.322443384681456,0.0,0.0,0.0,0.0,0.0,0.0,0.0,4.4635386646451245,0.0
4,3,34,6,17.548638676856292,0.0,0.0,0.0,0.0,0.0,0.0,0.0,-0.2899354742860562,0.0
4,3,35,7,19.22834395995886,0.0,0.0,0.0,0.0,0.0,0.0,0.0,-1.6003469237896748,0.0
4,3,36,7,20.779967987500747,0.0,0.0,0.0,0.0,0.0,0.0,0.0,0.15250820093976358,0.0
4,3,37,7,18.817047275127113,0.0,0.0,0.0,0.0,0.0,0.0,0.0,0.42280286609027345,0.0
4,3,38,7,22.222259156826745,0.0,0.0,0.0,0.0,0.0,0.0,0.0,0.997971732289295,0.0
4,3,39,7,49.136775500236546,0.0,0.0,0.0,1.0,0.0,0.0,0.8464867057837822,9.452269170911933,0.0
4,3,40,8,61.1847371627242,0.0,0.0,0.0,1.0,0.0,0.0,6.162208812793388,14.122563295865694,0.0
4,3,41,8,47.17901860573586,0.0,0.0,0.0,0.0,0.0,0.0,0.0,8.318919816303039,0.0
4,3,42,8,37.771499232822435,0.0,0.0,0.0,0.0,0.0,0.0,0.0,-3.78842542247137,0.0
4,3,43,8,42.015710773466154,0.0,0.0,0.0,0.0,0.0,0.0,0.0,-6.389675463086014,0.0
4,3,44,8,61.62563997770462,0.0,0.0,0.0,0.0,0.0,0.0,0.0,4.81554045732292,1.0
4,3,45,9,67.54589267331544,0.0,0.0,0.0,0.0,0.0,0.0,0.0,9.924797813497667,1.0
4,3,46,9,49.88527349904332,0.0,0.0,0.0,0.0,0.0,0.0,0.0,2.6231875751923894,1.0
4,3,47,9,36.860192192226116,0.0,0.0,0.0,0.0,0.0,0.0,0.0,-8.255149261826169,1.0
4,3,48,9,36.146777483150714,0.0,0.0,0.0,0.0,0.0,0.0,0.0,-10.466371730054908,1.0
4,1,0,0,0.0,0.0,0.0,0.0,0.0,0.0,0.0,0.0,0.0,0.0
4,1,1,0,0.6271404485717655,0.0,0.0,0.0,0.0,0.0,0.0,0.0,0.6271404485717655,0.0
4,1,2,0,1.0666074234088854,0.0,0.0,0.0,0.0,0.0,0.0,0.0,0.5333037117044427,0.0
4,1,3,0,0.9612166008668768,0.0,0.0,0.0,0.0,0.0,0.0,0.0,0.32040553362229224,0.0
4,1,4,0,0.8111602489575945,0.0,0.0,0.0,0.0,0.0,0.0,0.0,0.061339933461943,0.0
4,1,5,1,1.0720607838954264,0.0,0.0,0.0,0.0,0.0,0.0,0.0,0.0018177868288469974,0.0
4,1,6,1,1.929435829131597,0.0,0.0,0.0,0.0,0.0,0.0,0.0,0.32273974275490674,0.0
4,1,7,1,4.123435375982263,0.0,0.0,0.0,0.0,0.0,0.0,0.0,1.1040917090082227,0.0
4,1,8,1,4.477272157683135,0.0,0.0,0.0,0.0,0.0,0.0,0.0,1.1350704579292363,0.0
4,1,9,1,3.3499562055504075,0.0,0.0,0.0,0.0,0.0,0.0,0.0,0.4735067921396035,0.0
4,1,10,2,2.436737332609855,0.0,0.0,0.0,0.0,0.0,0.0,0.0,-0.5622326811241359,0.0
4,1,11,2,2.2221810850781214,0.0,0.0,0.0,0.0,0.0,0.0,0.0,-0.7516970242016713,0.0
4,1,12,2,2.4840783649764395,0.0,0.0,0.0,0.0,0.0,0.0,0.0,-0.2886259468579893,0.0
4,1,13,2,2.13939391807385,0.0,0.0,0.0,0.0,0.0,0.0,0.0,-0.09911447151200174,0.0
4,1,14,2,2.034447758148791,0.0,0.0,0.0,0.0,0.0,0.0,0.0,-0.06257777564311014,0.0
4,1,15,3,2.7529295789580983,0.0,0.0,0.0,0.0,0.0,0.0,0.0,0.08961707132721959,0.0
4,1,16,3,2.1794492488287553,0.0,0.0,0.0,0.0,0.0,0.0,0.0,0.013351776918301805,0.0
4,1,17,3,1.1679067870143003,0.0,0.0,0.0,0.0,0.0,0.0,0.0,-0.2888469903781636,0.0
4,1,18,3,0.600237139893073,0.0,0.0,0.0,0.0,0.0,0.0,0.0,-0.7175641463550084,0.0
4,1,19,3,0.30817202310026487,0.0,0.0,0.0,0.0,0.0,0.0,0.0,-0.6237590752428301,0.0
4,1,20,4,0.16595200806651814,0.0,0.0,0.0,0.0,0.0,0.0,0.0,-0.33398492631592736,0.0
4,1,21,4,0.9223831560587199,0.0,0.0,0.0,0.0,0.0,0.0,0.0,0.10738200538854896,0.0
4,1,22,4,8.041486553676775,0.0,0.0,0.0,0.0,0.0,0.0,0.0,2.57777151019217,0.0
4,1,23,4,28.285551211355177,1.0,0.0,1.0,1.0,0.0,2.7772368077721374,7.644591399992702,9.373199734429553,0.0
4,1,24,4,54.44787464787238,1.0,1.0,1.0,1.0,0.0,27.33384813495998,24.488903641528527,17.84183049727122,0.0
4,1,25,5,78.31335228473452,1.0,1.0,1.0,1.0,1.0,49.449237937010835,38.291253366324625,23.423955243685914,0.0
4,1,26,5,86.82928597296404,1.0,1.0,1.0,1.0,1.0,56.06040490125493,39.20438943486773,19.514578253869622,1.0
4,1,27,5,89.05197055266892,1.0,1.0,1.0,1.0,1.0,56.21334070410799,36.205893870030295,11.534698634932179,1.0
4,1,28,5,81.97306971199058,1.0,1.0,1.0,1.0,1.0,46.8894058700192,26.718639308617938,1.2199058090853516,1.0
4,1,29,5,62.0786526680307,1.0,1.0,1.0,1.0,1.0,24.56436645239802,7.16490640292821,-8.250211101644448,1.0
4,1,30,6,48.89663043519623,1.0,0.0,1.0,0.0,1.0,8.755830301959136,0.0,-13.385113372490897,1.0
4,2,0,0,0.0,0.0,0.0,0.0,0.0,0.0,0.0,0.0,0.0,0.0
4,2,1,0,0.5691762341526276,0.0,0.0,0.0,0.0,0.0,0.0,0.0,0.5691762341526276,0.0
4,2,2,0,1.1749836784364698,0.0,0.0,0.0,0.0,0.0,0.0,0.0,0.5874918392182349,0.0
4,2,3,0,1.6707600359831236,0.0,0.0,0.0,0.0,0.0,0.0,0.0,0.5569200119943746,0.0
4,2,4,0,2.068465431482118,0.0,0.0,0.0,0.0,0.0,0.0,0.0,0.4997630657764967,0.0
4,2,5,1,2.196193522027049,0.0,0.0,0.0,0.0,0.0,0.0,0.0,0.3404032811968598,0.0
4,2,6,1,1.8916465638984303,0.0,0.0,0.0,0.0,0.0,0.0,0.0,0.07362884263843557,0.0
4,2,7,1,1.809535209398324,0.0,0.0,0.0,0.0,0.0,0.0,0.0,-0.0863100740279313,0.0
4,2,8,1,2.773557097758302,0.0,0.0,0.0,0.0,0.0,0.0,0.0,0.19245452524375098,0.0
4,2,9,1,3.119185944190617,0.0,0.0,0.0,0.0,0.0,0.0,0.0,0.4091797934307289,0.0
4,2,10,2,2.6331481520003406,0.0,0.0,0.0,0.0,0.0,0.0,0.0,0.27453764753400556,0.0
4,2,11,2,1.7382930517898418,0.0,0.0,0.0,0.0,0.0,0.0,0.0,-0.34508801532282013,0.0
4,2,12,2,0.9782688884936935,0.0,0.0,0.0,0.0,0.0,0.0,0.0,-0.7136390185656412,0.0
4,2,13,2,0.7130739487856104,0.0,0.0,0.0,0.0,0.0,0.0,0.0,-0.64002473440491,0.0
4,2,14,2,1.4304450991179025,0.0,0.0,0.0,0.0,0.0,0.0,0.0,-0.10261598422397977,0.0
4,2,15,3,2.3734561880387495,0.0,0.0,0.0,0.0,0.0,0.0,0.0,0.4650624331816853,0.0
4,2,16,3,2.6481390363025774,0.0,0.0,0.0,0.0,0.0,0.0,0.0,0.645021695838989,0.0
4,2,17,3,2.5924725167774003,0.0,0.0,0.0,0.0,0.0,0.0,0.0,0.38734247255316595,0.0
4,2,18,3,3.274761050844048,0.0,0.0,0.0,0.0,0.0,0.0,0.0,0.3004349542684328,0.0
4,2,19,3,7.0404420905190745,0.0,0.0,0.0,0.0,0.0,0.0,0.0,1.4641010180721656,0.0
4,2,20,4,10.906554081669038,0.0,0.0,0.0,0.0,0.0,0.0,0.0,2.771360521630546,0.0
4,2,21,4,10.013682506361214,0.0,0.0,0.0,0.0,0.0,0.0,0.0,2.2463071518390554,0.0
4,2,22,4,10.557026584554418,0.0,0.0,0.0,0.0,0.0,0.0,0.0,1.1721948313451145,0.0
4,2,23,4,18.803800501044066,0.0,0.0,0.0,1.0,0.0,0.0,0.6251651269221448,2.6324154731250093,0.0
4,2,24,4,20.360181087249444,0.0,0.0,0.0,1.0,0.0,0.0,0.3477575821332408,3.448832860296077,0.0
4,2,25,5,15.493401102882093,0.0,0.0,0.0,0.0,0.0,0.0,0.0,1.6454581727758917,0.0
4,2,26,5,12.13988343765417,0.0,0.0,0.0,0.0,0.0,0.0,0.0,-2.2213056877966317,0.0
4,2,27,5,9.027364761545908,0.0,0.0,0.0,0.0,0.0,0.0,0.0,-3.7776054419011786,0.0
4,2,28,5,6.291650724719876,0.0,0.0,0.0,0.0,0.0,0.0,0.0,-3.067250126054072,0.0
4,2,29,5,4.582201426966534,0.0,0.0,0.0,0.0,0.0,0.0,0.0,-2.5192273368958786,0.0
4,2,30,6,4.134109815716192,0.0,0.0,0.0,0.0,0.0,0.0,0.0,-1.6310849819432385,0.0
4,2,31,6,4.432427962324233,0.0,0.0,0.0,0.0,0.0,0.0,0.0,-0.6197409207985475,0.0
4,2,32,6,2.982635609144314,0.0,0.0,0.0,0.0,0.0,0.0,0.0,-0.5331886059407399,0.0
4,2,33,6,1.6057916603380349,0.0,0.0,0.0,0.0,0.0,0.0,0.0,-0.8427727184593857,0.0
4,2,34,6,0.8559016290882294,0.0,0.0,0.0,0.0,0.0,0.0,0.0,-1.1921754444120014,0.0
4,2,35,7,0.533119136847999,0.0,0.0,0.0,0.0,0.0,0.0,0.0,-0.8165054907654383,0.0
4,2,36,7,1.1867576713642618,0.0,0.0,0.0,0.0,0.0,0.0,0.0,-0.13967799632459102,0.0
4,2,37,7,3.528718887738272,0.0,0.0,0.0,0.0,0.0,0.0,0.0,0.8909390862166808,0.0
4,2,38,7,5.886997181023194,0.0,0.0,0.0,0.0,0.0,0.0,0.0,1.784626014725065,0.0
4,2,39,7,4.540318404660275,0.0,0.0,0.0,0.0,0.0,0.0,0.0,1.1178535777653378,0.0
4,2,40,8,2.4383108429790674,0.0,0.0,0.0,0.0,0.0,0.0,0.0,-0.36346934825306815,0.0
4,2,41,8,1.3794731948314003,0.0,0.0,0.0,0.0,0.0,0.0,0.0,-1.5025079953972647,0.0
4,2,42,8,3.3951885892379163,0.0,0.0,0.0,0.0,0.0,0.0,0.0,-0.3817099384741196,0.0
4,2,43,8,17.182104014884132,0.0,0.0,0.0,0.0,0.0,0.0,0.0,4.914597723968355,0.0
4,2,44,8,31.105697940263376,0.0,0.0,0.0,0.0,0.0,0.0,0.0,9.908741581810657,0.0
4,2,45,9,26.464544321134,0.0,0.0,0.0,0.0,0.0,0.0,0.0,7.6897852439653605,0.0
4,2,46,9,20.56842135838336,0.0,0.0,0.0,0.0,0.0,0.0,0.0,1.1287724478330763,0.0
4,2,47,9,46.413599900862614,0.0,0.0,0.0,0.0,0.0,0.0,0.0,5.102633986866413,0.0
4,2,48,9,83.19243171594306,0.0,0.0,0.0,0.0,0.0,0.0,0.0,18.909295798269685,0.0
4,2,49,9,92.32664368478046,0.0,0.0,0.0,0.0,0.0,0.0,0.0,23.919407442132368,0.0
4,2,50,10,89.79113260147861,0.0,0.0,0.0,0.0,0.0,0.0,0.0,14.459177566871999,0.0
4,2,51,10,94.5758800109428,0.0,0.0,0.0,0.0,0.0,0.0,0.0,3.7944827649999127,0.0
4,2,52,10,98.46606134282047,0.0,0.0,0.0,0.0,0.0,0.0,0.0,2.046472552680001,0.0
4,2,53,10,99.49939561216176,0.0,0.0,0.0,0.0,0.0,0.0,0.0,3.236087670227718,0.0
4,2,54,10,96.09968891128612,0.0,0.0,0.0,0.0,0.0,0.0,0.0,0.507936300114442,0.0
4,2,55,11,79.85395470590217,0.0,0.0,0.0,0.0,0.0,0.0,0.0,-6.2040355456394325,0.0
4,2,56,11,63.720149747703374,0.0,0.0,0.0,0.0,0.0,0.0,0.0,-11.926415288152796,0.0
4,2,57,11,55.89115192772704,0.0,0.0,0.0,0.0,0.0,0.0,0.0,-13.402845661186362,0.0
4,2,58,11,56.26945289450506,0.0,0.0,0.0,0.0,0.0,0.0,0.0,-7.861500603799037,0.0
4,2,59,11,64.48191787434197,0.0,0.0,0.0,0.0,0.0,0.0,0.0,0.25392270887953333,0.0
4,2,60,11,74.71337785951646,0.0,0.0,0.0,0.0,0.0,0.0,0.0,6.274075310596473,1.0
4,2,61,11,78.64956290668317,0.0,0.0,0.0,0.0,0.0,0.0,0.0,7.460036670726038,1.0
4,2,62,11,81.54985872044901,0.0,0.0,0.0,0.0,0.0,0.0,0.0,5.689313615369012,1.0
4,2,63,11,77.50198459668336,0.0,0.0,0.0,0.0,0.0,0.0,0.0,0.9295355790556338,1.0
4,2,64,11,67.11790427823492,0.0,0.0,0.0,0.0,0.0,0.0,0.0,-3.843886209482752,1.0
4,2,0,0,0.0,0.0,0.0,0.0,0.0,0.0,0.0,0.0,0.0,0.0
4,2,1,0,1.023144636896626,0.0,0.0,0.0,0.0,0.0,0.0,0.0,1.023144636896626,0.0
4,2,2,0,1.5371145863952291,0.0,0.0,0.0,0.0,0.0,0.0,0.0,0.7685572931976146,0.0
4,2,3,0,1.3758051257984873,0.0,0.0,0.0,0.0,0.0,0.0,0.0,0.4586017085994958,0.0
4,2,4,0,1.621718168406812,0.0,0.0,0.0,0.0,0.0,0.0,0.0,0.19952451050339537,0.0
4,2,5,1,2.7175124131955344,0.0,0.0,0.0,0.0,0.0,0.0,0.0,0.3934659422667684,0.0
4,2,6,1,3.741996201760611,0.0,0.0,0.0,0.0,0.0,0.0,0.0,0.7887303586540413,0.0
4,2,7,1,3.5930846988494514,0.0,0.0,0.0,0.0,0.0,0.0,0.0,0.6571221768142131,0.0
4,2,8,1,2.735403005837125,0.0,0.0,0.0,0.0,0.0,0.0,0.0,0.0059635308805301435,0.0
4,2,9,1,2.2032645210172186,0.0,0.0,0.0,0.0,0.0,0.0,0.0,-0.5129105602477976,0.0
4,2,10,2,2.032534138653692,0.0,0.0,0.0,0.0,0.0,0.0,0.0,-0.520183520065253,0.0
4,2,11,2,2.016270656152593,0.0,0.0,0.0,0.0,0.0,0.0,0.0,-0.2397107832281772,0.0
4,2,12,2,2.0287394940839585,0.0,0.0,0.0,0.0,0.0,0.0,0.0,-0.05817500897775337,0.0
4,2,13,2,1.9482991435134687,0.0,0.0,0.0,0.0,0.0,0.0,0.0,-0.028078331713407827,0.0
4,2,14,2,1.9545835347286264,0.0,0.0,0.0,0.0,0.0,0.0,0.0,-0.020562373807988903,0.0
4,2,15,3,3.4290614918280626,0.0,0.0,0.0,0.0,0.0,0.0,0.0,0.4667739992480347,0.0
4,2,16,3,5.6100458609391755,0.0,0.0,0.0,0.0,0.0,0.0,0.0,1.2205822391419023,0.0
4,2,17,3,5.536862029603715,0.0,0.0,0.0,0.0,0.0,0.0,0.0,1.1940928316250297,0.0
4,2,18,3,3.831301610179742,0.0,0.0,0.0,0.0,0.0,0.0,0.0,0.13408003945055982,0.0
4,2,19,3,2.2040151342552385,0.0,0.0,0.0,0.0,0.0,0.0,0.0,-1.1353435755613124,0.0
4,2,20,4,1.47650918308898,0.0,0.0,0.0,0.0,0.0,0.0,0.0,-1.3534509488382451,0.0
4,2,21,4,2.5058614026445207,0.0,0.0,0.0,0.0,0.0,0.0,0.0,-0.44181340251174045,0.0
4,2,22,4,5.421906249859606,0.0,0.0,0.0,0.0,0.0,0.0,0.0,1.0726303718681225,0.0
4,2,23,4,15.511171724530731,0.0,0.0,0.0,0.0,0.0,0.0,0.0,4.678220847147251,0.0
4,2,24,4,39.79484626148283,1.0,1.0,1.0,1.0,0.0,12.680819748570428,15.404849053036024,12.429661619612771,0.0
4,2,25,5,56.92722411175189,1.0,1.0,1.0,1.0,0.0,28.06310976402821,24.88384021938969,17.168439287297428,0.0
4,2,26,5,47.78685707647824,1.0,1.0,1.0,1.0,1.0,17.017976004769128,12.441531171639639,10.758561783982502,0.0
4,2,27,5,32.975403309604275,1.0,0.0,1.0,0.0,1.0,0.1367734610433473,0.0,-2.2731476506261856,1.0
4,2,28,5,25.95749047485707,0.0,0.0,0.0,0.0,0.0,0.0,0.0,-10.323244545631606,1.0
4,2,29,5,36.378143678399724,0.0,0.0,1.0,0.0,0.0,0.0,0.0,-3.8029044660261726,1.0
4,2,30,6,61.963457308577816,1.0,1.0,1.0,1.0,0.0,21.822657175340723,21.090812557305583,9.662684666324514,1.0
4,2,31,6,78.84206034010225,1.0,1.0,1.0,1.0,0.0,35.86855158162541,34.26018810141207,17.628189955081726,1.0
5,2,0,0,0.0,0.0,0.0,0.0,0.0,0.0,0.0,0.0,0.0,0.0
5,2,1,0,0.002803941041693912,0.0,0.0,0.0,0.0,0.0,0.0,0.0,0.002803941041693912,0.0
5,2,2,0,0.0014611860714482802,0.0,0.0,0.0,0.0,0.0,0.0,0.0,0.0007305930357241401,0.0
5,2,3,0,0.25577177696649894,0.0,0.0,0.0,0.0,0.0,0.0,0.0,0.08525725898883298,0.0
5,2,4,0,5.700672419787428,0.0,0.0,0.0,0.0,0.0,0.0,0.0,1.8992894929152448,0.0
5,2,5,1,9.016541659278214,0.0,0.0,0.0,1.0,0.0,0.0,0.5828628104305551,3.0050268244022553,0.0
5,2,6,1,7.9041157699890245,0.0,0.0,0.0,0.0,0.0,0.0,0.0,2.549447997674175,0.0
5,2,7,1,6.429707864577971,0.0,0.0,0.0,0.0,0.0,0.0,0.0,0.2430118149301809,0.0
5,2,8,1,5.330481670232242,0.0,0.0,0.0,0.0,0.0,0.0,0.0,-1.2286866630153241,0.0
5,2,9,1,9.81847861754168,0.0,0.0,0.0,0.0,0.0,0.0,0.0,0.6381209491842187,0.0
5,2,10,2,19.762212184614192,1.0,1.0,1.0,1.0,0.0,6.677903663427021,7.668827074594038,4.444168106678741,0.0
5,2,11,2,24.032118503029608,1.0,1.0,1.0,1.0,0.0,10.281394407784301,9.930015746808387,6.233878944265789,0.0
5,2,12,2,35.571993035598865,1.0,1.0,1.0,1.0,1.0,21.144418768812603,18.177474752186896,8.584504806019062,0.0
5,2,13,2,39.45337105763039,1.0,1.0,1.0,1.0,1.0,24.328208858128107,19.61607169142533,6.5637196243387335,0.0
5,2,14,2,27.95712087718056,1.0,1.0,1.0,1.0,1.0,12.103329820094967,8.162406023713732,1.3083341247169844,0.0
5,2,15,3,22.38058799132452,1.0,0.0,1.0,1.0,1.0,5.756823988096077,2.7158566693179935,-4.397135014758114,0.0
5,2,16,3,27.647451252302552,1.0,1.0,1.0,1.0,1.0,10.202067050679489,7.762928338126905,-3.9353066017759466,0.0
5,2,17,3,25.520583544749478,1.0,1.0,1.0,1.0,1.0,7.1916287287877765,5.853044677058676,-0.812179110810361,0.0
5,2,18,3,22.04261430400014,1.0,0.0,1.0,1.0,1.0,2.7578352940635575,3.095108541411115,-0.11265789577479406,0.0
5,2,19,3,18.542596476191314,0.0,0.0,0.0,1.0,0.0,0.0,0.7660574951270576,-3.0349515920370798,0.0
5,2,20,4,15.968569417113141,0.0,0.0,0.0,0.0,0.0,0.0,0.0,-3.1840047092121124,0.0
5,2,21,4,12.78350917014076,0.0,0.0,0.0,0.0,0.0,0.0,0.0,-3.0863683779531264,0.0
5,2,22,4,10.353276277088508,0.0,0.0,0.0,0.0,0.0,0.0,0.0,-2.7297733997009352,0.0
5,2,23,4,11.81994299509799,0.0,0.0,0.0,0.0,0.0,0.0,0.0,-1.38287547400505,0.0
5,2,24,4,15.118476991389006,0.0,0.0,0.0,0.0,0.0,0.0,0.0,0.7783226070827484,0.0
5,2,25,5,16.174888076604482,0.0,0.0,0.0,0.0,0.0,0.0,0.0,1.9405372665053247,0.0
5,2,26,5,20.653418575486143,0.0,0.0,0.0,0.0,0.0,0.0,0.0,2.944491860129384,0.0
5,2,27,5,36.24329743206107,1.0,0.0,1.0,1.0,0.0,3.4046675835001423,12.541562268952386,7.041606813557355,0.0
5,2,28,5,45.189605051617974,1.0,0.0,1.0,1.0,0.0,10.105941209646602,17.072112501579827,9.671572325004497,0.0
5,2,29,5,44.04569402902031,1.0,0.0,1.0,1.0,1.0,6.531407813387631,12.62857947458916,7.797425151178056,0.0
5,2,30,6,36.55361778605334,0.0,0.0,0.0,1.0,0.0,0.0,3.233131104150303,0.10344011799742248,0.0
5,2,31,6,24.907733664758368,0.0,0.0,0.0,0.0,0.0,0.0,0.0,-6.7606237956198685,0.0
5,2,32,6,15.430333912196993,0.0,0.0,0.0,0.0,0.0,0.0,0.0,-9.53845337227444,0.0
5,2,33,6,11.203445323717112,0.0,0.0,0.0,0.0,0.0,0.0,0.0,-8.450057487445408,0.0
5,2,34,6,9.833571364627938,0.0,0.0,0.0,0.0,0.0,0.0,0.0,-5.024720766710144,0.0
5,2,35,7,8.159691315232426,0.0,0.0,0.0,0.0,0.0,0.0,0.0,-2.4235475323215225,0.0
5,2,36,7,8.640349250091742,0.0,0.0,0.0,0.0,0.0,0.0,0.0,-0.8543653578751235,0.0
5,2,37,7,9.659120400553997,0.0,0.0,0.0,0.0,0.0,0.0,0.0,-0.058150321357980296,0.0
5,2,38,7,9.221521547443736,0.0,0.0,0.0,0.0,0.0,0.0,0.0,0.3539434107371034,0.0
5,2,39,7,9.251391564674094,0.0,0.0,0.0,0.0,0.0,0.0,0.0,0.20368077152745082,0.0
5,2,40,8,13.91137428061069,0.0,0.0,0.0,0.0,0.0,0.0,0.0,1.4174179600188979,1.0
5,2,41,8,18.702354231776972,0.0,0.0,0.0,0.0,0.0,0.0,0.0,3.160277561444412,1.0
5,2,42,8,18.42775861361318,0.0,0.0,0.0,0.0,0.0,0.0,0.0,3.0587890163130282,1.0
5,2,43,8,13.113710488004928,0.0,0.0,0.0,0.0,0.0,0.0,0.0,-0.2658879308685875,1.0
5,2,44,8,10.40089762617719,0.0,0.0,0.0,0.0,0.0,0.0,0.0,-2.767152201866594,1.0
5,1,0,0,0.0,0.0,0.0,0.0,0.0,0.0,0.0,0.0,0.0,0.0
5,1,1,0,6.13224737001944,0.0,0.0,0.0,0.0,0.0,0.0,0.0,6.13224737001944,0.0
5,1,2,0,13.70066132050253,1.0,1.0,1.0,1.0,0.0,4.881696012809696,4.278190481526508,6.850330660251265,0.0
5,1,3,0,19.025626772478752,1.0,1.0,1.0,1.0,0.0,9.837001114278328,7.594925998512759,6.341875590826251,0.0
5,1,4,0,19.949336711109794,1.0,1.0,1.0,1.0,1.0,10.414033633786243,7.751267530141774,4.605696447030118,0.0
5,1,5,1,21.09666401318757,1.0,1.0,1.0,1.0,1.0,11.23311068878065,8.420622434646514,2.4653342308950137,0.0
5,1,6,1,17.943685573666762,1.0,1.0,1.0,1.0,1.0,7.626756647728671,5.353845313498914,-0.3606470662706632,0.0
5,1,7,1,10.701463570507123,0.0,0.0,0.0,0.0,0.0,0.0,0.0,-3.0826243802008904,0.0
5,1,8,1,9.396671880517834,0.0,0.0,0.0,0.0,0.0,0.0,0.0,-3.899997377556579,0.0
5,1,9,1,13.57933824626491,1.0,0.0,1.0,1.0,0.0,1.1613138653452921,1.095749002807631,-1.454782442467284,0.0
5,1,10,2,19.63575760854833,1.0,1.0,1.0,1.0,0.0,6.55144908736116,6.867290892469454,2.978098012680403,0.0
5,1,11,2,33.280689916000185,1.0,1.0,1.0,1.0,1.0,19.529965820754878,19.572570921053668,7.961339345160783,0.0
5,1,12,2,38.17215344318112,1.0,1.0,1.0,1.0,1.0,23.744579176394854,22.659945212548223,8.197605065638735,0.0
5,1,13,2,34.22628385810444,1.0,1.0,1.0,1.0,1.0,19.101121658602153,17.66187514713859,4.863508749852035,0.0
5,1,14,2,31.637893344195117,1.0,1.0,1.0,1.0,1.0,15.784102287109523,14.313732045074222,-0.547598857268356,0.0
5,1,15,3,27.767554923955398,1.0,1.0,1.0,1.0,1.0,11.143790920726953,9.9889394117736,-3.4681995064085727,0.0
5,1,16,3,24.22066006237879,1.0,1.0,1.0,1.0,1.0,6.775275860755727,6.041964078842426,-3.335207931908549,0.0
5,1,17,3,22.300938249747745,1.0,0.0,1.0,1.0,1.0,3.9719834337860433,3.8160307408181353,-3.1123183648157906,0.0
5,1,18,3,22.33946265710911,1.0,0.0,1.0,1.0,1.0,3.054683647172528,4.3041519585379575,-1.8093640889487628,0.0
5,1,19,3,33.13365422297018,1.0,1.0,1.0,1.0,1.0,12.810494275730228,15.916222244851909,2.970998053530463,0.0
5,1,20,4,31.383692185725742,1.0,1.0,1.0,1.0,1.0,9.929291394161702,14.983309772613339,3.0275846453259994,0.0
5,1,21,4,22.92312751178106,1.0,0.0,1.0,1.0,1.0,0.23432280517996418,6.291739910292911,0.1945549515573172,0.0
5,1,22,4,26.594431268447813,1.0,0.0,1.0,1.0,1.0,2.5577564124044656,9.369759099619714,-2.1797409848407887,0.0
5,1,23,4,46.498492374962964,1.0,1.0,1.0,1.0,1.0,20.990177971379925,26.821093744975933,5.03826672974574,0.0
5,1,24,4,56.88715776929739,1.0,1.0,1.0,1.0,1.0,29.773131256384985,32.7616339559225,11.32134341917211,0.0
5,1,25,5,52.49236528371325,1.0,1.0,1.0,1.0,1.0,23.628250935989566,25.821833301538383,8.632644671755145,0.0
5,1,26,5,45.51785131540935,1.0,1.0,1.0,1.0,1.0,14.748970243700239,17.522810868551055,-0.3268803531845374,1.0
5,1,27,5,42.42007693352387,1.0,0.0,1.0,1.0,1.0,9.581447084962946,13.67914279293242,-4.822360278591172,1.0
5,1,28,5,33.144235953944936,0.0,0.0,0.0,1.0,0.0,0.0,4.029930953458678,-6.449376443256104,1.0
5,1,29,5,21.212386827201627,0.0,0.0,0.0,0.0,0.0,0.0,0.0,-8.101821496069242,1.0
5,1,30,6,15.643112820919772,0.0,0.0,0.0,0.0,0.0,0.0,0.0,-8.925654704201367,1.0
5,3,0,0,0.0,0.0,0.0,0.0,0.0,0.0,0.0,0.0,0.0,0.0
5,3,1,0,0.31906238615945626,0.0,0.0,0.0,0.0,0.0,0.0,0.0,0.31906238615945626,0.0
5,3,2,0,0.43218401693654507,0.0,0.0,0.0,0.0,0.0,0.0,0.0,0.21609200846827253,0.0
5,3,3,0,1.327299898061872,0.0,0.0,0.0,0.0,0.0,0.0,0.0,0.4424332993539573,0.0
5,3,4,0,2.7419531698772213,0.0,0.0,0.0,0.0,0.0,0.0,0.0,0.8076302612392551,0.0
5,3,5,1,1.8595486778770185,0.0,0.0,0.0,0.0,0.0,0.0,0.0,0.4757882203134911,0.0
5,3,6,1,0.9715309034075611,0.0,0.0,0.0,0.0,0.0,0.0,0.0,-0.1185896648847703,0.0
5,3,7,1,0.4989417010943673,0.0,0.0,0.0,0.0,0.0,0.0,0.0,-0.7476704895942846,0.0
5,3,8,1,0.3094484393756589,0.0,0.0,0.0,0.0,0.0,0.0,0.0,-0.5167000795004532,0.0
5,3,9,1,0.9355743742894456,0.0,0.0,0.0,0.0,0.0,0.0,0.0,-0.01198550970603851,0.0
5,3,10,2,2.2241173949376227,0.0,0.0,0.0,0.0,0.0,0.0,0.0,0.5750585646144185,0.0
5,3,11,2,2.1528878516630865,0.0,0.0,0.0,0.0,0.0,0.0,0.0,0.6144798040958092,0.0
5,3,12,2,2.3533335233916675,0.0,0.0,0.0,0.0,0.0,0.0,0.0,0.47258638303407396,0.0
5,3,13,2,7.306919612410258,0.0,0.0,0.0,0.0,0.0,0.0,0.0,1.6942674058242118,0.0
5,3,14,2,11.863942558739819,0.0,0.0,0.0,1.0,0.0,0.0,0.792121539774719,3.237018235692244,0.0
5,3,15,3,10.255168407322515,0.0,0.0,0.0,0.0,0.0,0.0,0.0,2.6339449613102826,0.0
5,3,16,3,7.13295094109582,0.0,0.0,0.0,0.0,0.0,0.0,0.0,-0.05798955710481272,0.0
5,3,17,3,4.325832808464545,0.0,0.0,0.0,0.0,0.0,0.0,0.0,-2.5127032500917577,0.0
5,3,18,3,2.763091312319956,0.0,0.0,0.0,0.0,0.0,0.0,0.0,-2.4973590316675196,0.0
5,3,19,3,5.428795682495656,0.0,0.0,0.0,0.0,0.0,0.0,0.0,-0.5680517528667215,0.0
5,3,20,4,23.089454555718188,1.0,0.0,1.0,1.0,0.0,1.6350537641541472,6.473531481844169,6.2545405824178815,0.0
5,3,21,4,46.469920435774156,1.0,1.0,1.0,1.0,0.0,23.78111572917306,22.60134546308669,14.5689430411514,0.0
5,3,22,4,48.815816311205175,1.0,1.0,1.0,1.0,1.0,24.779141455161827,20.63582703967615,14.46234020956984,0.0
5,3,23,4,46.58366091262397,1.0,1.0,1.0,1.0,1.0,21.07534650904093,15.964711087685806,7.831402118968594,0.0
5,3,24,4,41.933659069166566,1.0,1.0,1.0,1.0,1.0,14.819632556254163,9.847426641244006,-1.51208712220253,0.0
5,3,25,5,29.685163691027128,1.0,0.0,1.0,0.0,1.0,0.8210493433034465,0.0,-6.376884206726015,0.0
5,3,26,5,16.784840451319177,0.0,0.0,0.0,0.0,0.0,0.0,0.0,-9.932940153768264,0.0
5,3,27,5,13.102384298612684,0.0,0.0,0.0,0.0,0.0,0.0,0.0,-9.61042492351796,0.0
5,3,28,5,18.71136208384248,0.0,0.0,0.0,0.0,0.0,0.0,0.0,-3.6579338690615493,0.0
5,3,29,5,17.840525202088067,0.0,0.0,0.0,0.0,0.0,0.0,0.0,0.3518949169229633,0.0
5,3,30,6,17.881423470937793,0.0,0.0,0.0,0.0,0.0,0.0,0.0,1.5930130574417032,0.0
5,3,31,6,28.270780303986808,0.0,0.0,0.0,0.0,0.0,0.0,0.0,3.1864727400481088,0.0
5,3,32,6,39.94635406775511,0.0,0.0,0.0,1.0,0.0,0.0,3.9404876682192906,7.368609621889014,0.0
5,3,33,6,49.10364408326792,0.0,0.0,1.0,1.0,0.0,0.0,11.394594047673479,10.40740687077671,0.0
5,3,34,6,60.760503065270385,1.0,0.0,1.0,1.0,0.0,7.948668548339867,19.032694778986375,10.829907587094525,0.0
5,3,35,7,62.58299735594619,1.0,0.0,1.0,1.0,0.0,6.010643746312198,16.518730220870808,7.545547762730361,0.0
5,3,36,7,60.60073129058457,1.0,0.0,1.0,1.0,1.0,0.010148062150541648,10.745898800637839,3.832362402438882,0.0
5,3,37,7,60.45073341017917,0.0,0.0,0.0,1.0,0.0,0.0,8.126315933128012,-0.10325655169707204,0.0
5,3,38,7,56.57947390647002,0.0,0.0,0.0,1.0,0.0,0.0,3.275411182633185,-2.001174483158723,0.0
5,3,39,7,51.2249653438048,0.0,0.0,0.0,0.0,0.0,0.0,0.0,-3.1252553155932574,0.0
5,3,40,8,47.063713340434035,0.0,0.0,0.0,0.0,0.0,0.0,0.0,-4.462340023248378,1.0
5,3,41,8,41.632842954901264,0.0,0.0,0.0,0.0,0.0,0.0,0.0,-4.982210317189586,1.0
5,3,42,8,33.55988532960162,0.0,0.0,0.0,0.0,0.0,0.0,0.0,-5.888360004734392,1.0
5,3,43,8,24.54743956018561,0.0,0.0,0.0,0.0,0.0,0.0,0.0,-7.505424593416142,1.0
5,3,44,8,16.18157493252271,0.0,0.0,0.0,0.0,0.0,0.0,0.0,-8.483756007459517,1.0
5,3,0,0,0.0,0.0,0.0,0.0,0.0,0.0,0.0,0.0,0.0,0.0
5,3,1,0,1.661272277139277,0.0,0.0,0.0,0.0,0.0,0.0,0.0,1.661272277139277,0.0
5,3,2,0,5.544161341220497,0.0,0.0,0.0,0.0,0.0,0.0,0.0,2.7720806706102485,0.0
5,3,3,0,9.682303691912502,1.0,0.0,1.0,1.0,0.0,0.49367803371207764,1.7538372124501862,3.2274345639708337,0.0
5,3,4,0,8.992860268198363,0.0,0.0,0.0,1.0,0.0,0.0,0.6064528054214531,2.443862663686362,0.0
5,3,5,1,8.317469241352192,0.0,0.0,0.0,0.0,0.0,0.0,0.0,0.9244359667105652,0.0
5,3,6,1,7.401270624542496,0.0,0.0,0.0,0.0,0.0,0.0,0.0,-0.7603443557900018,0.0
5,3,7,1,4.829395670441188,0.0,0.0,0.0,0.0,0.0,0.0,0.0,-1.3878215325857253,0.0
5,3,8,1,2.747274507325663,0.0,0.0,0.0,0.0,0.0,0.0,0.0,-1.8567315780088431,0.0
5,3,9,1,2.5236200201733423,0.0,0.0,0.0,0.0,0.0,0.0,0.0,-1.625883534789718,0.0
5,3,10,2,2.6615036018552845,0.0,0.0,0.0,0.0,0.0,0.0,0.0,-0.7226306895286344,0.0
5,3,11,2,1.8375243049254801,0.0,0.0,0.0,0.0,0.0,0.0,0.0,-0.30325006746672756,0.0
5,3,12,2,1.5891900931808987,0.0,0.0,0.0,0.0,0.0,0.0,0.0,-0.31147664233081457,0.0
5,3,13,2,2.5686555151294796,0.0,0.0,0.0,0.0,0.0,0.0,0.0,-0.030949362241934935,0.0
5,3,14,2,3.1944691525523403,0.0,0.0,0.0,0.0,0.0,0.0,0.0,0.4523149492089534,0.0
5,3,15,3,2.9822302803454734,0.0,0.0,0.0,0.0,0.0,0.0,0.0,0.46434672905485824,0.0
5,3,16,3,4.092508503555847,0.0,0.0,0.0,0.0,0.0,0.0,0.0,0.5079509961421226,0.0
5,3,17,3,6.392072420541137,0.0,0.0,0.0,0.0,0.0,0.0,0.0,1.0658677559962655,0.0
5,3,18,3,5.888256264403747,0.0,0.0,0.0,0.0,0.0,0.0,0.0,0.9686753280194246,0.0
5,3,19,3,5.1006541239974545,0.0,0.0,0.0,0.0,0.0,0.0,0.0,0.3360485401472024,0.0
5,3,20,4,5.020622050746322,0.0,0.0,0.0,0.0,0.0,0.0,0.0,-0.4571501232649382,0.0
5,3,21,4,3.983204187721843,0.0,0.0,0.0,0.0,0.0,0.0,0.0,-0.6350173588939679,0.0
5,3,22,4,3.1551270163284473,0.0,0.0,0.0,0.0,0.0,0.0,0.0,-0.6485090358896691,0.0
5,3,23,4,2.6793532623794296,0.0,0.0,0.0,0.0,0.0,0.0,0.0,-0.7804229294556309,0.0
5,3,24,4,1.8154275684891137,0.0,0.0,0.0,0.0,0.0,0.0,0.0,-0.7225922064109098,0.0
5,3,25,5,2.28769771438106,0.0,0.0,0.0,0.0,0.0,0.0,0.0,-0.289143100649129,0.0
5,3,26,5,5.8648630410608575,0.0,0.0,0.0,0.0,0.0,0.0,0.0,1.0618365928938094,0.0
5,3,27,5,7.439696742293473,0.0,0.0,0.0,0.0,0.0,0.0,0.0,1.8747563912681198,0.0
5,3,28,5,6.999318879982244,0.0,0.0,0.0,0.0,0.0,0.0,0.0,1.570540388533728,0.0
5,3,29,5,6.767794033849503,0.0,0.0,0.0,0.0,0.0,0.0,0.0,0.30097699759621516,0.0
5,3,30,6,7.124287794835869,0.0,0.0,0.0,0.0,0.0,0.0,0.0,-0.1051363158192015,0.0
5,3,31,6,8.07131705871087,0.0,0.0,0.0,0.0,0.0,0.0,0.0,0.35733272624287515,0.0
5,3,32,6,9.190098970702241,0.0,0.0,0.0,0.0,0.0,0.0,0.0,0.8074349789509127,0.0
5,3,33,6,8.554853569654771,0.0,0.0,0.0,0.0,0.0,0.0,0.0,0.4768552582729673,0.0
5,3,34,6,9.851921767386797,0.0,0.0,0.0,0.0,0.0,0.0,0.0,0.5935349028919757,0.0
5,3,35,7,12.674451703963092,0.0,0.0,0.0,0.0,0.0,0.0,0.0,1.1614509110869502,0.0
5,3,36,7,12.143640108829569,0.0,0.0,0.0,0.0,0.0,0.0,0.0,1.1962621797249327,0.0
5,3,37,7,9.074929236114023,0.0,0.0,0.0,0.0,0.0,0.0,0.0,-0.2589975104242577,0.0
5,3,38,7,7.754235182958656,0.0,0.0,0.0,0.0,0.0,0.0,0.0,-1.6400721736681454,0.0
5,3,39,7,10.900577371580015,0.0,0.0,0.0,0.0,0.0,0.0,0.0,-0.4143542457498513,0.0
5,3,40,8,11.155515007485302,0.0,0.0,0.0,0.0,0.0,0.0,0.0,0.693528590457093,1.0
5,3,41,8,6.6782156503323264,0.0,0.0,0.0,0.0,0.0,0.0,0.0,-0.35867317754210976,1.0
5,3,42,8,6.3103458615225225,0.0,0.0,0.0,0.0,0.0,0.0,0.0,-1.5300771700191642,1.0
5,3,43,8,21.849855657967318,0.0,0.0,0.0,0.0,0.0,0.0,0.0,3.5647802168273386,1.0
5,3,44,8,28.010221516646013,0.0,0.0,0.0,0.0,0.0,0.0,0.0,7.110668622104562,1.0
5,2,0,0,0.0,0.0,0.0,0.0,0.0,0.0,0.0,0.0,0.0,0.0
5,2,1,0,0.0,0.0,0.0,0.0,0.0,0.0,0.0,0.0,0.0,0.0
5,2,2,0,0.07727142387356915,0.0,0.0,0.0,0.0,0.0,0.0,0.0,0.03863571193678458,0.0
5,2,3,0,3.272249759353631,0.0,0.0,0.0,0.0,0.0,0.0,0.0,1.0907499197845436,0.0
5,2,4,0,13.336917594583014,1.0,1.0,1.0,1.0,0.0,3.8016145172594626,3.6460444718015683,4.445639198194338,0.0
5,2,5,1,28.179054127730268,1.0,1.0,1.0,1.0,0.0,18.315500803323346,12.929928736942532,9.367260901285567,0.0
5,2,6,1,46.13662994148118,1.0,1.0,1.0,1.0,1.0,35.81970101554309,24.36188449342715,14.288126727375849,0.0
5,2,7,1,48.49180274974162,1.0,1.0,1.0,1.0,1.0,37.4471650027543,23.5461181099414,11.718295051719537,0.0
5,2,8,1,45.4921041704079,1.0,1.0,1.0,1.0,1.0,33.75053565965749,19.350848643548407,5.771016680892544,0.0
5,2,9,1,40.5376035840563,1.0,1.0,1.0,1.0,1.0,28.11957920313668,14.231872768566365,-1.8663421191416276,0.0
5,2,10,2,37.915141760689664,1.0,1.0,1.0,1.0,1.0,24.830833239502493,11.746709083729236,-3.5255536630173196,0.0
5,2,11,2,43.36569934892472,1.0,1.0,1.0,1.0,1.0,29.614975253679415,17.747257093150687,-0.7088016071610591,0.0
5,2,12,2,37.60736409450447,1.0,1.0,1.0,1.0,1.0,23.179789827718206,13.72600645146023,-0.9767464965172769,0.0
5,2,13,2,25.55539791974539,1.0,1.0,1.0,1.0,1.0,10.430235720243106,4.290107818998642,-4.119914613648092,0.0
5,2,14,2,17.720504888732062,1.0,0.0,1.0,0.0,1.0,1.866713831646468,0.0,-8.548398153397553,0.0
5,2,15,3,16.836741505429934,1.0,0.0,1.0,0.0,1.0,0.2129775022014897,0.0,-6.9235408630248445,0.0
5,2,16,3,30.960236050659972,1.0,1.0,1.0,1.0,1.0,13.514851849036909,11.682924771235236,1.8016127103048614,0.0
5,2,17,3,41.948320538868856,1.0,1.0,1.0,1.0,1.0,23.619365722907155,22.523050082653434,8.075938550045597,0.0
5,2,18,3,35.24750389705629,1.0,1.0,1.0,1.0,1.0,15.962724887119709,16.206646525386248,6.136920797208785,0.0
5,2,19,3,24.588784425732698,1.0,0.0,1.0,1.0,1.0,4.265624478492747,5.421012001659577,-2.1238172083090916,0.0
5,2,20,4,20.74170422170608,0.0,0.0,0.0,1.0,0.0,0.0,0.8796524569275519,-7.068872105720925,0.0
5,2,21,4,28.847363175143855,1.0,0.0,1.0,1.0,0.0,6.158558468542758,8.658143291475731,-2.1333802406374787,0.0
5,2,22,4,37.107175990751855,1.0,1.0,1.0,1.0,0.0,13.070501134708508,16.9511133313447,4.172797188339719,0.0
5,2,23,4,35.28489289468118,1.0,1.0,1.0,1.0,1.0,9.776578491098139,14.55655651960835,4.847729557658366,0.0
5,2,24,4,36.98225883825355,1.0,0.0,1.0,1.0,1.0,9.868232325341147,15.135657802429176,2.711631887703232,0.0
5,2,25,5,45.983663552022236,1.0,1.0,1.0,1.0,1.0,17.119549204298554,22.94085444334228,2.9588291870901267,0.0
5,2,26,5,51.33002423008165,1.0,1.0,1.0,1.0,1.0,20.561143158372534,27.188438198747104,5.348377111800157,0.0
5,2,27,5,50.779448892118864,1.0,1.0,1.0,1.0,1.0,17.940819043557937,24.644141208948543,4.5990633512884385,0.0
5,2,28,5,49.69586507043623,1.0,1.0,1.0,1.0,1.0,14.612201228464855,21.80143878762226,1.2374005061379971,0.0
5,2,29,5,47.964294240771274,1.0,0.0,1.0,1.0,1.0,10.450008025138594,18.461737307700936,-1.1219099964367913,0.0
5,2,30,6,45.84334324080478,1.0,0.0,1.0,1.0,1.0,5.702543107567685,15.917469199254814,-1.6453685504380289,0.0
5,2,31,6,38.84068127786679,0.0,0.0,0.0,1.0,0.0,0.0,9.833522215256114,-3.6183945975231446,0.0
5,2,32,6,31.663577327327832,0.0,0.0,0.0,1.0,0.0,0.0,1.56516336688993,-5.433572304481147,0.0
5,2,33,6,49.32986896404235,1.0,0.0,1.0,1.0,0.0,0.031146177411031317,17.602563769642614,1.16217524107919,0.0
5,2,34,6,72.57328501209403,1.0,1.0,1.0,1.0,0.0,19.761450495163515,35.71128960292304,11.244201244742413,0.0
5,2,35,7,76.82252855259689,1.0,0.0,1.0,1.0,1.0,20.2501749429629,35.5805511455797,15.052983741756355,0.0
5,2,36,7,71.99006290574681,1.0,0.0,1.0,1.0,1.0,11.399479677312783,27.50214374846162,7.553397980568154,0.0
5,2,37,7,57.797972328229136,0.0,0.0,0.0,1.0,0.0,0.0,11.126628698405106,-4.925104227954965,0.0
5,2,38,7,38.49762499082341,0.0,0.0,0.0,0.0,0.0,0.0,0.0,-12.774967853924494,0.0
5,2,39,7,29.42309759421547,0.0,0.0,0.0,0.0,0.0,0.0,0.0,-14.188988437177114,0.0
5,2,40,8,25.10871420509717,0.0,0.0,0.0,0.0,0.0,0.0,0.0,-10.896419374377322,0.0
5,2,41,8,25.218572229073075,0.0,0.0,0.0,0.0,0.0,0.0,0.0,-4.426350920583445,0.0
5,2,42,8,25.366759626461167,0.0,0.0,0.0,0.0,0.0,0.0,0.0,-1.352112655918101,0.0
5,2,43,8,27.384342395556615,0.0,0.0,0.0,0.0,0.0,0.0,0.0,0.7585427301531489,0.0
5,2,44,8,27.622925586901008,0.0,0.0,0.0,0.0,0.0,0.0,0.0,0.8014511192759777,0.0
5,2,45,9,24.070948623112102,0.0,0.0,0.0,0.0,0.0,0.0,0.0,-0.4319370011163552,0.0
5,2,46,9,23.927500038475713,0.0,0.0,0.0,0.0,0.0,0.0,0.0,-1.152280785693634,0.0
5,2,47,9,30.00883889098229,0.0,0.0,0.0,0.0,0.0,0.0,0.0,0.7953044346937604,0.0
5,2,48,9,37.92968075038513,0.0,0.0,0.0,0.0,0.0,0.0,0.0,4.619577375757676,0.0
5,2,49,9,41.102141703286186,0.0,0.0,0.0,0.0,0.0,0.0,0.0,5.724880554936824,0.0
5,2,50,10,31.69814339517265,0.0,0.0,0.0,0.0,0.0,0.0,0.0,0.5631015013967868,0.0
5,2,51,10,21.899528184963533,0.0,0.0,0.0,0.0,0.0,0.0,0.0,-5.343384188473866,0.0
5,2,52,10,18.811054848984043,0.0,0.0,0.0,0.0,0.0,0.0,0.0,-7.430362284767381,0.0
5,2,53,10,18.43334597884968,0.0,0.0,0.0,0.0,0.0,0.0,0.0,-4.421599138774323,0.0
5,2,54,10,20.6855613696299,0.0,0.0,0.0,0.0,0.0,0.0,0.0,-0.4046556051112103,0.0
5,2,55,11,24.56523308171795,0.0,0.0,0.0,0.0,0.0,0.0,0.0,1.918059410911302,0.0
5,2,56,11,24.489232167658088,0.0,0.0,0.0,0.0,0.0,0.0,0.0,2.0186287296028027,0.0
5,2,57,11,29.255894324862407,0.0,0.0,0.0,0.0,0.0,0.0,0.0,2.8567776517441685,0.0
5,2,58,11,32.27467128987452,0.0,0.0,0.0,0.0,0.0,0.0,0.0,2.56981273605219,1.0
5,2,59,11,30.428474291453426,0.0,0.0,0.0,0.0,0.0,0.0,0.0,1.9797473745984462,1.0
5,2,60,11,29.65988855492322,0.0,0.0,0.0,0.0,0.0,0.0,0.0,0.13466474335360465,1.0
5,2,61,11,38.34980672203178,0.0,0.0,0.0,0.0,0.0,0.0,0.0,2.02504514405242,1.0
5,2,62,11,52.810328303644106,0.0,0.0,0.0,0.0,0.0,0.0,0.0,7.4606180040635595,1.0
5,1,0,0,0.0,0.0,0.0,0.0,0.0,0.0,0.0,0.0,0.0,0.0
5,1,1,0,3.4734063755617024,0.0,0.0,0.0,0.0,0.0,0.0,0.0,3.4734063755617024,0.0
5,1,2,0,6.685651483808151,0.0,0.0,0.0,1.0,0.0,0.0,0.13658633569042777,3.3428257419040754,0.0
5,1,3,0,5.971372409662687,0.0,0.0,0.0,0.0,0.0,0.0,0.0,1.9904574698875621,0.0
5,1,4,0,4.035475339662734,0.0,0.0,0.0,0.0,0.0,0.0,0.0,0.18735632136701064,0.0
5,1,5,1,3.8649017896467543,0.0,0.0,0.0,0.0,0.0,0.0,0.0,-0.9402498980537989,0.0
5,1,6,1,4.949781994004487,0.0,0.0,0.0,0.0,0.0,0.0,0.0,-0.34053013855273306,0.0
5,1,7,1,5.731325015773786,0.0,0.0,0.0,0.0,0.0,0.0,0.0,0.5652832253703505,0.0
5,1,8,1,5.293827225042496,0.0,0.0,0.0,0.0,0.0,0.0,0.0,0.4763084784652472,0.0
5,1,9,1,10.096819541608177,0.0,0.0,0.0,1.0,0.0,0.0,1.5652706381531196,1.7156791825345632,0.0
5,1,10,2,31.174515705759582,1.0,1.0,1.0,1.0,0.0,18.09020718457241,16.911104134042418,8.481063563328599,0.0
5,1,11,2,49.906060609599706,1.0,1.0,1.0,1.0,0.0,36.1553365143544,29.033915456000706,14.870744461519068,0.0
5,1,12,2,59.182013630948276,1.0,1.0,1.0,1.0,1.0,44.75443936416201,32.87481121904668,16.361731363113368,0.0
5,1,13,2,62.41012917379513,1.0,1.0,1.0,1.0,1.0,47.28496697429284,32.14809998640464,10.411871156011848,0.0
5,1,14,2,58.29851644470572,1.0,1.0,1.0,1.0,1.0,42.444725387620124,26.12105542748055,2.797485278368671,0.0
5,1,15,3,47.41856275841403,1.0,1.0,1.0,1.0,1.0,30.79479875518559,15.345169610906709,-3.9211502908447478,0.0
5,1,16,3,34.48485794955897,1.0,1.0,1.0,1.0,1.0,17.039473747935908,3.5446600210900314,-9.308423741412051,0.0
5,1,17,3,21.263709296694763,1.0,0.0,1.0,0.0,1.0,2.934754480733062,0.0,-12.344935716003652,0.0
5,1,18,3,15.183402882851677,0.0,0.0,0.0,0.0,0.0,0.0,0.0,-10.74505329185412,0.0
5,1,19,3,11.006248368083744,0.0,0.0,0.0,0.0,0.0,0.0,0.0,-7.826203193825076,0.0
5,1,20,4,6.404335342976693,0.0,0.0,0.0,0.0,0.0,0.0,0.0,-4.9531246512393565,0.0
5,1,21,4,3.3848977884594795,0.0,0.0,0.0,0.0,0.0,0.0,0.0,-3.932835031464066,0.0
5,1,22,4,1.774333314709224,0.0,0.0,0.0,0.0,0.0,0.0,0.0,-3.0773050177915064,0.0
5,1,23,4,3.044938247680112,0.0,0.0,0.0,0.0,0.0,0.0,0.0,-1.1197990317655269,0.0
5,1,24,4,4.329511407166242,0.0,0.0,0.0,0.0,0.0,0.0,0.0,0.31487120623558756,0.0
5,1,25,5,4.377782259820439,0.0,0.0,0.0,0.0,0.0,0.0,0.0,0.8678163150370716,0.0
5,1,26,5,7.612594821599005,0.0,0.0,0.0,0.0,0.0,0.0,0.0,1.5225521913062978,0.0
5,1,27,5,7.883540188235907,0.0,0.0,0.0,0.0,0.0,0.0,0.0,1.1846762603565548,0.0
5,1,28,5,8.966871944763959,0.0,0.0,0.0,0.0,0.0,0.0,0.0,1.52969656164784,0.0
5,1,29,5,14.674217997565538,0.0,0.0,0.0,0.0,0.0,0.0,0.0,2.3538743919888443,0.0
5,1,30,6,14.24415911664978,0.0,0.0,0.0,0.0,0.0,0.0,0.0,2.120206309471291,0.0
5,1,31,6,11.728059223864435,0.0,0.0,0.0,0.0,0.0,0.0,0.0,0.9203957597001585,0.0
5,1,32,6,10.961441123145121,0.0,0.0,0.0,0.0,0.0,0.0,0.0,-1.2375922914734723,0.0
5,1,33,6,10.189046615492247,0.0,0.0,0.0,0.0,0.0,0.0,0.0,-1.351704167052511,0.0
5,1,34,6,9.887095009053066,0.0,0.0,0.0,0.0,0.0,0.0,0.0,-0.6136547382704561,0.0
5,1,35,7,10.328200102296373,0.0,0.0,0.0,0.0,0.0,0.0,0.0,-0.21108034028291614,0.0
5,1,36,7,11.257291571909583,0.0,0.0,0.0,0.0,0.0,0.0,0.0,0.35608165213911214,0.0
5,1,37,7,14.057578750019205,0.0,0.0,0.0,0.0,0.0,0.0,0.0,1.390161246988713,0.0
5,1,38,7,18.840323180585962,0.0,0.0,0.0,0.0,0.0,0.0,0.0,2.837374359429863,0.0
5,1,39,7,23.79123158877695,0.0,0.0,0.0,0.0,0.0,0.0,0.0,4.177980005622455,0.0
5,1,40,8,21.94470235217535,0.0,0.0,0.0,0.0,0.0,0.0,0.0,2.6290412007187154,0.0
5,1,41,8,17.6650516766518,0.0,0.0,0.0,0.0,0.0,0.0,0.0,-0.3917571679780541,0.0
5,1,42,8,15.17401749909417,0.0,0.0,0.0,0.0,0.0,0.0,0.0,-2.8724046965609262,0.0
5,1,43,8,14.274500409644208,0.0,0.0,0.0,0.0,0.0,0.0,0.0,-2.5567339808437146,0.0
5,1,44,8,15.439382714998754,0.0,0.0,0.0,0.0,0.0,0.0,0.0,-0.7418896538843486,0.0
5,1,45,9,16.15912089035277,0.0,0.0,0.0,0.0,0.0,0.0,0.0,0.3283677970862004,0.0
5,1,46,9,21.090950036460967,0.0,0.0,0.0,0.0,0.0,0.0,0.0,2.2721498756055865,0.0
5,1,47,9,24.9224247938454,0.0,0.0,0.0,0.0,0.0,0.0,0.0,3.1610140262822157,0.0
5,1,48,9,25.8004984693122,0.0,0.0,0.0,0.0,0.0,0.0,0.0,3.2137925263198093,0.0
5,1,49,9,28.36972579158447,0.0,0.0,0.0,0.0,0.0,0.0,0.0,2.426258585041168,0.0
5,1,50,10,47.68501072890759,0.0,0.0,0.0,0.0,0.0,0.0,0.0,7.58752864502073,0.0
5,1,51,10,68.18599758223802,0.0,0.0,0.0,0.0,0.0,0.0,0.0,14.128499704308604,0.0
5,1,52,10,76.94641160834146,0.0,0.0,0.0,0.0,0.0,0.0,0.0,16.192228605585665,0.0
5,1,53,10,80.46679985796423,0.0,0.0,0.0,0.0,0.0,0.0,0.0,10.92726304301888,0.0
5,1,54,10,82.39511738121513,0.0,0.0,0.0,0.0,0.0,0.0,0.0,4.736373266325704,0.0
5,1,55,11,79.74389763367722,0.0,0.0,0.0,0.0,0.0,0.0,0.0,0.9324953417785858,0.0
5,1,56,11,76.46326612591736,0.0,0.0,0.0,0.0,0.0,0.0,0.0,-1.3345112440156253,0.0
5,1,57,11,77.20372689615348,0.0,0.0,0.0,0.0,0.0,0.0,0.0,-1.7304634950205486,0.0
5,1,58,11,78.30056103491009,0.0,0.0,0.0,0.0,0.0,0.0,0.0,-0.4811121995890441,0.0
5,1,59,11,77.15785437528899,0.0,0.0,0.0,0.0,0.0,0.0,0.0,0.23152941645721134,0.0
5,1,60,11,69.2685054337548,0.0,0.0,0.0,0.0,0.0,0.0,0.0,-2.645073820799562,1.0
5,1,61,11,63.53865788247014,0.0,0.0,0.0,0.0,0.0,0.0,0.0,-4.920634384146649,1.0
5,1,62,11,68.50220588972394,0.0,0.0,0.0,0.0,0.0,0.0,0.0,-2.8852161618550176,1.0
5,1,63,11,64.38063552868559,0.0,0.0,0.0,0.0,0.0,0.0,0.0,-1.629289968356403,1.0
5,1,64,11,49.92902620941226,0.0,0.0,0.0,0.0,0.0,0.0,0.0,-4.536543891019295,1.0
5,2,0,0,0.0,0.0,0.0,0.0,0.0,0.0,0.0,0.0,0.0,0.0
5,2,1,0,0.5725503863976317,0.0,0.0,0.0,0.0,0.0,0.0,0.0,0.5725503863976317,0.0
5,2,2,0,0.5496920513058969,0.0,0.0,0.0,0.0,0.0,0.0,0.0,0.27484602565294847,0.0
5,2,3,0,1.3158429347076241,0.0,0.0,0.0,0.0,0.0,0.0,0.0,0.43861431156920805,0.0
5,2,4,0,2.850432544164737,0.0,0.0,0.0,0.0,0.0,0.0,0.0,0.759294052589035,0.0
5,2,5,1,2.994987015874238,0.0,0.0,0.0,0.0,0.0,0.0,0.0,0.8150983215227804,0.0
5,2,6,1,3.8095968439267405,0.0,0.0,0.0,0.0,0.0,0.0,0.0,0.8312513030730387,0.0
5,2,7,1,4.133758510534366,0.0,0.0,0.0,0.0,0.0,0.0,0.0,0.42777532212320973,0.0
5,2,8,1,4.19119514457614,0.0,0.0,0.0,0.0,0.0,0.0,0.0,0.39873604290063397,0.0
5,2,9,1,3.7010814946143933,0.0,0.0,0.0,0.0,0.0,0.0,0.0,-0.03617178310411573,0.0
5,2,10,2,3.6139218868045604,0.0,0.0,0.0,0.0,0.0,0.0,0.0,-0.17327887457660193,0.0
5,2,11,2,3.5881245134394737,0.0,0.0,0.0,0.0,0.0,0.0,0.0,-0.20102354371222209,0.0
5,2,12,2,3.1085772803118426,0.0,0.0,0.0,0.0,0.0,0.0,0.0,-0.1975014047675169,0.0
5,2,13,2,5.856720937168478,0.0,0.0,0.0,0.0,0.0,0.0,0.0,0.7475996834546392,0.0
5,2,14,2,12.16758536232118,0.0,0.0,0.0,1.0,0.0,0.0,1.8958344976114336,2.8598202829605683,0.0
5,2,15,3,17.40309442420841,1.0,0.0,1.0,1.0,0.0,0.7793304209799636,4.861221955405707,4.7648390479655225,0.0
5,2,16,3,18.183534998178466,1.0,0.0,1.0,1.0,0.0,0.7381507965554022,4.095420978820695,4.108938020336662,0.0
5,2,17,3,18.413107748921465,1.0,0.0,1.0,1.0,1.0,0.08415293295976412,3.1416394879990754,2.0818407955334286,0.0
5,2,18,3,16.85171561061295,0.0,0.0,0.0,1.0,0.0,0.0,0.8343850854948087,-0.18379293786515305,0.0
5,2,19,3,13.918439423701024,0.0,0.0,0.0,0.0,0.0,0.0,0.0,-1.421698524825814,0.0
5,2,20,4,9.803032333707089,0.0,0.0,0.0,0.0,0.0,0.0,0.0,-2.870025138404792,0.0
5,2,21,4,6.570685310547142,0.0,0.0,0.0,0.0,0.0,0.0,0.0,-3.427010100021936,0.0
5,2,22,4,5.70990927201116,0.0,0.0,0.0,0.0,0.0,0.0,0.0,-2.7361767172299545,0.0
5,2,23,4,6.890880782817893,0.0,0.0,0.0,0.0,0.0,0.0,0.0,-0.9707171836297318,0.0
5,2,24,4,11.9093331420628,0.0,0.0,0.0,0.0,0.0,0.0,0.0,1.7795492771718864,0.0
5,2,25,5,18.616908423863812,0.0,0.0,0.0,0.0,0.0,0.0,0.0,4.302333050617551,0.0
5,2,26,5,22.960083404827586,0.0,0.0,0.0,1.0,0.0,0.0,1.819220147106499,5.3564008740032305,0.0
5,2,27,5,28.44154046757169,0.0,0.0,0.0,1.0,0.0,0.0,4.850823038248858,5.510735775169631,0.0
5,2,28,5,25.630469630470003,0.0,0.0,0.0,1.0,0.0,0.0,0.23342524817144295,2.337853735535397,0.0
5,2,29,5,24.654471084005333,0.0,0.0,0.0,0.0,0.0,0.0,0.0,0.5647958930592493,0.0
5,2,30,6,38.75400866036656,0.0,0.0,0.0,1.0,0.0,0.0,8.006536884230833,3.437489397598289,0.0
5,2,31,6,49.958863340511854,1.0,0.0,1.0,1.0,0.0,6.985354582035015,14.722639254449248,8.10946457001395,0.0
5,2,32,6,45.83663440914561,0.0,0.0,1.0,1.0,0.0,0.0,8.373214418856954,7.0607211083800925,0.0
5,2,33,6,38.825967804499925,0.0,0.0,0.0,1.0,0.0,0.0,0.7309101528288835,0.023986381377788746,0.0
5,2,34,6,45.00856445920058,0.0,0.0,0.0,1.0,0.0,0.0,6.304875427490543,-1.650099627103759,0.0
5,2,35,7,40.17706121327686,0.0,0.0,0.0,1.0,0.0,0.0,1.2370050938830985,-1.8865243986229174,0.0
5,2,36,7,25.985929282089465,0.0,0.0,0.0,0.0,0.0,0.0,0.0,-4.2800128408034865,0.0
5,2,37,7,16.160076933945916,0.0,0.0,0.0,0.0,0.0,0.0,0.0,-9.61616250841822,0.0
5,2,38,7,12.981521762069292,0.0,0.0,0.0,0.0,0.0,0.0,0.0,-9.065179817069188,0.0
5,2,39,7,17.99516202160234,0.0,0.0,0.0,0.0,0.0,0.0,0.0,-2.6635890868290417,0.0
5,2,40,8,20.70026154240182,0.0,0.0,0.0,0.0,0.0,0.0,0.0,1.5133948694853008,1.0
5,2,41,8,17.428082458502807,0.0,0.0,0.0,0.0,0.0,0.0,0.0,1.4821868988111717,1.0
5,2,42,8,14.979884157876628,0.0,0.0,0.0,0.0,0.0,0.0,0.0,-1.0050926212419042,1.0
5,2,43,8,9.269770144226202,0.0,0.0,0.0,0.0,0.0,0.0,0.0,-3.8101637993918724,1.0
5,2,44,8,7.871480716833943,0.0,0.0,0.0,0.0,0.0,0.0,0.0,-3.1855339138896213,1.0
5,1,0,0,0.0,0.0,0.0,0.0,0.0,0.0,0.0,0.0,0.0,0.0
5,1,1,0,4.02286528067067,0.0,0.0,0.0,0.0,0.0,0.0,0.0,4.02286528067067,0.0
5,1,2,0,5.676266052673375,0.0,0.0,0.0,0.0,0.0,0.0,0.0,2.8381330263366875,0.0
5,1,3,0,9.755830249362068,1.0,0.0,1.0,1.0,0.0,0.5672045911616443,2.068784137750457,3.2519434164540226,0.0
5,1,4,0,16.201490640046757,1.0,1.0,1.0,1.0,0.0,6.666187562723206,6.1563518635692525,4.059541786458696,0.0
5,1,5,1,16.157001818309517,1.0,1.0,1.0,1.0,1.0,6.293448493902597,5.242585350786044,3.4935785885453807,0.0
5,1,6,1,12.431363919805284,1.0,0.0,1.0,1.0,1.0,2.1144349938671922,1.4961085963632144,0.8918445568144051,0.0
5,1,7,1,8.262051850565099,0.0,0.0,0.0,0.0,0.0,0.0,0.0,-2.646479596493886,0.0
5,1,8,1,6.06933443582869,0.0,0.0,0.0,0.0,0.0,0.0,0.0,-3.3625557941602757,0.0
5,1,9,1,8.686237588166327,0.0,0.0,0.0,0.0,0.0,0.0,0.0,-1.2483754438796524,0.0
5,1,10,2,12.45876949250827,0.0,0.0,0.0,1.0,0.0,0.0,1.2713340890098177,1.398905880647724,0.0
5,1,11,2,13.318067163402745,0.0,0.0,0.0,1.0,0.0,0.0,2.6491377277181734,2.416244242524685,0.0
5,1,12,2,12.799614613655915,0.0,0.0,0.0,1.0,0.0,0.0,2.288772729975232,1.3711256751631964,0.0
5,1,13,2,11.816355753827136,0.0,0.0,0.0,1.0,0.0,0.0,1.407103965201376,-0.21413791289371176,0.0
5,1,14,2,9.455939637200007,0.0,0.0,0.0,0.0,0.0,0.0,0.0,-1.2873758420675792,0.0
5,1,15,3,6.023658423908515,0.0,0.0,0.0,0.0,0.0,0.0,0.0,-2.2586520632491336,0.0
5,1,16,3,4.243373890211345,0.0,0.0,0.0,0.0,0.0,0.0,0.0,-2.5243272878719303,0.0
5,1,17,3,7.155799864467476,0.0,0.0,0.0,0.0,0.0,0.0,0.0,-0.7667132575775103,0.0
5,1,18,3,15.12909871972963,0.0,0.0,0.0,1.0,0.0,0.0,2.187404443646498,3.035146765273705,0.0
5,1,19,3,19.707517613829594,0.0,0.0,0.0,1.0,0.0,0.0,5.397980014821364,5.154714574539416,0.0
5,1,20,4,20.811687375467073,0.0,0.0,0.0,1.0,0.0,0.0,5.135840447314905,4.551962503666533,0.0
5,1,21,4,20.427874520495216,0.0,0.0,0.0,1.0,0.0,0.0,3.550157742762078,1.7662586002551954,0.0
5,1,22,4,19.97980981936436,0.0,0.0,0.0,1.0,0.0,0.0,2.016619783847595,0.09076406851158818,0.0
5,1,23,4,16.01315410834633,0.0,0.0,0.0,0.0,0.0,0.0,0.0,-1.5995110890402475,0.0
5,1,24,4,10.859802057428205,0.0,0.0,0.0,0.0,0.0,0.0,0.0,-3.1893574876890036,0.0
5,1,25,5,8.369822011058499,0.0,0.0,0.0,0.0,0.0,0.0,0.0,-3.869995936101953,0.0
5,1,26,5,8.708806974650031,0.0,0.0,0.0,0.0,0.0,0.0,0.0,-2.4347823778987667,0.0
5,1,27,5,8.284401234288293,0.0,0.0,0.0,0.0,0.0,0.0,0.0,-0.8584669410466373,0.0
5,1,28,5,8.395798206295428,0.0,0.0,0.0,0.0,0.0,0.0,0.0,0.008658731745642948,0.0
5,1,29,5,11.1118163387016,0.0,0.0,0.0,0.0,0.0,0.0,0.0,0.8010031213505228,0.0
5,1,30,6,12.657326584333946,0.0,0.0,0.0,0.0,0.0,0.0,0.0,1.457641783348551,0.0
5,1,31,6,9.441972211070611,0.0,0.0,0.0,0.0,0.0,0.0,0.0,0.3487246682583945,0.0
5,1,32,6,7.361080566424855,0.0,0.0,0.0,0.0,0.0,0.0,0.0,-1.2502452574255816,0.0
5,1,33,6,9.19318113593065,0.0,0.0,0.0,0.0,0.0,0.0,0.0,-1.154715149467765,0.0
5,1,34,6,11.361206691471398,0.0,0.0,0.0,0.0,0.0,0.0,0.0,0.6397448268002623,0.0
5,1,35,7,18.540664135919815,0.0,0.0,0.0,0.0,0.0,0.0,0.0,3.72652785649832,0.0
5,1,36,7,39.68395773813592,0.0,0.0,0.0,1.0,0.0,0.0,0.03691461644437055,10.16359220073509,0.0
5,1,37,7,50.967185534852106,0.0,0.0,0.0,1.0,0.0,0.0,4.194696305917432,13.20199294779357,0.0
5,1,38,7,55.26527874282934,0.0,0.0,0.0,1.0,0.0,0.0,2.7570092452640154,12.241538202303175,0.0
5,1,39,7,58.2083383081278,0.0,0.0,0.0,1.0,0.0,0.0,0.9003067434050465,6.174793523330625,0.0
5,1,40,8,57.92214684941668,0.0,0.0,0.0,0.0,0.0,0.0,0.0,2.31832043818819,0.0
5,1,41,8,51.531652765296286,0.0,0.0,0.0,0.0,0.0,0.0,0.0,-1.2445419925110173,0.0
5,1,42,8,37.6779992283023,0.0,0.0,0.0,0.0,0.0,0.0,0.0,-6.843446359941834,0.0
5,1,43,8,26.385831990933884,0.0,0.0,0.0,0.0,0.0,0.0,0.0,-10.512104952827597,0.0
5,1,44,8,21.697094421438322,0.0,0.0,0.0,0.0,0.0,0.0,0.0,-9.944852781285988,0.0
5,1,45,9,19.74981028782833,0.0,0.0,0.0,0.0,0.0,0.0,0.0,-5.97606298015799,0.0
5,1,46,9,15.502242438825668,0.0,0.0,0.0,0.0,0.0,0.0,0.0,-3.6278631840360718,0.0
5,1,47,9,12.274538644269867,0.0,0.0,0.0,0.0,0.0,0.0,0.0,-3.1408519257228185,0.0
5,1,48,9,14.256566622232654,0.0,0.0,0.0,0.0,0.0,0.0,0.0,-1.8310812218652248,0.0
5,1,49,9,13.93924779134893,0.0,0.0,0.0,0.0,0.0,0.0,0.0,-0.5209982158255796,0.0
5,1,50,10,11.819891788273159,0.0,0.0,0.0,0.0,0.0,0.0,0.0,-0.15154895199890284,0.0
5,1,51,10,8.229126222672956,0.0,0.0,0.0,0.0,0.0,0.0,0.0,-2.0091467998532324,0.0
5,1,52,10,5.802710250720342,0.0,0.0,0.0,0.0,0.0,0.0,0.0,-2.7121791802095294,0.0
5,1,53,10,6.677943981069157,0.0,0.0,0.0,0.0,0.0,0.0,0.0,-1.7139826024013338,0.0
5,1,54,10,8.980679833733522,0.0,0.0,0.0,0.0,0.0,0.0,0.0,0.25051787035352174,0.0
5,1,55,11,8.12277040120604,0.0,0.0,0.0,0.0,0.0,0.0,0.0,0.7733533834952327,0.0
5,1,56,11,6.329842223276412,0.0,0.0,0.0,0.0,0.0,0.0,0.0,-0.11603391926424855,0.0
5,1,57,11,4.6016325868842785,0.0,0.0,0.0,0.0,0.0,0.0,0.0,-1.4596824156164143,0.0
5,1,58,11,11.26377661972937,0.0,0.0,0.0,0.0,0.0,0.0,0.0,1.04700207284111,1.0
5,1,59,11,49.38380168408648,0.0,0.0,0.0,0.0,0.0,0.0,0.0,14.351319820270021,1.0
5,1,60,11,77.6634714472872,0.0,0.0,0.0,0.0,0.0,0.0,0.0,24.353946286800973,1.0
5,1,61,11,83.89560488913725,0.0,0.0,0.0,0.0,0.0,0.0,0.0,24.21060942313596,1.0
5,1,62,11,84.5949563155824,0.0,0.0,0.0,0.0,0.0,0.0,0.0,11.737051543831972,1.0
5,3,0,0,0.0,0.0,0.0,0.0,0.0,0.0,0.0,0.0,0.0,0.0
5,3,1,0,15.069315390049287,1.0,1.0,1.0,1.0,0.0,6.647549123593215,6.647549123593215,15.069315390049287,0.0
5,3,2,0,22.348528626586564,1.0,1.0,1.0,1.0,0.0,13.52956331889373,9.22288743875792,11.174264313293282,0.0
5,3,3,0,26.010738914149954,1.0,1.0,1.0,1.0,1.0,16.82211325594953,11.855879591641871,8.67024630471665,0.0
5,3,4,0,35.8614941768605,1.0,1.0,1.0,1.0,1.0,26.326191099536945,19.34752323414607,6.930726262270404,0.0
5,3,5,1,45.98600036803348,1.0,1.0,1.0,1.0,1.0,36.12244704362656,26.480410431240635,7.879157247148972,0.0
5,3,6,1,48.15358401495522,1.0,1.0,1.0,1.0,1.0,37.83665508901713,27.039971604007228,7.3809483669350895,0.0
5,3,7,1,45.821598270484614,1.0,1.0,1.0,1.0,1.0,34.776960523497294,24.264169072849924,3.3200346978747057,0.0
5,3,8,1,37.95082142823614,1.0,1.0,1.0,1.0,1.0,26.209252917485724,16.802983186171083,-2.678392979932447,0.0
5,3,9,1,32.954481714996035,1.0,1.0,1.0,1.0,1.0,20.536457334076417,12.28068156341584,-5.066367433319729,0.0
5,3,10,2,32.15759423291128,1.0,1.0,1.0,1.0,1.0,19.073285711724107,11.854469934880946,-4.554668012524445,0.0
5,3,11,2,29.77416759755988,1.0,1.0,1.0,1.0,1.0,16.023443502314574,13.151536043647369,-2.725551276892086,0.0
5,3,12,2,26.028701138613307,1.0,1.0,1.0,1.0,1.0,11.601126871827045,10.575373138964705,-2.308593525460909,0.0
5,3,13,2,20.618135337396843,1.0,0.0,1.0,1.0,1.0,5.492973137894561,4.57591486665671,-3.846486298504812,0.0
5,3,14,2,15.613092691716128,0.0,0.0,1.0,0.0,0.0,0.0,0.0,-4.720358301947917,0.0
5,3,15,3,13.844458258626098,0.0,0.0,0.0,0.0,0.0,0.0,0.0,-4.06141429332907,0.0
5,3,16,3,13.162001179808172,0.0,0.0,0.0,0.0,0.0,0.0,0.0,-2.485378052529557,0.0
5,3,17,3,15.619803969983858,0.0,0.0,0.0,0.0,0.0,0.0,0.0,0.0022370927559099605,0.0
5,3,18,3,27.662104702207095,1.0,1.0,1.0,1.0,0.0,8.377325692270514,9.797817403940662,4.605882147860332,0.0
5,3,19,3,37.98928274038515,1.0,1.0,1.0,1.0,0.0,17.6661227931452,19.570567832731058,8.275760520192327,0.0
5,3,20,4,39.515634085632456,1.0,1.0,1.0,1.0,1.0,18.061233294068415,19.693125844590654,7.9652767052162,0.0
5,3,21,4,36.44774573100811,1.0,1.0,1.0,1.0,1.0,13.758941024407015,15.580662998121998,2.9285470096003388,0.0
5,3,22,4,36.064063472203586,1.0,1.0,1.0,1.0,1.0,12.027388616160238,14.044560559861686,-0.6417397560605215,0.0
5,3,23,4,41.0868063096468,1.0,1.0,1.0,1.0,1.0,15.578491906063764,17.35052039828333,0.5237240746714491,0.0
5,3,24,4,42.02351410343721,1.0,1.0,1.0,1.0,1.0,14.909487590524805,16.872048999816975,1.8585894574763653,0.0
5,3,25,5,43.945654293487706,1.0,1.0,1.0,1.0,1.0,15.081539945764025,17.992881421299757,2.6271969404280404,0.0
5,3,26,5,43.82701510518992,1.0,1.0,1.0,1.0,1.0,13.058134033480808,17.910684021983734,0.9134029318477062,0.0
5,3,27,5,35.79045776661866,1.0,0.0,1.0,1.0,1.0,2.951827918057731,11.246341013300903,-2.0776854456061833,0.0
5,3,28,5,35.46360767856321,1.0,0.0,1.0,1.0,1.0,0.37994383659183484,13.171971190120122,-2.8273488716414996,0.0
5,3,29,5,52.723021101344216,1.0,1.0,1.0,1.0,1.0,15.208734885711536,28.748155307223946,2.9653353320514313,0.0
5,3,30,6,61.55688930944666,1.0,1.0,1.0,1.0,1.0,21.416089176209567,33.43282904152844,8.588810514276,0.0
5,3,31,6,57.34570782187676,1.0,0.0,1.0,1.0,1.0,14.372199063399918,26.77999804754368,7.294033381104517,0.0
5,3,32,6,64.58373919665644,1.0,1.0,1.0,1.0,1.0,18.561023941612262,31.09587342387283,3.9535726984374073,1.0
5,3,33,6,74.4789187259986,1.0,1.0,1.0,1.0,1.0,25.18019593936728,37.20970108820827,4.307343138850645,1.0
5,3,34,6,71.68110873218225,1.0,0.0,1.0,1.0,1.0,18.869274215251735,31.60042681917026,4.778466970101832,1.0
5,3,35,7,66.10974906089297,1.0,0.0,1.0,1.0,1.0,9.537395451258973,24.14618461121468,0.5086699547455092,1.0
5,3,36,7,58.57512151964389,0.0,0.0,0.0,1.0,0.0,0.0,15.069265100336963,-5.301265735451568,1.0
5,2,0,0,0.0,0.0,0.0,0.0,0.0,0.0,0.0,0.0,0.0,0.0
5,2,1,0,22.69712386407391,1.0,1.0,1.0,1.0,0.0,14.275357597617838,14.275357597617838,22.69712386407391,0.0
5,2,2,0,38.44622846341488,1.0,1.0,1.0,1.0,0.0,29.627263155722048,18.846451282355822,19.22311423170744,0.0
5,2,3,0,36.52807816362227,1.0,1.0,1.0,1.0,1.0,27.339452505421846,16.98818769153013,12.176026054540756,0.0
5,2,4,0,32.88330097993682,1.0,1.0,1.0,1.0,1.0,23.34799790261327,14.206029789712336,3.3953923719543035,0.0
5,2,5,1,32.13049023677834,1.0,1.0,1.0,1.0,1.0,22.26693691237142,14.163679885573565,-2.1052460755455136,0.0
5,2,6,1,25.254228567598098,1.0,1.0,1.0,1.0,1.0,14.937299641660006,7.927590656822517,-3.75794986534139,0.0
5,2,7,1,15.879178702123667,1.0,1.0,1.0,0.0,1.0,4.834540955136351,0.0,-5.668040759271051,0.0
5,2,8,1,11.42262423247141,0.0,0.0,1.0,0.0,0.0,0.0,0.0,-6.9026220014356445,0.0
5,2,9,1,9.931355279279963,0.0,0.0,0.0,0.0,0.0,0.0,0.0,-5.107624429439379,0.0
5,2,10,2,7.01400150665785,0.0,0.0,0.0,0.0,0.0,0.0,0.0,-2.955059065155272,0.0
5,2,11,2,5.792802413975716,0.0,0.0,0.0,0.0,0.0,0.0,0.0,-1.876607272831898,0.0
5,2,12,2,7.468312613337916,0.0,0.0,0.0,0.0,0.0,0.0,0.0,-0.8210142219806823,0.0
5,2,13,2,10.120192953445585,0.0,0.0,0.0,0.0,0.0,0.0,0.0,1.0353971489292448,0.0
5,2,14,2,11.934456830333524,0.0,0.0,0.0,0.0,0.0,0.0,0.0,2.047218138785936,0.0
5,2,15,3,11.611475933945403,0.0,0.0,0.0,0.0,0.0,0.0,0.0,1.3810544402024958,0.0
5,2,16,3,11.074569079342997,0.0,0.0,0.0,0.0,0.0,0.0,0.0,0.31812537529913715,0.0
5,2,17,3,9.994422093483177,0.0,0.0,0.0,0.0,0.0,0.0,0.0,-0.6466782456167822,0.0
5,2,18,3,9.15824520298471,0.0,0.0,0.0,0.0,0.0,0.0,0.0,-0.8177435769868975,0.0
5,2,19,3,8.66605823944511,0.0,0.0,0.0,0.0,0.0,0.0,0.0,-0.8028369466326287,0.0
5,2,20,4,8.579685314077537,0.0,0.0,0.0,0.0,0.0,0.0,0.0,-0.47157892646854666,0.0
5,2,21,4,12.013354690752674,0.0,0.0,0.0,0.0,0.0,0.0,0.0,0.9517031625893212,0.0
5,2,22,4,19.991932584292464,0.0,0.0,0.0,1.0,0.0,0.0,4.760971464563369,3.775291448282451,0.0
5,2,23,4,22.412003461367625,0.0,0.0,0.0,1.0,0.0,0.0,5.221997709505079,4.610772715763363,0.0
5,2,24,4,20.23239265068124,0.0,0.0,0.0,1.0,0.0,0.0,1.7217966522911539,2.739679319976189,0.0
5,2,25,5,20.03929380013946,0.0,0.0,0.0,1.0,0.0,0.0,0.26401179270867914,0.0157870719489992,0.0
5,2,26,5,19.090125872615868,0.0,0.0,0.0,0.0,0.0,0.0,0.0,-1.107292529583919,0.0
5,2,27,5,25.809448805502782,0.0,0.0,0.0,1.0,0.0,0.0,3.1002800285809435,1.8590187182738471,0.0
5,2,28,5,45.14086781712204,1.0,0.0,1.0,1.0,0.0,10.05720397515067,17.30988386977794,8.367191338994195,0.0
5,2,29,5,59.87509267352425,1.0,1.0,1.0,1.0,0.0,22.36080645789157,25.965988851721193,13.594988933636126,0.0
5,2,30,6,61.57994114896216,1.0,1.0,1.0,1.0,1.0,21.43914101572507,23.672059635909413,11.923497447819793,0.0
5,2,31,6,58.36071971156355,1.0,0.0,1.0,1.0,1.0,15.387210953086708,18.346613408259465,4.406617298147168,0.0
5,2,32,6,61.59130830470764,1.0,0.0,1.0,1.0,1.0,15.568593049663463,19.67816901945544,0.5720718770611294,0.0
5,2,33,6,64.0586380472993,1.0,0.0,1.0,1.0,1.0,14.75991526066798,19.97644773550386,0.8262322994457113,0.0
5,2,34,6,64.81899933530497,1.0,0.0,1.0,1.0,1.0,12.007164818374449,18.954239862682584,2.152759874580473,0.0
5,2,35,7,63.87082495801262,1.0,0.0,1.0,1.0,1.0,7.2984713483786265,17.283080835917886,0.7598388844349936,0.0
5,2,36,7,62.919416576772775,1.0,0.0,1.0,1.0,1.0,2.3288333483387476,16.638373133699815,-0.37974049017550726,0.0
5,2,37,7,63.74793927126673,0.0,0.0,1.0,1.0,0.0,0.0,19.557333367927626,-0.3570200213460784,0.0
5,2,38,7,66.73252534290997,0.0,0.0,0.0,1.0,0.0,0.0,26.026447036498638,0.9539001282991156,0.0
5,2,39,7,75.13468377559576,1.0,0.0,1.0,1.0,0.0,0.8401168972601312,33.35047036131836,4.0717557329409955,0.0
5,2,40,8,82.42139823878577,1.0,0.0,1.0,1.0,0.0,2.974728000341642,35.70742738513631,6.224486322506347,0.0
5,2,41,8,84.40716986039483,0.0,0.0,1.0,1.0,0.0,0.0,33.308034943764504,5.8915481724949545,0.0
5,2,42,8,82.39219413172093,0.0,0.0,0.0,1.0,0.0,0.0,28.112409844774128,2.4191701187083887,0.0
5,2,43,8,78.00596112136878,0.0,0.0,0.0,1.0,0.0,0.0,20.92234824184343,-1.4718123724723284,0.0
5,2,44,8,71.15126458397626,0.0,0.0,0.0,1.0,0.0,0.0,11.249822943245718,-4.4186350921395245,1.0
5,2,45,9,64.448661923721,0.0,0.0,0.0,1.0,0.0,0.0,1.1882715778116193,-5.981177402666641,1.0
5,2,46,9,64.8484053127909,0.0,0.0,0.0,0.0,0.0,0.0,0.0,-4.385851936192627,1.0
5,2,47,9,63.50450388598921,0.0,0.0,0.0,0.0,0.0,0.0,0.0,-2.5489202326623492,1.0
5,2,48,9,58.68436624540608,0.0,0.0,0.0,0.0,0.0,0.0,0.0,-1.921431892771641,1.0
6,1,0,0,0.0,0.0,0.0,0.0,0.0,0.0,0.0,0.0,0.0,0.0
6,1,1,0,0.18703900661526973,0.0,0.0,0.0,0.0,0.0,0.0,0.0,0.18703900661526973,0.0
6,1,2,0,0.3071840450050982,0.0,0.0,0.0,0.0,0.0,0.0,0.0,0.1535920225025491,0.0
6,1,3,0,0.2563336368017354,0.0,0.0,0.0,0.0,0.0,0.0,0.0,0.08544454560057846,0.0
6,1,4,0,0.3888552330253219,0.0,0.0,0.0,0.0,0.0,0.0,0.0,0.06727207547001739,0.0
6,1,5,1,4.376849034140911,0.0,0.0,0.0,0.0,0.0,0.0,0.0,1.3565549963786043,0.0
6,1,6,1,9.568354752752207,0.0,0.0,0.0,1.0,0.0,0.0,1.0405833148435057,3.1040070386501575,0.0
6,1,7,1,10.53087058849523,0.0,0.0,0.0,1.0,0.0,0.0,0.865522827939369,3.380671785156636,0.0
6,1,8,1,13.718397373164821,1.0,0.0,1.0,1.0,0.0,1.976828862414406,2.7900461282410003,3.113849446341303,0.0
6,1,9,1,17.394789268295053,1.0,1.0,1.0,1.0,0.0,4.976764887375435,5.05907509199883,2.608811505180949,0.0
6,1,10,2,19.0984593487836,1.0,1.0,1.0,1.0,1.0,6.014150827596428,5.608913953908697,2.8558629200961234,0.0
6,1,11,2,21.38164697638991,1.0,1.0,1.0,1.0,1.0,7.630922881144603,6.843435337413338,2.5544165344083627,0.0
6,1,12,2,16.13399856602098,1.0,0.0,1.0,1.0,1.0,1.706424299234719,1.5326583830203084,-0.4202635674246906,0.0
6,1,13,2,14.42503927747292,0.0,0.0,0.0,1.0,0.0,0.0,0.10878918850124641,-1.5578066904368935,0.0
6,1,14,2,21.11189012861302,1.0,0.0,1.0,1.0,0.0,5.258099071527425,6.948567773613185,-0.08991894925896322,0.0
6,1,15,3,31.12041340024747,1.0,1.0,1.0,1.0,0.0,14.496649397019027,16.18584164692816,4.9954716114088304,0.0
6,1,16,3,40.71837291111669,1.0,1.0,1.0,1.0,1.0,23.272988709493625,23.3899384079073,8.764444544547922,0.0
6,1,17,3,37.835178902899855,1.0,1.0,1.0,1.0,1.0,19.506224086938154,19.24451439762885,5.574429591428945,0.0
6,1,18,3,25.492596059368328,1.0,0.0,1.0,1.0,1.0,6.207817049431746,7.1076125623103685,-1.8759391136263812,0.0
6,1,19,3,18.240842577336895,0.0,0.0,0.0,0.0,0.0,0.0,0.0,-7.492510111259931,0.0
6,1,20,4,31.622295906295502,1.0,1.0,1.0,1.0,0.0,10.167895114731461,12.462549894593383,-2.070960998868118,0.0
6,1,21,4,40.39997859417659,1.0,1.0,1.0,1.0,0.0,17.71117388757549,19.805633257691667,4.969127511602753,0.0
6,1,22,4,32.17891897314733,1.0,0.0,1.0,1.0,1.0,8.142244117103985,10.962517089458501,4.646025465270146,0.0
6,1,23,4,25.47306649809383,0.0,0.0,0.0,1.0,0.0,0.0,4.227176534531488,-2.0497431360672245,0.0
6,1,24,4,23.761859791157253,0.0,0.0,0.0,1.0,0.0,0.0,2.7818035004076584,-5.546039601006445,0.0
6,1,25,5,29.2713888272729,1.0,0.0,0.0,1.0,0.0,0.40727447954921914,7.899598810149719,-0.9691767152914773,0.0
6,1,26,5,38.89466965386219,1.0,0.0,1.0,1.0,0.0,8.125788582153074,16.115667968069793,4.473867718589453,0.0
6,1,27,5,33.5967183375079,1.0,0.0,0.0,1.0,1.0,0.7580884889469743,10.324083619035562,3.278286182116883,0.0
6,1,28,5,26.41553306776119,0.0,0.0,0.0,1.0,0.0,0.0,2.306887828929142,-0.9519519198372374,0.0
6,1,29,5,21.55458059757569,0.0,0.0,0.0,0.0,0.0,0.0,0.0,-5.780029685428833,0.0
6,1,30,6,16.348728053426264,0.0,0.0,0.0,0.0,0.0,0.0,0.0,-5.749330094693879,0.0
6,1,31,6,13.378865000268245,0.0,0.0,0.0,0.0,0.0,0.0,0.0,-4.3455560224976475,0.0
6,1,32,6,9.306334356641438,0.0,0.0,0.0,0.0,0.0,0.0,0.0,-4.082748746978084,0.0
6,1,33,6,7.294697508624966,0.0,0.0,0.0,0.0,0.0,0.0,0.0,-3.0180101816004323,0.0
6,1,34,6,9.276955663288874,0.0,0.0,0.0,0.0,0.0,0.0,0.0,-1.3673031123264572,0.0
6,1,35,7,13.716044622283663,0.0,0.0,0.0,0.0,0.0,0.0,0.0,1.4699034218807416,0.0
6,1,36,7,9.768842203793024,0.0,0.0,0.0,0.0,0.0,0.0,0.0,0.8247148983893527,0.0
6,1,37,7,5.433082433698042,0.0,0.0,0.0,0.0,0.0,0.0,0.0,-1.2812910765302774,0.0
6,1,38,7,3.0609186580039873,0.0,0.0,0.0,0.0,0.0,0.0,0.0,-3.551708654759892,1.0
6,1,39,7,2.2233183884318852,0.0,0.0,0.0,0.0,0.0,0.0,0.0,-2.51517460512038,1.0
6,1,40,8,2.7768300035399935,0.0,0.0,0.0,0.0,0.0,0.0,0.0,-0.8854174767193493,1.0
6,1,41,8,3.0830639936382584,0.0,0.0,0.0,0.0,0.0,0.0,0.0,0.007381778544757041,1.0
6,1,42,8,2.504715641694241,0.0,0.0,0.0,0.0,0.0,0.0,0.0,0.09379908442078522,1.0
6,2,0,0,0.0,0.0,0.0,0.0,0.0,0.0,0.0,0.0,0.0,0.0
6,2,1,0,28.57165717720594,1.0,1.0,1.0,1.0,0.0,20.149890910749868,20.149890910749868,28.57165717720594,0.0
6,2,2,0,50.78308843848734,1.0,1.0,1.0,1.0,0.0,41.964123130794505,26.177884777612533,25.39154421924367,0.0
6,2,3,0,46.54175819833347,1.0,1.0,1.0,1.0,1.0,37.353132540133046,22.35991804592065,15.51391939944449,0.0
6,2,4,0,31.36142342642571,1.0,1.0,1.0,1.0,1.0,21.82612034910216,8.943588846353304,0.9299220830732567,0.0
6,2,5,1,19.654425212015042,1.0,1.0,1.0,0.0,1.0,9.790871887608121,0.0,-10.376221075490767,0.0
6,2,6,1,16.352963579655725,1.0,1.0,1.0,0.0,1.0,6.036034653717634,0.0,-10.062931539559248,0.0
6,2,7,1,15.950871137536394,1.0,1.0,1.0,0.0,1.0,4.906233390549078,0.0,-5.136850762963105,0.0
6,2,8,1,11.843967096874707,1.0,0.0,0.0,0.0,1.0,0.10239858612429131,0.0,-2.6034860383801117,0.0
6,2,9,1,8.24694836434627,0.0,0.0,0.0,0.0,0.0,0.0,0.0,-2.7020050717698183,0.0
6,2,10,2,6.166519249486978,0.0,0.0,0.0,0.0,0.0,0.0,0.0,-3.2614506293498056,0.0
6,2,11,2,3.7280986647827024,0.0,0.0,0.0,0.0,0.0,0.0,0.0,-2.7052894773640013,0.0
6,2,12,2,1.977844275000393,0.0,0.0,0.0,0.0,0.0,0.0,0.0,-2.0897013631152923,0.0
6,2,13,2,1.0154591095658092,0.0,0.0,0.0,0.0,0.0,0.0,0.0,-1.7170200466403898,0.0
6,2,14,2,0.5848321380586164,0.0,0.0,0.0,0.0,0.0,0.0,0.0,-1.0477555089080286,0.0
6,2,15,3,2.4362753568445803,0.0,0.0,0.0,0.0,0.0,0.0,0.0,0.15281036061472908,0.0
6,2,16,3,12.412253322223162,0.0,0.0,0.0,0.0,0.0,0.0,0.0,3.798931404219118,0.0
6,2,17,3,16.927965522322197,0.0,0.0,0.0,1.0,0.0,0.0,2.1382389432025732,5.44771112808786,0.0
6,2,18,3,13.322246980516336,0.0,0.0,0.0,0.0,0.0,0.0,0.0,3.628657207890585,0.0
6,2,19,3,9.967452344703723,0.0,0.0,0.0,0.0,0.0,0.0,0.0,-0.8149336591731462,0.0
6,2,20,4,8.009683248198765,0.0,0.0,0.0,0.0,0.0,0.0,0.0,-2.9727607580411437,0.0
6,2,21,4,8.545573924599775,0.0,0.0,0.0,0.0,0.0,0.0,0.0,-1.592224351972187,0.0
6,2,22,4,16.72547001931429,0.0,0.0,0.0,0.0,0.0,0.0,0.0,2.2526725582035225,0.0
6,2,23,4,23.475862345340303,0.0,0.0,0.0,1.0,0.0,0.0,3.764160408765264,5.155393032380513,0.0
6,2,24,4,22.822563068873663,0.0,0.0,0.0,1.0,0.0,0.0,2.0921245163365576,4.758996381424629,0.0
6,2,25,5,34.9360006124095,1.0,0.0,1.0,1.0,0.0,6.071886264685819,11.735354987032743,6.07017686436507,0.0
6,2,26,5,53.257852060653036,1.0,1.0,1.0,1.0,0.0,22.488970988943922,24.730961971976555,9.927329905104244,0.0
6,2,27,5,41.84238358193397,1.0,0.0,1.0,1.0,1.0,9.003753733373046,11.10220876107142,6.339940171020103,0.0
6,2,28,5,26.24353335130186,0.0,0.0,0.0,0.0,0.0,0.0,0.0,-2.8974890870358805,0.0
6,2,29,5,16.551974518262966,0.0,0.0,0.0,0.0,0.0,0.0,0.0,-12.235292514130023,0.0
6,2,30,6,15.083196543076129,0.0,0.0,0.0,0.0,0.0,0.0,0.0,-8.919729012952615,0.0
6,2,31,6,26.909655027074052,0.0,0.0,0.0,0.0,0.0,0.0,0.0,0.2220405585907308,0.0
6,2,32,6,47.0723212946134,1.0,0.0,0.0,1.0,0.0,1.0496060395692268,11.262510943449811,10.173448925450145,0.0
6,2,33,6,46.98430401065755,0.0,0.0,0.0,1.0,0.0,0.0,9.305530057645953,10.633702489193809,0.0
6,2,34,6,30.952768813002237,0.0,0.0,0.0,0.0,0.0,0.0,0.0,1.347704595309395,0.0
6,2,35,7,27.924616388145587,0.0,0.0,0.0,0.0,0.0,0.0,0.0,-6.3825683021559385,0.0
6,2,36,7,50.1080466822887,0.0,0.0,0.0,1.0,0.0,0.0,6.408543243683418,1.041247557210383,0.0
6,2,37,7,77.73935082308356,1.0,0.0,1.0,1.0,0.0,12.862524286060747,27.542791390048095,15.595527336693772,0.0
6,2,38,7,86.54821743523513,1.0,0.0,1.0,1.0,0.0,17.10683073614254,28.935747361118963,19.541200349029847,0.0
6,2,39,7,90.7699519059112,1.0,0.0,1.0,1.0,1.0,16.47538502757557,27.235833882184366,13.553968407874166,0.0
6,2,40,8,94.78366871172747,1.0,0.0,1.0,1.0,1.0,15.336998473283344,27.322443044863135,5.681439296214639,1.0
6,2,41,8,95.6132839201612,1.0,0.0,1.0,1.0,1.0,10.70528397705084,26.101701648116872,3.021688828308688,1.0
6,2,42,8,93.44493119017241,1.0,0.0,0.0,1.0,1.0,2.756072034145859,22.06555924809504,0.8916597614204042,1.0
6,2,43,8,89.97891832859736,0.0,0.0,0.0,1.0,0.0,0.0,15.728744383268435,-1.601583461043371,1.0
6,2,44,8,87.35828370621977,0.0,0.0,0.0,1.0,0.0,0.0,10.823801482922647,-2.7516667379804765,1.0
6,2,0,0,0.0,0.0,0.0,0.0,0.0,0.0,0.0,0.0,0.0,0.0
6,2,1,0,7.839610103041539,0.0,0.0,0.0,0.0,0.0,0.0,0.0,7.839610103041539,0.0
6,2,2,0,14.115653452031117,1.0,1.0,1.0,1.0,0.0,5.296688144338283,4.522224445681497,7.057826726015558,0.0
6,2,3,0,34.704212724769505,1.0,1.0,1.0,1.0,0.0,25.515587066569083,17.645860217145433,11.568070908256502,0.0
6,2,4,0,59.17143033715667,1.0,1.0,1.0,1.0,1.0,49.63612725983312,33.267964388901014,17.110606744705045,0.0
6,2,5,1,55.281228832275126,1.0,1.0,1.0,1.0,1.0,45.4176755078682,27.532191925446206,13.721858460081336,0.0
6,2,6,1,36.57332352185015,1.0,1.0,1.0,1.0,1.0,26.256394595912056,10.02090348519815,0.6230369323602147,0.0
6,2,7,1,22.495914537975878,1.0,1.0,1.0,0.0,1.0,11.451276790988562,0.0,-12.225171933060265,0.0
6,2,8,1,17.498365860644462,1.0,1.0,1.0,0.0,1.0,5.756797349894047,0.0,-12.594287657210222,0.0
6,2,9,1,16.449168528592992,1.0,0.0,1.0,0.0,1.0,4.031144147673373,0.0,-6.708051664419052,0.0
6,2,10,2,22.303416674353276,1.0,1.0,1.0,0.0,1.0,9.219108153166104,0.0,-0.06416595454086742,0.0
6,2,11,2,40.25340006658972,1.0,1.0,1.0,1.0,1.0,26.502675971344413,17.43206297323723,7.5850114019817525,0.0
6,2,12,2,34.09109073594159,1.0,1.0,1.0,1.0,1.0,19.66351646915533,12.486404249092235,5.880640735782866,0.0
6,2,13,2,18.805720046279717,1.0,0.0,1.0,0.0,1.0,3.6805578467774342,0.0,-1.1658988760245197,0.0
6,2,14,2,12.465225668658412,0.0,0.0,0.0,0.0,0.0,0.0,0.0,-9.262724799310435,0.0
6,2,15,3,39.28982236931161,1.0,1.0,1.0,1.0,0.0,22.666058366083163,18.507076763044875,1.7329105444566721,0.0
6,2,16,3,74.98201033212018,1.0,1.0,1.0,1.0,0.0,57.53662613049712,49.470382149380086,18.725430095280156,0.0
6,2,17,3,89.24294651922315,1.0,1.0,1.0,1.0,1.0,70.91399170326144,56.24025662163952,25.592573616854917,0.0
6,2,18,3,82.73965289189306,1.0,1.0,1.0,1.0,1.0,63.45487388195647,46.09983444577596,14.483276840860484,0.0
6,2,19,3,67.13921479810773,1.0,1.0,1.0,1.0,1.0,46.81605485086778,30.063500490062566,-2.614265178004151,0.0
6,2,20,4,74.90497086833416,1.0,1.0,1.0,1.0,1.0,53.45057007677012,37.67346994755958,-4.779325216962998,0.0
6,2,21,4,79.27791733363911,1.0,1.0,1.0,1.0,1.0,56.58911262703801,41.85860118383796,-1.1539118527513164,0.0
6,2,22,4,81.40871897963562,1.0,1.0,1.0,1.0,1.0,57.372044123592275,42.82029535340365,4.756501393842631,0.0
6,2,23,4,90.19881549153479,1.0,1.0,1.0,1.0,1.0,64.69050108795174,50.81396187200838,5.097948207733542,0.0
6,2,24,4,96.00718142983541,1.0,1.0,1.0,1.0,1.0,68.89315491692301,58.77060900252189,5.576421365398768,0.0
6,2,25,5,97.15307646368733,1.0,1.0,1.0,1.0,1.0,68.28896211596364,67.14978887164331,5.248119161350568,0.0
6,2,26,5,96.16146373245404,1.0,1.0,1.0,1.0,1.0,65.39258266074492,71.02301247188363,1.9875494136397502,1.0
6,2,27,5,97.25887142403734,1.0,1.0,1.0,1.0,1.0,64.42024157547641,70.911791572857,0.41722999806730837,1.0
6,2,28,5,97.83702188934058,1.0,1.0,1.0,1.0,1.0,62.753358047369204,69.80669698467327,0.22798180855108305,1.0
6,2,29,5,91.78429111157483,1.0,1.0,1.0,1.0,1.0,54.27000489594215,62.53586027696518,-1.4590575402930692,1.0
6,2,30,6,70.00365712761656,1.0,1.0,1.0,1.0,1.0,29.86285699437947,39.92251960134767,-9.085071432140259,1.0
6,3,0,0,0.0,0.0,0.0,0.0,0.0,0.0,0.0,0.0,0.0,0.0
6,3,1,0,0.17873367364605225,0.0,0.0,0.0,0.0,0.0,0.0,0.0,0.17873367364605225,0.0
6,3,2,0,0.6293307643940793,0.0,0.0,0.0,0.0,0.0,0.0,0.0,0.31466538219703966,0.0
6,3,3,0,1.685684507287856,0.0,0.0,0.0,0.0,0.0,0.0,0.0,0.5618948357626187,0.0
6,3,4,0,6.3782490197865105,0.0,0.0,0.0,0.0,0.0,0.0,0.0,2.066505115380153,0.0
6,3,5,1,16.71564940255059,1.0,1.0,1.0,1.0,0.0,6.852096078143669,5.876545228585215,5.362106212718836,0.0
6,3,6,1,18.1714238717503,1.0,1.0,1.0,1.0,0.0,7.854494945812208,5.625469357810211,5.495246454820815,0.0
6,3,7,1,16.94980294419632,1.0,1.0,1.0,1.0,1.0,5.905165197209005,3.719509119598234,3.5238513081366034,0.0
6,3,8,1,17.46118676911084,1.0,1.0,1.0,1.0,1.0,5.719618258360423,3.742012479103691,0.24851245552008314,0.0
6,3,9,1,18.06816869387854,1.0,1.0,1.0,1.0,1.0,5.650144312958922,3.947152642656043,-0.03441839262391966,0.0
6,3,10,2,19.35620613269155,1.0,1.0,1.0,1.0,1.0,6.271897611504379,4.810029354375427,0.8021343961650764,0.0
6,3,11,2,50.690265164180026,1.0,1.0,1.0,1.0,1.0,36.939541068934716,30.49600505601544,11.076359465023062,0.0
6,3,12,2,79.44940444343843,1.0,1.0,1.0,1.0,1.0,65.02183017665216,50.37397114993114,20.460411916519963,0.0
6,3,13,2,68.1895230775043,1.0,1.0,1.0,1.0,1.0,53.06436087800202,36.38657131936126,16.277772314937582,0.0
6,3,14,2,44.61065834394367,1.0,1.0,1.0,1.0,1.0,28.756867286858075,13.630206094078659,-2.0265356067454525,0.0
6,3,15,3,42.30282514983993,1.0,1.0,1.0,1.0,1.0,25.679061146611488,12.327422750468877,-12.382193097866164,0.0
6,3,16,3,46.914612622230486,1.0,1.0,1.0,1.0,1.0,29.469228420607422,17.175503680058213,-7.091636818424607,0.0
6,3,17,3,57.19080532570352,1.0,1.0,1.0,1.0,1.0,38.86185050974182,27.40723612487371,4.193382327253285,0.0
6,3,18,3,76.80171182079857,1.0,1.0,1.0,1.0,1.0,57.51693281086199,45.93854637212743,11.499628890319547,0.0
6,3,19,3,90.59450904984695,1.0,1.0,1.0,1.0,1.0,70.27134910260699,58.16714463583482,14.559965475872154,0.0
6,3,20,4,95.01450853686057,1.0,1.0,1.0,1.0,1.0,73.56010774529653,62.29475958639681,12.607901070385685,0.0
6,3,21,4,95.2153843751259,1.0,1.0,1.0,1.0,1.0,72.52657966852479,64.21394198397043,6.13789085144244,0.0
6,3,22,4,92.46259718061509,1.0,1.0,1.0,1.0,1.0,68.42592232457174,60.41023431632915,0.622696043589381,0.0
6,3,23,4,86.80688825817873,1.0,1.0,1.0,1.0,1.0,61.29857385459569,53.61168009460469,-2.7358734262272812,0.0
6,3,24,4,78.97633354677939,1.0,1.0,1.0,1.0,1.0,51.86230703386698,44.902806326982514,-5.413016942782169,0.0
6,3,25,5,75.59365334092786,1.0,1.0,1.0,1.0,1.0,46.72953899320417,42.737842379412456,-5.622981279895744,0.0
6,3,26,5,77.00607597842406,1.0,1.0,1.0,1.0,1.0,46.23719490671495,46.60411263196966,-3.2669374265848887,0.0
6,3,27,5,68.21805587506033,1.0,1.0,1.0,1.0,1.0,35.3794260264994,40.08488493098161,-3.586092557239686,0.0
6,3,28,5,58.77213300677716,1.0,1.0,1.0,1.0,1.0,23.688469164805788,29.773149055245796,-5.607173444716899,0.0
6,3,29,5,66.62213792211588,1.0,1.0,1.0,1.0,1.0,29.107851706483203,35.63163134124141,-3.4613126854360607,0.0
6,3,30,6,84.55640956961528,1.0,1.0,1.0,1.0,1.0,44.41560943637819,52.56170036109384,5.446117898184984,0.0
6,3,31,6,92.30276936959118,1.0,1.0,1.0,1.0,1.0,49.329260611114336,59.15834217423373,11.176878787604672,0.0
6,3,32,6,95.46060452742054,1.0,1.0,1.0,1.0,1.0,49.43788927237637,60.73253867177014,9.61282220176822,0.0
6,3,33,6,97.11997666436123,1.0,1.0,1.0,1.0,1.0,47.821253877729916,60.186767783144624,4.18785569824865,0.0
6,3,34,6,98.10090716864927,1.0,1.0,1.0,1.0,1.0,45.289072651718755,58.410591897817156,1.9327125996860322,0.0
6,3,35,7,97.30272397717854,1.0,1.0,1.0,1.0,1.0,40.73037036754455,54.944304703048836,0.6140398165860006,0.0
6,3,36,7,94.44307271258273,1.0,1.0,1.0,1.0,1.0,33.852489484148705,49.9006274087764,-0.8923013172594997,0.0
6,3,37,7,96.34115319239348,1.0,1.0,1.0,1.0,1.0,31.46432665537067,49.49522824804786,-0.5865846587519314,0.0
6,3,38,7,96.64472288505024,1.0,1.0,1.0,1.0,1.0,27.203336185957653,48.51330635000772,-0.21933369737610064,0.0
6,3,39,7,96.1579110214452,1.0,0.0,1.0,1.0,1.0,21.863344143109572,49.69760216877666,0.5716127696208227,0.0
6,3,40,8,97.0378202169103,1.0,0.0,1.0,1.0,1.0,17.591149978466177,53.25001121004779,0.23222234150560914,0.0
6,3,41,8,97.60756539639459,1.0,0.0,1.0,1.0,1.0,12.699565453284237,53.18910873644226,0.3209475037814495,0.0
6,3,42,8,96.23416191934793,1.0,0.0,1.0,1.0,1.0,5.545302763321374,49.54456674551547,0.02541696596757485,0.0
6,3,43,8,92.95604744906015,0.0,0.0,0.0,1.0,0.0,0.0,42.851218696706,-1.360590922616718,0.0
6,3,44,8,92.6477743267269,0.0,0.0,0.0,1.0,0.0,0.0,39.051721302791684,-1.6532636898892292,0.0
6,3,45,9,94.01615535591213,0.0,0.0,0.0,1.0,0.0,0.0,37.15671575993581,-0.7393355211452644,0.0
6,3,46,9,97.05628015223526,0.0,0.0,0.0,1.0,0.0,0.0,36.72325507380979,1.3667442343917031,1.0
6,3,47,9,98.88029100208358,0.0,0.0,0.0,1.0,0.0,0.0,34.67221605216801,2.0775055584522257,1.0
6,3,48,9,99.63678907064158,0.0,0.0,0.0,1.0,0.0,0.0,31.302099726842926,1.8735445715764836,1.0
6,3,49,9,99.90166097867376,0.0,0.0,0.0,1.0,0.0,0.0,27.29558874470949,0.9484602754795001,1.0
6,3,50,10,99.97407811541325,0.0,0.0,0.0,1.0,0.0,0.0,22.966964321557924,0.3645957044432227,1.0
6,3,0,0,0.0,0.0,0.0,0.0,0.0,0.0,0.0,0.0,0.0,0.0
6,3,1,0,13.22188706171944,1.0,1.0,1.0,1.0,0.0,4.8001207952633695,4.8001207952633695,13.22188706171944,0.0
6,3,2,0,22.89096954813648,1.0,1.0,1.0,1.0,0.0,14.072004240443645,9.689361042284183,11.44548477406824,0.0
6,3,3,0,22.937515873145678,1.0,1.0,1.0,1.0,1.0,13.748890214945254,9.351978539265879,7.645838624381892,0.0
6,3,4,0,20.162082620189295,1.0,1.0,1.0,1.0,1.0,10.626779542865744,6.948860602869612,2.3133985194899513,0.0
6,3,5,1,19.150810266558462,1.0,1.0,1.0,1.0,1.0,9.287256942151542,6.270065006762973,-1.2467197605260054,0.0
6,3,6,1,25.407370696920495,1.0,1.0,1.0,1.0,1.0,15.090441770982403,12.16461982207847,0.8232849412582723,0.0
6,3,7,1,40.42865099674384,1.0,1.0,1.0,1.0,1.0,29.384013249756524,24.29177079423593,6.755522792184848,0.0
6,3,8,1,55.22360631902652,1.0,1.0,1.0,1.0,1.0,43.482037808276104,34.6144149966301,12.024265350822688,0.0
6,3,9,1,63.54829055225946,1.0,1.0,1.0,1.0,1.0,51.13026617133984,39.13737065843656,12.713639951779655,0.0
6,3,10,2,64.42832629632363,1.0,1.0,1.0,1.0,1.0,51.344017775136464,37.71188996343963,7.999891766526598,0.0
6,3,11,2,59.287431583109424,1.0,1.0,1.0,1.0,1.0,45.53670748786412,33.525518183269554,1.354608421360967,0.0
6,3,12,2,49.63745491810283,1.0,1.0,1.0,1.0,1.0,35.20988065131657,24.842651613151595,-4.636945211385542,0.0
6,3,13,2,48.62498977120263,1.0,1.0,1.0,1.0,1.0,33.499827571700344,24.251605830457642,-5.267778841707002,0.0
6,3,14,2,55.87334694900858,1.0,1.0,1.0,1.0,1.0,40.019555891922984,31.983958736887388,-1.1380282113669484,0.0
6,3,15,3,59.221946402220766,1.0,1.0,1.0,1.0,1.0,42.59818239899232,36.73037197393451,3.1948304947059776,0.0
6,3,16,3,72.72872309368262,1.0,1.0,1.0,1.0,1.0,55.283338892059554,51.88114284636995,8.034577774159997,0.0
6,3,17,3,85.44963140305653,1.0,1.0,1.0,1.0,1.0,67.12067658709483,64.74910449069364,9.85876148468265,0.0
6,3,18,3,89.46169384525112,1.0,1.0,1.0,1.0,1.0,70.17691483531453,67.08711676453149,10.079915814343451,0.0
6,3,19,3,90.37367316975184,1.0,1.0,1.0,1.0,1.0,70.05051322251188,65.759170539806,5.881650025356407,0.0
6,3,20,4,81.7535045907488,1.0,1.0,1.0,1.0,1.0,60.29910379918476,56.01773187093668,-1.2320422707692416,0.0
6,3,21,4,64.09970651807316,1.0,1.0,1.0,1.0,1.0,41.410901811472066,37.70196303950391,-8.453995775725986,0.0
6,3,22,4,52.96846573687134,1.0,1.0,1.0,1.0,1.0,28.93179088082799,25.394770009301105,-12.468402477626833,0.0
6,3,23,4,60.87599287202497,1.0,1.0,1.0,1.0,1.0,35.36767846844194,33.438253192263986,-6.959170572907944,0.0
6,3,24,4,74.78610524420881,1.0,1.0,1.0,1.0,1.0,47.67207873129641,47.99644001266435,3.562132908711883,0.0
6,3,25,5,84.69479660984004,1.0,1.0,1.0,1.0,1.0,55.830682262116355,57.523442664675215,10.5754436243229,0.0
6,3,26,5,92.99192360770013,1.0,1.0,1.0,1.0,1.0,62.22304253599101,64.7413005354552,10.705310245225052,0.0
6,3,27,5,95.90138275212192,1.0,1.0,1.0,1.0,1.0,63.06275290356099,65.61929731227079,7.038425835971036,0.0
6,3,28,5,96.56629639088041,1.0,1.0,1.0,1.0,1.0,61.48263254890904,64.32282680393146,3.9571665936801232,0.0
6,3,29,5,97.30798143025126,1.0,1.0,1.0,1.0,1.0,59.79369521461858,63.201135522360076,1.4386859408503767,0.0
6,3,30,6,97.54798720400336,1.0,1.0,1.0,1.0,1.0,57.40718707076627,61.55998914124474,0.5488681506271481,0.0
6,3,31,6,97.89769890279871,1.0,1.0,1.0,1.0,1.0,54.92419014432187,59.78664930813248,0.44380083730609954,0.0
6,3,32,6,98.27808134174109,1.0,1.0,1.0,1.0,1.0,52.25536608669691,59.31843662612815,0.3233666371632751,0.0
6,3,33,6,98.75813690571667,1.0,1.0,1.0,1.0,1.0,49.45941411908535,61.972916329825715,0.4033832339044352,0.0
6,3,34,6,98.9041251176736,1.0,1.0,1.0,1.0,1.0,46.092290600743084,64.85621221066623,0.3354754049582975,0.0
6,3,35,7,96.63297677738547,1.0,1.0,1.0,1.0,1.0,40.06062316775147,64.00341298075077,-0.5483681881185399,0.0
6,3,36,7,90.97018483969559,1.0,1.0,1.0,1.0,1.0,30.379601611261563,57.85955032428157,-2.5959840220070256,0.0
6,3,37,7,88.28309154520107,1.0,0.0,1.0,1.0,1.0,23.406265008178266,52.15822520918228,-3.540344524157509,0.0
6,3,38,7,89.34913732615867,1.0,0.0,1.0,1.0,1.0,19.90775062706608,50.40776971969377,-2.4279464837422657,0.0
6,3,39,7,93.96083975100153,1.0,0.0,1.0,1.0,1.0,19.6662728726659,52.59967865440482,0.9968849704353128,0.0
6,3,40,8,97.7006017847981,1.0,0.0,1.0,1.0,1.0,18.253931546353968,53.765035925769666,3.1391700798656736,0.0
6,3,41,8,99.29674493892988,1.0,0.0,1.0,1.0,1.0,14.388744995819522,52.5366813347445,3.315869204257069,0.0
6,3,42,8,99.81359058669575,1.0,0.0,1.0,1.0,1.0,9.1247314306692,50.059911947461835,1.950916945231408,1.0
6,3,43,8,99.92973502821508,1.0,0.0,0.0,1.0,1.0,3.130183987330156,47.04858812397457,0.7430444144723273,1.0
6,3,44,8,99.91830944164207,0.0,0.0,0.0,1.0,0.0,0.0,43.786746355103034,0.2071881675707298,1.0
6,3,45,9,99.96630515914092,0.0,0.0,0.0,1.0,0.0,0.0,40.42952441999168,0.050904857481720946,1.0
6,3,46,9,99.96624317651128,0.0,0.0,0.0,1.0,0.0,0.0,36.78608637384525,0.012169382765402284,1.0
6,1,0,0,0.0,0.0,0.0,0.0,0.0,0.0,0.0,0.0,0.0,0.0
6,1,1,0,0.13264192654398618,0.0,0.0,0.0,0.0,0.0,0.0,0.0,0.13264192654398618,0.0
6,1,2,0,0.6774044695267841,0.0,0.0,0.0,0.0,0.0,0.0,0.0,0.33870223476339206,0.0
6,1,3,0,0.96904760986493,0.0,0.0,0.0,0.0,0.0,0.0,0.0,0.32301586995497666,0.0
6,1,4,0,1.7827468297245312,0.0,0.0,0.0,0.0,0.0,0.0,0.0,0.5500349677268483,0.0
6,1,5,1,4.698132817283668,0.0,0.0,0.0,0.0,0.0,0.0,0.0,1.340242782585628,0.0
6,1,6,1,13.841236780521996,1.0,0.0,1.0,1.0,0.0,3.5243078545839044,4.057942879559931,4.290729723552356,0.0
6,1,7,1,33.14352351195926,1.0,1.0,1.0,1.0,0.0,22.098885764971943,16.84825753867097,10.453592227411576,0.0
6,1,8,1,50.07756027124121,1.0,1.0,1.0,1.0,1.0,38.3359917604908,27.32379890132242,15.126475817985849,0.0
6,1,9,1,55.54442047573207,1.0,1.0,1.0,1.0,1.0,43.12639609481245,28.671905717391866,13.90106123173669,0.0
6,1,10,2,45.02574670288004,1.0,1.0,1.0,1.0,1.0,31.94143818169287,17.14115361531593,3.960741063640261,0.0
6,1,11,2,27.85097809005174,1.0,1.0,1.0,1.0,1.0,14.100253994806433,0.37879073756401027,-7.408860727063157,0.0
6,1,12,2,15.98242547550337,1.0,0.0,1.0,0.0,1.0,1.554851208717107,0.0,-13.1873316667429,0.0
6,1,13,2,10.019867467568423,0.0,0.0,0.0,0.0,0.0,0.0,0.0,-11.66862641177054,0.0
6,1,14,2,12.103739459526466,0.0,0.0,0.0,0.0,0.0,0.0,0.0,-5.249079543508425,0.0
6,1,15,3,26.389483531663714,1.0,1.0,1.0,1.0,0.0,9.76571952843527,1.7050842133758621,3.4690193520534485,0.0
6,1,16,3,46.729382823813594,1.0,1.0,1.0,1.0,0.0,29.28399862219053,22.323060469432065,12.23650511874839,0.0
6,1,17,3,68.88052741527795,1.0,1.0,1.0,1.0,1.0,50.55157259931625,41.591624659151385,18.925595985250496,0.0
6,1,18,3,85.6558632394104,1.0,1.0,1.0,1.0,1.0,66.37108422947381,52.935563759976716,19.755459902582228,0.0
6,1,19,3,89.7476131452717,1.0,1.0,1.0,1.0,1.0,69.42445319803176,52.50804154134312,14.339410107152702,0.0
6,1,20,4,86.0481652967172,1.0,1.0,1.0,1.0,1.0,64.59376450515316,45.728766481200495,5.722545960479749,0.0
6,1,21,4,83.82493584906766,1.0,1.0,1.0,1.0,1.0,61.13613114246656,41.01811138370203,-0.6103091301142456,0.0
6,1,22,4,87.03413498308842,1.0,1.0,1.0,1.0,1.0,62.99746012704507,42.762284860449626,-0.9044927207277595,0.0
6,1,23,4,91.21649705367864,1.0,1.0,1.0,1.0,1.0,65.7081826500956,47.35679948764602,1.7227772523204787,0.0
6,1,24,4,90.12353721275552,1.0,1.0,1.0,1.0,1.0,63.00951069984312,49.45483778589343,2.0995337878959552,0.0
6,1,25,5,83.9609062963786,1.0,1.0,1.0,1.0,1.0,55.09679194865491,49.32254533707002,-1.0244095622366085,0.0
6,1,26,5,75.4208949145731,1.0,1.0,1.0,1.0,1.0,44.65201384286398,47.36093987074605,-5.26520071303518,0.0
6,1,27,5,69.99135619139486,1.0,1.0,1.0,1.0,1.0,37.15272634283393,45.816204919642104,-6.710727007120222,0.0
6,1,28,5,57.86654227828886,1.0,1.0,1.0,1.0,1.0,22.78287843631749,30.323254318424098,-8.698121339363245,0.0
6,1,29,5,42.46666692966708,1.0,0.0,1.0,1.0,1.0,4.952380714034398,8.593460939494697,-10.98474266163534,0.0
6,1,30,6,32.11278093605761,0.0,0.0,0.0,0.0,0.0,0.0,0.0,-12.626191751779082,0.0
6,1,31,6,30.93103446152645,0.0,0.0,0.0,0.0,0.0,0.0,0.0,-8.97850260558747,0.0
6,1,32,6,55.50450341801964,1.0,0.0,1.0,1.0,0.0,9.481788162975462,10.380045835214787,4.34594549611752,0.0
6,1,33,6,76.31771267626789,1.0,1.0,1.0,1.0,0.0,27.018989889636572,30.308526400170578,14.73497724673676,0.0
6,1,34,6,82.35184263837496,1.0,1.0,1.0,1.0,1.0,29.540008121444444,35.47228696189366,17.140269392282836,0.0
6,1,35,7,93.51623910631346,1.0,1.0,1.0,1.0,1.0,36.94388549667947,44.31181696454524,12.670578562764609,0.0
6,1,36,7,97.94398218151886,1.0,1.0,1.0,1.0,1.0,37.353398953084834,45.130132340568196,7.208756501750325,0.0
6,1,37,7,94.67801879720447,1.0,1.0,1.0,1.0,1.0,29.801192260181665,38.24364969913263,4.108725386276504,0.0
6,1,38,7,90.31215789641851,1.0,0.0,1.0,1.0,1.0,20.870771197325922,30.638064200411833,-1.0680270699649839,0.0
6,1,39,7,89.5662652564844,1.0,0.0,1.0,1.0,1.0,15.27169837814877,27.044872626946415,-2.792572308344821,0.0
6,1,40,8,82.95963688938761,1.0,0.0,0.0,1.0,1.0,3.5129666509434827,19.49513803643844,-3.9061273026056207,1.0
6,1,41,8,64.53924612362147,0.0,0.0,0.0,1.0,0.0,0.0,2.2727144302655518,-8.590970590932349,1.0
6,1,42,8,43.036666108563665,0.0,0.0,0.0,0.0,0.0,0.0,0.0,-15.509866382640245,1.0
6,1,43,8,39.58282087225778,0.0,0.0,0.0,0.0,0.0,0.0,0.0,-14.458938672376611,1.0
6,1,44,8,65.91979111151753,0.0,0.0,0.0,0.0,0.0,0.0,0.0,0.4601816626320196,1.0
6,3,0,0,0.0,0.0,0.0,0.0,0.0,0.0,0.0,0.0,0.0,0.0
6,3,1,0,45.1102036749639,1.0,1.0,1.0,1.0,0.0,36.68843740850782,36.68843740850782,45.1102036749639,0.0
6,3,2,0,78.42513664214357,1.0,1.0,1.0,1.0,0.0,69.60617133445074,42.46876272090974,39.212568321071785,0.0
6,3,3,0,66.52181330408278,1.0,1.0,1.0,1.0,1.0,57.33318764588236,32.41599456417897,22.173937768027596,0.0
6,3,4,0,42.664626872706904,1.0,1.0,1.0,1.0,1.0,33.12932379538336,11.300350124606322,-0.8151922674189981,0.0
6,3,5,1,39.89321278408889,1.0,1.0,1.0,1.0,1.0,30.029659459681966,10.413154504345272,-12.843974619351561,0.0
6,3,6,1,30.589135270858844,1.0,1.0,1.0,1.0,1.0,20.272206344920754,2.036096982597158,-11.977559344407979,0.0
6,3,7,1,21.052862662801992,1.0,1.0,1.0,0.0,1.0,10.008224915814676,0.0,-7.203921403301638,0.0
6,3,8,1,19.739262093876135,1.0,1.0,1.0,0.0,1.0,7.99769358312572,0.0,-6.717983563404251,0.0
6,3,9,1,13.849699885781964,1.0,0.0,1.0,0.0,1.0,1.431675504862346,0.0,-5.579811795025627,0.0
6,3,10,2,9.856309119969335,0.0,0.0,0.0,0.0,0.0,0.0,0.0,-3.7321845142775523,0.0
6,3,11,2,6.760354916106525,0.0,0.0,0.0,0.0,0.0,0.0,0.0,-4.32630239258987,0.0
6,3,12,2,3.6490159481123605,0.0,0.0,0.0,0.0,0.0,0.0,0.0,-3.4002279792232013,0.0
6,3,13,2,3.1827329026957454,0.0,0.0,0.0,0.0,0.0,0.0,0.0,-2.224525405757863,0.0
6,3,14,2,16.425476013916956,1.0,0.0,0.0,0.0,0.0,0.571684956831362,0.0,3.221707032603477,0.0
6,3,15,3,31.944326897061956,1.0,1.0,1.0,1.0,0.0,15.320562893833511,12.200950521348528,9.431770316316532,0.0
6,3,16,3,38.1716225021074,1.0,1.0,1.0,1.0,1.0,20.726238300484333,18.29153864930828,11.662963199803883,0.0
6,3,17,3,49.35699532352463,1.0,1.0,1.0,1.0,1.0,31.028040507562928,26.15421791235172,10.977173103202558,0.0
6,3,18,3,71.09513803183964,1.0,1.0,1.0,1.0,1.0,51.810359021903054,41.01197481340112,13.050270378259228,0.0
6,3,19,3,88.85916693691917,1.0,1.0,1.0,1.0,1.0,68.53600698967921,51.146398416796565,16.895848144937258,0.0
6,3,20,4,91.30110970027927,1.0,1.0,1.0,1.0,1.0,69.84670890871523,48.56281790581835,13.981371458918213,0.0
6,3,21,4,87.33804593164191,1.0,1.0,1.0,1.0,1.0,64.64924122504081,42.287664341821,5.414302633267425,0.0
6,3,22,4,88.28774387857067,1.0,1.0,1.0,1.0,1.0,64.25106902252732,42.64710115241699,-0.1904743527828335,0.0
6,3,23,4,90.43361575322582,1.0,1.0,1.0,1.0,1.0,64.92530134964278,46.12284010485979,-0.28916464901781563,0.0
6,3,24,4,89.55588273624824,1.0,1.0,1.0,1.0,1.0,62.44185622333583,49.037922769565945,0.7392789348687737,0.0
6,3,25,5,81.47741049901457,1.0,1.0,1.0,1.0,1.0,52.61329615129088,45.29729287488906,-2.2701111265186995,0.0
6,3,26,5,75.60757633524342,1.0,1.0,1.0,1.0,1.0,44.838695263534305,42.86530836124827,-4.942013139327467,0.0
6,3,27,5,84.12553394311999,1.0,1.0,1.0,1.0,1.0,51.28690409455906,55.5803920712572,-1.810116264376082,0.0
6,3,28,5,93.56297539637578,1.0,1.0,1.0,1.0,1.0,58.479311554404404,69.11584783803885,4.028521632453736,0.0
6,3,29,5,97.04934751152784,1.0,1.0,1.0,1.0,1.0,59.53506129589516,72.39510444754497,7.147257058761473,0.0
6,3,30,6,98.06667379854467,1.0,1.0,1.0,1.0,1.0,57.92587366530758,71.3498244887366,4.647046618474893,0.0
6,3,31,6,98.9269335928146,1.0,1.0,1.0,1.0,1.0,55.95342483433777,70.13725419135287,1.78798606547961,0.0
6,3,32,6,99.28776769994573,1.0,1.0,1.0,1.0,1.0,53.265052444901556,68.44982362330404,0.7461400628059636,0.0
6,3,33,6,99.0254075208457,1.0,1.0,1.0,1.0,1.0,49.72668473421439,66.1929371851393,0.3195779074336779,0.0
6,3,34,6,98.8636712647315,1.0,1.0,1.0,1.0,1.0,46.05183674780098,63.99258532070215,-0.021087442694370868,0.0
6,3,35,7,97.99013195463948,1.0,1.0,1.0,1.0,1.0,41.41777834500549,61.12388944174896,-0.4325452484354173,0.0
6,3,36,7,98.29498282782305,1.0,1.0,1.0,1.0,1.0,37.70439959938902,60.19628984268125,-0.24347489767421848,0.0
6,3,37,7,99.2169058651588,1.0,1.0,1.0,1.0,1.0,34.340079328135985,62.029930405636016,0.11774486680909983,0.0
6,3,38,7,99.43918347571687,1.0,1.0,1.0,1.0,1.0,29.997796776624284,62.660183775390855,0.4830171736924645,0.0
6,3,39,7,98.37002898537362,1.0,0.0,1.0,1.0,1.0,24.075462107037993,59.782012902569534,0.02501538585019129,0.0
6,3,40,8,95.41779098453758,1.0,0.0,1.0,1.0,1.0,15.971120746093447,54.20689248261682,-1.2663716268737393,0.0
6,3,41,8,96.465070294426,1.0,0.0,1.0,1.0,1.0,11.557070351315645,52.41382755731739,-0.9913710604302916,0.0
6,3,42,8,98.09150535389767,1.0,0.0,1.0,1.0,1.0,7.402646197871121,51.20673721251456,-0.0928412104919829,0.0
6,3,43,8,98.7970592221574,1.0,0.0,0.0,1.0,1.0,1.9975081812724795,48.940264079314744,1.1264227458732752,0.0
6,3,44,8,99.40336790858905,0.0,0.0,0.0,1.0,0.0,0.0,46.35380324343386,0.9794325380543493,0.0
6,3,45,9,99.7710068230415,0.0,0.0,0.0,1.0,0.0,0.0,43.32323007550681,0.5598338230479433,0.0
6,3,46,9,99.83796009815099,0.0,0.0,0.0,1.0,0.0,0.0,39.82588258005428,0.3469669586645286,0.0
6,3,47,9,99.59892681844433,0.0,0.0,0.0,1.0,0.0,0.0,35.881548826109984,0.06518630328509308,0.0
6,3,48,9,99.16550712945067,0.0,0.0,0.0,1.0,0.0,0.0,31.604583318135596,-0.20183323119694307,0.0
6,3,49,9,98.29213722337542,0.0,0.0,0.0,1.0,0.0,0.0,26.729703041941846,-0.5152742915918557,0.0
6,3,50,10,97.86726638072645,0.0,0.0,0.0,1.0,0.0,0.0,22.079330952938932,-0.5772201459059593,0.0
6,3,51,10,99.00328204856405,0.0,0.0,0.0,1.0,0.0,0.0,19.163576707223356,-0.05407502696220945,0.0
6,3,52,10,99.7167639126807,0.0,0.0,0.0,1.0,0.0,0.0,15.275988869294181,0.4748755631017616,0.0
6,3,53,10,99.89858772752841,0.0,0.0,0.0,1.0,0.0,0.0,10.656493705589838,0.6771071156006533,0.0
6,3,54,10,99.65052857979225,0.0,0.0,0.0,1.0,0.0,0.0,5.4023105434506675,0.21574884374273515,0.0
6,3,55,11,98.2894051859765,0.0,0.0,0.0,0.0,0.0,0.0,0.0,-0.475786242234733,0.0
6,3,56,11,97.67771266696401,0.0,0.0,0.0,0.0,0.0,0.0,0.0,-0.7402916868547985,0.0
6,3,57,11,98.50276601947766,0.0,0.0,0.0,0.0,0.0,0.0,0.0,-0.3825875201048632,0.0
6,3,58,11,99.35689989471807,0.0,0.0,0.0,0.0,0.0,0.0,0.0,0.35583156958052103,1.0
6,3,59,11,99.78659885394663,0.0,0.0,0.0,0.0,0.0,0.0,0.0,0.7029620623275387,1.0
6,3,60,11,99.93638578336663,0.0,0.0,0.0,0.0,0.0,0.0,0.0,0.4778732546296567,1.0
6,3,61,11,99.87045303648196,0.0,0.0,0.0,0.0,0.0,0.0,0.0,0.17118438058796434,1.0
6,3,62,11,99.61994298465078,0.0,0.0,0.0,0.0,0.0,0.0,0.0,-0.05555195643195058,1.0
6,2,0,0,0.0,0.0,0.0,0.0,0.0,0.0,0.0,0.0,0.0,0.0
6,2,1,0,44.19700332902299,1.0,1.0,1.0,1.0,0.0,35.775237062566916,35.775237062566916,44.19700332902299,0.0
6,2,2,0,78.25948194833137,1.0,1.0,1.0,1.0,0.0,69.44051664063853,42.402043123496135,39.129740974165685,0.0
6,2,3,0,79.80202285884366,1.0,1.0,1.0,1.0,1.0,70.61339720064323,43.13587250247635,26.60067428628122,0.0
6,2,4,0,75.83639246711894,1.0,1.0,1.0,1.0,1.0,66.3010893897954,40.543689809975824,10.546463046031983,0.0
6,2,5,1,84.36586124794727,1.0,1.0,1.0,1.0,1.0,74.50230792354034,49.450295262104554,2.0354597665386316,0.0
6,2,6,1,85.51488033373488,1.0,1.0,1.0,1.0,1.0,75.1979514077968,51.160260046424185,1.9042858249637409,0.0
6,2,7,1,58.26674807849852,1.0,1.0,1.0,1.0,1.0,47.2221103315112,25.42575478866253,-5.85654812954014,0.0
6,2,8,1,33.05647372448435,1.0,1.0,1.0,0.0,1.0,21.314905213733933,0.0,-17.103129174487638,0.0
6,2,9,1,19.199393937079535,1.0,1.0,1.0,0.0,1.0,6.781369556159916,0.0,-22.10516213221845,0.0
6,2,10,2,14.675478003172007,1.0,0.0,1.0,0.0,1.0,1.591169481984835,0.0,-14.530423358442173,0.0
6,2,11,2,11.509239652251242,0.0,0.0,0.0,0.0,0.0,0.0,0.0,-7.182411357411035,0.0
6,2,12,2,6.650603630317017,0.0,0.0,0.0,0.0,0.0,0.0,0.0,-4.182930102254173,0.0
6,2,13,2,6.103183742034261,0.0,0.0,0.0,0.0,0.0,0.0,0.0,-2.8574314203792484,0.0
6,2,14,2,16.12535308571446,1.0,0.0,0.0,0.0,0.0,0.271562028628864,0.0,1.538704477821072,0.0
6,2,15,3,37.12584394963184,1.0,1.0,1.0,1.0,0.0,20.5020799464034,0.8131497157452188,10.158413439771609,0.0
6,2,16,3,57.464253796808045,1.0,1.0,1.0,1.0,1.0,40.01886959518498,24.26934367254018,17.120356684924595,0.0
6,2,17,3,77.87422121659777,1.0,1.0,1.0,1.0,1.0,59.54526640063607,45.68797697037985,20.58295604362777,0.0
6,2,18,3,92.46710631034105,1.0,1.0,1.0,1.0,1.0,73.18232730040447,54.578422348526416,18.447087453569736,0.0
6,2,19,3,97.52755658172896,1.0,1.0,1.0,1.0,1.0,77.204396634489,53.707292225434436,13.354434261640305,0.0
6,2,20,4,97.93029052018747,1.0,1.0,1.0,1.0,1.0,76.47588972862343,50.4120340587198,6.685356434529898,0.0
6,2,21,4,93.71780493228569,1.0,1.0,1.0,1.0,1.0,71.0290002256846,44.82337785892382,0.41689954064821205,0.0
6,2,22,4,85.91902461389321,1.0,1.0,1.0,1.0,1.0,61.882349757849866,37.91570698912451,-3.8695106559452483,0.0
6,2,23,4,86.75178764284558,1.0,1.0,1.0,1.0,1.0,61.24347323926254,41.76680762186993,-3.726167625780628,0.0
6,2,24,4,91.36650651245091,1.0,1.0,1.0,1.0,1.0,64.25247999953851,51.73169993233387,-0.7837661399449255,0.0
6,2,25,5,87.43489352225319,1.0,1.0,1.0,1.0,1.0,58.570779174529505,54.95003190841649,0.5052896361199922,0.0
6,2,26,5,71.23401491612152,1.0,1.0,1.0,1.0,1.0,40.46513384441241,43.977398113047315,-5.17259090890802,0.0
6,2,27,5,52.141142764042556,1.0,1.0,1.0,1.0,1.0,19.30251291548163,22.61245780770807,-13.075121249469452,0.0
6,2,28,5,31.964407523837302,0.0,0.0,0.0,0.0,0.0,0.0,0.0,-18.49016199947196,1.0
6,2,29,5,23.365522037587198,0.0,0.0,0.0,0.0,0.0,0.0,0.0,-15.956164292844775,1.0
6,2,30,6,52.75989010042333,1.0,0.0,1.0,1.0,0.0,12.619089967186234,7.3543541944105115,0.20624911212692373,1.0
6,2,31,6,85.17217804082688,1.0,1.0,1.0,1.0,0.0,42.19866928235004,39.34702451639773,17.73592350566319,1.0
6,2,32,6,95.3131636091902,1.0,1.0,1.0,1.0,1.0,49.29044835414602,47.78331026156009,23.982547190534333,1.0
6,2,0,0,0.0,0.0,0.0,0.0,0.0,0.0,0.0,0.0,0.0,0.0
6,2,1,0,0.8823466041928314,0.0,0.0,0.0,0.0,0.0,0.0,0.0,0.8823466041928314,0.0
6,2,2,0,5.680055717797429,0.0,0.0,0.0,0.0,0.0,0.0,0.0,2.8400278588987145,0.0
6,2,3,0,11.990284740537735,1.0,0.0,1.0,1.0,0.0,2.801659082337311,3.038310802598506,3.996761580179245,0.0
6,2,4,0,53.01396072451925,1.0,1.0,1.0,1.0,0.0,43.4786576471957,28.664866928344342,17.377204706775473,0.0
6,2,5,1,87.02272031227805,1.0,1.0,1.0,1.0,1.0,77.15916698787113,49.57983364463289,27.11422153149354,0.0
6,2,6,1,94.52505816024048,1.0,1.0,1.0,1.0,1.0,84.20812923430239,50.908282389503505,27.511591139900915,0.0
6,2,7,1,84.4997044657726,1.0,1.0,1.0,1.0,1.0,73.45506671878528,39.66649248784806,10.495247913751115,0.0
6,2,8,1,69.80950516249573,1.0,1.0,1.0,1.0,1.0,58.06793665174531,25.925439312174184,-5.737738383260776,0.0
6,2,9,1,58.76163603390654,1.0,1.0,1.0,1.0,1.0,46.34361165298692,16.306745078508783,-11.921140708777978,0.0
6,2,10,2,48.46695087521987,1.0,1.0,1.0,1.0,1.0,35.3826423540327,7.39617329512258,-12.010917863517575,0.0
6,2,11,2,50.62734109375495,1.0,1.0,1.0,1.0,1.0,36.87661699850965,12.556319062514973,-6.394054689580258,0.0
6,2,12,2,68.97953135508274,1.0,1.0,1.0,1.0,1.0,54.551957088296476,34.712410163884925,3.4059651070587336,0.0
6,2,13,2,81.79560540261892,1.0,1.0,1.0,1.0,1.0,66.67044320311663,52.00562179914518,11.109551509133015,0.0
6,2,14,2,87.87884811002692,1.0,1.0,1.0,1.0,1.0,72.02505705294132,64.2021798226897,12.417169005423991,0.0
6,2,15,3,93.32190828831314,1.0,1.0,1.0,1.0,1.0,76.6981442850847,69.26507340562972,8.114125644410132,0.0
6,2,16,3,91.4058047957848,1.0,1.0,1.0,1.0,1.0,73.96042059416175,66.57731399505762,3.203399797721962,0.0
6,2,17,3,85.47930263166933,1.0,1.0,1.0,1.0,1.0,67.15034781570762,60.96262352034955,-0.799848492785865,0.0
6,2,18,3,89.41070641600189,1.0,1.0,1.0,1.0,1.0,70.1259274060653,64.04610753222065,-1.3037339574370843,0.0
6,2,19,3,89.66788837067892,1.0,1.0,1.0,1.0,1.0,69.34472842343897,63.3327360281226,-0.5793054750352932,0.0
6,2,20,4,89.95847750539637,1.0,1.0,1.0,1.0,1.0,68.50407671383233,63.728737650977514,1.493058291242349,0.0
6,2,21,4,95.85188905096311,1.0,1.0,1.0,1.0,1.0,73.163084344362,71.94592482712183,2.1470608783204077,0.0
6,2,22,4,95.6804861981536,1.0,1.0,1.0,1.0,1.0,71.64381134211025,76.40757542310564,2.004199275824893,0.0
6,2,23,4,96.06999612341815,1.0,1.0,1.0,1.0,1.0,70.56168171983511,78.93621833385113,2.0371728726739255,0.0
6,2,24,4,98.71477906443012,1.0,1.0,1.0,1.0,1.0,71.60075255151772,81.15120325126807,0.9542966711556696,0.0
6,2,25,5,98.06397593890097,1.0,1.0,1.0,1.0,1.0,69.19986159117728,79.4954751841743,0.7944965802491216,0.0
6,2,26,5,90.5189706325998,1.0,1.0,1.0,1.0,1.0,59.750089560890686,70.89294441674998,-1.8503418302727823,0.0
6,2,27,5,76.74248536606976,1.0,1.0,1.0,1.0,1.0,43.90385551750883,53.93775557911115,-7.324097899453453,0.0
6,2,28,5,70.55999499706049,1.0,1.0,1.0,1.0,1.0,35.47633115508911,44.233792318096704,-9.167993647280161,0.0
6,2,29,5,88.29382208751085,1.0,1.0,1.0,1.0,1.0,50.77953587187817,60.70049072444814,-0.7417161816963187,0.0
6,2,30,6,95.7160025892287,1.0,1.0,1.0,1.0,1.0,55.5752024559916,66.62087253917717,6.324505741052978,0.0
6,2,31,6,97.06360187144126,1.0,1.0,1.0,1.0,1.0,54.090093112964425,66.3271016346224,8.834535624793594,0.0
6,2,32,6,98.5991807163204,1.0,1.0,1.0,1.0,1.0,52.57646546127623,66.1456726534029,3.435119542936519,1.0
6,2,33,6,99.52009287542091,1.0,1.0,1.0,1.0,1.0,50.2213700887896,65.1771874196263,1.2680300953974069,1.0
6,2,34,6,99.20472371676101,1.0,1.0,1.0,1.0,1.0,46.39288919983049,62.912988303077924,0.7137072817732483,1.0
6,2,35,7,97.45085774321193,1.0,1.0,1.0,1.0,1.0,40.878504133577934,59.33913080691377,-0.38277432436949255,1.0
6,2,36,7,98.23793778558792,1.0,1.0,1.0,1.0,1.0,37.64735455715389,58.099145992242775,-0.4273850299443325,1.0
6,1,0,0,0.0,0.0,0.0,0.0,0.0,0.0,0.0,0.0,0.0,0.0
6,1,1,0,14.417194521391114,1.0,1.0,1.0,1.0,0.0,5.995428254935042,5.995428254935042,14.417194521391114,0.0
6,1,2,0,20.639940712613203,1.0,1.0,1.0,1.0,0.0,11.82097540492037,8.176226063086803,10.319970356306602,0.0
6,1,3,0,24.10695729669674,1.0,1.0,1.0,1.0,1.0,14.918331638496317,10.699999639874779,8.035652432232247,0.0
6,1,4,0,38.10879753149611,1.0,1.0,1.0,1.0,1.0,28.573494454172558,21.12451488411395,7.897201003368331,0.0
6,1,5,1,49.24872162256097,1.0,1.0,1.0,1.0,1.0,39.38516829815405,28.496870947435305,9.536260303315922,0.0
6,1,6,1,58.42586102426803,1.0,1.0,1.0,1.0,1.0,48.10893209832994,34.32775413238825,11.439634575857097,0.0
6,1,7,1,55.44629790668279,1.0,1.0,1.0,1.0,1.0,44.40166015969547,30.262465695678202,5.779166791728893,0.0
6,1,8,1,54.6136761983565,1.0,1.0,1.0,1.0,1.0,42.87210768760609,29.004102625567874,1.7883181919318432,0.0
6,1,9,1,70.63939408305514,1.0,1.0,1.0,1.0,1.0,58.22136970213552,42.920776651000786,4.071177686262369,0.0
6,1,10,2,88.30298998851555,1.0,1.0,1.0,1.0,1.0,75.21868146732838,56.81565492507065,10.952230693944253,0.0
6,1,11,2,91.92751173322257,1.0,1.0,1.0,1.0,1.0,78.17678763797727,60.56383849718568,12.437945178288691,0.0
6,1,12,2,82.03451803290966,1.0,1.0,1.0,1.0,1.0,67.6069437661234,51.96533820477589,3.798374649951507,0.0
6,1,13,2,70.6095295480001,1.0,1.0,1.0,1.0,1.0,55.48436734849781,43.19805319572169,-5.897820146838484,0.0
6,1,14,2,62.69901638192319,1.0,1.0,1.0,1.0,1.0,46.84522532483759,38.90218426080405,-9.742831783766462,0.0
6,1,15,3,59.5403574286227,1.0,1.0,1.0,1.0,1.0,42.916593425394254,37.676463067109594,-7.49805353476232,0.0
6,1,16,3,77.74852615982618,1.0,1.0,1.0,1.0,1.0,60.30314195820312,56.51565054744647,2.3796655372753626,0.0
6,1,17,3,92.95874770221855,1.0,1.0,1.0,1.0,1.0,74.62979288625684,70.32179698850865,10.08657710676512,0.0
6,1,18,3,96.39998737888271,1.0,1.0,1.0,1.0,1.0,77.11520836894613,73.05844873856782,12.286543316753338,0.0
6,1,19,3,95.45855419299127,1.0,1.0,1.0,1.0,1.0,75.13539424575131,72.64913187967431,5.903342677721696,0.0
6,1,20,4,91.12471229271776,1.0,1.0,1.0,1.0,1.0,69.67031150115372,67.8350903595618,-0.6113451365002618,0.0
6,1,21,4,78.67485754414298,1.0,1.0,1.0,1.0,1.0,55.986052837541884,54.82331431149515,-5.908376611579911,0.0
6,1,22,4,70.53420921397861,1.0,1.0,1.0,1.0,1.0,46.497534357935265,46.04227832231134,-8.308114993004219,0.0
6,1,23,4,69.97236389848163,1.0,1.0,1.0,1.0,1.0,44.46404949489859,44.422150377218514,-7.05078279807871,0.0
6,1,24,4,72.05439055027045,1.0,1.0,1.0,1.0,1.0,44.94036403735805,45.737369427086975,-2.206822331290842,0.0
6,1,25,5,82.93037600802853,1.0,1.0,1.0,1.0,1.0,54.066261660304846,56.74869262846877,4.132055598016639,0.0
6,1,26,5,89.7183554322565,1.0,1.0,1.0,1.0,1.0,58.949474360547384,64.45270348791394,6.581997177924957,0.0
6,1,27,5,80.15294871113912,1.0,1.0,1.0,1.0,1.0,47.31431886257819,53.91550336061953,2.699519386956221,0.0
6,1,28,5,60.07781219641058,1.0,1.0,1.0,1.0,1.0,24.994148354439204,31.062993051258974,-7.617521270539318,1.0
6,1,29,5,43.924752199016694,1.0,0.0,1.0,1.0,1.0,6.4104659833840145,10.621888457762445,-15.264534411079936,1.0
6,1,30,6,36.8952687911567,0.0,0.0,0.0,0.0,0.0,0.0,0.0,-14.419226639994138,1.0
6,1,31,6,60.24228207961006,1.0,1.0,1.0,1.0,0.0,17.268773321133217,22.85939061584549,0.05482329439982673,1.0
6,1,32,6,80.61190698915019,1.0,1.0,1.0,1.0,0.0,34.58919173410601,41.54284248912073,12.229051596711164,1.0
6,1,0,0,0.0,0.0,0.0,0.0,0.0,0.0,0.0,0.0,0.0,0.0
6,1,1,0,1.1718069853497781,0.0,0.0,0.0,0.0,0.0,0.0,0.0,1.1718069853497781,0.0
6,1,2,0,7.669011204354276,0.0,0.0,0.0,1.0,0.0,0.0,0.47694104394330505,3.834505602177138,0.0
6,1,3,0,11.90083969988796,1.0,0.0,1.0,1.0,0.0,2.7122140416875364,2.8577635829940746,3.96694656662932,0.0
6,1,4,0,16.45975746229174,1.0,1.0,1.0,1.0,0.0,6.92445438496819,5.664240252741571,5.095983492313987,0.0
6,1,5,1,27.192339628243435,1.0,1.0,1.0,1.0,1.0,17.328786303836516,13.009709214389957,6.507776141296386,0.0
6,1,6,1,21.357374244037608,1.0,1.0,1.0,1.0,1.0,11.040445318099517,6.784640569611183,3.1521781813832157,0.0
6,1,7,1,16.77394199350368,1.0,1.0,1.0,1.0,1.0,5.729304246516364,2.376473966805639,0.10472817707064645,0.0
6,1,8,1,18.438288796652365,1.0,1.0,1.0,1.0,1.0,6.69672028590195,4.066599167252086,-2.9180169438636896,0.0
6,1,9,1,15.602572611605808,1.0,0.0,1.0,1.0,1.0,3.1845482306861896,1.3457316457268078,-1.9182672108106,0.0
6,1,10,2,8.691166477768682,0.0,0.0,0.0,0.0,0.0,0.0,0.0,-2.694258505244999,0.0
6,1,11,2,4.590146532596668,0.0,0.0,0.0,0.0,0.0,0.0,0.0,-4.616047421351899,0.0
6,1,12,2,5.69892077547851,0.0,0.0,0.0,0.0,0.0,0.0,0.0,-3.3012172787090996,0.0
6,1,13,2,14.928210786408783,0.0,0.0,0.0,1.0,0.0,0.0,1.1608262614358864,2.0790147695467005,0.0
6,1,14,2,43.339310592883265,1.0,1.0,1.0,1.0,0.0,27.48551953579767,25.27390224840491,12.916388020095532,0.0
6,1,15,3,63.531167626125466,1.0,1.0,1.0,1.0,0.0,46.90740362289702,38.65186374919764,19.27741561688232,0.0
6,1,16,3,57.18306428557586,1.0,1.0,1.0,1.0,1.0,39.737680083952796,29.0274884078988,14.084951166389025,0.0
6,1,17,3,47.86041263848986,1.0,1.0,1.0,1.0,1.0,29.53145782252816,18.183204811905277,1.5070340152021988,0.0
6,1,18,3,43.06971319693781,1.0,1.0,1.0,1.0,1.0,23.78493418700123,12.686572783132057,-6.820484809729218,0.0
6,1,19,3,44.612175165301906,1.0,1.0,1.0,1.0,1.0,24.289015218061955,13.56913339429589,-4.190296373424651,0.0
6,1,20,4,47.600579024240616,1.0,1.0,1.0,1.0,1.0,26.146178232676576,16.180743632446028,-0.08661120474974855,0.0
6,1,21,4,42.26818528276191,1.0,1.0,1.0,1.0,1.0,19.579380576160816,11.833247305419704,-0.2671759713919665,0.0
6,1,22,4,42.6636047509322,1.0,1.0,1.0,1.0,1.0,18.626929894888853,14.633199804957073,-0.6495234714565683,0.0
6,1,23,4,47.29402542471989,1.0,1.0,1.0,1.0,1.0,21.78571102113685,23.05432155345509,-0.10218453317357519,0.0
6,1,24,4,35.92428891015523,1.0,0.0,1.0,1.0,1.0,8.810262397242823,15.02764824722593,-2.114632124202229,0.0
6,1,25,5,34.085966116981176,1.0,0.0,1.0,1.0,1.0,5.221851769257494,11.425711850674759,-2.859212877983675,0.0
6,1,26,5,43.34241114790174,1.0,1.0,1.0,1.0,1.0,12.573530076192629,21.879934249704466,-1.3172047589393827,0.0
6,1,27,5,40.92673276692082,1.0,0.0,1.0,1.0,1.0,8.088102918359894,20.025275367523765,1.6674812855885317,0.0
6,1,28,5,33.729619848351234,0.0,0.0,0.0,1.0,0.0,0.0,11.302353551372363,-0.11878208954331389,0.0
6,1,29,5,23.413448836523038,0.0,0.0,0.0,0.0,0.0,0.0,0.0,-6.6429874371262345,0.0
6,1,30,6,16.10156862054159,0.0,0.0,0.0,0.0,0.0,0.0,0.0,-8.275054715459744,0.0
6,1,31,6,17.20658940669699,0.0,0.0,0.0,0.0,0.0,0.0,0.0,-5.507676813884747,0.0
6,1,32,6,40.4683525329193,0.0,0.0,0.0,1.0,0.0,0.0,6.84937449475278,5.684967898798753,0.0
6,1,33,6,62.586164821816226,1.0,0.0,1.0,1.0,0.0,13.28744203518491,24.552237277511843,15.494865400424878,0.0
6,1,34,6,62.34000060321382,1.0,0.0,1.0,1.0,0.0,9.5281660862833,20.733076666280176,15.044470398838941,0.0
6,1,35,7,54.75453839049072,0.0,0.0,0.0,1.0,0.0,0.0,10.44124022085844,4.762061952523808,0.0
6,1,36,7,58.502281212583476,0.0,0.0,0.0,1.0,0.0,0.0,11.314000878899634,-1.3612945364109166,0.0
6,1,37,7,75.05554774821404,1.0,0.0,1.0,1.0,0.0,10.178721211191231,23.040118945731663,4.238515715000074,0.0
6,1,38,7,89.82971288997044,1.0,0.0,1.0,1.0,0.0,20.388326190877848,31.527190013447196,11.691724833159904,0.0
6,1,39,7,91.12683604155362,1.0,0.0,1.0,1.0,1.0,16.832269163217987,27.9944001909561,10.874851609656714,0.0
6,1,40,8,82.2237502629904,1.0,0.0,0.0,1.0,1.0,2.7770800245462652,17.306452343150937,2.389400838258785,0.0
6,1,41,8,78.46701437440387,0.0,0.0,0.0,1.0,0.0,0.0,14.469528265442825,-3.7875661718555214,1.0
6,1,42,8,70.80420941655925,0.0,0.0,0.0,1.0,0.0,0.0,10.233524367982426,-6.7742088749981235,1.0
6,1,43,8,58.633639245422486,0.0,0.0,0.0,0.0,0.0,0.0,0.0,-7.863370339189302,1.0
6,1,44,8,72.19923860574059,0.0,0.0,0.0,1.0,0.0,0.0,8.312020616089185,-2.089258589554428,1.0
6,1,45,9,88.98178231987728,0.0,0.0,0.0,1.0,0.0,0.0,21.31831067959932,6.059190967772679,1.0
7,2,0,0,0.0,0.0,0.0,0.0,0.0,0.0,0.0,0.0,0.0,0.0
7,2,1,0,0.7546496188234315,0.0,0.0,0.0,0.0,0.0,0.0,0.0,0.7546496188234315,0.0
7,2,2,0,1.7085947953116567,0.0,0.0,0.0,0.0,0.0,0.0,0.0,0.8542973976558283,0.0
7,2,3,0,1.5152249087496752,0.0,0.0,0.0,0.0,0.0,0.0,0.0,0.5050749695832251,0.0
7,2,4,0,1.7109912542190373,0.0,0.0,0.0,0.0,0.0,0.0,0.0,0.3187805451318686,0.0
7,2,5,1,2.080399677903346,0.0,0.0,0.0,0.0,0.0,0.0,0.0,0.12393496086389637,0.0
7,2,6,1,1.4375743779922234,0.0,0.0,0.0,0.0,0.0,0.0,0.0,-0.02588351025248392,0.0
7,2,7,1,1.7675355060232882,0.0,0.0,0.0,0.0,0.0,0.0,0.0,0.01884808393475031,0.0
7,2,8,1,3.237862672722742,0.0,0.0,0.0,0.0,0.0,0.0,0.0,0.38582099827313215,0.0
7,2,9,1,3.824208925904771,0.0,0.0,0.0,0.0,0.0,0.0,0.0,0.7955448493041826,0.0
7,2,10,2,5.066178975680106,0.0,0.0,0.0,0.0,0.0,0.0,0.0,1.0995478232189393,0.0
7,2,11,2,5.534327979088189,0.0,0.0,0.0,0.0,0.0,0.0,0.0,0.7654884354551491,0.0
7,2,12,2,3.9508085135093447,0.0,0.0,0.0,0.0,0.0,0.0,0.0,0.04219986253485786,0.0
7,2,13,2,2.557881028932451,0.0,0.0,0.0,0.0,0.0,0.0,0.0,-0.8360993155825517,0.0
7,2,14,2,2.1209134420574127,0.0,0.0,0.0,0.0,0.0,0.0,0.0,-1.1378048456769256,0.0
7,2,15,3,1.5133381020258205,0.0,0.0,0.0,0.0,0.0,0.0,0.0,-0.8124901371611747,0.0
7,2,16,3,2.955568635086125,0.0,0.0,0.0,0.0,0.0,0.0,0.0,0.13256253538455795,0.0
7,2,17,3,11.19361707601365,0.0,0.0,0.0,0.0,0.0,0.0,0.0,3.0242345446520793,0.0
7,2,18,3,15.624331068101112,0.0,0.0,0.0,1.0,0.0,0.0,1.9733129919111096,4.703664322025097,0.0
7,2,19,3,19.054261696357763,0.0,0.0,0.0,1.0,0.0,0.0,3.3271280090647224,5.3662310204238794,0.0
7,2,20,4,28.00379800909407,1.0,0.0,1.0,1.0,0.0,6.549397217530029,9.099460320034805,5.603393644360139,0.0
7,2,21,4,36.78101232463172,1.0,1.0,1.0,1.0,0.0,14.09220761803062,14.099367280394794,7.052227085510201,0.0
7,2,22,4,47.564243003296525,1.0,1.0,1.0,1.0,1.0,23.527568147253177,20.44563727638726,9.503327102312921,0.0
7,2,23,4,44.7058324726,1.0,1.0,1.0,1.0,1.0,19.19751806901696,15.201926400243046,5.567344821168644,0.0
7,2,24,4,29.337699846660758,1.0,0.0,1.0,0.0,1.0,2.223673333748355,0.0,-2.481104159323653,0.0
7,2,25,5,20.310111882480783,0.0,0.0,0.0,0.0,0.0,0.0,0.0,-9.084710373605247,0.0
7,2,26,5,22.75716771866727,0.0,0.0,0.0,0.0,0.0,0.0,0.0,-7.316221584644244,0.0
7,2,27,5,23.014413629070088,0.0,0.0,0.0,0.0,0.0,0.0,0.0,-2.1077620725302233,0.0
7,2,28,5,31.478265986206445,0.0,0.0,0.0,1.0,0.0,0.0,3.7308480894949057,3.722718034575221,0.0
7,2,29,5,44.58436775851436,1.0,0.0,1.0,1.0,0.0,7.070081542881681,15.631601845790367,7.275733346615698,0.0
7,2,30,6,40.04905363043748,0.0,0.0,1.0,1.0,0.0,0.0,10.34516361983453,5.67821333378913,0.0
7,2,31,6,30.934957117946652,0.0,0.0,0.0,0.0,0.0,0.0,0.0,-0.18110295608659754,0.0
7,2,32,6,23.54711645894658,0.0,0.0,0.0,0.0,0.0,0.0,0.0,-7.012417099855927,0.0
7,2,33,6,19.01589946137377,0.0,0.0,0.0,0.0,0.0,0.0,0.0,-7.0110513896879025,0.0
7,2,34,6,26.90580774623991,0.0,0.0,0.0,0.0,0.0,0.0,0.0,-1.3430497905689147,0.0
7,2,35,7,37.59668039815827,0.0,0.0,0.0,1.0,0.0,0.0,0.696084695763453,4.68318797973723,0.0
7,2,36,7,46.071395337883104,0.0,0.0,0.0,1.0,0.0,0.0,6.357629904696957,9.018498625503112,0.0
7,2,37,7,69.64754322494701,1.0,0.0,1.0,1.0,0.0,4.770716687924207,23.042240180837453,14.247245159569035,0.0
7,2,38,7,76.05276813031145,1.0,0.0,1.0,1.0,0.0,6.6113814312188595,23.618241997070783,12.818695910717727,0.0
7,2,39,7,62.613855489235355,0.0,0.0,0.0,1.0,0.0,0.0,6.950493753619774,5.514153383784084,0.0
7,2,40,8,48.74433868202624,0.0,0.0,0.0,0.0,0.0,0.0,0.0,-6.9677348476402585,0.0
7,2,41,8,35.26638806479879,0.0,0.0,0.0,0.0,0.0,0.0,0.0,-13.595460021837553,0.0
7,2,42,8,30.243546888130368,0.0,0.0,0.0,0.0,0.0,0.0,0.0,-10.790102867034996,0.0
7,2,43,8,31.989013321438627,0.0,0.0,0.0,0.0,0.0,0.0,0.0,-5.585108453529204,0.0
7,2,44,8,36.13299298128384,0.0,0.0,0.0,0.0,0.0,0.0,0.0,0.28886830549501735,0.0
7,2,45,9,41.1011198588771,0.0,0.0,0.0,0.0,0.0,0.0,0.0,3.61919099024891,0.0
7,2,46,9,59.00938229102131,0.0,0.0,0.0,0.0,0.0,0.0,0.0,9.00678965652756,0.0
7,2,47,9,81.49817144206693,0.0,0.0,0.0,1.0,0.0,0.0,1.4240534581578572,15.121726153594365,0.0
7,2,48,9,86.3898947446311,0.0,0.0,0.0,1.0,0.0,0.0,0.42219956380955637,15.096258295251337,0.0
7,2,49,9,91.12304409636047,0.0,0.0,0.0,0.0,0.0,0.0,0.0,10.704553935113054,0.0
7,2,50,10,94.73511688957937,0.0,0.0,0.0,0.0,0.0,0.0,0.0,4.412315149170813,0.0
7,2,51,10,87.58809055320407,0.0,0.0,0.0,0.0,0.0,0.0,0.0,0.3993986028576539,0.0
7,2,52,10,68.48805409558989,0.0,0.0,0.0,0.0,0.0,0.0,0.0,-7.544996666923528,1.0
7,2,53,10,54.51406713274846,0.0,0.0,0.0,0.0,0.0,0.0,0.0,-13.407016585610306,1.0
7,2,54,10,45.344286540497905,0.0,0.0,0.0,0.0,0.0,0.0,0.0,-14.081268004235389,1.0
7,2,55,11,57.50753715410791,0.0,0.0,0.0,0.0,0.0,0.0,0.0,-3.6601723138273266,1.0
7,2,56,11,66.93952800572887,0.0,0.0,0.0,0.0,0.0,0.0,0.0,4.141820290993472,1.0
7,1,0,0,0.0,0.0,0.0,0.0,0.0,0.0,0.0,0.0,0.0,0.0
7,1,1,0,0.11202963085353207,0.0,0.0,0.0,0.0,0.0,0.0,0.0,0.11202963085353207,0.0
7,1,2,0,0.17770280857567725,0.0,0.0,0.0,0.0,0.0,0.0,0.0,0.08885140428783862,0.0
7,1,3,0,0.11316505272779659,0.0,0.0,0.0,0.0,0.0,0.0,0.0,0.03772168424259886,0.0
7,1,4,0,0.3143006376013,0.0,0.0,0.0,0.0,0.0,0.0,0.0,0.06742366891592265,0.0
7,1,5,1,0.7745407992284543,0.0,0.0,0.0,0.0,0.0,0.0,0.0,0.19894599688425904,0.0
7,1,6,1,0.4800681556559714,0.0,0.0,0.0,0.0,0.0,0.0,0.0,0.1223010343093916,0.0
7,1,7,1,0.8364401708577752,0.0,0.0,0.0,0.0,0.0,0.0,0.0,0.17404651108549174,0.0
7,1,8,1,3.797557602398239,0.0,0.0,0.0,0.0,0.0,0.0,0.0,1.0076722677232617,0.0
7,1,9,1,11.626248558306438,0.0,0.0,0.0,1.0,0.0,0.0,2.1072132356808844,3.7153934675501556,0.0
7,1,10,2,15.633521169166336,1.0,0.0,1.0,1.0,0.0,2.5492126479791644,4.098544055425615,4.9323603327695205,0.0
7,1,11,2,14.036891718059671,1.0,0.0,1.0,1.0,0.0,0.28616762281436436,1.4264169592749951,3.413111371887144,0.0
7,1,12,2,17.11131504034224,1.0,0.0,1.0,1.0,1.0,2.6837407735559786,3.3239700478781877,1.8283554940119344,0.0
7,1,13,2,20.008989724316997,1.0,0.0,1.0,1.0,1.0,4.8838275248147145,5.049459198393654,1.4584895183835538,0.0
7,1,14,2,16.21150531093666,1.0,0.0,1.0,1.0,1.0,0.35771425385106426,0.9372919289189987,0.7248711976256624,0.0
7,1,15,3,12.832899179360645,0.0,0.0,0.0,0.0,0.0,0.0,0.0,-1.4261386203271986,0.0
7,1,16,3,10.95625507549077,0.0,0.0,0.0,0.0,0.0,0.0,0.0,-3.017578216275409,0.0
7,1,17,3,8.827728105467465,0.0,0.0,0.0,0.0,0.0,0.0,0.0,-2.4612590684897313,0.0
7,1,18,3,10.976306342089252,0.0,0.0,0.0,0.0,0.0,0.0,0.0,-0.6188642790904643,0.0
7,1,19,3,19.319600232565556,0.0,0.0,0.0,1.0,0.0,0.0,5.771378729808864,2.7877817190249288,0.0
7,1,20,4,30.103020077429427,1.0,1.0,1.0,1.0,0.0,8.648619285865387,13.84170458045934,7.0917639906539875,0.0
7,1,21,4,29.602949864386314,1.0,0.0,1.0,1.0,0.0,6.914145157785217,11.463411025607325,6.20888117409902,0.0
7,1,22,4,22.790346351016048,0.0,0.0,0.0,1.0,0.0,0.0,3.8524126551150175,1.1569153728168307,0.0
7,1,23,4,16.365331876700324,0.0,0.0,0.0,0.0,0.0,0.0,0.0,-4.579229400243034,0.0
7,1,24,4,14.85017730311469,0.0,0.0,0.0,0.0,0.0,0.0,0.0,-4.917590853757209,0.0
7,1,25,5,32.166641238999325,1.0,0.0,1.0,1.0,0.0,3.302526891275644,9.511206445599292,3.125431629327759,0.0
7,1,26,5,65.15230601221384,1.0,1.0,1.0,1.0,0.0,34.383424940504725,34.31834278550652,16.262324711837838,0.0
7,1,27,5,76.85025578563071,1.0,1.0,1.0,1.0,1.0,44.01162593706978,39.259912638184716,20.66669282750534,0.0
7,1,28,5,72.93076555963464,1.0,1.0,1.0,1.0,1.0,37.847101717663264,32.000057599550985,13.58804144021177,0.0
7,1,29,5,59.370689318344766,1.0,1.0,1.0,1.0,1.0,21.856403102712086,17.68370753382468,-1.9272055646230253,0.0
7,1,30,6,37.50525352874281,0.0,0.0,0.0,0.0,0.0,0.0,0.0,-13.115000752295964,0.0
7,1,31,6,22.781033670080856,0.0,0.0,0.0,0.0,0.0,0.0,0.0,-16.716577296517926,0.0
7,1,32,6,17.352922282693868,0.0,0.0,0.0,0.0,0.0,0.0,0.0,-14.005922345216966,0.0
7,1,33,6,13.609906859902843,0.0,0.0,0.0,0.0,0.0,0.0,0.0,-7.96511555627999,0.0
7,1,34,6,25.756962672806402,0.0,0.0,0.0,0.0,0.0,0.0,0.0,0.991976334241849,0.0
7,1,35,7,37.45231691548321,0.0,0.0,0.0,0.0,0.0,0.0,0.0,6.699798210929781,0.0
7,1,36,7,26.19205940938489,0.0,0.0,0.0,0.0,0.0,0.0,0.0,4.194050849827349,0.0
7,1,37,7,17.414773997277468,0.0,0.0,0.0,0.0,0.0,0.0,0.0,-2.7807295585096448,0.0
7,1,38,7,16.482466634405007,0.0,0.0,0.0,0.0,0.0,0.0,0.0,-6.989950093692734,0.0
7,1,39,7,25.284440009139168,0.0,0.0,0.0,0.0,0.0,0.0,0.0,-0.3025398000819071,0.0
7,1,40,8,48.607029938144876,0.0,0.0,0.0,0.0,0.0,0.0,0.0,10.397418646955803,0.0
7,1,41,8,54.46019468988018,0.0,0.0,0.0,0.0,0.0,0.0,0.0,12.659242685158391,0.0
7,1,42,8,55.42511818796421,0.0,0.0,0.0,0.0,0.0,0.0,0.0,10.046892726275013,1.0
7,1,43,8,59.06475558740389,0.0,0.0,0.0,0.0,0.0,0.0,0.0,3.485908549753004,1.0
7,1,44,8,54.46718200361457,0.0,0.0,0.0,0.0,0.0,0.0,0.0,0.002329104578128257,1.0
7,1,45,9,57.33912538117584,0.0,0.0,0.0,0.0,0.0,0.0,0.0,0.6380023977372105,1.0
7,1,46,9,68.88690117351382,0.0,0.0,0.0,0.0,0.0,0.0,0.0,3.274048528703311,1.0
7,2,0,0,0.0,0.0,0.0,0.0,0.0,0.0,0.0,0.0,0.0,0.0
7,2,1,0,0.024935279886240832,0.0,0.0,0.0,0.0,0.0,0.0,0.0,0.024935279886240832,0.0
7,2,2,0,0.10769767947658236,0.0,0.0,0.0,0.0,0.0,0.0,0.0,0.05384883973829118,0.0
7,2,3,0,0.11051177823277472,0.0,0.0,0.0,0.0,0.0,0.0,0.0,0.03683725941092491,0.0
7,2,4,0,0.05853050263513694,0.0,0.0,0.0,0.0,0.0,0.0,0.0,0.01119840758296537,0.0
7,2,5,1,0.030050562038461587,0.0,0.0,0.0,0.0,0.0,0.0,0.0,-0.025882372479373594,0.0
7,2,6,1,0.015428472987097147,0.0,0.0,0.0,0.0,0.0,0.0,0.0,-0.03169443508189252,0.0
7,2,7,1,0.007921242152107598,0.0,0.0,0.0,0.0,0.0,0.0,0.0,-0.016869753494343113,0.0
7,2,8,1,0.0053680790072232545,0.0,0.0,0.0,0.0,0.0,0.0,0.0,-0.008227494343746112,0.0
7,2,9,1,0.09482502466752618,0.0,0.0,0.0,0.0,0.0,0.0,0.0,0.026465517226809676,0.0
7,2,10,2,0.5300356280112272,0.0,0.0,0.0,0.0,0.0,0.0,0.0,0.17403812861970655,0.0
7,2,11,2,1.3632446461405177,0.0,0.0,0.0,0.0,0.0,0.0,0.0,0.4526255223777648,0.0
7,2,12,2,2.101394309886885,0.0,0.0,0.0,0.0,0.0,0.0,0.0,0.668856428406453,0.0
7,2,13,2,4.771739522507196,0.0,0.0,0.0,0.0,0.0,0.0,0.0,1.413901298165323,0.0
7,2,14,2,14.117556213642807,0.0,0.0,0.0,1.0,0.0,0.0,2.330386809595222,4.25143718916743,0.0
7,2,15,3,20.44210524474782,1.0,0.0,1.0,1.0,0.0,3.818341241519377,5.73835519356491,6.113570311620312,0.0
7,2,16,3,20.382431308749286,1.0,0.0,1.0,1.0,0.0,2.9370471071262223,3.8924213416517723,5.203563928747363,0.0
7,2,17,3,20.651465200728687,1.0,0.0,1.0,1.0,1.0,2.3225103847669857,2.8902290159518174,2.17796966236196,0.0
7,2,18,3,17.646018967333674,0.0,0.0,0.0,0.0,0.0,0.0,0.0,-0.9320287591380492,0.0
7,2,19,3,17.487373496868486,0.0,0.0,0.0,0.0,0.0,0.0,0.0,-0.9650192706269335,0.0
7,2,20,4,17.799784010031928,0.0,0.0,0.0,0.0,0.0,0.0,0.0,-0.9505603968989197,0.0
7,2,21,4,23.685658453887456,1.0,0.0,1.0,1.0,0.0,0.9968537472863588,4.714078433896109,2.0132131621845937,0.0
7,2,22,4,32.90190389529121,1.0,0.0,1.0,1.0,0.0,8.865229039247865,12.811772740415943,5.138176799474242,0.0
7,2,23,4,23.126351421337155,0.0,0.0,0.0,1.0,0.0,0.0,3.7797335873314992,1.7755224704350756,0.0
7,2,24,4,12.151024452930454,0.0,0.0,0.0,0.0,0.0,0.0,0.0,-3.844878000319001,0.0
7,2,25,5,6.385781401702446,0.0,0.0,0.0,0.0,0.0,0.0,0.0,-8.838707497862922,0.0
7,2,26,5,3.614651920266585,0.0,0.0,0.0,0.0,0.0,0.0,0.0,-6.50389983369019,0.0
7,2,27,5,4.124194638466493,0.0,0.0,0.0,0.0,0.0,0.0,0.0,-2.6756099381546536,0.0
7,2,28,5,6.84085428689187,0.0,0.0,0.0,0.0,0.0,0.0,0.0,0.1516909617298078,0.0
7,2,29,5,17.219878624117847,0.0,0.0,0.0,0.0,0.0,0.0,0.0,4.535075567950421,0.0
7,2,30,6,35.025816990895706,0.0,0.0,0.0,1.0,0.0,0.0,3.986920301618376,10.300540784143072,0.0
7,2,31,6,35.81358043091048,0.0,0.0,0.0,1.0,0.0,0.0,1.970812290961483,9.657575381339536,0.0
7,2,32,6,34.24217406591859,0.0,0.0,0.0,0.0,0.0,0.0,0.0,5.6740984806002475,0.0
7,2,33,6,49.63092106034031,1.0,0.0,1.0,1.0,0.0,0.3321982737089968,9.459513060754844,4.868368023148203,0.0
7,2,34,6,53.49996274011461,1.0,0.0,1.0,1.0,0.0,0.6881282231840942,8.837076364647253,5.8954607697347114,1.0
7,2,35,7,43.09862097217713,0.0,0.0,0.0,0.0,0.0,0.0,0.0,2.9521489687528466,1.0
7,2,36,7,26.706851686212744,0.0,0.0,0.0,0.0,0.0,0.0,0.0,-7.641356458042523,1.0
7,2,37,7,16.351325519128018,0.0,0.0,0.0,0.0,0.0,0.0,0.0,-12.382879073662197,1.0
7,2,38,7,16.989799564677487,0.0,0.0,0.0,0.0,0.0,0.0,0.0,-8.702940469166547,1.0
7,1,0,0,0.0,0.0,0.0,0.0,0.0,0.0,0.0,0.0,0.0,0.0
7,1,1,0,0.4558970100235895,0.0,0.0,0.0,0.0,0.0,0.0,0.0,0.4558970100235895,0.0
7,1,2,0,0.45121137150484114,0.0,0.0,0.0,0.0,0.0,0.0,0.0,0.22560568575242057,0.0
7,1,3,0,0.32497839586944843,0.0,0.0,0.0,0.0,0.0,0.0,0.0,0.10832613195648282,0.0
7,1,4,0,0.9799892641717893,0.0,0.0,0.0,0.0,0.0,0.0,0.0,0.17469741804939995,0.0
7,1,5,1,1.7410757269398416,0.0,0.0,0.0,0.0,0.0,0.0,0.0,0.42995478514500013,0.0
7,1,6,1,2.131508205735458,0.0,0.0,0.0,0.0,0.0,0.0,0.0,0.6021766032886698,0.0
7,1,7,1,3.9444760614835226,0.0,0.0,0.0,0.0,0.0,0.0,0.0,0.9881622657705776,0.0
7,1,8,1,6.376080024294925,0.0,0.0,0.0,0.0,0.0,0.0,0.0,1.5450014324516943,0.0
7,1,9,1,14.265724022214055,1.0,0.0,1.0,1.0,0.0,1.8476996412944366,4.002546238954839,4.044738605492866,0.0
7,1,10,2,18.376436941558453,1.0,1.0,1.0,1.0,0.0,5.292128420371281,6.051228377328341,4.810653626691644,0.0
7,1,11,2,11.349683485990209,0.0,0.0,0.0,0.0,0.0,0.0,0.0,1.6578678205650945,0.0
7,1,12,2,7.125079462705935,0.0,0.0,0.0,0.0,0.0,0.0,0.0,-2.3802148531693734,0.0
7,1,13,2,7.969073813672133,0.0,0.0,0.0,0.0,0.0,0.0,0.0,-3.4691210426287733,0.0
7,1,14,2,11.710668912169055,0.0,0.0,0.0,0.0,0.0,0.0,0.0,0.12032847539294877,0.0
7,1,15,3,18.194998143046277,1.0,0.0,1.0,1.0,0.0,1.5712341398178324,4.432642685270697,3.6899728934467806,0.0
7,1,16,3,15.458203667607584,0.0,0.0,0.0,1.0,0.0,0.0,1.58991319557469,2.4963766179784836,0.0
7,1,17,3,13.047482631732073,0.0,0.0,0.0,0.0,0.0,0.0,0.0,0.44560457318767277,0.0
7,1,18,3,22.7769169572417,1.0,0.0,1.0,1.0,0.0,3.4921379473051175,8.332564778399036,1.527306271398474,0.0
7,1,19,3,25.67889152716764,1.0,0.0,1.0,1.0,0.0,5.355731579927689,10.075030682082971,3.406895953186685,0.0
7,1,20,4,29.86655284306248,1.0,1.0,1.0,1.0,1.0,8.412152051498438,12.239208026386137,5.6063567371101355,0.0
7,1,21,4,53.39189539222359,1.0,1.0,1.0,1.0,1.0,30.70309068562249,29.352985566249508,10.20499281166063,0.0
7,1,22,4,62.572573661108535,1.0,1.0,1.0,1.0,1.0,38.53589880506519,33.19066186789061,12.297894044646966,0.0
7,1,23,4,54.39015091294375,1.0,1.0,1.0,1.0,1.0,28.881836509360713,23.2064587205839,8.174532689960424,0.0
7,1,24,4,43.68042418832631,1.0,1.0,1.0,1.0,1.0,16.56639767541391,12.455243994320814,-3.2371570679657586,0.0
7,1,25,5,33.46548794987047,1.0,0.0,1.0,1.0,1.0,4.60137360214679,2.523165163409992,-9.702361903746022,0.0
7,1,26,5,31.933199821163733,1.0,0.0,1.0,1.0,1.0,1.164318749454619,0.7330163675715582,-7.485650363926673,0.0
7,1,27,5,32.3696953075602,0.0,0.0,0.0,1.0,0.0,0.0,1.3192817300991848,-3.7702429602553713,0.0
7,1,28,5,29.311070759212203,0.0,0.0,0.0,0.0,0.0,0.0,0.0,-1.3848057302194228,1.0
7,1,29,5,30.546572564393564,0.0,0.0,0.0,0.0,0.0,0.0,0.0,-0.4622090855900562,1.0
7,1,30,6,29.474805713900473,0.0,0.0,0.0,0.0,0.0,0.0,0.0,-0.9649631978865756,1.0
7,1,31,6,26.079167386417218,0.0,0.0,0.0,0.0,0.0,0.0,0.0,-1.077301124264995,1.0
7,1,32,6,27.59829618928626,0.0,0.0,0.0,0.0,0.0,0.0,0.0,-0.9827587917024351,1.0
7,3,0,0,0.0,0.0,0.0,0.0,0.0,0.0,0.0,0.0,0.0,0.0
7,3,1,0,0.0,0.0,0.0,0.0,0.0,0.0,0.0,0.0,0.0,0.0
7,3,2,0,0.0,0.0,0.0,0.0,0.0,0.0,0.0,0.0,0.0,0.0
7,3,3,0,0.0,0.0,0.0,0.0,0.0,0.0,0.0,0.0,0.0,0.0
7,3,4,0,0.0,0.0,0.0,0.0,0.0,0.0,0.0,0.0,0.0,0.0
7,3,5,1,0.0,0.0,0.0,0.0,0.0,0.0,0.0,0.0,0.0,0.0
7,3,6,1,0.0,0.0,0.0,0.0,0.0,0.0,0.0,0.0,0.0,0.0
7,3,7,1,0.002079626171653868,0.0,0.0,0.0,0.0,0.0,0.0,0.0,0.0006932087238846227,0.0
7,3,8,1,1.094636074586192,0.0,0.0,0.0,0.0,0.0,0.0,0.0,0.3648786915287307,0.0
7,3,9,1,9.465301549284185,0.0,0.0,0.0,1.0,0.0,0.0,0.5599444322732658,3.1551005164280617,0.0
7,3,10,2,16.536826641211817,1.0,0.0,1.0,1.0,0.0,3.4525181200246458,4.948471535046114,5.511582338346721,0.0
7,3,11,2,15.9184632461461,1.0,0.0,1.0,1.0,0.0,2.1677391509007933,2.8253011678822695,4.941275723853303,0.0
7,3,12,2,11.818270890547064,0.0,0.0,0.0,0.0,0.0,0.0,0.0,0.7843231137542931,0.0
7,3,13,2,7.152010213742526,0.0,0.0,0.0,0.0,0.0,0.0,0.0,-3.1282721424897644,0.0
7,3,14,2,7.694145852937901,0.0,0.0,0.0,0.0,0.0,0.0,0.0,-2.7414391310694,0.0
7,3,15,3,18.975226900117878,1.0,0.0,1.0,1.0,0.0,2.3514628968894336,4.010081371365537,2.3856520031902715,0.0
7,3,16,3,24.15202884857814,1.0,1.0,1.0,1.0,0.0,6.706644646955077,7.8793510942199845,5.666672878278539,0.0
7,3,17,3,20.529242694513805,1.0,0.0,1.0,1.0,1.0,2.2002878785521034,4.0210215213511304,4.278365613858635,0.0
7,3,18,3,21.6185677913958,1.0,0.0,1.0,1.0,1.0,2.3337887814592193,5.235751473585903,0.8811136304259742,0.0
7,3,19,3,42.10977604886983,1.0,1.0,1.0,1.0,1.0,21.786616101629882,22.592591258066705,5.985915733430564,0.0
7,3,20,4,60.64203518529072,1.0,1.0,1.0,1.0,1.0,39.18763439372668,34.871684107338545,13.370930830258972,0.0
7,3,21,4,70.18900597779034,1.0,1.0,1.0,1.0,1.0,47.50020127118925,38.66449125609259,16.190146062131515,0.0
7,3,22,4,69.93418479286163,1.0,1.0,1.0,1.0,1.0,45.89750993681828,34.725193221907894,9.274802914663931,0.0
7,3,23,4,60.14589503903235,1.0,1.0,1.0,1.0,1.0,34.63758063544931,23.87307968095216,-0.1653800487527922,0.0
7,3,24,4,61.59565890126867,1.0,1.0,1.0,1.0,1.0,34.48163238835627,25.503721639656952,-2.864449025507225,0.0
7,3,25,5,74.39842508964819,1.0,1.0,1.0,1.0,1.0,45.5343107419245,38.380857330764236,1.488080098928852,0.0
7,3,26,5,80.73591050575712,1.0,1.0,1.0,1.0,1.0,49.967029434048,43.88618320580142,6.863338488908258,0.0
7,3,27,5,82.66874122780158,1.0,1.0,1.0,1.0,1.0,49.83011137924065,45.384842316993925,7.024360775510968,0.0
7,3,28,5,79.57709897203974,1.0,1.0,1.0,1.0,1.0,44.49343513006836,44.29374455252002,1.72622462746385,0.0
7,3,29,5,75.58137155089935,1.0,1.0,1.0,1.0,1.0,38.06708533526667,45.09272536311796,-1.7181796516192567,0.0
7,3,30,6,81.02349652570632,1.0,1.0,1.0,1.0,1.0,40.88269639246923,52.46473695778036,-0.5484149006984183,0.0
7,3,31,6,79.10898622893248,1.0,1.0,1.0,1.0,1.0,36.13547747045564,49.828876039422106,-0.1560375810357518,0.0
7,3,32,6,62.590316803375266,1.0,0.0,1.0,1.0,1.0,16.56760154833109,31.102330951451044,-4.330351582508027,0.0
7,3,33,6,55.41786343366877,1.0,0.0,1.0,1.0,1.0,6.1191406470374545,20.764723882306512,-8.535211030679184,0.0
7,3,34,6,55.939303728578054,1.0,0.0,1.0,1.0,1.0,3.1274692116475364,18.973233189325846,-7.723227500118142,0.0
7,3,35,7,48.624420200019394,0.0,0.0,0.0,1.0,0.0,0.0,8.046705719178838,-4.655298867785291,0.0
7,3,36,7,47.76036889847561,0.0,0.0,0.0,1.0,0.0,0.0,3.5886507331528392,-2.5524981783977196,0.0
7,3,37,7,53.82114536269327,0.0,0.0,0.0,1.0,0.0,0.0,7.580111884162193,-0.7060527886282605,0.0
7,3,38,7,59.61008296512049,0.0,0.0,0.0,1.0,0.0,0.0,12.163805847375222,3.661887588367032,0.0
7,3,39,7,65.68886270169888,0.0,0.0,0.0,1.0,0.0,0.0,16.874074786674797,5.976164601074423,0.0
7,3,40,8,72.53372152268977,0.0,0.0,0.0,1.0,0.0,0.0,21.463333024520125,6.2375253866655,0.0
7,3,41,8,81.18277798888627,0.0,0.0,0.0,1.0,0.0,0.0,27.38812437261842,7.19089834125526,0.0
7,3,42,8,86.1971761940872,0.0,0.0,0.0,1.0,0.0,0.0,28.417764343560094,6.836104497462775,0.0
7,3,43,8,85.55878707723373,0.0,0.0,0.0,1.0,0.0,0.0,23.101940073998144,4.341688518181319,0.0
7,3,44,8,89.69351587927994,0.0,0.0,0.0,1.0,0.0,0.0,22.726772201432084,2.8369126301312235,0.0
7,3,45,9,94.7410867672685,0.0,0.0,0.0,1.0,0.0,0.0,23.170138469021296,2.847970191060431,0.0
7,3,46,9,94.66597289597738,0.0,0.0,0.0,1.0,0.0,0.0,20.078964543819225,3.0357286062478814,0.0
7,3,47,9,91.47382462783257,0.0,0.0,0.0,1.0,0.0,0.0,15.348846079210901,0.5934362495175426,0.0
7,3,48,9,87.83742146359174,0.0,0.0,0.0,1.0,0.0,0.0,10.40782677573884,-2.3012217678922533,0.0
7,3,49,9,87.14993320234962,0.0,0.0,0.0,1.0,0.0,0.0,8.35234896155356,-2.5053465645425868,0.0
7,3,50,10,85.38915947904025,0.0,0.0,0.0,1.0,0.0,0.0,4.961766603380553,-2.0282217162641083,0.0
7,3,51,10,86.63689917498009,0.0,0.0,0.0,1.0,0.0,0.0,3.873601204057181,-0.4001740962038838,0.0
7,3,52,10,86.54365191652869,0.0,0.0,0.0,0.0,0.0,0.0,0.0,-0.202093761940309,0.0
7,3,53,10,78.2652074716296,0.0,0.0,0.0,0.0,0.0,0.0,0.0,-2.3746506691368836,0.0
7,3,54,10,74.7093334654509,0.0,0.0,0.0,0.0,0.0,0.0,0.0,-3.97585523650973,0.0
7,3,55,11,76.15437874236952,0.0,0.0,0.0,0.0,0.0,0.0,0.0,-3.4630910580530574,0.0
7,3,56,11,74.6174404836105,0.0,0.0,0.0,0.0,0.0,0.0,0.0,-1.2159223293397001,0.0
7,3,57,11,75.79357863333607,0.0,0.0,0.0,0.0,0.0,0.0,0.0,0.3614150559617239,0.0
7,3,58,11,75.90473282961082,0.0,0.0,0.0,0.0,0.0,0.0,0.0,-0.08321530425289818,1.0
7,3,59,11,73.24993199132078,0.0,0.0,0.0,0.0,0.0,0.0,0.0,-0.45583616409657185,1.0
7,3,60,11,72.96046966707834,0.0,0.0,0.0,0.0,0.0,0.0,0.0,-0.9443696554192419,1.0
7,3,61,11,71.17446321696696,0.0,0.0,0.0,0.0,0.0,0.0,0.0,-1.5767565375479553,1.0
7,3,62,11,58.892775718092864,0.0,0.0,0.0,0.0,0.0,0.0,0.0,-4.7857187577426386,1.0
7,2,0,0,0.0,0.0,0.0,0.0,0.0,0.0,0.0,0.0,0.0,0.0
7,2,1,0,0.0,0.0,0.0,0.0,0.0,0.0,0.0,0.0,0.0,0.0
7,2,2,0,0.0015674596972703784,0.0,0.0,0.0,0.0,0.0,0.0,0.0,0.0007837298486351892,0.0
7,2,3,0,0.418942465991868,0.0,0.0,0.0,0.0,0.0,0.0,0.0,0.13964748866395602,0.0
7,2,4,0,1.9369155278131645,0.0,0.0,0.0,0.0,0.0,0.0,0.0,0.6456385092710548,0.0
7,2,5,1,1.3786397728613862,0.0,0.0,0.0,0.0,0.0,0.0,0.0,0.4590241043880386,0.0
7,2,6,1,0.7097520441775944,0.0,0.0,0.0,0.0,0.0,0.0,0.0,0.09693652606190879,0.0
7,2,7,1,0.4756379720574504,0.0,0.0,0.0,0.0,0.0,0.0,0.0,-0.487092518585238,0.0
7,2,8,1,0.5101919098436878,0.0,0.0,0.0,0.0,0.0,0.0,0.0,-0.28948262100589944,0.0
7,2,9,1,0.5409250666329891,0.0,0.0,0.0,0.0,0.0,0.0,0.0,-0.0562756591815351,0.0
7,2,10,2,0.7379574512742064,0.0,0.0,0.0,0.0,0.0,0.0,0.0,0.08743982640558534,0.0
7,2,11,2,2.412341819461353,0.0,0.0,0.0,0.0,0.0,0.0,0.0,0.6340499698725551,0.0
7,2,12,2,3.8406941327449937,0.0,0.0,0.0,0.0,0.0,0.0,0.0,1.0999230220373348,0.0
7,2,13,2,4.504992305717818,0.0,0.0,0.0,0.0,0.0,0.0,0.0,1.2556782848145371,0.0
7,2,14,2,12.59833746749208,0.0,0.0,0.0,1.0,0.0,0.0,1.4580224178095484,3.3953318826769086,0.0
7,2,15,3,13.95962448740108,0.0,0.0,0.0,1.0,0.0,0.0,1.1505345487017138,3.372976784885362,0.0
7,2,16,3,10.514849508694628,0.0,0.0,0.0,0.0,0.0,0.0,0.0,2.0032857343256034,0.0
7,2,17,3,12.205276368272678,0.0,0.0,0.0,0.0,0.0,0.0,0.0,-0.1310203664064673,0.0
7,2,18,3,15.702067670369352,0.0,0.0,0.0,1.0,0.0,0.0,0.4925074508273699,0.5808143943227577,0.0
7,2,19,3,12.999678998366708,0.0,0.0,0.0,0.0,0.0,0.0,0.0,0.82827649655736,0.0
7,2,20,4,14.750599550719892,0.0,0.0,0.0,0.0,0.0,0.0,0.0,0.8484410608157381,0.0
7,2,21,4,16.71380812177484,0.0,0.0,0.0,1.0,0.0,0.0,0.5914351252524774,0.3372468171351623,0.0
7,2,22,4,10.863779045277644,0.0,0.0,0.0,0.0,0.0,0.0,0.0,-0.7119666510296879,0.0
7,2,23,4,6.201342682101808,0.0,0.0,0.0,0.0,0.0,0.0,0.0,-2.8497522895393614,0.0
7,2,24,4,3.69822291982777,0.0,0.0,0.0,0.0,0.0,0.0,0.0,-4.338528400649023,0.0
7,2,25,5,2.1367920851561055,0.0,0.0,0.0,0.0,0.0,0.0,0.0,-2.908995653373846,0.0
7,2,26,5,1.2744909101294186,0.0,0.0,0.0,0.0,0.0,0.0,0.0,-1.6422839239907965,0.0
7,2,27,5,0.7331258228961517,0.0,0.0,0.0,0.0,0.0,0.0,0.0,-0.9883656989772062,0.0
7,2,28,5,0.4216684846162003,0.0,0.0,0.0,0.0,0.0,0.0,0.0,-0.571707866846635,1.0
7,2,29,5,0.6232509582369441,0.0,0.0,0.0,0.0,0.0,0.0,0.0,-0.21707998396415817,1.0
7,2,30,6,0.5863464769125514,0.0,0.0,0.0,0.0,0.0,0.0,0.0,-0.048926448661200106,1.0
7,2,31,6,0.3227114632173975,0.0,0.0,0.0,0.0,0.0,0.0,0.0,-0.032985673799600934,1.0
7,2,32,6,0.32273347180995515,0.0,0.0,0.0,0.0,0.0,0.0,0.0,-0.10017249547566298,1.0
7,2,0,0,0.0,0.0,0.0,0.0,0.0,0.0,0.0,0.0,0.0,0.0
7,2,1,0,7.326315306564379,0.0,0.0,0.0,0.0,0.0,0.0,0.0,7.326315306564379,0.0
7,2,2,0,18.465903022858807,1.0,1.0,1.0,1.0,0.0,9.646937715165974,7.054873986728939,9.232951511429404,0.0
7,2,3,0,27.136099029539622,1.0,1.0,1.0,1.0,0.0,17.9474733713392,12.571050018986089,9.045366343179873,0.0
7,2,4,0,23.511302143982682,1.0,1.0,1.0,1.0,1.0,13.975999066659131,8.825032772592007,5.394995612472768,0.0
7,2,5,1,14.125835946973968,1.0,1.0,1.0,0.0,1.0,4.262282622567048,0.0,-1.4466890252949465,0.0
7,2,6,1,7.833918922704331,0.0,0.0,0.0,0.0,0.0,0.0,0.0,-6.434060035611764,0.0
7,2,7,1,5.760717411857309,0.0,0.0,0.0,0.0,0.0,0.0,0.0,-5.916861577375125,0.0
7,2,8,1,7.837410418729453,0.0,0.0,0.0,0.0,0.0,0.0,0.0,-2.0961418427481715,0.0
7,2,9,1,12.447902660860889,1.0,0.0,1.0,0.0,0.0,0.029878279941270236,0.0,1.5379945793855192,0.0
7,2,10,2,23.3131629393663,1.0,1.0,1.0,1.0,0.0,10.228854418179129,8.651551882772491,5.850815175836331,0.0
7,2,11,2,41.946051534316226,1.0,1.0,1.0,1.0,1.0,28.19532743907092,24.689203949411073,11.369547038528923,0.0
7,2,12,2,53.040915880462926,1.0,1.0,1.0,1.0,1.0,38.61334161367667,31.811286267119254,13.531004406534011,0.0
7,2,13,2,47.386085894525266,1.0,1.0,1.0,1.0,1.0,32.26092369502298,24.032909421377823,8.024307651719655,0.0
7,2,14,2,39.121235508388004,1.0,1.0,1.0,1.0,1.0,23.26744445130241,14.827756300420955,-0.9416053419760738,0.0
7,2,15,3,34.91476181997016,1.0,1.0,1.0,1.0,1.0,18.290997816741715,10.004384023416208,-6.042051353497588,0.0
7,2,16,3,34.650986712800005,1.0,1.0,1.0,1.0,1.0,17.20560251117694,9.61761823135216,-4.245033060575087,0.0
7,2,17,3,26.816704335139598,1.0,1.0,1.0,1.0,1.0,8.487749519177896,2.5801283277500175,-4.101510391082802,0.0
7,2,18,3,17.286378669678722,0.0,0.0,0.0,0.0,0.0,0.0,0.0,-5.876127716763812,0.0
7,2,19,3,14.60083728399093,0.0,0.0,0.0,0.0,0.0,0.0,0.0,-6.683383142936358,0.0
7,2,20,4,20.9894947115025,0.0,0.0,0.0,0.0,0.0,0.0,0.0,-1.942403207879033,0.0
7,2,21,4,18.78724950207657,0.0,0.0,0.0,0.0,0.0,0.0,0.0,0.5002902774659491,0.0
7,2,22,4,11.995261096388603,0.0,0.0,0.0,0.0,0.0,0.0,0.0,-0.8685253958674425,0.0
7,2,23,4,6.91984539628932,0.0,0.0,0.0,0.0,0.0,0.0,0.0,-4.689883105071059,0.0
7,2,24,4,4.20403945830947,0.0,0.0,0.0,0.0,0.0,0.0,0.0,-4.861070014589033,0.0
7,2,25,5,2.6906471381977473,0.0,0.0,0.0,0.0,0.0,0.0,0.0,-3.1015379860636187,0.0
7,2,26,5,1.8808073800715446,0.0,0.0,0.0,0.0,0.0,0.0,0.0,-1.6796793387392583,0.0
7,2,27,5,1.5431769538790698,0.0,0.0,0.0,0.0,0.0,0.0,0.0,-0.8869541681434668,0.0
7,2,28,5,2.5998615776740404,0.0,0.0,0.0,0.0,0.0,0.0,0.0,-0.0302618535079023,0.0
7,2,29,5,7.5491292494367865,0.0,0.0,0.0,0.0,0.0,0.0,0.0,1.8894406231217473,0.0
7,2,30,6,10.279310446149207,0.0,0.0,0.0,0.0,0.0,0.0,0.0,2.9120444974233792,0.0
7,2,31,6,12.391680814991048,0.0,0.0,0.0,0.0,0.0,0.0,0.0,3.2639397457723356,0.0
7,2,32,6,23.822919098896765,0.0,0.0,0.0,0.0,0.0,0.0,0.0,5.42459661648666,0.0
7,2,33,6,37.691895400757645,0.0,0.0,0.0,1.0,0.0,0.0,1.927430297243511,9.137528318202813,0.0
7,2,34,6,39.26489351946044,0.0,0.0,0.0,0.0,0.0,0.0,0.0,8.957737568156466,0.0
7,2,35,7,46.87802001194064,0.0,0.0,0.0,1.0,0.0,0.0,1.9064529932904222,7.685033637681292,0.0
7,2,36,7,64.3735380458853,1.0,0.0,1.0,1.0,0.0,3.7829548174512695,13.175859581059157,8.893880881709217,0.0
7,2,37,7,65.38073767783696,1.0,0.0,1.0,1.0,0.0,0.5039111408141537,9.848163753926102,8.705281386125506,0.0
7,2,38,7,50.02799814457249,0.0,0.0,0.0,0.0,0.0,0.0,0.0,1.0499927108772837,0.0
7,2,39,7,36.956670436281144,0.0,0.0,0.0,0.0,0.0,0.0,0.0,-9.13895586986805,0.0
7,2,40,8,24.26958816543528,0.0,0.0,0.0,0.0,0.0,0.0,0.0,-13.703716504133894,0.0
7,2,41,8,18.094944437045235,0.0,0.0,0.0,0.0,0.0,0.0,0.0,-10.64435123584242,0.0
7,2,42,8,36.31494442918793,0.0,0.0,0.0,0.0,0.0,0.0,0.0,-0.21390866903107053,0.0
7,2,43,8,50.286497937057476,0.0,0.0,0.0,0.0,0.0,0.0,0.0,8.672303257207398,0.0
7,2,44,8,41.56427678239731,0.0,0.0,0.0,0.0,0.0,0.0,0.0,7.823110781784024,0.0
7,2,45,9,33.991028128824084,0.0,0.0,0.0,0.0,0.0,0.0,0.0,-0.7746387667879494,0.0
7,2,46,9,33.784571373625596,0.0,0.0,0.0,0.0,0.0,0.0,0.0,-5.500642187810627,1.0
7,2,47,9,31.68283383070731,0.0,0.0,0.0,0.0,0.0,0.0,0.0,-3.2938143172299994,1.0
7,2,48,9,38.411604727567266,0.0,0.0,0.0,0.0,0.0,0.0,0.0,1.473525532914394,1.0
7,2,49,9,51.011025601462094,0.0,0.0,0.0,0.0,0.0,0.0,0.0,5.742151409278833,1.0
7,2,50,10,41.17691597961553,0.0,0.0,0.0,0.0,0.0,0.0,0.0,3.1646940496360734,1.0
7,3,0,0,0.0,0.0,0.0,0.0,0.0,0.0,0.0,0.0,0.0,0.0
7,3,1,0,1.1358198747522505,0.0,0.0,0.0,0.0,0.0,0.0,0.0,1.1358198747522505,0.0
7,3,2,0,3.0247670324249585,0.0,0.0,0.0,0.0,0.0,0.0,0.0,1.5123835162124792,0.0
7,3,3,0,3.8122394117304905,0.0,0.0,0.0,0.0,0.0,0.0,0.0,1.27074647057683,0.0
7,3,4,0,2.7755663157069748,0.0,0.0,0.0,0.0,0.0,0.0,0.0,0.546582146984908,0.0
7,3,5,1,1.588509342601359,0.0,0.0,0.0,0.0,0.0,0.0,0.0,-0.47875256327453314,0.0
7,3,6,1,0.8320159978049765,0.0,0.0,0.0,0.0,0.0,0.0,0.0,-0.993407804641838,0.0
7,3,7,1,0.5942249724910916,0.0,0.0,0.0,0.0,0.0,0.0,0.0,-0.727113781071961,0.0
7,3,8,1,3.0708124085525457,0.0,0.0,0.0,0.0,0.0,0.0,0.0,0.4941010219837289,0.0
7,3,9,1,4.608105114630936,0.0,0.0,0.0,0.0,0.0,0.0,0.0,1.2586963722753197,0.0
7,3,10,2,2.9413274331702315,0.0,0.0,0.0,0.0,0.0,0.0,0.0,0.7823674868930466,0.0
7,3,11,2,1.6698204492573911,0.0,0.0,0.0,0.0,0.0,0.0,0.0,-0.4669973197650515,0.0
7,3,12,2,4.183920327805297,0.0,0.0,0.0,0.0,0.0,0.0,0.0,-0.14139492894187958,0.0
7,3,13,2,10.976913679470773,0.0,0.0,0.0,1.0,0.0,0.0,0.8888811130521734,2.678528748766847,0.0
7,3,14,2,9.838712557282033,0.0,0.0,0.0,0.0,0.0,0.0,0.0,2.722964036008214,0.0
7,3,15,3,6.467762430615132,0.0,0.0,0.0,0.0,0.0,0.0,0.0,0.7612807009366115,0.0
7,3,16,3,5.429033607860565,0.0,0.0,0.0,0.0,0.0,0.0,0.0,-1.8492933572034025,0.0
7,3,17,3,5.4317495589866045,0.0,0.0,0.0,0.0,0.0,0.0,0.0,-1.4689876660984762,0.0
7,3,18,3,4.869264293839217,0.0,0.0,0.0,0.0,0.0,0.0,0.0,-0.5328327122586382,0.0
7,3,19,3,3.499779669783511,0.0,0.0,0.0,0.0,0.0,0.0,0.0,-0.6430846460256846,0.0
7,3,20,4,2.60462160117093,0.0,0.0,0.0,0.0,0.0,0.0,0.0,-0.9423759859385582,0.0
7,3,21,4,2.7207196554121444,0.0,0.0,0.0,0.0,0.0,0.0,0.0,-0.7161815461423576,0.0
7,3,22,4,2.3808263838624946,0.0,0.0,0.0,0.0,0.0,0.0,0.0,-0.3729844286403388,0.0
7,3,23,4,1.6759987116376802,0.0,0.0,0.0,0.0,0.0,0.0,0.0,-0.3095409631777499,0.0
7,3,24,4,3.1457866306952775,0.0,0.0,0.0,0.0,0.0,0.0,0.0,0.14168899176104435,0.0
7,3,25,5,6.6570169991806285,0.0,0.0,0.0,0.0,0.0,0.0,0.0,1.4253968717727112,0.0
7,3,26,5,7.221661165982491,0.0,0.0,0.0,0.0,0.0,0.0,0.0,1.8485541514482702,0.0
7,3,27,5,6.179935246774478,0.0,0.0,0.0,0.0,0.0,0.0,0.0,1.0113828720264,0.0
7,3,28,5,13.26885493685737,0.0,0.0,0.0,0.0,0.0,0.0,0.0,2.20394597922558,0.0
7,3,29,5,25.80050464394715,0.0,0.0,0.0,0.0,0.0,0.0,0.0,6.19294782598822,0.0
7,3,30,6,29.96761699982269,0.0,0.0,0.0,1.0,0.0,0.0,0.17945187043511623,7.92922725101607,0.0
7,3,31,6,27.793615965756246,0.0,0.0,0.0,0.0,0.0,0.0,0.0,4.841587009632959,0.0
7,3,32,6,20.988685387267573,0.0,0.0,0.0,0.0,0.0,0.0,0.0,-1.6039397522265257,0.0
7,3,33,6,15.858871472593384,0.0,0.0,0.0,0.0,0.0,0.0,0.0,-4.702915175743102,0.0
7,3,34,6,27.67171905721549,0.0,0.0,0.0,0.0,0.0,0.0,0.0,-0.04063230284691836,0.0
7,3,35,7,51.27511909540527,0.0,0.0,0.0,1.0,0.0,0.0,9.702034476037568,10.095477902712567,0.0
7,3,36,7,58.99103976071476,0.0,0.0,0.0,1.0,0.0,0.0,12.32528085724492,14.377389429373792,0.0
7,3,37,7,62.19718463118976,0.0,0.0,0.0,1.0,0.0,0.0,11.518255994171994,11.50848852465809,0.0
7,3,38,7,61.295910301437054,0.0,0.0,0.0,1.0,0.0,0.0,8.249919409301206,3.340263735343927,0.0
7,3,39,7,43.439092642891154,0.0,0.0,0.0,0.0,0.0,0.0,0.0,-5.183982372607869,0.0
7,3,40,8,25.29011549526992,0.0,0.0,0.0,0.0,0.0,0.0,0.0,-12.302356378639947,0.0
7,3,41,8,14.217822548234514,0.0,0.0,0.0,0.0,0.0,0.0,0.0,-15.692695917734179,0.0
7,3,42,8,8.898457860839882,0.0,0.0,0.0,0.0,0.0,0.0,0.0,-11.513544927350424,0.0
7,3,43,8,14.152923710785291,0.0,0.0,0.0,0.0,0.0,0.0,0.0,-3.712397261494876,0.0
7,3,44,8,23.352433664384552,0.0,0.0,0.0,0.0,0.0,0.0,0.0,3.044870372050013,0.0
7,3,45,9,21.58387597080897,0.0,0.0,0.0,0.0,0.0,0.0,0.0,4.228472703323029,0.0
7,3,46,9,17.501766202714972,0.0,0.0,0.0,0.0,0.0,0.0,0.0,1.1162808306432268,1.0
7,3,47,9,20.308893004925867,0.0,0.0,0.0,0.0,0.0,0.0,0.0,-1.014513553152895,1.0
7,3,48,9,26.78989096633932,0.0,0.0,0.0,0.0,0.0,0.0,0.0,1.735338331843451,1.0
7,3,49,9,25.378056125105054,0.0,0.0,0.0,0.0,0.0,0.0,0.0,2.6254299741300273,1.0
7,3,50,10,22.100439420274938,0.0,0.0,0.0,0.0,0.0,0.0,0.0,0.5971821384496904,1.0
7,2,0,0,0.0,0.0,0.0,0.0,0.0,0.0,0.0,0.0,0.0,0.0
7,2,1,0,0.34963311164776145,0.0,0.0,0.0,0.0,0.0,0.0,0.0,0.34963311164776145,0.0
7,2,2,0,0.2804929916948214,0.0,0.0,0.0,0.0,0.0,0.0,0.0,0.1402464958474107,0.0
7,2,3,0,0.14532744044493595,0.0,0.0,0.0,0.0,0.0,0.0,0.0,0.048442480148311984,0.0
7,2,4,0,0.5441072743717912,0.0,0.0,0.0,0.0,0.0,0.0,0.0,0.0648247209080099,0.0
7,2,5,1,9.787795815633915,0.0,0.0,1.0,1.0,0.0,0.0,1.3709151588614379,3.1691009413130313,0.0
7,2,6,1,16.649004765681582,1.0,1.0,1.0,1.0,0.0,6.33207583974349,5.336288551125266,5.501225775078882,0.0
7,2,7,1,13.77420604798105,1.0,0.0,1.0,1.0,0.0,2.7295683009937335,1.6991828787624712,4.410032924536419,0.0
7,2,8,1,10.683853281331867,0.0,0.0,0.0,0.0,0.0,0.0,0.0,0.29868582189931736,0.0
7,2,9,1,7.17936201911868,0.0,0.0,0.0,0.0,0.0,0.0,0.0,-3.1565475821876334,0.0
7,2,10,2,3.9444911169702994,0.0,0.0,0.0,0.0,0.0,0.0,0.0,-3.27657164367025,0.0
7,2,11,2,2.048450633606522,0.0,0.0,0.0,0.0,0.0,0.0,0.0,-2.878467549241782,0.0
7,2,12,2,1.1425874575033603,0.0,0.0,0.0,0.0,0.0,0.0,0.0,-2.0122581872051066,0.0
7,2,13,2,0.765867422401781,0.0,0.0,0.0,0.0,0.0,0.0,0.0,-1.0595412315228394,0.0
7,2,14,2,0.8398776842176066,0.0,0.0,0.0,0.0,0.0,0.0,0.0,-0.40285764979630506,0.0
7,2,15,3,1.6372288816449179,0.0,0.0,0.0,0.0,0.0,0.0,0.0,0.1648804747138525,0.0
7,2,16,3,1.7995667103552513,0.0,0.0,0.0,0.0,0.0,0.0,0.0,0.34456642931782344,0.0
7,2,17,3,2.4046474547490946,0.0,0.0,0.0,0.0,0.0,0.0,0.0,0.521589923510496,0.0
7,2,18,3,2.9936732441073755,0.0,0.0,0.0,0.0,0.0,0.0,0.0,0.4521481208208192,0.0
7,2,19,3,3.9195712750569,0.0,0.0,0.0,0.0,0.0,0.0,0.0,0.7066681882338829,0.0
7,2,20,4,7.313579763720334,0.0,0.0,0.0,0.0,0.0,0.0,0.0,1.63631076965708,0.0
7,2,21,4,11.466058348944445,0.0,0.0,0.0,0.0,0.0,0.0,0.0,2.8241283682790232,0.0
7,2,22,4,17.42517132761882,0.0,0.0,0.0,1.0,0.0,0.0,0.30363731582862385,4.5018666841873065,0.0
7,2,23,4,20.02833867279871,0.0,0.0,0.0,1.0,0.0,0.0,0.6493465635466364,4.238252969692792,0.0
7,2,24,4,19.56713409873573,0.0,0.0,0.0,0.0,0.0,0.0,0.0,2.700358583263761,0.0
7,2,25,5,14.835884248859795,0.0,0.0,0.0,0.0,0.0,0.0,0.0,-0.8630956929196749,0.0
7,2,26,5,12.269393951069967,0.0,0.0,0.0,0.0,0.0,0.0,0.0,-2.586314907242915,0.0
7,2,27,5,15.082945357717193,0.0,0.0,0.0,0.0,0.0,0.0,0.0,-1.4947295803395118,0.0
7,2,28,5,13.601419801999059,0.0,0.0,0.0,0.0,0.0,0.0,0.0,-0.41148814895357866,0.0
7,2,29,5,9.408444616115965,0.0,0.0,0.0,0.0,0.0,0.0,0.0,-0.9536497783180007,0.0
7,2,30,6,6.603064878312889,0.0,0.0,0.0,0.0,0.0,0.0,0.0,-2.8266268264681016,0.0
7,2,31,6,4.1785234606972885,0.0,0.0,0.0,0.0,0.0,0.0,0.0,-3.1409654471005903,0.0
7,2,32,6,2.496030142449641,0.0,0.0,0.0,0.0,0.0,0.0,0.0,-2.3041381578887745,1.0
7,2,33,6,1.3010258278389728,0.0,0.0,0.0,0.0,0.0,0.0,0.0,-1.767346350157972,1.0
7,2,34,6,0.6944774217251874,0.0,0.0,0.0,0.0,0.0,0.0,0.0,-1.161348679657367,1.0
7,2,35,7,2.2842693049608878,0.0,0.0,0.0,0.0,0.0,0.0,0.0,-0.07058694582958447,1.0
7,2,36,7,6.648923944861349,0.0,0.0,0.0,0.0,0.0,0.0,0.0,1.7826327056741256,1.0
7,1,0,0,0.0,0.0,0.0,0.0,0.0,0.0,0.0,0.0,0.0,0.0
7,1,1,0,0.0,0.0,0.0,0.0,0.0,0.0,0.0,0.0,0.0,0.0
7,1,2,0,0.0,0.0,0.0,0.0,0.0,0.0,0.0,0.0,0.0,0.0
7,1,3,0,0.054159128594781766,0.0,0.0,0.0,0.0,0.0,0.0,0.0,0.018053042864927257,0.0
7,1,4,0,0.41889400951157296,0.0,0.0,0.0,0.0,0.0,0.0,0.0,0.13963133650385764,0.0
7,1,5,1,0.4104890962496627,0.0,0.0,0.0,0.0,0.0,0.0,0.0,0.13682969874988757,0.0
7,1,6,1,1.5974495065575436,0.0,0.0,0.0,0.0,0.0,0.0,0.0,0.5144301259875873,0.0
7,1,7,1,5.094520318590626,0.0,0.0,0.0,0.0,0.0,0.0,0.0,1.558542103026351,0.0
7,1,8,1,13.076060917760406,1.0,0.0,1.0,1.0,0.0,1.334492407009991,3.1770908625144063,4.221857273836915,0.0
7,1,9,1,16.738537734777044,1.0,0.0,1.0,1.0,0.0,4.320513353857425,4.822363038661148,5.0470294094065,0.0
7,1,10,2,12.08953201559752,0.0,0.0,0.0,0.0,0.0,0.0,0.0,2.3316705656689645,0.0
7,1,11,2,8.146220378710902,0.0,0.0,0.0,0.0,0.0,0.0,0.0,-1.643280179683168,0.0
7,1,12,2,12.199698000415474,0.0,0.0,0.0,0.0,0.0,0.0,0.0,-1.5129465781205234,0.0
7,1,13,2,18.734627662477074,1.0,0.0,1.0,1.0,0.0,3.609465462974791,4.760382506355647,2.2150318822931845,0.0
7,1,14,2,28.483614866479336,1.0,1.0,1.0,1.0,0.0,12.629823809393741,12.434351870681013,6.779131495922812,0.0
7,1,15,3,41.991641385117624,1.0,1.0,1.0,1.0,1.0,25.36787738188918,22.252941885208784,9.930647794900716,0.0
7,1,16,3,48.25310480243009,1.0,1.0,1.0,1.0,1.0,30.807720600807023,25.479443271099854,9.839492379984337,0.0
7,1,17,3,45.626398138788694,1.0,1.0,1.0,1.0,1.0,27.297443322826993,21.61002792421926,5.714261090769786,0.0
7,1,18,3,36.35280710171981,1.0,1.0,1.0,1.0,1.0,17.06802809178323,12.504733820505365,-1.879611427799271,0.0
7,1,19,3,29.019440100725696,1.0,1.0,1.0,1.0,1.0,8.696280153485745,5.168030751982059,-6.411221567234797,0.0
7,1,20,4,26.207704977004,1.0,0.0,1.0,1.0,1.0,4.7533041854399585,2.1389046512148653,-6.472897720594898,0.0
7,1,21,4,18.626791942070092,0.0,0.0,0.0,0.0,0.0,0.0,0.0,-5.90867171988324,0.0
7,1,22,4,17.949122084063706,0.0,0.0,0.0,0.0,0.0,0.0,0.0,-3.6901060055539965,0.0
7,1,23,4,25.610236643149804,1.0,0.0,1.0,1.0,0.0,0.10192223956676472,2.3699927405786525,-0.19915611128473168,0.0
7,1,24,4,24.588011208275983,0.0,0.0,0.0,1.0,0.0,0.0,0.986182978643221,1.987073088735297,0.0
7,1,25,5,19.79534536753846,0.0,0.0,0.0,0.0,0.0,0.0,0.0,0.615407761158251,0.0
7,1,26,5,22.133155288297605,0.0,0.0,0.0,0.0,0.0,0.0,0.0,-1.1590271182840663,0.0
7,1,27,5,23.41285015362933,0.0,0.0,0.0,0.0,0.0,0.0,0.0,-0.3917203515488848,0.0
7,1,28,5,25.161142324689944,0.0,0.0,0.0,1.0,0.0,0.0,2.3846927190176217,1.7885989857171616,0.0
7,1,29,5,31.828558733172322,0.0,0.0,0.0,1.0,0.0,0.0,8.695584078547078,3.2318011482915723,0.0
7,1,30,6,30.26570488438867,0.0,0.0,0.0,1.0,0.0,0.0,5.6328796242307355,2.2842849102531133,0.0
7,1,31,6,28.492738214898974,0.0,0.0,0.0,1.0,0.0,0.0,2.2618422149765856,1.11053196340301,0.0
7,1,32,6,31.80588040265908,0.0,0.0,0.0,1.0,0.0,0.0,3.9499486944361273,-0.007559443504413584,1.0
7,1,33,6,41.4672282167834,0.0,0.0,0.0,1.0,0.0,0.0,10.653156600277832,3.733841110798243,1.0
7,1,34,6,41.87483162615632,0.0,0.0,0.0,1.0,0.0,0.0,8.049724149002337,4.460697803752449,1.0
7,1,35,7,26.944501816436407,0.0,0.0,0.0,0.0,0.0,0.0,0.0,-1.6204595287408914,1.0
7,1,36,7,18.856849375432084,0.0,0.0,0.0,0.0,0.0,0.0,0.0,-7.536792947117104,1.0
8,2,0,0,0.0,0.0,0.0,0.0,0.0,0.0,0.0,0.0,0.0,0.0
8,2,1,0,14.44736047773537,1.0,1.0,1.0,1.0,0.0,6.025594211279298,6.025594211279298,14.44736047773537,0.0
8,2,2,0,29.690042118461445,1.0,1.0,1.0,1.0,0.0,20.871076810768614,13.748718361421242,14.845021059230723,0.0
8,2,3,0,57.15784079432919,1.0,1.0,1.0,1.0,1.0,47.96921513612877,31.80283845840561,19.05261359810973,0.0
8,2,4,0,80.80771931071192,1.0,1.0,1.0,1.0,1.0,71.27241623338837,47.10108343790355,22.12011961099218,0.0
8,2,5,1,90.49619784785422,1.0,1.0,1.0,1.0,1.0,80.6326445234473,52.23692991194358,20.268718576464256,0.0
8,2,6,1,92.23056613483581,1.0,1.0,1.0,1.0,1.0,81.91363720889773,52.06532950284897,11.690908446835541,0.0
8,2,7,1,92.52227769044293,1.0,1.0,1.0,1.0,1.0,81.47763994345561,51.68891968348272,3.904852793243672,0.0
8,2,8,1,92.17291921275479,1.0,1.0,1.0,1.0,1.0,80.43135070200438,51.29242561056717,0.5589071216335242,0.0
8,2,9,1,83.10545145700488,1.0,1.0,1.0,1.0,1.0,70.68742707608526,43.07535123266732,-3.041704892610312,0.0
8,2,10,2,72.79751493510713,1.0,1.0,1.0,1.0,1.0,59.71320641391996,33.9269043441672,-6.574920918445268,0.0
8,2,11,2,72.10171411803594,1.0,1.0,1.0,1.0,1.0,58.35099002279064,40.02202347069691,-6.690401698239616,0.0
8,2,12,2,75.60487307981529,1.0,1.0,1.0,1.0,1.0,61.177298813029026,50.4703092621006,-2.5001927923965277,0.0
8,2,13,2,79.45067430256408,1.0,1.0,1.0,1.0,1.0,64.3255121030618,61.52837814236444,2.217719789152317,0.0
8,2,14,2,72.45444933073716,1.0,1.0,1.0,1.0,1.0,56.60065827365157,56.65416704375375,0.11757840423373978,0.0
8,2,15,3,55.879712726588465,1.0,1.0,1.0,1.0,1.0,39.25594872336002,36.6795330752623,-6.5750534510756085,0.0
8,2,16,3,44.78582079980993,1.0,1.0,1.0,1.0,1.0,27.34043659818687,21.837443326707465,-11.554951167584717,0.0
8,2,17,3,35.694975388928825,1.0,1.0,1.0,1.0,1.0,17.366020572967123,9.304574034904533,-12.25315798060278,0.0
8,2,18,3,23.184617814588034,1.0,0.0,1.0,0.0,1.0,3.899838804651452,0.0,-10.89836497066681,0.0
8,2,19,3,17.916757330381465,0.0,0.0,0.0,0.0,0.0,0.0,0.0,-8.95635448980949,0.0
8,2,20,4,36.18772459205049,1.0,1.0,1.0,1.0,0.0,14.733323800486453,3.933607993075185,0.16424973437388957,0.0
8,2,21,4,49.13784718780826,1.0,1.0,1.0,1.0,0.0,26.449042481207165,17.12277456433364,8.651076457740077,0.0
8,2,22,4,41.67662102022376,1.0,1.0,1.0,1.0,1.0,17.639946164180415,9.927912199713276,7.919954563280766,0.0
8,2,23,4,33.94190855690571,1.0,0.0,1.0,1.0,1.0,8.43359415332267,3.0841719361678166,-0.7486053450482615,0.0
8,2,24,4,29.9242993569528,1.0,0.0,1.0,1.0,1.0,2.810272844040398,1.6300186627562212,-6.404515943618487,0.0
8,2,25,5,35.446413516650296,1.0,0.0,1.0,1.0,1.0,6.582299168926614,10.407271442100772,-2.0767358345244893,0.0
8,2,26,5,38.09380269590354,1.0,0.0,1.0,1.0,1.0,7.3249216241944275,13.943641537870288,1.3839647129992774,0.0
8,2,27,5,34.6951913167763,1.0,0.0,1.0,1.0,1.0,1.856561468215375,10.034275821365892,1.5902973199411672,0.0
8,2,28,5,47.48254399326733,1.0,0.0,1.0,1.0,1.0,12.398880151295955,20.787617586365172,4.012043492205677,1.0
8,2,29,5,74.15477341674409,1.0,1.0,1.0,1.0,1.0,36.64048720111141,41.6069425114406,12.020323573613517,1.0
8,2,30,6,88.94409927137485,1.0,1.0,1.0,1.0,1.0,48.80329913813776,50.78114484444414,18.082969318199517,1.0
8,2,31,6,94.64477316552305,1.0,1.0,1.0,1.0,1.0,51.67126440704621,50.65735224167162,15.720743057418574,1.0
8,2,32,6,96.07677031598968,1.0,1.0,1.0,1.0,1.0,50.0540550609455,47.1641368710839,7.307332299748528,1.0
8,1,0,0,0.0,0.0,0.0,0.0,0.0,0.0,0.0,0.0,0.0,0.0
8,1,1,0,0.0,0.0,0.0,0.0,0.0,0.0,0.0,0.0,0.0,0.0
8,1,2,0,0.0,0.0,0.0,0.0,0.0,0.0,0.0,0.0,0.0,0.0
8,1,3,0,0.0,0.0,0.0,0.0,0.0,0.0,0.0,0.0,0.0,0.0
8,1,4,0,0.0,0.0,0.0,0.0,0.0,0.0,0.0,0.0,0.0,0.0
8,1,5,1,0.0,0.0,0.0,0.0,0.0,0.0,0.0,0.0,0.0,0.0
8,1,6,1,0.0,0.0,0.0,0.0,0.0,0.0,0.0,0.0,0.0,0.0
8,1,7,1,0.0,0.0,0.0,0.0,0.0,0.0,0.0,0.0,0.0,0.0
8,1,8,1,0.0,0.0,0.0,0.0,0.0,0.0,0.0,0.0,0.0,0.0
8,1,9,1,0.0,0.0,0.0,0.0,0.0,0.0,0.0,0.0,0.0,0.0
8,1,10,2,0.0,0.0,0.0,0.0,0.0,0.0,0.0,0.0,0.0,0.0
8,1,11,2,0.0,0.0,0.0,0.0,0.0,0.0,0.0,0.0,0.0,0.0
8,1,12,2,0.00019932493786045276,0.0,0.0,0.0,0.0,0.0,0.0,0.0,6.644164595348425e-05,0.0
8,1,13,2,0.002588580100268836,0.0,0.0,0.0,0.0,0.0,0.0,0.0,0.0008628600334229453,0.0
8,1,14,2,0.03273242704617943,0.0,0.0,0.0,0.0,0.0,0.0,0.0,0.010910809015393144,0.0
8,1,15,3,0.26510658626083805,0.0,0.0,0.0,0.0,0.0,0.0,0.0,0.08830242044099253,0.0
8,1,16,3,0.7609378183529593,0.0,0.0,0.0,0.0,0.0,0.0,0.0,0.25278307941756345,0.0
8,1,17,3,3.3320892891047844,0.0,0.0,0.0,0.0,0.0,0.0,0.0,1.0997856206862016,0.0
8,1,18,3,8.559683431650221,0.0,0.0,0.0,0.0,0.0,0.0,0.0,2.7648589484631274,0.0
8,1,19,3,12.28270276462926,0.0,0.0,0.0,0.0,0.0,0.0,0.0,3.8405883154254337,0.0
8,1,20,4,20.69203649781062,0.0,0.0,0.0,1.0,0.0,0.0,3.4656003823367314,5.786649069568611,0.0
8,1,21,4,34.064771614091555,1.0,1.0,1.0,1.0,0.0,11.375966907490458,12.10877162457487,8.501696060813778,0.0
8,1,22,4,37.0271557375229,1.0,1.0,1.0,1.0,0.0,12.990480881479549,11.671796054438559,8.248150990964545,0.0
8,1,23,4,36.71054905839266,1.0,1.0,1.0,1.0,1.0,11.202234654809619,9.141393810801045,5.33950418686068,0.0
8,1,24,4,38.59989598104016,1.0,1.0,1.0,1.0,1.0,11.48586946812776,9.360830420025074,1.5117081223162028,0.0
8,1,25,5,43.07785984720812,1.0,1.0,1.0,1.0,1.0,14.213745499484435,12.400096916096047,2.0169013698950735,0.0
8,1,26,5,53.699225724546125,1.0,1.0,1.0,1.0,1.0,22.93034465283701,21.102408317926688,5.6628922220511555,1.0
8,1,27,5,65.21099082990355,1.0,1.0,1.0,1.0,1.0,32.372360981342624,30.27749904145854,8.870364949621129,1.0
8,1,28,5,63.77246683597356,1.0,1.0,1.0,1.0,1.0,28.688802994002188,28.07481755692639,6.898202329588481,1.0
8,1,29,5,63.45081090038514,1.0,1.0,1.0,1.0,1.0,25.936524684752463,27.68261072409421,3.2505283919463395,1.0
8,1,30,6,69.08590563093007,1.0,1.0,1.0,1.0,1.0,28.94510549769298,33.42227754803846,1.29163826700884,1.0
8,3,0,0,0.0,0.0,0.0,0.0,0.0,0.0,0.0,0.0,0.0,0.0
8,3,1,0,20.47167450692147,1.0,1.0,1.0,1.0,0.0,12.049908240465399,12.049908240465399,20.47167450692147,0.0
8,3,2,0,38.889698894456224,1.0,1.0,1.0,1.0,0.0,30.07073358676339,19.18670331328629,19.444849447228112,0.0
8,3,3,0,54.51885906579494,1.0,1.0,1.0,1.0,1.0,45.33023340759452,29.948701973717306,18.172953021931647,0.0
8,3,4,0,55.48117683294065,1.0,1.0,1.0,1.0,1.0,45.9458737556171,29.754801476004864,11.669834108673058,0.0
8,3,5,1,51.4661853827414,1.0,1.0,1.0,1.0,1.0,41.60263205833448,26.17690377223918,4.192162162761726,0.0
8,3,6,1,54.62236806234754,1.0,1.0,1.0,1.0,1.0,44.30543913640945,29.53255188433078,0.03450299885086613,0.0
8,3,7,1,65.62594927369733,1.0,1.0,1.0,1.0,1.0,54.58131152671001,39.589656015569155,3.381590813585561,0.0
8,3,8,1,75.70976725987427,1.0,1.0,1.0,1.0,1.0,63.96819874912386,47.93675941317381,8.08119395904429,0.0
8,3,9,1,81.70245707344353,1.0,1.0,1.0,1.0,1.0,69.28443269252391,52.21111234348582,9.026696337031995,0.0
8,3,10,2,76.44313130352523,1.0,1.0,1.0,1.0,1.0,63.358822782338066,46.46352498150709,3.605727343275968,0.0
8,3,11,2,67.43028361159693,1.0,1.0,1.0,1.0,1.0,53.67955951635163,43.6541400199067,-2.7598278827591116,0.0
8,3,12,2,68.5564082160355,1.0,1.0,1.0,1.0,1.0,54.12883394924924,49.23712547760354,-4.382016285802673,0.0
8,3,13,2,68.48304338896077,1.0,1.0,1.0,1.0,1.0,53.35788118945848,51.36474752199025,-2.653362638188156,0.0
8,3,14,2,63.02736953818127,1.0,1.0,1.0,1.0,1.0,47.173578481095674,46.12011878113523,-1.4676380244718885,0.0
8,3,15,3,44.43408332758056,1.0,1.0,1.0,1.0,1.0,27.810319324352115,25.542299103142525,-8.040774962818316,0.0
8,3,16,3,24.120467061066655,1.0,1.0,1.0,0.0,1.0,6.675082859443592,0.0,-14.78752544263137,0.0
8,3,17,3,13.18872211767335,0.0,0.0,0.0,0.0,0.0,0.0,0.0,-16.61288247350264,0.0
8,3,18,3,7.4265643681183,0.0,0.0,0.0,0.0,0.0,0.0,0.0,-12.335839653154087,0.0
8,3,19,3,4.021926900551949,0.0,0.0,0.0,0.0,0.0,0.0,0.0,-6.699513386838235,0.0
8,3,20,4,2.1222410067708997,0.0,0.0,0.0,0.0,0.0,0.0,0.0,-3.6888270369674836,0.0
8,3,21,4,1.0897264419848252,0.0,0.0,0.0,0.0,0.0,0.0,0.0,-2.1122793087111584,0.0
8,3,22,4,0.5766888203010385,0.0,0.0,0.0,0.0,0.0,0.0,0.0,-1.1484126934169703,0.0
8,3,23,4,0.600422674491299,0.0,0.0,0.0,0.0,0.0,0.0,0.0,-0.5072727774265335,0.0
8,3,24,4,0.9870958152357112,0.0,0.0,0.0,0.0,0.0,0.0,0.0,-0.03421020891637131,0.0
8,3,25,5,1.894279848719057,0.0,0.0,0.0,0.0,0.0,0.0,0.0,0.4391970094726729,0.0
8,3,26,5,1.763828430506281,0.0,0.0,0.0,0.0,0.0,0.0,0.0,0.38780191867166064,0.0
8,3,27,5,1.4845070382261043,0.0,0.0,0.0,0.0,0.0,0.0,0.0,0.1658037409967977,0.0
8,3,28,5,4.163830370948832,0.0,0.0,0.0,0.0,0.0,0.0,0.0,0.7565168407432582,0.0
8,3,29,5,13.014055324851267,0.0,0.0,0.0,0.0,0.0,0.0,0.0,3.7500756314483286,0.0
8,3,30,6,19.013615744646646,0.0,0.0,0.0,0.0,0.0,0.0,0.0,5.843036235473513,1.0
8,3,31,6,31.66679606500559,0.0,0.0,0.0,1.0,0.0,0.0,0.11595987670123264,9.167655231352255,1.0
8,3,32,6,60.16075108484985,1.0,0.0,1.0,1.0,0.0,14.138035829805673,18.874620813392212,15.71556525333286,1.0
8,3,33,6,79.4728730884656,1.0,1.0,1.0,1.0,0.0,30.17415030183429,28.598885344436255,20.15308578127299,1.0
8,3,34,6,92.1105144512663,1.0,1.0,1.0,1.0,1.0,39.29867993433578,32.95577991319884,20.14790612875357,1.0
8,3,0,0,0.0,0.0,0.0,0.0,0.0,0.0,0.0,0.0,0.0,0.0
8,3,1,0,18.58916460538711,1.0,1.0,1.0,1.0,0.0,10.16739833893104,10.16739833893104,18.58916460538711,0.0
8,3,2,0,33.049289473621826,1.0,1.0,1.0,1.0,0.0,24.23032416592899,15.702953613180238,16.524644736810913,0.0
8,3,3,0,37.4821041244689,1.0,1.0,1.0,1.0,1.0,28.293478466268475,18.655324284387433,12.494034708156299,0.0
8,3,4,0,50.89816985810583,1.0,1.0,1.0,1.0,1.0,41.362866780782284,28.97151514646239,10.769668417572907,0.0
8,3,5,1,64.53176201441707,1.0,1.0,1.0,1.0,1.0,54.66820869001015,38.754860174038754,10.494157513598415,0.0
8,3,6,1,59.33414624003085,1.0,1.0,1.0,1.0,1.0,49.017217314092754,32.87455864512585,7.28401403852065,0.0
8,3,7,1,45.11489754598992,1.0,1.0,1.0,1.0,1.0,34.0702597990026,19.574177358934104,-1.9277574373719706,0.0
8,3,8,1,35.3286047269344,1.0,1.0,1.0,1.0,1.0,23.587036216183986,10.606348218566275,-9.734385762494222,0.0
8,3,9,1,28.84640429246963,1.0,1.0,1.0,1.0,1.0,16.42837991155001,4.575403575176331,-10.162580649187072,0.0
8,3,10,2,29.773085602264082,1.0,1.0,1.0,1.0,1.0,16.68877708107691,5.908935723340559,-5.113937314575279,0.0
8,3,11,2,39.44821034906877,1.0,1.0,1.0,1.0,1.0,25.697486253823467,19.659112110943973,1.3732018740447909,0.0
8,3,12,2,36.8445970083973,1.0,1.0,1.0,1.0,1.0,22.41702274161104,18.545100533107156,2.6660642386425573,0.0
8,3,13,2,29.189285070053877,1.0,1.0,1.0,1.0,1.0,14.064122870551595,10.220163000300559,-0.19460017740340163,0.0
8,3,14,2,24.888541761067657,1.0,1.0,1.0,1.0,1.0,9.034750703982063,4.624644117789703,-4.853222862667039,0.0
8,3,15,3,23.23926291516731,1.0,1.0,1.0,1.0,1.0,6.6154989119388645,2.1746756583435385,-4.535111364409997,0.0
8,3,16,3,29.49687128069,1.0,1.0,1.0,1.0,1.0,12.051487079066938,10.99763662486465,0.10252873687870807,0.0
8,3,17,3,29.8332748290324,1.0,1.0,1.0,1.0,1.0,11.5043200130707,14.607731327755928,1.648244355988248,0.0
8,3,18,3,22.785032183540036,1.0,0.0,1.0,1.0,1.0,3.500253173603454,8.117372688270553,-0.15141024387575777,0.0
8,3,19,3,20.630814892999545,1.0,0.0,0.0,1.0,1.0,0.3076549457595945,5.081581624398012,-2.955352129230152,0.0
8,3,20,4,29.342194081438574,1.0,0.0,1.0,1.0,1.0,7.8877932898745335,13.190824661065946,-0.16369358253127567,0.0
8,3,21,4,43.505049496444585,1.0,1.0,1.0,1.0,1.0,20.816244789843488,25.227033874766313,6.90667243763485,0.0
8,3,22,4,53.814977459016546,1.0,1.0,1.0,1.0,1.0,29.7783026029732,32.276280259909186,11.061387522005667,0.0
8,3,23,4,58.026816690107246,1.0,1.0,1.0,1.0,1.0,32.51850228652421,33.00831697868432,9.561540869556223,0.0
8,3,24,4,51.971178027386486,1.0,1.0,1.0,1.0,1.0,24.857151514474083,25.069567931020313,2.8220428436473006,0.0
8,3,25,5,41.78936352413328,1.0,1.0,1.0,1.0,1.0,12.925249176409597,14.283578479138562,-4.008537978294423,0.0
8,3,26,5,37.69332225612608,1.0,0.0,1.0,1.0,1.0,6.924441184416967,9.92133533325682,-6.777831477993722,0.0
8,3,27,5,55.21903155816234,1.0,1.0,1.0,1.0,1.0,22.380401709601415,25.78992052665979,1.082617843591952,0.0
8,3,28,5,74.82616034765992,1.0,1.0,1.0,1.0,1.0,39.74249650568855,41.39465169483371,11.012265607842215,0.0
8,3,29,5,87.6716499878919,1.0,1.0,1.0,1.0,1.0,50.15736377225922,50.28764475495706,16.659442577255273,0.0
8,3,30,6,92.30533671123848,1.0,1.0,1.0,1.0,1.0,52.16453657800139,52.60259110731032,12.362101717692047,0.0
8,3,31,6,94.16418561937778,1.0,1.0,1.0,1.0,1.0,51.190676860900936,52.44660044837886,6.446008423905951,0.0
8,3,32,6,96.89701408301795,1.0,1.0,1.0,1.0,1.0,50.874298827973774,52.45012207199193,3.0751213650420177,0.0
8,3,33,6,98.51374099711596,1.0,1.0,1.0,1.0,1.0,49.215018210484644,51.19186665825876,2.0694680952924926,0.0
8,3,34,6,98.97040447207146,1.0,1.0,1.0,1.0,1.0,46.15856995514095,49.06733889949271,1.6020729508978964,0.0
8,3,35,7,98.22989729935371,1.0,1.0,1.0,1.0,1.0,41.657543689719716,46.885822229750175,0.44429440544525295,0.0
8,3,36,7,96.79897659178741,1.0,1.0,1.0,1.0,1.0,36.20839336335338,46.491175893527895,-0.5715881351095172,0.0
8,3,37,7,92.43477133810427,1.0,1.0,1.0,1.0,1.0,27.55794480108146,46.78928589906347,-2.178544377989065,0.0
8,3,38,7,86.40392132300913,1.0,0.0,1.0,1.0,1.0,16.96253462391654,44.32427832979519,-3.94199199211486,0.0
8,3,39,7,88.82493109333979,1.0,0.0,1.0,1.0,1.0,14.530364215004155,46.88457899086824,-2.6580151661492075,0.0
8,3,40,8,94.22521021566524,1.0,0.0,1.0,1.0,1.0,14.778539977221115,50.178198905908644,0.5968129591869911,0.0
8,3,41,8,95.80762441296122,1.0,0.0,1.0,1.0,1.0,10.899624469850863,49.098076988221585,3.1345676966506963,0.0
8,3,42,8,95.35159043782437,1.0,0.0,1.0,1.0,1.0,4.662731281797818,45.79170136960006,2.1755531148281952,0.0
8,3,43,8,90.8799349454978,0.0,0.0,0.0,1.0,0.0,0.0,38.231359101444525,-1.1150917567224827,0.0
8,3,44,8,82.9205786022747,0.0,0.0,0.0,1.0,0.0,0.0,26.209162087518493,-4.295681936895505,0.0
8,3,45,9,84.98397305976597,0.0,0.0,0.0,1.0,0.0,0.0,24.895795714229727,-3.455872459352799,0.0
8,3,46,9,89.92316114903254,0.0,0.0,0.0,1.0,0.0,0.0,26.812267567641946,-0.31892459882175217,0.0
8,3,47,9,90.1572647663364,0.0,0.0,0.0,1.0,0.0,0.0,23.80805133483838,2.412228721353898,0.0
8,3,48,9,90.68747185753193,0.0,0.0,0.0,1.0,0.0,0.0,20.551264906732555,1.9011662659219866,1.0
8,3,49,9,89.46711950746746,0.0,0.0,0.0,1.0,0.0,0.0,15.46316749364216,-0.15201388052169307,1.0
8,3,50,10,85.63963959783675,0.0,0.0,0.0,1.0,0.0,0.0,7.2044783930977445,-1.5058750561665495,1.0
8,3,51,10,84.01655340302678,0.0,0.0,0.0,1.0,0.0,0.0,1.0799636020813779,-2.223639484835052,1.0
8,3,52,10,79.66233814662715,0.0,0.0,0.0,0.0,0.0,0.0,0.0,-3.2682604536134363,1.0
8,1,0,0,0.0,0.0,0.0,0.0,0.0,0.0,0.0,0.0,0.0,0.0
8,1,1,0,13.73945267769313,1.0,1.0,1.0,1.0,0.0,5.317686411237059,5.317686411237059,13.73945267769313,0.0
8,1,2,0,26.851994741818512,1.0,1.0,1.0,1.0,0.0,18.03302943412568,12.069752648618957,13.425997370909256,0.0
8,1,3,0,39.79011675934205,1.0,1.0,1.0,1.0,1.0,30.601491101141626,20.788012371792657,13.263372253114015,0.0
8,1,4,0,57.24141575447574,1.0,1.0,1.0,1.0,1.0,47.70611267715219,32.79823318359429,14.500654358927536,0.0
8,1,5,1,62.621709843012276,1.0,1.0,1.0,1.0,1.0,52.758156518605354,35.36721900217586,11.92323836706459,0.0
8,1,6,1,61.50430577646873,1.0,1.0,1.0,1.0,1.0,51.18737685053064,33.37802109505259,7.238063005708895,0.0
8,1,7,1,66.07839591767979,1.0,1.0,1.0,1.0,1.0,55.033758170692465,37.12627722991288,2.945660054401349,0.0
8,1,8,1,72.46507056614729,1.0,1.0,1.0,1.0,1.0,60.72350205539688,42.44302798650378,3.2811202410450044,0.0
8,1,9,1,65.69336841110137,1.0,1.0,1.0,1.0,1.0,53.275344030181756,35.7504368600071,1.3963542115442138,0.0
8,1,10,2,45.765081067503345,1.0,1.0,1.0,1.0,1.0,32.68077254631618,16.62679777653915,-6.771104950058813,0.0
8,1,11,2,27.9165216460786,1.0,1.0,1.0,1.0,1.0,14.165797550833293,2.618201724008557,-14.849516306689564,0.0
8,1,12,2,16.105296976495296,1.0,0.0,1.0,0.0,1.0,1.677722709709034,0.0,-16.529357144868694,0.0
8,1,13,2,8.69220402551658,0.0,0.0,0.0,0.0,0.0,0.0,0.0,-12.357625680662254,0.0
8,1,14,2,4.5377520174435055,0.0,0.0,0.0,0.0,0.0,0.0,0.0,-7.792923209545031,0.0
8,1,15,3,2.444283513041193,0.0,0.0,0.0,0.0,0.0,0.0,0.0,-4.553671154484701,0.0
8,1,16,3,1.8762953155162965,0.0,0.0,0.0,0.0,0.0,0.0,0.0,-2.271969570000094,0.0
8,1,17,3,2.0517601895875863,0.0,0.0,0.0,0.0,0.0,0.0,0.0,-0.8286639426186397,0.0
8,1,18,3,2.0228043676414535,0.0,0.0,0.0,0.0,0.0,0.0,0.0,-0.14049304846657984,0.0
8,1,19,3,2.315374675062562,0.0,0.0,0.0,0.0,0.0,0.0,0.0,0.1463597865154219,0.0
8,1,20,4,2.4995081682911637,0.0,0.0,0.0,0.0,0.0,0.0,0.0,0.1492493262345258,0.0
8,1,21,4,4.420192991288759,0.0,0.0,0.0,0.0,0.0,0.0,0.0,0.7991295412157684,0.0
8,1,22,4,12.339101026499593,0.0,0.0,0.0,0.0,0.0,0.0,0.0,3.341242117145677,0.0
8,1,23,4,18.041771351340252,0.0,0.0,0.0,1.0,0.0,0.0,0.1648902045819156,5.180754394349695,0.0
8,1,24,4,32.44392004679305,1.0,0.0,1.0,1.0,0.0,5.32989353388065,9.525756221427297,9.341242351834765,0.0
8,1,25,5,53.47684841563252,1.0,1.0,1.0,1.0,0.0,24.612734067908836,22.923791153975912,13.712582463044308,0.0
8,1,26,5,55.58529914196207,1.0,1.0,1.0,1.0,1.0,24.816418070252954,20.15064655403134,12.514509263540605,1.0
8,1,27,5,61.15754852683489,1.0,1.0,1.0,1.0,1.0,28.31891867827396,21.66588211343074,9.571209493347277,1.0
8,1,28,5,78.2800944123299,1.0,1.0,1.0,1.0,1.0,43.19643057035853,33.636247580706815,8.267748665565795,1.0
8,1,29,5,83.34714223582742,1.0,1.0,1.0,1.0,1.0,45.83285602019474,34.90910710113026,9.253947697955118,1.0
8,1,30,6,66.50222999722958,1.0,1.0,1.0,1.0,1.0,26.361429863992484,17.77329003688901,1.7815604901315634,1.0
8,2,0,0,0.0,0.0,0.0,0.0,0.0,0.0,0.0,0.0,0.0,0.0
8,2,1,0,7.739711950597279,0.0,0.0,0.0,0.0,0.0,0.0,0.0,7.739711950597279,0.0
8,2,2,0,12.660256649876725,1.0,1.0,1.0,1.0,0.0,3.841291342183892,3.6302240633950547,6.330128324938363,0.0
8,2,3,0,10.613663143928022,1.0,0.0,1.0,1.0,0.0,1.4250374857275983,1.619474398081234,3.537887714642674,0.0
8,2,4,0,11.117557691686972,1.0,0.0,1.0,1.0,1.0,1.5822546143634213,2.0783063637768997,1.1259485803632312,0.0
8,2,5,1,31.62297511960962,1.0,1.0,1.0,1.0,1.0,21.759421795202698,17.18658756601539,6.320906156577632,0.0
8,2,6,1,52.217109696958964,1.0,1.0,1.0,1.0,1.0,41.90018077102087,30.494397250270893,13.86781551767698,0.0
8,2,7,1,44.50815550554553,1.0,1.0,1.0,1.0,1.0,33.46351775855821,21.23771485810143,11.130199271286187,0.0
8,2,8,1,30.237014307964223,1.0,1.0,1.0,1.0,1.0,18.495445797213808,7.450501018476228,-0.46198693721513234,0.0
8,2,9,1,21.745104593688566,1.0,1.0,1.0,0.0,1.0,9.327080212768948,0.0,-10.157335034423467,0.0
8,2,10,2,14.763856759507954,1.0,0.0,1.0,0.0,1.0,1.6795482383207823,0.0,-9.914766248679193,0.0
8,2,11,2,8.803723419866099,0.0,0.0,0.0,0.0,0.0,0.0,0.0,-7.144430296032708,0.0
8,2,12,2,5.312976014888726,0.0,0.0,0.0,0.0,0.0,0.0,0.0,-5.4773761929332805,0.0
8,2,13,2,3.1162638636607047,0.0,0.0,0.0,0.0,0.0,0.0,0.0,-3.8825309652824167,0.0
8,2,14,2,1.757047826320076,0.0,0.0,0.0,0.0,0.0,0.0,0.0,-2.348891864515341,0.0
8,2,15,3,1.0101811091324953,0.0,0.0,0.0,0.0,0.0,0.0,0.0,-1.43426496858541,0.0
8,2,16,3,0.5735287155521964,0.0,0.0,0.0,0.0,0.0,0.0,0.0,-0.847578382702836,0.0
8,2,17,3,0.5587383385736726,0.0,0.0,0.0,0.0,0.0,0.0,0.0,-0.39943649591546776,0.0
8,2,18,3,1.1185012254119155,0.0,0.0,0.0,0.0,0.0,0.0,0.0,0.03610670542647343,0.0
8,2,19,3,1.2129445561400982,0.0,0.0,0.0,0.0,0.0,0.0,0.0,0.2131386135293006,0.0
8,2,20,4,2.215349261250547,0.0,0.0,0.0,0.0,0.0,0.0,0.0,0.5522036408922916,0.0
8,2,21,4,4.336489929608918,0.0,0.0,0.0,0.0,0.0,0.0,0.0,1.0726629013990008,0.0
8,2,22,4,5.813729762765509,0.0,0.0,0.0,0.0,0.0,0.0,0.0,1.5335950688751367,0.0
8,2,23,4,8.862014040365885,0.0,0.0,0.0,0.0,0.0,0.0,0.0,2.2155549263717793,0.0
8,2,24,4,8.969968936280285,0.0,0.0,0.0,0.0,0.0,0.0,0.0,1.544493002223789,0.0
8,2,25,5,8.664950761423173,0.0,0.0,0.0,0.0,0.0,0.0,0.0,0.9504069995525546,0.0
8,2,26,5,17.781206903866916,0.0,0.0,0.0,0.0,0.0,0.0,0.0,2.9730642878336773,0.0
8,2,27,5,37.21243588711234,1.0,0.0,1.0,1.0,0.0,4.373806038551415,10.367592618076046,9.414155650277353,0.0
8,2,28,5,55.831492035397176,1.0,1.0,1.0,1.0,0.0,20.747828193425804,21.47972194050358,15.722180424658001,0.0
8,2,29,5,62.39984904154427,1.0,1.0,1.0,1.0,1.0,24.88556282591159,22.30298212640261,14.872880712559118,0.0
8,2,30,6,58.12698460117222,1.0,1.0,1.0,1.0,1.0,17.986184467935125,14.868388751826963,6.971516238019959,0.0
8,2,31,6,61.936873468316136,1.0,1.0,1.0,1.0,1.0,18.963364709839297,16.117568983352285,2.0351271443063204,0.0
8,2,32,6,69.89995574331695,1.0,1.0,1.0,1.0,1.0,23.877240488272776,21.518472497054688,2.50003556725756,0.0
8,2,33,6,77.18576611543965,1.0,1.0,1.0,1.0,1.0,27.887043328808332,26.55151323988173,6.352927171422476,0.0
8,2,34,6,81.99988597499716,1.0,1.0,1.0,1.0,1.0,29.18805145806664,29.677647038008026,6.68767083556034,0.0
8,2,35,7,83.59125416311664,1.0,1.0,1.0,1.0,1.0,27.018900553482652,31.084141794084424,4.563766139933231,0.0
8,2,36,7,90.31384639054099,1.0,1.0,1.0,1.0,1.0,29.72326316210696,39.186036036658095,4.3760267583671135,0.0
8,2,37,7,96.09737683428942,1.0,1.0,1.0,1.0,1.0,31.220550297266612,46.6511090679428,4.6991636197640885,0.0
8,2,38,7,98.72304998439702,1.0,1.0,1.0,1.0,1.0,29.281663285304433,48.88047328407355,5.043931940426792,1.0
8,2,39,7,99.55880200072733,1.0,0.0,1.0,1.0,1.0,25.264235122391696,47.38593729741173,3.0816518700621125,1.0
8,2,40,8,99.62578216728086,1.0,0.0,1.0,1.0,1.0,20.179111928836733,45.05441763763614,1.1761351109971467,1.0
8,2,41,8,98.65611294894656,1.0,0.0,1.0,1.0,1.0,13.748113005836203,43.24711201992269,-0.02231234515015501,1.0
8,2,42,8,95.07031062909071,1.0,0.0,1.0,1.0,1.0,4.3814514730641605,39.51215365210392,-1.4961637905455376,1.0
8,3,0,0,0.0,0.0,0.0,0.0,0.0,0.0,0.0,0.0,0.0,0.0
8,3,1,0,6.139336164780035,0.0,0.0,0.0,0.0,0.0,0.0,0.0,6.139336164780035,0.0
8,3,2,0,7.680407457395591,0.0,0.0,0.0,1.0,0.0,0.0,0.5438960688921304,3.8402037286977957,0.0
8,3,3,0,4.807572805643502,0.0,0.0,0.0,0.0,0.0,0.0,0.0,1.6025242685478338,0.0
8,3,4,0,2.864551154993231,0.0,0.0,0.0,0.0,0.0,0.0,0.0,-1.0915950032622679,0.0
8,3,5,1,2.3399039107836552,0.0,0.0,0.0,0.0,0.0,0.0,0.0,-1.7801678488706454,0.0
8,3,6,1,1.8045717931179655,0.0,0.0,0.0,0.0,0.0,0.0,0.0,-1.0010003375085121,0.0
8,3,7,1,1.0923283883126407,0.0,0.0,0.0,0.0,0.0,0.0,0.0,-0.5907409222268635,0.0
8,3,8,1,2.7350195217734448,0.0,0.0,0.0,0.0,0.0,0.0,0.0,0.1317052036632632,0.0
8,3,9,1,28.457696952850732,1.0,1.0,1.0,1.0,0.0,16.039672571931114,14.50184431531455,8.884375053244256,0.0
8,3,10,2,63.512661868806134,1.0,1.0,1.0,1.0,0.0,50.428353347618966,38.91258923208521,20.806777826831166,0.0
8,3,11,2,68.9812054365317,1.0,1.0,1.0,1.0,1.0,55.23048134128639,38.06255562490966,22.082061971586086,0.0
8,3,12,2,65.76880292572159,1.0,1.0,1.0,1.0,1.0,51.34122865893532,31.186692720407862,12.437035324290285,0.0
8,3,13,2,47.74702522309907,1.0,1.0,1.0,1.0,1.0,32.62186302359679,12.405316345801872,-5.255212215235687,0.0
8,3,14,2,28.947950502634505,1.0,1.0,1.0,0.0,1.0,13.094159445548911,0.0,-13.344418311299064,0.0
8,3,15,3,23.850908250357104,1.0,1.0,1.0,0.0,1.0,7.22714424712866,0.0,-13.972631558454827,0.0
8,3,16,3,24.7133038297246,1.0,1.0,1.0,0.0,1.0,7.267919628101538,0.0,-7.677907131124823,0.0
8,3,17,3,20.28019628605469,1.0,0.0,1.0,0.0,1.0,1.951241470092988,0.0,-2.8892514055266054,0.0
8,3,18,3,26.440263565720407,1.0,0.0,1.0,0.0,1.0,7.155484555783826,0.0,0.8631184384544343,0.0
8,3,19,3,48.429341180904714,1.0,1.0,1.0,1.0,1.0,28.106181233664763,20.501430495045938,7.9053457837267045,0.0
8,3,20,4,52.704098636768435,1.0,1.0,1.0,1.0,1.0,31.249697845204395,24.322618670643784,10.807967450237916,0.0
8,3,21,4,47.48569144003012,1.0,1.0,1.0,1.0,1.0,24.796886733429027,19.588258733710248,7.015142624769905,0.0
8,3,22,4,53.1874047586459,1.0,1.0,1.0,1.0,1.0,29.15072990260255,26.452159880854673,1.5860211925803942,0.0
8,3,23,4,64.0128165974089,1.0,1.0,1.0,1.0,1.0,38.50450219382586,36.7762120916958,3.7695726535468217,0.0
8,3,24,4,61.414944301847825,1.0,1.0,1.0,1.0,1.0,34.30091778893542,32.162310729433514,4.6430842872725675,0.0
8,3,25,5,40.83006341251098,1.0,1.0,1.0,1.0,1.0,11.9659490647873,11.13176870525784,-4.119113782044972,0.0
8,3,26,5,26.187068296930875,0.0,0.0,0.0,0.0,0.0,0.0,0.0,-12.608582766826009,0.0
8,3,27,5,18.401116500452208,0.0,0.0,0.0,0.0,0.0,0.0,0.0,-14.337942600465206,0.0
8,3,28,5,11.71474200053215,0.0,0.0,0.0,0.0,0.0,0.0,0.0,-9.705107137326278,0.0
8,3,29,5,11.476412575096077,0.0,0.0,0.0,0.0,0.0,0.0,0.0,-4.903551907278266,0.0
8,3,30,6,22.365193152120824,0.0,0.0,0.0,0.0,0.0,0.0,0.0,1.3213588838895387,0.0
8,3,31,6,21.59629021014758,0.0,0.0,0.0,0.0,0.0,0.0,0.0,3.2938494032051433,0.0
8,3,32,6,13.75568765198291,0.0,0.0,0.0,0.0,0.0,0.0,0.0,0.7597583589622777,0.0
8,3,33,6,8.952041854021873,0.0,0.0,0.0,0.0,0.0,0.0,0.0,-4.47105043269965,0.0
8,3,34,6,6.053436446877685,0.0,0.0,0.0,0.0,0.0,0.0,0.0,-5.180951254423298,1.0
8,3,35,7,3.9422070096862303,0.0,0.0,0.0,0.0,0.0,0.0,0.0,-3.2711602140988933,1.0
8,3,36,7,4.5592261238920315,0.0,0.0,0.0,0.0,0.0,0.0,0.0,-1.4642719100432806,1.0
8,3,37,7,8.604354691269037,0.0,0.0,0.0,0.0,0.0,0.0,0.0,0.8503060814637843,1.0
8,3,38,7,7.408820916214642,0.0,0.0,0.0,0.0,0.0,0.0,0.0,1.155537968842804,1.0
8,3,0,0,0.0,0.0,0.0,0.0,0.0,0.0,0.0,0.0,0.0,0.0
8,3,1,0,43.133293814130475,1.0,1.0,1.0,1.0,0.0,34.71152754767441,34.71152754767441,43.133293814130475,0.0
8,3,2,0,79.46675622525507,1.0,1.0,1.0,1.0,0.0,70.64779091756223,43.166057810063826,39.733378112627534,0.0
8,3,3,0,87.26310386230482,1.0,1.0,1.0,1.0,1.0,78.0744782041044,48.506936222816236,29.08770128743494,0.0
8,3,4,0,85.83095283513106,1.0,1.0,1.0,1.0,1.0,76.29564975780751,47.619999240815964,14.232553007000194,0.0
8,3,5,1,81.20024152073725,1.0,1.0,1.0,1.0,1.0,71.33668819633033,44.51469439024328,0.5778284318273942,0.0
8,3,6,1,76.40673792011333,1.0,1.0,1.0,1.0,1.0,66.08980899417524,41.385971181587095,-3.6187886473971624,0.0
8,3,7,1,83.39480894490771,1.0,1.0,1.0,1.0,1.0,72.35017119792039,49.32400885836401,-0.812047963407783,0.0
8,3,8,1,89.51740256171391,1.0,1.0,1.0,1.0,1.0,77.7758340509635,55.874691855375005,2.7723870136588857,0.0
8,3,9,1,81.65744690547683,1.0,1.0,1.0,1.0,1.0,69.23942252455721,48.897062763504195,1.7502363284545008,0.0
8,3,10,2,55.99696451214449,1.0,1.0,1.0,1.0,1.0,42.91265599095732,23.820680839445444,-9.132614810921075,0.0
8,3,11,2,30.754452161617156,1.0,1.0,1.0,1.0,1.0,17.00372806637185,5.214225993221863,-19.587650133365585,0.0
8,3,12,2,16.68342367113229,1.0,0.0,1.0,0.0,1.0,2.2558494043460264,0.0,-21.658007744781514,0.0
8,3,13,2,10.687035070104443,0.0,0.0,0.0,0.0,0.0,0.0,0.0,-15.103309814013349,0.0
8,3,14,2,8.38441172855417,0.0,0.0,0.0,0.0,0.0,0.0,0.0,-7.456680144354329,0.0
8,3,15,3,21.089928838540402,1.0,0.0,1.0,0.0,0.0,4.466164835311957,0.0,1.4688350558027043,0.0
8,3,16,3,57.175821705710646,1.0,1.0,1.0,1.0,0.0,39.73043750408758,18.422853688024787,15.496262211868734,0.0
8,3,17,3,62.363359233999816,1.0,1.0,1.0,1.0,1.0,44.034404418038115,24.079132360889588,17.992982501815217,0.0
8,3,18,3,45.91642586102681,1.0,1.0,1.0,1.0,1.0,26.631646851090228,9.469245677280334,8.275499007495469,0.0
8,3,19,3,31.50826153956389,1.0,1.0,1.0,0.0,1.0,11.185101592323939,0.0,-8.555853388715585,0.0
8,3,20,4,29.599346879391078,1.0,1.0,1.0,1.0,1.0,8.144946087827037,0.6636005354489924,-10.921337451536246,0.0
8,3,21,4,52.259599099971396,1.0,1.0,1.0,1.0,1.0,29.5707943933703,23.059124688391417,2.1143910796481955,0.0
8,3,22,4,71.46231037659882,1.0,1.0,1.0,1.0,1.0,47.425635520555474,38.50700777012474,13.318016279011644,0.0
8,3,23,4,70.86129799698415,1.0,1.0,1.0,1.0,1.0,45.352983593401106,36.14171570457575,13.753983705864357,0.0
8,3,24,4,54.28344598199166,1.0,1.0,1.0,1.0,1.0,27.16941946907926,20.896979448062496,0.6746156273400885,0.0
8,3,25,5,35.26285515201662,1.0,0.0,1.0,1.0,1.0,6.398740804292938,4.391911534270417,-12.066485074860735,0.0
8,3,26,5,20.765170030214243,0.0,0.0,0.0,0.0,0.0,0.0,0.0,-16.698709322256637,1.0
8,3,27,5,11.904240439198587,0.0,0.0,0.0,0.0,0.0,0.0,0.0,-14.126401847597691,1.0
8,3,28,5,6.954799331407081,0.0,0.0,0.0,0.0,0.0,0.0,0.0,-9.436018606869846,1.0
8,3,29,5,4.240554532564386,0.0,0.0,0.0,0.0,0.0,0.0,0.0,-5.508205165883286,1.0
8,3,30,6,3.0921934670630002,0.0,0.0,0.0,0.0,0.0,0.0,0.0,-2.9373489907118624,1.0
8,3,0,0,0.0,0.0,0.0,0.0,0.0,0.0,0.0,0.0,0.0,0.0
8,3,1,0,1.2275663399453483,0.0,0.0,0.0,0.0,0.0,0.0,0.0,1.2275663399453483,0.0
8,3,2,0,1.725827073847593,0.0,0.0,0.0,0.0,0.0,0.0,0.0,0.8629135369237965,0.0
8,3,3,0,1.6733339501966975,0.0,0.0,0.0,0.0,0.0,0.0,0.0,0.5577779833988992,0.0
8,3,4,0,2.0416355461121656,0.0,0.0,0.0,0.0,0.0,0.0,0.0,0.2713564020556058,0.0
8,3,5,1,2.1408500771832597,0.0,0.0,0.0,0.0,0.0,0.0,0.0,0.13834100111188893,0.0
8,3,6,1,1.4777365375027163,0.0,0.0,0.0,0.0,0.0,0.0,0.0,-0.0651991375646604,0.0
8,3,7,1,1.2388870449393223,0.0,0.0,0.0,0.0,0.0,0.0,0.0,-0.2675828337242811,0.0
8,3,8,1,1.7120442181530806,0.0,0.0,0.0,0.0,0.0,0.0,0.0,-0.14293528634339303,0.0
8,3,9,1,1.8471622077382344,0.0,0.0,0.0,0.0,0.0,0.0,0.0,0.12314189007850602,0.0
8,3,10,2,2.476490331017553,0.0,0.0,0.0,0.0,0.0,0.0,0.0,0.41253442869274354,0.0
8,3,11,2,3.348044447198908,0.0,0.0,0.0,0.0,0.0,0.0,0.0,0.5453334096819424,0.0
8,3,12,2,2.7227526117458334,0.0,0.0,0.0,0.0,0.0,0.0,0.0,0.291863468002533,0.0
8,3,13,2,2.1131127958404425,0.0,0.0,0.0,0.0,0.0,0.0,0.0,-0.12112584505903683,0.0
8,3,14,2,1.7058849999057641,0.0,0.0,0.0,0.0,0.0,0.0,0.0,-0.5473864824310479,0.0
8,3,15,3,1.4804202618652074,0.0,0.0,0.0,0.0,0.0,0.0,0.0,-0.414110783293542,0.0
8,3,16,3,3.0434277938104657,0.0,0.0,0.0,0.0,0.0,0.0,0.0,0.31010499932334107,0.0
8,3,17,3,7.815439163721308,0.0,0.0,0.0,0.0,0.0,0.0,0.0,2.0365180546051813,0.0
8,3,18,3,22.926752588588087,1.0,0.0,1.0,1.0,0.0,3.6419735786515055,7.38170735618913,7.14877744224096,0.0
8,3,19,3,31.64254916469423,1.0,1.0,1.0,1.0,0.0,11.31938921745428,11.859054160039094,9.533040456961254,0.0
8,3,20,4,21.157849410021228,0.0,0.0,0.0,1.0,0.0,0.0,0.20490492047454012,4.447470082099973,0.0
8,3,21,4,15.059470969842215,0.0,0.0,0.0,0.0,0.0,0.0,0.0,-2.622427206248624,0.0
8,3,22,4,23.76792147233155,0.0,0.0,0.0,1.0,0.0,0.0,1.1333761939173712,-2.6248758974542263,0.0
8,3,23,4,37.25347943167216,1.0,1.0,1.0,1.0,0.0,11.745165028089122,12.120452454100551,5.3652100072169775,0.0
8,3,24,4,38.242757716446484,1.0,1.0,1.0,1.0,0.0,11.12873120353408,11.423953085445575,7.727762248868089,0.0
8,3,25,5,27.759588473507787,0.0,0.0,0.0,1.0,0.0,0.0,0.9583974075320789,1.3305556670587453,0.0
8,3,26,5,18.81259942741741,0.0,0.0,0.0,0.0,0.0,0.0,0.0,-6.14696000141825,0.0
8,3,27,5,14.475933036425161,0.0,0.0,0.0,0.0,0.0,0.0,0.0,-7.9222748933404405,0.0
8,3,28,5,13.189825532553655,0.0,0.0,0.0,0.0,0.0,0.0,0.0,-4.8565876469847105,0.0
8,3,29,5,13.471282011222776,0.0,0.0,0.0,0.0,0.0,0.0,0.0,-1.7804391387315448,0.0
8,3,30,6,16.442234088942563,0.0,0.0,0.0,0.0,0.0,0.0,0.0,0.6554336841724672,0.0
8,3,31,6,18.168630683356803,0.0,0.0,0.0,0.0,0.0,0.0,0.0,1.6596017169343824,0.0
8,3,32,6,15.629614797040901,0.0,0.0,0.0,0.0,0.0,0.0,0.0,0.7194442619393749,0.0
8,3,33,6,15.413550179185838,0.0,0.0,0.0,0.0,0.0,0.0,0.0,-0.34289463658557473,0.0
8,3,34,6,32.95769852064001,0.0,0.0,0.0,0.0,0.0,0.0,0.0,4.929689279094402,0.0
8,3,35,7,63.51441054565895,1.0,0.0,1.0,1.0,0.0,6.942056936024954,20.576283683757822,15.961598582872682,0.0
8,3,36,7,85.95363613404801,1.0,1.0,1.0,1.0,0.0,25.363052905613984,32.07008891828883,23.51336198495406,0.0
8,3,37,7,94.85091228781351,1.0,1.0,1.0,1.0,1.0,29.974085750790707,32.19082468748858,20.631071255724503,0.0
8,3,38,7,95.82746597397728,1.0,1.0,1.0,1.0,1.0,26.386079274884693,27.031794997047015,10.771018476106113,1.0
8,3,39,7,94.39261721300645,1.0,0.0,1.0,1.0,1.0,20.098050334670816,21.51563266364097,2.812993692986145,1.0
8,3,40,8,91.76861911845188,1.0,0.0,1.0,1.0,1.0,12.321948880007753,16.465901681459457,-1.027431056453878,1.0
8,3,41,8,88.33239616952588,1.0,0.0,1.0,1.0,1.0,3.4243962264155243,11.790564711516907,-2.4983566014838012,1.0
8,3,42,8,80.57925026346379,0.0,0.0,0.0,1.0,0.0,0.0,4.148116149445755,-4.6044556498475515,1.0
8,1,0,0,0.0,0.0,0.0,0.0,0.0,0.0,0.0,0.0,0.0,0.0
8,1,1,0,0.0,0.0,0.0,0.0,0.0,0.0,0.0,0.0,0.0,0.0
8,1,2,0,0.0,0.0,0.0,0.0,0.0,0.0,0.0,0.0,0.0,0.0
8,1,3,0,0.0,0.0,0.0,0.0,0.0,0.0,0.0,0.0,0.0,0.0
8,1,4,0,0.0,0.0,0.0,0.0,0.0,0.0,0.0,0.0,0.0,0.0
8,1,5,1,0.0,0.0,0.0,0.0,0.0,0.0,0.0,0.0,0.0,0.0
8,1,6,1,0.02368092417357804,0.0,0.0,0.0,0.0,0.0,0.0,0.0,0.00789364139119268,0.0
8,1,7,1,0.09467426867355225,0.0,0.0,0.0,0.0,0.0,0.0,0.0,0.03155808955785075,0.0
8,1,8,1,0.5182324309568664,0.0,0.0,0.0,0.0,0.0,0.0,0.0,0.17274414365228882,0.0
8,1,9,1,1.870523471662786,0.0,0.0,0.0,0.0,0.0,0.0,0.0,0.6156141824964027,0.0
8,1,10,2,3.3519704925003424,0.0,0.0,0.0,0.0,0.0,0.0,0.0,1.0857654079422634,0.0
8,1,11,2,5.559673086524036,0.0,0.0,0.0,0.0,0.0,0.0,0.0,1.68048021852239,0.0
8,1,12,2,4.762282608617635,0.0,0.0,0.0,0.0,0.0,0.0,0.0,0.9639197123182831,0.0
8,1,13,2,2.670724903608364,0.0,0.0,0.0,0.0,0.0,0.0,0.0,-0.2270818629639928,0.0
8,1,14,2,1.4034449656149852,0.0,0.0,0.0,0.0,0.0,0.0,0.0,-1.3854093736363502,0.0
8,1,15,3,0.7209840293048794,0.0,0.0,0.0,0.0,0.0,0.0,0.0,-1.3470995264375853,0.0
8,1,16,3,0.38161686507932313,0.0,0.0,0.0,0.0,0.0,0.0,0.0,-0.7630360128430137,0.0
8,1,17,3,0.3741515422221787,0.0,0.0,0.0,0.0,0.0,0.0,0.0,-0.3430978077976022,0.0
8,1,18,3,0.5703925934906396,0.0,0.0,0.0,0.0,0.0,0.0,0.0,-0.050197145271413245,0.0
8,1,19,3,1.8020481605440617,0.0,0.0,0.0,0.0,0.0,0.0,0.0,0.4734770984882462,0.0
8,1,20,4,8.032613701936635,0.0,0.0,0.0,0.0,0.0,0.0,0.0,2.5528207199048185,0.0
8,1,21,4,16.318565211569105,0.0,0.0,0.0,1.0,0.0,0.0,0.3898521473037704,5.249390872692822,0.0
8,1,22,4,16.847870824168986,0.0,0.0,0.0,0.0,0.0,0.0,0.0,5.015274221208308,0.0
8,1,23,4,13.936094133728258,0.0,0.0,0.0,0.0,0.0,0.0,0.0,1.9678268105972077,0.0
8,1,24,4,10.177387109126837,0.0,0.0,0.0,0.0,0.0,0.0,0.0,-2.047059367480756,0.0
8,1,25,5,8.975223796298167,0.0,0.0,0.0,0.0,0.0,0.0,0.0,-2.6242156759569397,0.0
8,1,26,5,13.74144734809254,0.0,0.0,0.0,0.0,0.0,0.0,0.0,-0.06488226187857234,0.0
8,1,27,5,21.43290248956924,0.0,0.0,0.0,0.0,0.0,0.0,0.0,3.751838460147468,0.0
8,1,28,5,25.90450173111643,0.0,0.0,0.0,1.0,0.0,0.0,0.7683426787582057,5.643092644939421,0.0
8,1,29,5,27.84450649434315,0.0,0.0,0.0,1.0,0.0,0.0,1.3062926236623724,4.70101971541687,0.0
8,1,30,6,50.28672569469039,1.0,0.0,1.0,1.0,0.0,10.145925561453296,18.309922821456983,9.617941068373716,1.0
8,1,31,6,78.63693630604328,1.0,1.0,1.0,1.0,0.0,35.66342754756644,36.78684223110716,17.577478191642285,1.0
8,1,32,6,83.75252738232174,1.0,1.0,1.0,1.0,1.0,37.72981212727757,34.6731823500661,18.636006962659533,1.0
8,1,33,6,74.3702901032246,1.0,1.0,1.0,1.0,1.0,25.07156731659329,21.471533124829037,8.027854802844738,1.0
8,1,34,6,66.56451628848234,1.0,0.0,1.0,1.0,1.0,13.75268177155182,11.775027738501798,-4.024140005853648,1.0
8,3,0,0,0.0,0.0,0.0,0.0,0.0,0.0,0.0,0.0,0.0,0.0
8,3,1,0,0.0,0.0,0.0,0.0,0.0,0.0,0.0,0.0,0.0,0.0
8,3,2,0,0.0,0.0,0.0,0.0,0.0,0.0,0.0,0.0,0.0,0.0
8,3,3,0,0.0,0.0,0.0,0.0,0.0,0.0,0.0,0.0,0.0,0.0
8,3,4,0,0.0,0.0,0.0,0.0,0.0,0.0,0.0,0.0,0.0,0.0
8,3,5,1,0.0,0.0,0.0,0.0,0.0,0.0,0.0,0.0,0.0,0.0
8,3,6,1,0.0,0.0,0.0,0.0,0.0,0.0,0.0,0.0,0.0,0.0
8,3,7,1,0.0,0.0,0.0,0.0,0.0,0.0,0.0,0.0,0.0,0.0
8,3,8,1,0.0,0.0,0.0,0.0,0.0,0.0,0.0,0.0,0.0,0.0
8,3,9,1,0.0,0.0,0.0,0.0,0.0,0.0,0.0,0.0,0.0,0.0
8,3,10,2,0.0,0.0,0.0,0.0,0.0,0.0,0.0,0.0,0.0,0.0
8,3,11,2,0.0,0.0,0.0,0.0,0.0,0.0,0.0,0.0,0.0,0.0
8,3,12,2,0.0,0.0,0.0,0.0,0.0,0.0,0.0,0.0,0.0,0.0
8,3,13,2,0.0,0.0,0.0,0.0,0.0,0.0,0.0,0.0,0.0,0.0
8,3,14,2,0.0,0.0,0.0,0.0,0.0,0.0,0.0,0.0,0.0,0.0
8,3,15,3,0.0,0.0,0.0,0.0,0.0,0.0,0.0,0.0,0.0,0.0
8,3,16,3,0.003339878600717847,0.0,0.0,0.0,0.0,0.0,0.0,0.0,0.001113292866905949,0.0
8,3,17,3,0.12806923778426615,0.0,0.0,0.0,0.0,0.0,0.0,0.0,0.04268974592808872,0.0
8,3,18,3,0.5516539260951321,0.0,0.0,0.0,0.0,0.0,0.0,0.0,0.1838846420317107,0.0
8,3,19,3,0.9128160419661238,0.0,0.0,0.0,0.0,0.0,0.0,0.0,0.303158721121802,0.0
8,3,20,4,2.151811665995463,0.0,0.0,0.0,0.0,0.0,0.0,0.0,0.6745808094037323,0.0
8,3,21,4,4.628236347143207,0.0,0.0,0.0,0.0,0.0,0.0,0.0,1.3588608070160249,0.0
8,3,22,4,9.104912075626956,0.0,0.0,0.0,0.0,0.0,0.0,0.0,2.7306986778869438,0.0
8,3,23,4,12.494963114735917,0.0,0.0,0.0,0.0,0.0,0.0,0.0,3.4477171495801513,0.0
8,3,24,4,12.03932139598002,0.0,0.0,0.0,0.0,0.0,0.0,0.0,2.470361682945604,0.0
8,3,25,5,10.522183649412614,0.0,0.0,0.0,0.0,0.0,0.0,0.0,0.47242385792855285,0.0
8,3,26,5,10.44969793040309,0.0,0.0,0.0,0.0,0.0,0.0,0.0,-0.6817550614442757,0.0
8,3,27,5,10.810509442314473,0.0,0.0,0.0,0.0,0.0,0.0,0.0,-0.40960398455518227,0.0
8,3,28,5,10.142330078849497,0.0,0.0,0.0,0.0,0.0,0.0,0.0,-0.12661785685437246,0.0
8,3,29,5,12.023322129027761,0.0,0.0,0.0,0.0,0.0,0.0,0.0,0.524541399541557,0.0
8,3,30,6,15.116002153818663,0.0,0.0,0.0,0.0,0.0,0.0,0.0,1.4351642371680633,0.0
8,3,31,6,12.407309440111632,0.0,0.0,0.0,0.0,0.0,0.0,0.0,0.7549931204207118,0.0
8,3,32,6,9.496882091060257,0.0,0.0,0.0,0.0,0.0,0.0,0.0,-0.8421466793225013,0.0
8,3,33,6,6.308115946496695,0.0,0.0,0.0,0.0,0.0,0.0,0.0,-2.9359620691073225,0.0
8,3,34,6,4.029470341725246,0.0,0.0,0.0,0.0,0.0,0.0,0.0,-2.7926130327954617,0.0
8,3,35,7,4.991946562699825,0.0,0.0,0.0,0.0,0.0,0.0,0.0,-1.5016451761201441,0.0
8,3,36,7,5.4239603422736264,0.0,0.0,0.0,0.0,0.0,0.0,0.0,-0.2947185347410229,0.0
8,3,37,7,3.8865542466416114,0.0,0.0,0.0,0.0,0.0,0.0,0.0,-0.047638698361211596,0.0
8,3,38,7,2.6575052786576543,0.0,0.0,0.0,0.0,0.0,0.0,0.0,-0.7781470946807235,0.0
8,3,39,7,2.2683458465419712,0.0,0.0,0.0,0.0,0.0,0.0,0.0,-1.0518714985772184,0.0
8,3,40,8,2.590474679331687,0.0,0.0,0.0,0.0,0.0,0.0,0.0,-0.4320265224366415,0.0
8,3,41,8,4.119111025382178,0.0,0.0,0.0,0.0,0.0,0.0,0.0,0.4872019155748413,0.0
8,3,42,8,9.816600712416164,0.0,0.0,0.0,0.0,0.0,0.0,0.0,2.5160849552913978,0.0
8,3,43,8,25.10526661073008,0.0,0.0,0.0,0.0,0.0,0.0,0.0,7.504930643799464,0.0
8,3,44,8,50.572618783421504,0.0,0.0,0.0,0.0,0.0,0.0,0.0,15.484502586013107,0.0
8,3,45,9,63.47211922900885,0.0,0.0,0.0,0.0,0.0,0.0,0.0,17.885172838864225,0.0
8,3,46,9,58.88475045829803,0.0,0.0,0.0,0.0,0.0,0.0,0.0,11.259827949189315,0.0
8,3,47,9,61.65594263531726,0.0,0.0,0.0,0.0,0.0,0.0,0.0,3.694441283965252,0.0
8,3,48,9,68.82144294386234,0.0,0.0,0.0,0.0,0.0,0.0,0.0,1.7831079049511633,0.0
8,3,49,9,71.66136025796644,0.0,0.0,0.0,0.0,0.0,0.0,0.0,4.258869933222802,0.0
8,3,50,10,76.98806173815265,0.0,0.0,0.0,0.0,0.0,0.0,0.0,5.110706367611797,0.0
8,3,51,10,79.96982343458603,0.0,0.0,0.0,0.0,0.0,0.0,0.0,3.716126830241232,0.0
8,3,52,10,77.13100526958134,0.0,0.0,0.0,0.0,0.0,0.0,0.0,1.8232150038716337,0.0
8,3,53,10,73.82038356188293,0.0,0.0,0.0,0.0,0.0,0.0,0.0,-1.055892725423239,0.0
8,3,54,10,67.24080524359132,0.0,0.0,0.0,0.0,0.0,0.0,0.0,-4.243006063664903,0.0
8,3,55,11,58.99932252242773,0.0,0.0,0.0,0.0,0.0,0.0,0.0,-6.043894249051202,0.0
8,3,56,11,55.57585629239931,0.0,0.0,0.0,0.0,0.0,0.0,0.0,-6.081509089827875,1.0
8,3,57,11,54.556738943774675,0.0,0.0,0.0,0.0,0.0,0.0,0.0,-4.228022099938883,1.0
8,3,58,11,51.908578185813816,0.0,0.0,0.0,0.0,0.0,0.0,0.0,-2.3635814455379722,1.0
8,3,59,11,47.60285269196085,0.0,0.0,0.0,0.0,0.0,0.0,0.0,-2.65766786681282,1.0
8,3,60,11,42.711847615250676,0.0,0.0,0.0,0.0,0.0,0.0,0.0,-3.9482971095079997,1.0
9,1,0,0,0.0,0.0,0.0,0.0,0.0,0.0,0.0,0.0,0.0,0.0
9,1,1,0,32.20855862835964,1.0,1.0,1.0,1.0,0.0,23.78679236190357,23.78679236190357,32.20855862835964,0.0
9,1,2,0,54.544602301437685,1.0,1.0,1.0,1.0,0.0,45.72563699374485,28.33664233589235,27.272301150718842,0.0
9,1,3,0,75.75613138785005,1.0,1.0,1.0,1.0,1.0,66.56750572964962,43.50873344006058,25.252043795950016,0.0
9,1,4,0,80.9453136707813,1.0,1.0,1.0,1.0,1.0,71.41001059345776,46.57844643112579,16.245585014140556,0.0
9,1,5,1,65.5073104072889,1.0,1.0,1.0,1.0,1.0,55.643757082881976,32.69955606381535,3.6542360352837377,0.0
9,1,6,1,49.08130481120317,1.0,1.0,1.0,1.0,1.0,38.764375885265075,18.01830166548183,-8.891608858882293,0.0
9,1,7,1,29.003877109988718,1.0,1.0,1.0,0.0,1.0,17.9592393630014,0.0,-17.31381218693086,0.0
9,1,8,1,15.487459364108492,1.0,0.0,1.0,0.0,1.0,3.745890853358077,0.0,-16.673283681060138,0.0
9,1,9,1,9.8344069628104,0.0,0.0,0.0,0.0,0.0,0.0,0.0,-13.08229928279759,0.0
9,1,10,2,6.277537674784326,0.0,0.0,0.0,0.0,0.0,0.0,0.0,-7.575446478401464,0.0
9,1,11,2,6.687935189711551,0.0,0.0,0.0,0.0,0.0,0.0,0.0,-2.9331747247989806,0.0
9,1,12,2,17.36899369934337,1.0,0.0,1.0,0.0,0.0,2.941419432557108,0.0,2.5115289121776567,0.0
9,1,13,2,22.233322333933707,1.0,1.0,1.0,0.0,0.0,7.108160134431424,0.0,5.318594886383127,0.0
9,1,14,2,18.368331449666023,1.0,0.0,1.0,0.0,1.0,2.514540392580429,0.0,3.893465419984824,0.0
9,1,15,3,14.002858240777217,0.0,0.0,0.0,0.0,0.0,0.0,0.0,-1.1220451528553845,0.0
9,1,16,3,22.299544863281266,1.0,0.0,1.0,1.0,0.0,4.854160661658202,2.202445466248445,0.02207417644918645,0.0
9,1,17,3,38.03497793342921,1.0,1.0,1.0,1.0,0.0,19.70602311746751,19.89831761022885,6.555548827921062,0.0
9,1,18,3,42.88141615424752,1.0,1.0,1.0,1.0,1.0,23.596637144310936,22.113467918255687,9.626185971156767,0.0
9,1,19,3,41.96012224629834,1.0,1.0,1.0,1.0,1.0,21.63696229905839,19.023303685764706,6.553525794339024,0.0
9,1,20,4,34.345726124548726,1.0,1.0,1.0,1.0,1.0,12.891325332984685,10.956332685734154,-1.2297506029601617,0.0
9,1,21,4,25.32765578788461,1.0,0.0,1.0,1.0,1.0,2.638851081283512,2.592589211192447,-5.8512534554543025,0.0
9,1,22,4,19.772801607460792,0.0,0.0,0.0,0.0,0.0,0.0,0.0,-7.395773546279183,0.0
9,1,23,4,15.315925123344542,0.0,0.0,0.0,0.0,0.0,0.0,0.0,-6.3432670004013945,0.0
9,1,24,4,11.591519744143927,0.0,0.0,0.0,0.0,0.0,0.0,0.0,-4.578712014580227,0.0
9,1,25,5,10.753232341635101,0.0,0.0,0.0,0.0,0.0,0.0,0.0,-3.0065230886085637,0.0
9,1,26,5,9.187964131686321,0.0,0.0,0.0,0.0,0.0,0.0,0.0,-2.0426536638860733,0.0
9,1,27,5,9.80758420163318,0.0,0.0,0.0,0.0,0.0,0.0,0.0,-0.5946451808369156,0.0
9,1,28,5,14.495470938291742,0.0,0.0,0.0,0.0,0.0,0.0,0.0,1.2474128655522136,1.0
9,1,29,5,16.37931091869693,0.0,0.0,0.0,0.0,0.0,0.0,0.0,2.397115595670203,1.0
9,1,30,6,18.80873943388542,0.0,0.0,0.0,0.0,0.0,0.0,0.0,3.000385077417414,1.0
9,1,31,6,41.26560339089052,0.0,0.0,0.0,1.0,0.0,0.0,10.58576532896275,8.923377484199593,1.0
9,1,32,6,71.06784141670374,1.0,1.0,1.0,1.0,0.0,25.045126161659567,29.891466749845392,18.22951016600227,1.0
9,2,0,0,0.0,0.0,0.0,0.0,0.0,0.0,0.0,0.0,0.0,0.0
9,2,1,0,12.027034207796394,1.0,0.0,1.0,1.0,0.0,3.6052679413403226,3.6052679413403226,12.027034207796394,0.0
9,2,2,0,29.23883971428775,1.0,1.0,1.0,1.0,0.0,20.419874406594914,13.420774678945895,14.619419857143875,0.0
9,2,3,0,44.63739853278612,1.0,1.0,1.0,1.0,1.0,35.4487728745857,23.513502040951437,14.87913284426204,0.0
9,2,4,0,61.09022988952954,1.0,1.0,1.0,1.0,1.0,51.55492681220599,34.63391000591233,16.354398560577717,0.0
9,2,5,1,78.18477921742321,1.0,1.0,1.0,1.0,1.0,68.32122589301629,46.28404124496086,16.31531316771182,0.0
9,2,6,1,86.32620351533284,1.0,1.0,1.0,1.0,1.0,76.00927458939475,50.84740674060634,13.896268327515571,0.0
9,2,7,1,87.04714320574729,1.0,1.0,1.0,1.0,1.0,76.00250545875997,49.91978415082208,8.65230443873925,0.0
9,2,8,1,83.62654232814003,1.0,1.0,1.0,1.0,1.0,71.88497381738962,46.17327139134838,1.813921036905607,0.0
9,2,9,1,74.21254551735603,1.0,1.0,1.0,1.0,1.0,61.794521136436416,37.453116891753055,-4.0378859993256,0.0
9,2,10,2,59.01060732122596,1.0,1.0,1.0,1.0,1.0,45.92629880003879,23.358255676308794,-9.345511961507109,0.0
9,2,11,2,50.06777849840816,1.0,1.0,1.0,1.0,1.0,36.31705440316286,19.82304462205044,-11.186254609910625,0.0
9,2,12,2,51.75486448493803,1.0,1.0,1.0,1.0,1.0,37.327290218151774,26.434103964234957,-7.485893677472667,0.0
9,2,13,2,49.96403727116615,1.0,1.0,1.0,1.0,1.0,34.838875071663864,27.140438431079783,-3.015523350019938,0.0
9,2,14,2,30.728480499054758,1.0,1.0,1.0,1.0,1.0,14.874689441969164,5.417790538168436,-6.446432666451134,0.0
9,2,15,3,15.95656305302657,0.0,0.0,0.0,0.0,0.0,0.0,0.0,-11.932767143970487,0.0
9,2,16,3,8.245402374536107,0.0,0.0,0.0,0.0,0.0,0.0,0.0,-13.906211632210015,0.0
9,2,17,3,4.5925988436745495,0.0,0.0,0.0,0.0,0.0,0.0,0.0,-8.711960551793403,0.0
9,2,18,3,2.619952913228571,0.0,0.0,0.0,0.0,0.0,0.0,0.0,-4.445536713266,0.0
9,2,19,3,1.7112624849441491,0.0,0.0,0.0,0.0,0.0,0.0,0.0,-2.178046629863986,0.0
9,2,20,4,1.5786637899208098,0.0,0.0,0.0,0.0,0.0,0.0,0.0,-1.0046450179179132,0.0
9,2,21,4,0.8378964034985974,0.0,0.0,0.0,0.0,0.0,0.0,0.0,-0.5940188365766579,0.0
9,2,22,4,0.4304601856039548,0.0,0.0,0.0,0.0,0.0,0.0,0.0,-0.4269340997800648,0.0
9,2,23,4,0.5484421569158593,0.0,0.0,0.0,0.0,0.0,0.0,0.0,-0.34340721100165017,0.0
9,2,24,4,8.308566274880786,0.0,0.0,0.0,0.0,0.0,0.0,0.0,2.4902232904607295,0.0
9,2,25,5,14.524777370275668,0.0,0.0,0.0,0.0,0.0,0.0,0.0,4.698105728223904,0.0
9,2,26,5,21.2400086250233,0.0,0.0,0.0,0.0,0.0,0.0,0.0,6.897188822702481,0.0
9,2,27,5,34.99970096156983,1.0,0.0,1.0,1.0,0.0,2.1610711130089015,7.775604261439412,8.897044895563015,0.0
9,2,28,5,37.37681505593486,1.0,0.0,1.0,1.0,0.0,2.2931512139634904,6.206292118869619,7.6173458952197315,0.0
9,2,29,5,42.83291084801843,1.0,0.0,1.0,1.0,1.0,5.318624632385749,7.998561089245058,7.1976340743317095,0.0
9,2,30,6,56.4467478453158,1.0,1.0,1.0,1.0,1.0,16.305947712078705,16.940793096337885,7.149015627915323,0.0
9,2,31,6,67.20001018575996,1.0,1.0,1.0,1.0,1.0,24.226501427283125,22.943687104921857,9.941065043275033,0.0
9,2,32,6,69.73832474429403,1.0,1.0,1.0,1.0,1.0,23.715609489249857,22.23970109435392,8.968471298758535,0.0
9,2,33,6,60.17379439817359,1.0,0.0,1.0,1.0,1.0,10.875071611542275,12.06494796290432,1.2423488509525977,0.0
9,2,34,6,40.31956740141462,0.0,0.0,0.0,0.0,0.0,0.0,0.0,-8.96014759478178,0.0
9,2,35,7,34.79684401997119,0.0,0.0,0.0,0.0,0.0,0.0,0.0,-11.647160241440949,0.0
9,2,36,7,47.134510616550514,0.0,0.0,0.0,1.0,0.0,0.0,1.928511106957309,-4.346427927207692,0.0
9,2,37,7,41.043373278786916,0.0,0.0,0.0,0.0,0.0,0.0,0.0,0.24126862579076422,0.0
9,2,38,7,32.30713670415299,0.0,0.0,0.0,0.0,0.0,0.0,0.0,-0.829902438606067,0.0
9,2,39,7,24.74360718572762,0.0,0.0,0.0,0.0,0.0,0.0,0.0,-7.463634476940965,0.0
9,2,40,8,26.739981284759107,0.0,0.0,0.0,0.0,0.0,0.0,0.0,-4.767797331342603,0.0
9,2,41,8,28.780359393783154,0.0,0.0,0.0,0.0,0.0,0.0,0.0,-1.1755924367899446,0.0
9,2,42,8,27.380640553799587,0.0,0.0,0.0,0.0,0.0,0.0,0.0,0.8790111226906561,0.0
9,2,43,8,21.908208915478497,0.0,0.0,0.0,0.0,0.0,0.0,0.0,-1.6105907897602034,0.0
9,2,44,8,14.564849722508747,0.0,0.0,0.0,0.0,0.0,0.0,0.0,-4.738503223758136,0.0
9,2,45,9,13.841287853024218,0.0,0.0,0.0,0.0,0.0,0.0,0.0,-4.513117566925123,0.0
9,2,46,9,27.03745069215034,0.0,0.0,0.0,0.0,0.0,0.0,0.0,1.7097472588906146,0.0
9,2,47,9,26.87778464752829,0.0,0.0,0.0,0.0,0.0,0.0,0.0,4.104311641673181,0.0
9,2,48,9,17.492576222134975,0.0,0.0,0.0,0.0,0.0,0.0,0.0,1.217096123036919,0.0
9,2,49,9,14.184564312424603,0.0,0.0,0.0,0.0,0.0,0.0,0.0,-4.284295459908579,0.0
9,2,50,10,10.189657668022436,0.0,0.0,0.0,0.0,0.0,0.0,0.0,-5.562708993168617,0.0
9,2,51,10,7.530324481368376,0.0,0.0,0.0,0.0,0.0,0.0,0.0,-3.3207505802555333,0.0
9,2,52,10,14.211584258907905,0.0,0.0,0.0,0.0,0.0,0.0,0.0,0.009006648827767213,0.0
9,2,53,10,19.92584885981391,0.0,0.0,0.0,0.0,0.0,0.0,0.0,3.2453970639304917,0.0
9,2,54,10,20.003055411636808,0.0,0.0,0.0,0.0,0.0,0.0,0.0,4.157576976756144,0.0
9,2,55,11,33.651835781841896,0.0,0.0,0.0,0.0,0.0,0.0,0.0,6.480083840977997,0.0
9,2,56,11,42.31660452803406,0.0,0.0,0.0,0.0,0.0,0.0,0.0,7.4635852227400505,1.0
9,2,57,11,54.10979695291536,0.0,0.0,0.0,0.0,0.0,0.0,0.0,11.36891384709285,1.0
9,2,58,11,71.8362359425337,0.0,0.0,0.0,0.0,0.0,0.0,0.0,12.72813338689727,1.0
9,2,59,11,67.0780817818357,0.0,0.0,0.0,0.0,0.0,0.0,0.0,8.253825751267215,1.0
9,2,60,11,50.110720548238916,0.0,0.0,0.0,0.0,0.0,0.0,0.0,-1.3330254682254814,1.0
9,2,0,0,0.0,0.0,0.0,0.0,0.0,0.0,0.0,0.0,0.0,0.0
9,2,1,0,3.8104029995245408,0.0,0.0,0.0,0.0,0.0,0.0,0.0,3.8104029995245408,0.0
9,2,2,0,5.447800342890945,0.0,0.0,0.0,0.0,0.0,0.0,0.0,2.7239001714454725,0.0
9,2,3,0,3.8926440117538093,0.0,0.0,0.0,0.0,0.0,0.0,0.0,1.2975480039179363,0.0
9,2,4,0,2.3631656893856228,0.0,0.0,0.0,0.0,0.0,0.0,0.0,-0.4824124367129727,0.0
9,2,5,1,2.6775280093180465,0.0,0.0,0.0,0.0,0.0,0.0,0.0,-0.9234241111909661,0.0
9,2,6,1,3.657102383530412,0.0,0.0,0.0,0.0,0.0,0.0,0.0,-0.07851387607446576,0.0
9,2,7,1,5.694871222133356,0.0,0.0,0.0,0.0,0.0,0.0,0.0,1.1105685109159111,0.0
9,2,8,1,14.425821538292224,1.0,0.0,1.0,1.0,0.0,2.684253027541809,4.837548689436074,3.9160978429913924,0.0
9,2,9,1,20.189828280436963,1.0,1.0,1.0,1.0,0.0,7.771803899517344,8.213490983518493,5.510908632302184,0.0
9,2,10,2,18.441820521865672,1.0,1.0,1.0,1.0,1.0,5.357512000678501,5.426538196613389,4.248983099910772,0.0
9,2,11,2,14.350021340838595,1.0,0.0,1.0,1.0,1.0,0.5992972455932879,1.181702850373437,-0.02526673248454318,0.0
9,2,12,2,17.373721584481345,1.0,0.0,1.0,1.0,1.0,2.9461473176950825,3.6272842138992445,-0.938702231985206,0.0
9,2,13,2,19.440016117465614,1.0,0.0,1.0,1.0,1.0,4.314853917963331,4.990426181643688,0.3327318651999806,0.0
9,2,14,2,13.3254218612408,0.0,0.0,0.0,0.0,0.0,0.0,0.0,-0.3415331598659315,0.0
9,2,15,3,10.229964270321457,0.0,0.0,0.0,0.0,0.0,0.0,0.0,-2.3812524380532962,0.0
9,2,16,3,7.068430314374446,0.0,0.0,0.0,0.0,0.0,0.0,0.0,-4.123861934363723,0.0
9,2,17,3,3.6778511163289345,0.0,0.0,0.0,0.0,0.0,0.0,0.0,-3.215856914970622,0.0
9,2,18,3,4.657139801907948,0.0,0.0,0.0,0.0,0.0,0.0,0.0,-1.8576081561378361,0.0
9,2,19,3,20.217890122191683,0.0,0.0,1.0,1.0,0.0,0.0,4.172409321942428,4.3831532692724124,0.0
9,2,20,4,19.38304114351633,0.0,0.0,0.0,1.0,0.0,0.0,2.8166860844203683,5.235063342395798,0.0
9,2,21,4,11.644482075691144,0.0,0.0,0.0,0.0,0.0,0.0,0.0,2.3291140912610655,0.0
9,2,22,4,8.59405628432258,0.0,0.0,0.0,0.0,0.0,0.0,0.0,-3.874611279289701,0.0
9,2,23,4,8.044228799605518,0.0,0.0,0.0,0.0,0.0,0.0,0.0,-3.7796041146369372,0.0
9,2,24,4,5.390004476233846,0.0,0.0,0.0,0.0,0.0,0.0,0.0,-2.0848258664857657,0.0
9,2,25,5,3.764794271555239,0.0,0.0,0.0,0.0,0.0,0.0,0.0,-1.6097540042557803,0.0
9,2,26,5,8.634180800774896,0.0,0.0,0.0,0.0,0.0,0.0,0.0,0.19665066705645926,0.0
9,2,27,5,19.969373763548738,0.0,0.0,0.0,0.0,0.0,0.0,0.0,4.8597897624382975,0.0
9,2,28,5,15.987654623162143,0.0,0.0,0.0,0.0,0.0,0.0,0.0,4.074286783868968,0.0
9,2,29,5,9.00580007807357,0.0,0.0,0.0,0.0,0.0,0.0,0.0,0.12387309243289124,0.0
9,2,30,6,8.830666739730367,0.0,0.0,0.0,0.0,0.0,0.0,0.0,-3.7129023412727906,1.0
9,2,31,6,12.386807911251672,0.0,0.0,0.0,0.0,0.0,0.0,0.0,-1.2002822373034903,1.0
9,2,32,6,14.98761207622268,0.0,0.0,0.0,0.0,0.0,0.0,0.0,1.99393733271637,1.0
9,2,33,6,34.798361935535326,0.0,0.0,0.0,1.0,0.0,0.0,1.4330658347423935,8.655898398601652,1.0
9,2,34,6,41.63902856600379,0.0,0.0,0.0,1.0,0.0,0.0,3.2834824834420573,9.750740218250705,1.0
9,3,0,0,0.0,0.0,0.0,0.0,0.0,0.0,0.0,0.0,0.0,0.0
9,3,1,0,0.0,0.0,0.0,0.0,0.0,0.0,0.0,0.0,0.0,0.0
9,3,2,0,0.0,0.0,0.0,0.0,0.0,0.0,0.0,0.0,0.0,0.0
9,3,3,0,0.0,0.0,0.0,0.0,0.0,0.0,0.0,0.0,0.0,0.0
9,3,4,0,0.05939484372354049,0.0,0.0,0.0,0.0,0.0,0.0,0.0,0.019798281241180164,0.0
9,3,5,1,1.177648421517445,0.0,0.0,0.0,0.0,0.0,0.0,0.0,0.39254947383914834,0.0
9,3,6,1,5.622297426861891,0.0,0.0,0.0,0.0,0.0,0.0,0.0,1.874099142287297,0.0
9,3,7,1,10.632452621201423,0.0,0.0,0.0,1.0,0.0,0.0,1.4785529907686943,3.524352592492628,0.0
9,3,8,1,8.64390602099541,0.0,0.0,0.0,0.0,0.0,0.0,0.0,2.4887525331593214,0.0
9,3,9,1,5.275390644922497,0.0,0.0,0.0,0.0,0.0,0.0,0.0,-0.11563559397979795,0.0
9,3,10,2,3.462964374436685,0.0,0.0,0.0,0.0,0.0,0.0,0.0,-2.389829415588246,0.0
9,3,11,2,10.922109145601,0.0,0.0,0.0,1.0,0.0,0.0,0.07341129557962311,0.759401041535197,0.0
9,3,12,2,17.924047870918525,1.0,0.0,1.0,1.0,0.0,3.4964736041322624,5.4019108528237325,4.216219075332009,0.0
9,3,13,2,10.817413386654348,0.0,0.0,0.0,0.0,0.0,0.0,0.0,2.451483004072554,0.0
9,3,14,2,5.6703488968287665,0.0,0.0,0.0,0.0,0.0,0.0,0.0,-1.7505867495907446,0.0
9,3,15,3,2.9618894882742097,0.0,0.0,0.0,0.0,0.0,0.0,0.0,-4.987386127548105,0.0
9,3,16,3,2.0489108718263767,0.0,0.0,0.0,0.0,0.0,0.0,0.0,-2.922834171609324,0.0
9,3,17,3,2.897859822379684,0.0,0.0,0.0,0.0,0.0,0.0,0.0,-0.9241630248163609,0.0
9,3,18,3,2.4773028324714614,0.0,0.0,0.0,0.0,0.0,0.0,0.0,-0.16152888526758277,0.0
9,3,19,3,2.004631603173088,0.0,0.0,0.0,0.0,0.0,0.0,0.0,-0.01475975621776282,0.0
9,3,20,4,3.576574977997515,0.0,0.0,0.0,0.0,0.0,0.0,0.0,0.22623838520594367,0.0
9,3,21,4,7.089436766306097,0.0,0.0,0.0,0.0,0.0,0.0,0.0,1.5373779779448784,0.0
9,3,22,4,6.286704244486426,0.0,0.0,0.0,0.0,0.0,0.0,0.0,1.427357547104446,0.0
9,3,23,4,3.2827947799445027,0.0,0.0,0.0,0.0,0.0,0.0,0.0,-0.09792673268433738,0.0
9,3,24,4,2.1033431699675784,0.0,0.0,0.0,0.0,0.0,0.0,0.0,-1.6620311987795062,0.0
9,3,25,5,5.173407798054109,0.0,0.0,0.0,0.0,0.0,0.0,0.0,-0.371098815477439,0.0
9,3,26,5,10.07002390472206,0.0,0.0,0.0,0.0,0.0,0.0,0.0,2.262409708259186,0.0
9,3,27,5,7.377750583321879,0.0,0.0,0.0,0.0,0.0,0.0,0.0,1.7581358044514335,0.0
9,3,28,5,3.938409081714509,0.0,0.0,0.0,0.0,0.0,0.0,0.0,-0.4116662387798667,0.0
9,3,29,5,2.762881563566796,0.0,0.0,0.0,0.0,0.0,0.0,0.0,-2.4357141137184213,0.0
9,3,30,6,2.082946559372352,0.0,0.0,0.0,0.0,0.0,0.0,0.0,-1.764934674649842,0.0
9,3,31,6,1.0756854226649084,0.0,0.0,0.0,0.0,0.0,0.0,0.0,-0.9542412196832002,0.0
9,3,32,6,2.7844144209887873,0.0,0.0,0.0,0.0,0.0,0.0,0.0,0.007177619140663764,0.0
9,3,33,6,14.45183106527979,0.0,0.0,0.0,0.0,0.0,0.0,0.0,4.122961501969146,0.0
9,3,34,6,29.924875415909998,0.0,0.0,0.0,0.0,0.0,0.0,0.0,9.61639666441503,0.0
9,3,35,7,46.27351866211453,0.0,0.0,0.0,1.0,0.0,0.0,3.972403492942483,14.496368080375248,0.0
9,3,36,7,40.23111726410343,0.0,0.0,0.0,0.0,0.0,0.0,0.0,8.593095399607881,0.0
9,3,37,7,32.34284330323006,0.0,0.0,0.0,0.0,0.0,0.0,0.0,0.8059892957733545,0.0
9,3,38,7,27.150446382597842,0.0,0.0,0.0,0.0,0.0,0.0,0.0,-6.374357426505564,0.0
9,3,39,7,20.739765595499144,0.0,0.0,0.0,0.0,0.0,0.0,0.0,-6.497117222868096,0.0
9,3,40,8,25.281608779766472,0.0,0.0,0.0,0.0,0.0,0.0,0.0,-2.35374484115453,0.0
9,3,41,8,27.19812361043629,0.0,0.0,0.0,0.0,0.0,0.0,0.0,0.015892409279482916,0.0
9,3,42,8,24.31100274143017,0.0,0.0,0.0,0.0,0.0,0.0,0.0,1.1904123819770085,0.0
9,3,43,8,18.179173612394116,0.0,0.0,0.0,0.0,0.0,0.0,0.0,-2.3674783891241185,0.0
9,3,44,8,17.320859771382597,0.0,0.0,0.0,0.0,0.0,0.0,0.0,-3.2924212796845644,0.0
9,3,45,9,46.20786647442611,0.0,0.0,0.0,0.0,0.0,0.0,0.0,7.298954577665314,0.0
9,3,46,9,61.30564067266779,0.0,0.0,0.0,0.0,0.0,0.0,0.0,14.375489020091225,1.0
9,3,47,9,52.77106855792781,0.0,0.0,0.0,0.0,0.0,0.0,0.0,11.81673626218174,1.0
9,3,48,9,52.748629819973374,0.0,0.0,0.0,0.0,0.0,0.0,0.0,2.180254448515754,1.0
9,3,49,9,46.82455049919149,0.0,0.0,0.0,0.0,0.0,0.0,0.0,-4.827030057825435,1.0
9,3,50,10,40.18801834127177,0.0,0.0,0.0,0.0,0.0,0.0,0.0,-4.19435007221868,1.0
9,2,0,0,0.0,0.0,0.0,0.0,0.0,0.0,0.0,0.0,0.0,0.0
9,2,1,0,0.0,0.0,0.0,0.0,0.0,0.0,0.0,0.0,0.0,0.0
9,2,2,0,0.00043476485345792816,0.0,0.0,0.0,0.0,0.0,0.0,0.0,0.00021738242672896408,0.0
9,2,3,0,0.0048667066187368605,0.0,0.0,0.0,0.0,0.0,0.0,0.0,0.0016222355395789534,0.0
9,2,4,0,0.4415020128719568,0.0,0.0,0.0,0.0,0.0,0.0,0.0,0.1471673376239856,0.0
9,2,5,1,1.5570573104597356,0.0,0.0,0.0,0.0,0.0,0.0,0.0,0.5188741818687592,0.0
9,2,6,1,1.0086372688512975,0.0,0.0,0.0,0.0,0.0,0.0,0.0,0.3345901874108535,0.0
9,2,7,1,1.3584256278125124,0.0,0.0,0.0,0.0,0.0,0.0,0.0,0.3056412049801852,0.0
9,2,8,1,7.096987248654006,0.0,0.0,0.0,0.0,0.0,0.0,0.0,1.8466433127314235,0.0
9,2,9,1,9.370638396874483,0.0,0.0,0.0,1.0,0.0,0.0,0.12127121125990925,2.787333709341062,0.0
9,2,10,2,6.956861784754564,0.0,0.0,0.0,0.0,0.0,0.0,0.0,1.8661453856473507,0.0
9,2,11,2,4.858470037661965,0.0,0.0,0.0,0.0,0.0,0.0,0.0,-0.7461724036640138,0.0
9,2,12,2,3.3365144299504146,0.0,0.0,0.0,0.0,0.0,0.0,0.0,-2.0113746556413563,0.0
9,2,13,2,1.7565476909733433,0.0,0.0,0.0,0.0,0.0,0.0,0.0,-1.7334380312604072,0.0
9,2,14,2,1.3287831005792632,0.0,0.0,0.0,0.0,0.0,0.0,0.0,-1.1765623123609006,0.0
9,2,15,3,1.0582720569154787,0.0,0.0,0.0,0.0,0.0,0.0,0.0,-0.7594141243449787,0.0
9,2,16,3,0.5814819701537546,0.0,0.0,0.0,0.0,0.0,0.0,0.0,-0.3916885736065296,0.0
9,2,17,3,0.2986421484768671,0.0,0.0,0.0,0.0,0.0,0.0,0.0,-0.3433803173674654,0.0
9,2,18,3,0.22876038446620175,0.0,0.0,0.0,0.0,0.0,0.0,0.0,-0.2765038908164256,0.0
9,2,19,3,0.2833351125194311,0.0,0.0,0.0,0.0,0.0,0.0,0.0,-0.09938228587810782,0.0
9,2,20,4,0.15395652840998764,0.0,0.0,0.0,0.0,0.0,0.0,0.0,-0.048228540022293154,0.0
9,2,21,4,0.07904391727251538,0.0,0.0,0.0,0.0,0.0,0.0,0.0,-0.049905489064562124,0.0
9,2,22,4,0.040582500283105435,0.0,0.0,0.0,0.0,0.0,0.0,0.0,-0.08091753741210855,0.0
9,2,23,4,0.35055658073541907,0.0,0.0,0.0,0.0,0.0,0.0,0.0,0.06553335077514381,0.0
9,2,24,4,3.9712822655418076,0.0,0.0,0.0,0.0,0.0,0.0,0.0,1.2974127827564308,0.0
9,2,25,5,23.639442931323796,0.0,0.0,0.0,1.0,0.0,0.0,2.3848364013220866,7.866286810346897,0.0
9,2,26,5,50.134158361103864,1.0,1.0,1.0,1.0,0.0,19.36527728939475,19.45890883079261,16.59453392678948,0.0
9,2,27,5,50.265467986612464,1.0,1.0,1.0,1.0,0.0,17.426838138051536,14.334931244741256,15.431395240356885,0.0
9,2,28,5,45.39997972881046,1.0,0.0,1.0,1.0,1.0,10.316315886839085,6.474732324140788,7.2535122658288875,0.0
9,2,29,5,45.012130956262,1.0,0.0,1.0,1.0,1.0,7.4978447406293185,3.9436438616967564,-1.707342468280622,0.0
9,2,30,6,32.57984764389177,0.0,0.0,0.0,0.0,0.0,0.0,0.0,-5.895206780906899,1.0
9,2,31,6,23.931665342642468,0.0,0.0,0.0,0.0,0.0,0.0,0.0,-7.1561047953893295,1.0
9,2,32,6,43.52655024347794,0.0,0.0,0.0,1.0,0.0,0.0,1.0774970760707845,-0.4951935709280188,1.0
9,2,33,6,57.76716915375607,1.0,0.0,1.0,1.0,0.0,8.468446367124756,14.417339212298046,8.395773836621435,1.0
9,2,34,6,64.99422498266469,1.0,0.0,1.0,1.0,0.0,12.182390465734173,21.37781919871982,13.687519880007407,1.0
9,2,0,0,0.0,0.0,0.0,0.0,0.0,0.0,0.0,0.0,0.0,0.0
9,2,1,0,0.0,0.0,0.0,0.0,0.0,0.0,0.0,0.0,0.0,0.0
9,2,2,0,0.0,0.0,0.0,0.0,0.0,0.0,0.0,0.0,0.0,0.0
9,2,3,0,0.0,0.0,0.0,0.0,0.0,0.0,0.0,0.0,0.0,0.0
9,2,4,0,0.0,0.0,0.0,0.0,0.0,0.0,0.0,0.0,0.0,0.0
9,2,5,1,0.0,0.0,0.0,0.0,0.0,0.0,0.0,0.0,0.0,0.0
9,2,6,1,0.0,0.0,0.0,0.0,0.0,0.0,0.0,0.0,0.0,0.0
9,2,7,1,0.0,0.0,0.0,0.0,0.0,0.0,0.0,0.0,0.0,0.0
9,2,8,1,0.0,0.0,0.0,0.0,0.0,0.0,0.0,0.0,0.0,0.0
9,2,9,1,0.0,0.0,0.0,0.0,0.0,0.0,0.0,0.0,0.0,0.0
9,2,10,2,0.0,0.0,0.0,0.0,0.0,0.0,0.0,0.0,0.0,0.0
9,2,11,2,0.0,0.0,0.0,0.0,0.0,0.0,0.0,0.0,0.0,0.0
9,2,12,2,0.08198319137520643,0.0,0.0,0.0,0.0,0.0,0.0,0.0,0.027327730458402144,0.0
9,2,13,2,0.7308686104081294,0.0,0.0,0.0,0.0,0.0,0.0,0.0,0.24362287013604314,0.0
9,2,14,2,1.2170601659085394,0.0,0.0,0.0,0.0,0.0,0.0,0.0,0.4056867219695131,0.0
9,2,15,3,2.1631281926633736,0.0,0.0,0.0,0.0,0.0,0.0,0.0,0.693715000429389,0.0
9,2,16,3,4.122844227118742,0.0,0.0,0.0,0.0,0.0,0.0,0.0,1.1306585389035375,0.0
9,2,17,3,6.1990829337395414,0.0,0.0,0.0,0.0,0.0,0.0,0.0,1.6606742559436674,0.0
9,2,18,3,11.013118587216734,0.0,0.0,0.0,0.0,0.0,0.0,0.0,2.9499967981844537,0.0
9,2,19,3,9.911324683743022,0.0,0.0,0.0,0.0,0.0,0.0,0.0,1.9294934855414265,0.0
9,2,20,4,8.14770690832199,0.0,0.0,0.0,0.0,0.0,0.0,0.0,0.6495413248608161,0.0
9,2,21,4,7.117567658374483,0.0,0.0,0.0,0.0,0.0,0.0,0.0,-1.2985169762807505,0.0
9,2,22,4,6.965327375802504,0.0,0.0,0.0,0.0,0.0,0.0,0.0,-0.9819991026468392,0.0
9,2,23,4,12.809831298261916,0.0,0.0,0.0,0.0,0.0,0.0,0.0,1.5540414633133086,0.0
9,2,24,4,14.227959869022397,0.0,0.0,0.0,0.0,0.0,0.0,0.0,2.370130736882638,0.0
9,2,25,5,8.207281408736367,0.0,0.0,0.0,0.0,0.0,0.0,0.0,0.41398467764462116,0.0
9,2,26,5,4.306119732731408,0.0,0.0,0.0,0.0,0.0,0.0,0.0,-2.834570521843503,0.0
9,2,27,5,2.239319942961685,0.0,0.0,0.0,0.0,0.0,0.0,0.0,-3.9962133086869045,0.0
9,2,28,5,1.213755041413846,0.0,0.0,0.0,0.0,0.0,0.0,0.0,-2.331175455774174,0.0
9,2,29,5,0.6339965488044745,0.0,0.0,0.0,0.0,0.0,0.0,0.0,-1.2240410613089778,0.0
9,2,30,6,1.7362311762707556,0.0,0.0,0.0,0.0,0.0,0.0,0.0,-0.16769625556364307,0.0
9,2,31,6,2.681558938491097,0.0,0.0,0.0,0.0,0.0,0.0,0.0,0.48926796569241704,0.0
9,2,32,6,1.9149017517415732,0.0,0.0,0.0,0.0,0.0,0.0,0.0,0.4269684009790329,1.0
9,2,33,6,8.896722721073974,0.0,0.0,0.0,0.0,0.0,0.0,0.0,2.3868305149344065,1.0
9,2,34,6,25.58789509600156,0.0,0.0,0.0,0.0,0.0,0.0,0.0,7.635445385836821,1.0
9,2,35,7,26.96654563794857,0.0,0.0,0.0,0.0,0.0,0.0,0.0,8.350547962069,1.0
9,2,36,7,25.156914077147217,0.0,0.0,0.0,0.0,0.0,0.0,0.0,5.420063785357748,1.0
9,3,0,0,0.0,0.0,0.0,0.0,0.0,0.0,0.0,0.0,0.0,0.0
9,3,1,0,0.0,0.0,0.0,0.0,0.0,0.0,0.0,0.0,0.0,0.0
9,3,2,0,0.0,0.0,0.0,0.0,0.0,0.0,0.0,0.0,0.0,0.0
9,3,3,0,0.015189870986527645,0.0,0.0,0.0,0.0,0.0,0.0,0.0,0.0050632903288425485,0.0
9,3,4,0,0.30431633080557885,0.0,0.0,0.0,0.0,0.0,0.0,0.0,0.10143877693519295,0.0
9,3,5,1,0.23354729061067825,0.0,0.0,0.0,0.0,0.0,0.0,0.0,0.07784909687022608,0.0
9,3,6,1,0.11990717710320212,0.0,0.0,0.0,0.0,0.0,0.0,0.0,0.03490576870555816,0.0
9,3,7,1,0.06156239741965691,0.0,0.0,0.0,0.0,0.0,0.0,0.0,-0.08091797779530731,0.0
9,3,8,1,0.03160718872393978,0.0,0.0,0.0,0.0,0.0,0.0,0.0,-0.06731336729557949,0.0
9,3,9,1,0.01622767177536461,0.0,0.0,0.0,0.0,0.0,0.0,0.0,-0.03455983510927917,0.0
9,3,10,2,0.008331564491514218,0.0,0.0,0.0,0.0,0.0,0.0,0.0,-0.017743610976047566,0.0
9,3,11,2,0.004277567838267479,0.0,0.0,0.0,0.0,0.0,0.0,0.0,-0.009109873628557433,0.0
9,3,12,2,0.002196176555989765,0.0,0.0,0.0,0.0,0.0,0.0,0.0,-0.0046771650731249476,0.0
9,3,13,2,0.00990001519112122,0.0,0.0,0.0,0.0,0.0,0.0,0.0,0.0005228168998690006,0.0
9,3,14,2,0.13673867081100238,0.0,0.0,0.0,0.0,0.0,0.0,0.0,0.04415370099091163,0.0
9,3,15,3,0.09902096768558952,0.0,0.0,0.0,0.0,0.0,0.0,0.0,0.03227493037653325,0.0
9,3,16,3,0.055733828569616284,0.0,0.0,0.0,0.0,0.0,0.0,0.0,0.015277937792831688,0.0
9,3,17,3,0.10212737565927585,0.0,0.0,0.0,0.0,0.0,0.0,0.0,-0.011537098383908845,0.0
9,3,18,3,1.6665227899574675,0.0,0.0,0.0,0.0,0.0,0.0,0.0,0.5225006074239593,0.0
9,3,19,3,5.521221004621199,0.0,0.0,0.0,0.0,0.0,0.0,0.0,1.8218290586838608,0.0
9,3,20,4,4.668250360870168,0.0,0.0,0.0,0.0,0.0,0.0,0.0,1.5220409950702976,0.0
9,3,21,4,2.4669205775926013,0.0,0.0,0.0,0.0,0.0,0.0,0.0,0.2667992625450446,0.0
9,3,22,4,1.2665592558298129,0.0,0.0,0.0,0.0,0.0,0.0,0.0,-1.4182205829304622,0.0
9,3,23,4,0.6502732042122072,0.0,0.0,0.0,0.0,0.0,0.0,0.0,-1.3393257188859868,0.0
9,3,24,4,0.3338613950907244,0.0,0.0,0.0,0.0,0.0,0.0,0.0,-0.7110197275006257,0.0
9,3,25,5,0.17141015562368195,0.0,0.0,0.0,0.0,0.0,0.0,0.0,-0.3650497000687103,0.0
9,3,26,5,0.08800490827323915,0.0,0.0,0.0,0.0,0.0,0.0,0.0,-0.18742276531298938,0.0
9,3,27,5,0.04518322646637403,0.0,0.0,0.0,0.0,0.0,0.0,0.0,-0.09622605620811679,0.0
9,3,28,5,0.023197841960962952,0.0,0.0,0.0,0.0,0.0,0.0,0.0,-0.049404104554239665,0.0
9,3,29,5,0.011910169187370995,0.0,0.0,0.0,0.0,0.0,0.0,0.0,-0.025364913028622718,0.0
9,3,30,6,0.006114884751370772,0.0,0.0,0.0,0.0,0.0,0.0,0.0,-0.013022780571667752,1.0
9,3,31,6,0.003139486512265114,0.0,0.0,0.0,0.0,0.0,0.0,0.0,-0.00668611848289928,1.0
9,3,32,6,0.09962297677792983,0.0,0.0,0.0,0.0,0.0,0.0,0.0,0.02923760253018628,1.0
9,3,33,6,0.9118473235424541,0.0,0.0,0.0,0.0,0.0,0.0,0.0,0.3019108129303611,1.0
9,3,34,6,2.656944647924644,0.0,0.0,0.0,0.0,0.0,0.0,0.0,0.8846017204707929,1.0
9,1,0,0,0.0,0.0,0.0,0.0,0.0,0.0,0.0,0.0,0.0,0.0
9,1,1,0,0.20417471507115081,0.0,0.0,0.0,0.0,0.0,0.0,0.0,0.20417471507115081,0.0
9,1,2,0,0.4665260350198854,0.0,0.0,0.0,0.0,0.0,0.0,0.0,0.2332630175099427,0.0
9,1,3,0,1.4113946000392361,0.0,0.0,0.0,0.0,0.0,0.0,0.0,0.47046486667974535,0.0
9,1,4,0,1.8676647866164384,0.0,0.0,0.0,0.0,0.0,0.0,0.0,0.5544966905150959,0.0
9,1,5,1,1.4024199856629807,0.0,0.0,0.0,0.0,0.0,0.0,0.0,0.3119646502143651,0.0
9,1,6,1,1.488627025889726,0.0,0.0,0.0,0.0,0.0,0.0,0.0,0.025744141950163318,0.0
9,1,7,1,1.3638665825782637,0.0,0.0,0.0,0.0,0.0,0.0,0.0,-0.1679327346793916,0.0
9,1,8,1,1.2408962005959245,0.0,0.0,0.0,0.0,0.0,0.0,0.0,-0.053841261689018705,0.0
9,1,9,1,1.1695754324937173,0.0,0.0,0.0,0.0,0.0,0.0,0.0,-0.10635053113200292,0.0
9,1,10,2,0.9556298883080858,0.0,0.0,0.0,0.0,0.0,0.0,0.0,-0.13607889809005927,0.0
9,1,11,2,0.5816941984621332,0.0,0.0,0.0,0.0,0.0,0.0,0.0,-0.21973400071126378,0.0
9,1,12,2,0.2986714519266137,0.0,0.0,0.0,0.0,0.0,0.0,0.0,-0.2903013268557012,0.0
9,1,13,2,0.2064355793371595,0.0,0.0,0.0,0.0,0.0,0.0,0.0,-0.24973143632364211,0.0
9,1,14,2,0.22251689497500587,0.0,0.0,0.0,0.0,0.0,0.0,0.0,-0.11972576782904244,0.0
9,1,15,3,0.39839141152283375,0.0,0.0,0.0,0.0,0.0,0.0,0.0,0.03323998653207335,0.0
9,1,16,3,0.5645744589830699,0.0,0.0,0.0,0.0,0.0,0.0,0.0,0.1193796265486368,0.0
9,1,17,3,0.3034105255171623,0.0,0.0,0.0,0.0,0.0,0.0,0.0,0.02696454351405214,0.0
9,1,18,3,0.18448466374980912,0.0,0.0,0.0,0.0,0.0,0.0,0.0,-0.07130224925767488,0.0
9,1,19,3,0.120815011554031,0.0,0.0,0.0,0.0,0.0,0.0,0.0,-0.14791981580967964,0.0
9,1,20,4,0.07154400673907835,0.0,0.0,0.0,0.0,0.0,0.0,0.0,-0.07728883959269466,0.0
9,1,21,4,0.16199850909718433,0.0,0.0,0.0,0.0,0.0,0.0,0.0,-0.0074953848842082655,0.0
9,1,22,4,0.09388875468717153,0.0,0.0,0.0,0.0,0.0,0.0,0.0,-0.008975418955619823,0.0
9,1,23,4,0.04820409394104544,0.0,0.0,0.0,0.0,0.0,0.0,0.0,-0.007779970932677636,0.0
9,1,24,4,0.025963828542037604,0.0,0.0,0.0,0.0,0.0,0.0,0.0,-0.045344893518382244,0.0
9,1,25,5,0.013626682754029236,0.0,0.0,0.0,0.0,0.0,0.0,0.0,-0.026754023977714102,0.0
9,1,26,5,0.006996172201544807,0.0,0.0,0.0,0.0,0.0,0.0,0.0,-0.01373597391316688,0.0
9,1,27,5,0.02437660919498811,0.0,0.0,0.0,0.0,0.0,0.0,0.0,-0.0005290731156831647,0.0
9,1,28,5,0.03350750722202156,0.0,0.0,0.0,0.0,0.0,0.0,0.0,0.006626941489330775,0.0
9,1,29,5,0.01893705647606604,0.0,0.0,0.0,0.0,0.0,0.0,0.0,0.003980294758173745,0.0
9,1,30,6,0.009722608978899327,0.0,0.0,0.0,0.0,0.0,0.0,0.0,-0.004884666738696261,0.0
9,1,31,6,0.007067992776917425,0.0,0.0,0.0,0.0,0.0,0.0,0.0,-0.008813171481701378,0.0
9,1,32,6,1.2204765807365434,0.0,0.0,0.0,0.0,0.0,0.0,0.0,0.40051317475349246,0.0
9,1,33,6,6.3011693366137225,0.0,0.0,0.0,0.0,0.0,0.0,0.0,2.0971489092116076,0.0
9,1,34,6,17.331252188422784,0.0,0.0,0.0,0.0,0.0,0.0,0.0,5.774728065215289,0.0
9,1,35,7,30.590371302511226,0.0,0.0,0.0,0.0,0.0,0.0,0.0,9.789964907258227,0.0
9,1,36,7,35.33406224928047,0.0,0.0,0.0,0.0,0.0,0.0,0.0,9.677630970888917,0.0
9,1,37,7,41.51648626079273,0.0,0.0,0.0,0.0,0.0,0.0,0.0,8.061744690789983,0.0
9,1,38,7,49.15561541742944,0.0,0.0,0.0,0.0,0.0,0.0,0.0,6.188414704972737,0.0
9,1,39,7,55.11076790172944,0.0,0.0,0.0,0.0,0.0,0.0,0.0,6.5922352174829895,1.0
9,1,40,8,55.00560171759827,0.0,0.0,0.0,0.0,0.0,0.0,0.0,4.496371818935178,1.0
9,1,41,8,44.73818443833015,0.0,0.0,0.0,0.0,0.0,0.0,0.0,-1.4724769930330954,1.0
9,1,42,8,27.61245566235914,0.0,0.0,0.0,0.0,0.0,0.0,0.0,-9.1661040797901,1.0
9,1,43,8,22.187002021347272,0.0,0.0,0.0,0.0,0.0,0.0,0.0,-10.939533232083667,1.0
10,2,0,0,0.0,0.0,0.0,0.0,0.0,0.0,0.0,0.0,0.0,0.0
10,2,1,0,0.0,0.0,0.0,0.0,0.0,0.0,0.0,0.0,0.0,0.0
10,2,2,0,0.0,0.0,0.0,0.0,0.0,0.0,0.0,0.0,0.0,0.0
10,2,3,0,0.0,0.0,0.0,0.0,0.0,0.0,0.0,0.0,0.0,0.0
10,2,4,0,0.0,0.0,0.0,0.0,0.0,0.0,0.0,0.0,0.0,0.0
10,2,5,1,0.004525373801531622,0.0,0.0,0.0,0.0,0.0,0.0,0.0,0.0015084579338438741,0.0
10,2,6,1,0.2679674356915199,0.0,0.0,0.0,0.0,0.0,0.0,0.0,0.08932247856383996,0.0
10,2,7,1,0.889253006954883,0.0,0.0,0.0,0.0,0.0,0.0,0.0,0.29641766898496097,0.0
10,2,8,1,1.6338715732891183,0.0,0.0,0.0,0.0,0.0,0.0,0.0,0.5431153998291955,0.0
10,2,9,1,4.569036601906809,0.0,0.0,0.0,0.0,0.0,0.0,0.0,1.4336897220717633,0.0
10,2,10,2,12.722732525511592,0.0,0.0,0.0,1.0,0.0,0.0,2.6471394885246653,3.9444931728522366,0.0
10,2,11,2,17.278262258097477,1.0,0.0,1.0,1.0,0.0,3.5275381628521707,4.873085787886723,5.21479689493612,0.0
10,2,12,2,13.4589820979572,0.0,0.0,0.0,1.0,0.0,0.0,0.17049005618885005,2.96331516535013,0.0
10,2,13,2,11.055826884448301,0.0,0.0,0.0,0.0,0.0,0.0,0.0,-0.5556352136877637,0.0
10,2,14,2,17.21232835693398,1.0,0.0,1.0,1.0,0.0,1.3585372998483862,2.6246363994310187,-0.021977967054498986,0.0
10,2,15,3,15.394207236819074,0.0,0.0,0.0,1.0,0.0,0.0,0.4515062404998318,0.6450750462872913,0.0
10,2,16,3,9.966679821383725,0.0,0.0,0.0,0.0,0.0,0.0,0.0,-0.3630490210215254,0.0
10,2,17,3,6.612596113398268,0.0,0.0,0.0,0.0,0.0,0.0,0.0,-3.533244081178571,0.0
10,2,18,3,3.860787725633681,0.0,0.0,0.0,0.0,0.0,0.0,0.0,-3.844473170395131,0.0
10,2,19,3,2.5400215595469087,0.0,0.0,0.0,0.0,0.0,0.0,0.0,-2.4755527539456055,0.0
10,2,20,4,2.539328284255693,0.0,0.0,0.0,0.0,0.0,0.0,0.0,-1.3577559430475248,0.0
10,2,21,4,2.212089926055276,0.0,0.0,0.0,0.0,0.0,0.0,0.0,-0.5495659331928016,0.0
10,2,22,4,2.0808825068451013,0.0,0.0,0.0,0.0,0.0,0.0,0.0,-0.15304635090060245,0.0
10,2,23,4,4.46335695704075,0.0,0.0,0.0,0.0,0.0,0.0,0.0,0.6413428909283523,0.0
10,2,24,4,8.76257224991687,0.0,0.0,0.0,0.0,0.0,0.0,0.0,2.1834941079538646,0.0
10,2,25,5,8.847464835206832,0.0,0.0,0.0,0.0,0.0,0.0,0.0,2.2555274427872436,0.0
10,2,26,5,7.1192271491192685,0.0,0.0,0.0,0.0,0.0,0.0,0.0,0.8852900640261728,1.0
10,2,27,5,4.5529420430374,0.0,0.0,0.0,0.0,0.0,0.0,0.0,-1.4032100689598233,1.0
10,2,28,5,2.5671806119699316,0.0,0.0,0.0,0.0,0.0,0.0,0.0,-2.0934280744123,1.0
10,2,29,5,3.481402723455805,0.0,0.0,0.0,0.0,0.0,0.0,0.0,-1.2126081418878212,1.0
10,2,30,6,9.743661627157854,0.0,0.0,0.0,0.0,0.0,0.0,0.0,1.7302398613734846,1.0
10,2,0,0,0.0,0.0,0.0,0.0,0.0,0.0,0.0,0.0,0.0,0.0
10,2,1,0,0.0,0.0,0.0,0.0,0.0,0.0,0.0,0.0,0.0,0.0
10,2,2,0,0.20041079986095217,0.0,0.0,0.0,0.0,0.0,0.0,0.0,0.10020539993047609,0.0
10,2,3,0,3.9407617150834637,0.0,0.0,0.0,0.0,0.0,0.0,0.0,1.3135872383611547,0.0
10,2,4,0,5.029401707716861,0.0,0.0,0.0,0.0,0.0,0.0,0.0,1.6764672359056203,0.0
10,2,5,1,3.5748858267569616,0.0,0.0,0.0,0.0,0.0,0.0,0.0,1.1248250089653364,0.0
10,2,6,1,3.466143755641406,0.0,0.0,0.0,0.0,0.0,0.0,0.0,-0.15820598648068587,0.0
10,2,7,1,2.9539203143436747,0.0,0.0,0.0,0.0,0.0,0.0,0.0,-0.6918271311243954,0.0
10,2,8,1,2.637535207186148,0.0,0.0,0.0,0.0,0.0,0.0,0.0,-0.31245020652360456,0.0
10,2,9,1,4.134590902057543,0.0,0.0,0.0,0.0,0.0,0.0,0.0,0.2228157154720455,0.0
10,2,10,2,9.050637738092199,0.0,0.0,0.0,1.0,0.0,0.0,0.15714800086398029,2.032239141249508,0.0
10,2,11,2,34.31193220089936,1.0,1.0,1.0,1.0,0.0,20.561208105654057,18.46013856762697,10.558132331237738,0.0
10,2,12,2,35.30947494481496,1.0,1.0,1.0,1.0,0.0,20.881900678028696,16.18493298523586,10.391628014252472,0.0
10,2,13,2,22.789336817017837,1.0,1.0,1.0,1.0,1.0,7.664174617515554,3.1583785065049987,4.57956635964188,0.0
10,2,14,2,26.773474076179106,1.0,1.0,1.0,1.0,1.0,10.919683019093512,6.31701917055225,-2.5128193749067527,0.0
10,2,15,3,19.807697789539734,1.0,0.0,1.0,0.0,1.0,3.1839337863112895,0.0,-5.167259051758408,0.0
10,2,16,3,10.363852055886907,0.0,0.0,0.0,0.0,0.0,0.0,0.0,-4.14182825371031,0.0
10,2,17,3,5.32097906461347,0.0,0.0,0.0,0.0,0.0,0.0,0.0,-7.150831670521879,0.0
10,2,18,3,2.731881741786588,0.0,0.0,0.0,0.0,0.0,0.0,0.0,-5.691938682584382,0.0
10,2,19,3,1.4997706632622343,0.0,0.0,0.0,0.0,0.0,0.0,0.0,-2.9546937975415575,0.0
10,2,20,4,2.7058778613119334,0.0,0.0,0.0,0.0,0.0,0.0,0.0,-0.8717004011005121,0.0
10,2,21,4,5.590678596237412,0.0,0.0,0.0,0.0,0.0,0.0,0.0,0.9529322848169413,0.0
10,2,22,4,6.001347170491225,0.0,0.0,0.0,0.0,0.0,0.0,0.0,1.5005255024096635,0.0
10,2,23,4,4.083562136736344,0.0,0.0,0.0,0.0,0.0,0.0,0.0,0.4592280918081368,0.0
10,2,24,4,2.995502717549688,0.0,0.0,0.0,0.0,0.0,0.0,0.0,-0.8650586262292412,0.0
10,2,25,5,3.119600907527926,0.0,0.0,0.0,0.0,0.0,0.0,0.0,-0.960582087654433,0.0
10,2,26,5,3.1624223887980527,0.0,0.0,0.0,0.0,0.0,0.0,0.0,-0.307046582646097,0.0
10,2,27,5,3.480520051218546,0.0,0.0,0.0,0.0,0.0,0.0,0.0,0.16167244455628596,0.0
10,2,28,5,2.473607530410111,0.0,0.0,0.0,0.0,0.0,0.0,0.0,-0.21533112570593835,0.0
10,2,29,5,1.3779468910596235,0.0,0.0,0.0,0.0,0.0,0.0,0.0,-0.5948251659128098,0.0
10,2,30,6,0.8120689931992887,0.0,0.0,0.0,0.0,0.0,0.0,0.0,-0.8894836860064191,1.0
10,2,31,6,2.513990525610904,0.0,0.0,0.0,0.0,0.0,0.0,0.0,0.013460998400264343,1.0
10,2,32,6,10.411003957497236,0.0,0.0,0.0,0.0,0.0,0.0,0.0,3.0110190221458706,1.0
10,2,33,6,36.207481847226674,0.0,0.0,0.0,1.0,0.0,0.0,1.4226808570726774,11.79847095134246,1.0
10,2,34,6,65.68955626878007,1.0,0.0,1.0,1.0,0.0,12.877721751849549,19.303209253599874,21.05852191438972,1.0
10,3,0,0,0.0,0.0,0.0,0.0,0.0,0.0,0.0,0.0,0.0,0.0
10,3,1,0,0.0,0.0,0.0,0.0,0.0,0.0,0.0,0.0,0.0,0.0
10,3,2,0,0.0,0.0,0.0,0.0,0.0,0.0,0.0,0.0,0.0,0.0
10,3,3,0,0.0,0.0,0.0,0.0,0.0,0.0,0.0,0.0,0.0,0.0
10,3,4,0,0.0,0.0,0.0,0.0,0.0,0.0,0.0,0.0,0.0,0.0
10,3,5,1,0.0024693949928348965,0.0,0.0,0.0,0.0,0.0,0.0,0.0,0.0008231316642782989,0.0
10,3,6,1,0.5289018868285231,0.0,0.0,0.0,0.0,0.0,0.0,0.0,0.17630062894284104,0.0
10,3,7,1,2.6395380419943795,0.0,0.0,0.0,0.0,0.0,0.0,0.0,0.8798460139981265,0.0
10,3,8,1,2.8910597070148594,0.0,0.0,0.0,0.0,0.0,0.0,0.0,0.9628634373406748,0.0
10,3,9,1,2.62000999119974,0.0,0.0,0.0,0.0,0.0,0.0,0.0,0.6970360347904055,0.0
10,3,10,2,2.9242387059163657,0.0,0.0,0.0,0.0,0.0,0.0,0.0,0.09490022130732874,0.0
10,3,11,2,4.126465727519042,0.0,0.0,0.0,0.0,0.0,0.0,0.0,0.4118020068347275,0.0
10,3,12,2,8.14012291678635,0.0,0.0,0.0,0.0,0.0,0.0,0.0,1.840037641862203,0.0
10,3,13,2,10.20739205155314,0.0,0.0,0.0,0.0,0.0,0.0,0.0,2.427717781878925,0.0
10,3,14,2,9.526550439979426,0.0,0.0,0.0,0.0,0.0,0.0,0.0,1.8000282374867946,0.0
10,3,15,3,8.35676708446351,0.0,0.0,0.0,0.0,0.0,0.0,0.0,0.07221472255905326,0.0
10,3,16,3,5.183491693625978,0.0,0.0,0.0,0.0,0.0,0.0,0.0,-1.6746334526423876,0.0
10,3,17,3,2.743266618080056,0.0,0.0,0.0,0.0,0.0,0.0,0.0,-2.26109460729979,0.0
10,3,18,3,1.4778384664798665,0.0,0.0,0.0,0.0,0.0,0.0,0.0,-2.2929762059945475,0.0
10,3,19,3,2.846722320142989,0.0,0.0,0.0,0.0,0.0,0.0,0.0,-0.7789231244943297,0.0
10,3,20,4,4.524989402683833,0.0,0.0,0.0,0.0,0.0,0.0,0.0,0.5939075948679257,0.0
10,3,21,4,2.9470455196537957,0.0,0.0,0.0,0.0,0.0,0.0,0.0,0.4897356843913097,0.0
10,3,22,4,2.2926810297612636,0.0,0.0,0.0,0.0,0.0,0.0,0.0,-0.18468043012724186,0.0
10,3,23,4,1.7882391473100725,0.0,0.0,0.0,0.0,0.0,0.0,0.0,-0.9122500851245867,0.0
10,3,24,4,1.0643165855752277,0.0,0.0,0.0,0.0,0.0,0.0,0.0,-0.6275763113595226,0.0
10,3,25,5,0.5569234907090485,0.0,0.0,0.0,0.0,0.0,0.0,0.0,-0.5785858463507384,0.0
10,3,26,5,0.2904821607290636,0.0,0.0,0.0,0.0,0.0,0.0,0.0,-0.4992523288603363,0.0
10,3,27,5,0.6559756698323064,0.0,0.0,0.0,0.0,0.0,0.0,0.0,-0.13611363858097378,0.0
10,3,28,5,2.708877495972657,0.0,0.0,0.0,0.0,0.0,0.0,0.0,0.7173180017545362,0.0
10,3,29,5,7.063840184435084,0.0,0.0,0.0,0.0,0.0,0.0,0.0,2.257786007902007,0.0
10,3,30,6,18.553665292301126,0.0,0.0,0.0,0.0,0.0,0.0,0.0,5.96589654082294,0.0
10,3,31,6,35.005797874999786,0.0,0.0,0.0,1.0,0.0,0.0,2.8709309688308196,10.765640126342376,0.0
10,3,32,6,49.08896688155923,1.0,0.0,1.0,1.0,0.0,3.0662516265150543,9.846596619753882,14.008375565708048,0.0
10,3,33,6,59.89949530370019,1.0,0.0,1.0,1.0,0.0,10.600772517068876,13.958037415301753,13.781943337133022,0.0
10,3,34,6,65.5734915131687,1.0,0.0,1.0,1.0,1.0,12.761656996238187,14.104166938955231,10.189231212722973,0.0
10,3,35,7,68.2889486513003,1.0,0.0,1.0,1.0,1.0,11.71659504166631,12.611991400270156,6.399993923247024,0.0
10,3,36,7,74.60069488180142,1.0,0.0,1.0,1.0,1.0,14.010111653367389,15.39011432849427,4.900399859367075,1.0
10,3,37,7,71.77748887097349,1.0,0.0,1.0,1.0,1.0,6.900662333950677,10.86440336059755,2.06799911926826,1.0
10,3,38,7,69.32559094426719,0.0,0.0,1.0,1.0,0.0,0.0,8.299721856470228,0.34554743098896284,1.0
10,3,39,7,87.73916177616857,1.0,0.0,1.0,1.0,0.0,13.444594897832943,26.189563548192723,4.379488964789052,1.0
10,3,40,8,95.44447621446082,1.0,0.0,1.0,1.0,0.0,15.997805976016693,34.169901388723304,7.888995781162445,1.0
10,3,0,0,0.0,0.0,0.0,0.0,0.0,0.0,0.0,0.0,0.0,0.0
10,3,1,0,1.5089752258280833,0.0,0.0,0.0,0.0,0.0,0.0,0.0,1.5089752258280833,0.0
10,3,2,0,4.8120485200741205,0.0,0.0,0.0,0.0,0.0,0.0,0.0,2.4060242600370603,0.0
10,3,3,0,7.089108408133712,0.0,0.0,0.0,1.0,0.0,0.0,0.12873401868050927,2.363036136044571,0.0
10,3,4,0,5.415052269070075,0.0,0.0,0.0,0.0,0.0,0.0,0.0,1.3020256810806639,0.0
10,3,5,1,4.312236179880857,0.0,0.0,0.0,0.0,0.0,0.0,0.0,-0.1666041133977544,0.0
10,3,6,1,3.365592813709378,0.0,0.0,0.0,0.0,0.0,0.0,0.0,-1.2411718648081114,0.0
10,3,7,1,2.336193731554457,0.0,0.0,0.0,0.0,0.0,0.0,0.0,-1.0262861791718725,0.0
10,3,8,1,1.8857710962166885,0.0,0.0,0.0,0.0,0.0,0.0,0.0,-0.808821694554723,0.0
10,3,9,1,1.812870605637406,0.0,0.0,0.0,0.0,0.0,0.0,0.0,-0.517574069357324,0.0
10,3,10,2,2.1036718820809255,0.0,0.0,0.0,0.0,0.0,0.0,0.0,-0.0775072831578439,0.0
10,3,11,2,1.4930986082946078,0.0,0.0,0.0,0.0,0.0,0.0,0.0,-0.1308908293073602,0.0
10,3,12,2,0.834239313446913,0.0,0.0,0.0,0.0,0.0,0.0,0.0,-0.3262104307301643,0.0
10,3,13,2,0.8110963164602856,0.0,0.0,0.0,0.0,0.0,0.0,0.0,-0.4308585218735466,0.0
10,3,14,2,1.2352644752254252,0.0,0.0,0.0,0.0,0.0,0.0,0.0,-0.0859447110230609,0.0
10,3,15,3,2.694149424519792,0.0,0.0,0.0,0.0,0.0,0.0,0.0,0.619970037024293,0.0
10,3,16,3,2.9820858346213788,0.0,0.0,0.0,0.0,0.0,0.0,0.0,0.7236631727203644,0.0
10,3,17,3,1.7401878176291996,0.0,0.0,0.0,0.0,0.0,0.0,0.0,0.16830778080125816,0.0
10,3,18,3,2.3230264608477293,0.0,0.0,0.0,0.0,0.0,0.0,0.0,-0.12370765455735426,0.0
10,3,19,3,7.442078373384772,0.0,0.0,0.0,0.0,0.0,0.0,0.0,1.486664179587798,0.0
10,3,20,4,7.443519200685843,0.0,0.0,0.0,0.0,0.0,0.0,0.0,1.9011104610188811,0.0
10,3,21,4,5.28551455858117,0.0,0.0,0.0,0.0,0.0,0.0,0.0,0.9874960325778135,0.0
10,3,22,4,3.4730595166812908,0.0,0.0,0.0,0.0,0.0,0.0,0.0,-1.3230062855678273,0.0
10,3,23,4,2.3106801400607813,0.0,0.0,0.0,0.0,0.0,0.0,0.0,-1.7109463535416873,0.0
10,3,24,4,1.4615591278486524,0.0,0.0,0.0,0.0,0.0,0.0,0.0,-1.2746518102441724,0.0
10,3,25,5,0.8905049365758819,0.0,0.0,0.0,0.0,0.0,0.0,0.0,-0.860851526701803,0.0
10,3,26,5,0.5013337674506104,0.0,0.0,0.0,0.0,0.0,0.0,0.0,-0.6031154575367236,0.0
10,3,27,5,0.2817339379702699,0.0,0.0,0.0,0.0,0.0,0.0,0.0,-0.39327506329279416,0.0
10,3,28,5,0.8059025949357608,0.0,0.0,0.0,0.0,0.0,0.0,0.0,-0.02820078054670705,0.0
10,3,29,5,1.2883563143580132,0.0,0.0,0.0,0.0,0.0,0.0,0.0,0.2623408489691343,0.0
10,3,30,6,1.431614453362759,0.0,0.0,0.0,0.0,0.0,0.0,0.0,0.3832935051308297,1.0
10,3,31,6,6.095057487467917,0.0,0.0,0.0,0.0,0.0,0.0,0.0,1.7630516308440523,1.0
10,3,32,6,35.546627780205405,0.0,0.0,0.0,1.0,0.0,0.0,2.323507284590157,11.419423821949131,1.0
10,3,33,6,61.618742910713195,1.0,0.0,1.0,1.0,0.0,12.320020124081879,17.562526396901333,20.062376152450145,1.0
10,3,34,6,67.93816462685328,1.0,0.0,1.0,1.0,0.0,15.126330109922762,16.147689313707524,20.614369046461785,1.0
10,1,0,0,0.0,0.0,0.0,0.0,0.0,0.0,0.0,0.0,0.0,0.0
10,1,1,0,0.43772413434386825,0.0,0.0,0.0,0.0,0.0,0.0,0.0,0.43772413434386825,0.0
10,1,2,0,0.3942530324788942,0.0,0.0,0.0,0.0,0.0,0.0,0.0,0.1971265162394471,0.0
10,1,3,0,0.20778718257677928,0.0,0.0,0.0,0.0,0.0,0.0,0.0,0.06926239419225975,0.0
10,1,4,0,0.10668149665046936,0.0,0.0,0.0,0.0,0.0,0.0,0.0,-0.11034754589779965,0.0
10,1,5,1,0.054772106664369186,0.0,0.0,0.0,0.0,0.0,0.0,0.0,-0.11316030860484168,0.0
10,1,6,1,0.028120937206966293,0.0,0.0,0.0,0.0,0.0,0.0,0.0,-0.05988874845660433,0.0
10,1,7,1,0.01443777056529708,0.0,0.0,0.0,0.0,0.0,0.0,0.0,-0.03074790869505743,0.0
10,1,8,1,0.007483795988861935,0.0,0.0,0.0,0.0,0.0,0.0,0.0,-0.015762770225169084,0.0
10,1,9,1,0.0057292641676023786,0.0,0.0,0.0,0.0,0.0,0.0,0.0,-0.0074638910131213055,0.0
10,1,10,2,0.0033584856459840345,0.0,0.0,0.0,0.0,0.0,0.0,0.0,-0.0036930949731043485,0.0
10,1,11,2,0.01214963144669939,0.0,0.0,0.0,0.0,0.0,0.0,0.0,0.0015552784859458185,0.0
10,1,12,2,0.046172560596717205,0.0,0.0,0.0,0.0,0.0,0.0,0.0,0.01348109880970494,0.0
10,1,13,2,0.03478263684262051,0.0,0.0,0.0,0.0,0.0,0.0,0.0,0.010474717065545492,0.0
10,1,14,2,0.06350053462034971,0.0,0.0,0.0,0.0,0.0,0.0,0.0,0.017116967724550108,0.0
10,1,15,3,0.04895349631383926,0.0,0.0,0.0,0.0,0.0,0.0,0.0,0.0009269785723740182,0.0
10,1,16,3,0.02534323933173233,0.0,0.0,0.0,0.0,0.0,0.0,0.0,-0.003146465836962726,0.0
10,1,17,3,0.013011652924651507,0.0,0.0,0.0,0.0,0.0,0.0,0.0,-0.016829627231899402,0.0
10,1,18,3,0.006680405358426586,0.0,0.0,0.0,0.0,0.0,0.0,0.0,-0.014091030318470891,0.0
10,1,19,3,0.0034298344730932726,0.0,0.0,0.0,0.0,0.0,0.0,0.0,-0.007304468286213019,0.0
10,1,20,4,0.03703767919487851,0.0,0.0,0.0,0.0,0.0,0.0,0.0,0.008008675423409002,0.0
10,1,21,4,0.127782105284898,0.0,0.0,0.0,0.0,0.0,0.0,0.0,0.04036723330882381,0.0
10,1,22,4,0.07683191317913182,0.0,0.0,0.0,0.0,0.0,0.0,0.0,0.024467359568679514,0.0
10,1,23,4,0.03944681951419217,0.0,0.0,0.0,0.0,0.0,0.0,0.0,0.000803046773104552,0.0
10,1,24,4,0.0202526724299752,0.0,0.0,0.0,0.0,0.0,0.0,0.0,-0.03584314428497427,0.0
10,1,25,5,0.035491991463224105,0.0,0.0,0.0,0.0,0.0,0.0,0.0,-0.013779973905302572,0.0
10,1,26,5,0.2283352389326505,0.0,0.0,0.0,0.0,0.0,0.0,0.0,0.06296280647281945,0.0
10,1,27,5,0.3449137380499369,0.0,0.0,0.0,0.0,0.0,0.0,0.0,0.1082203552066539,0.0
10,1,28,5,0.27355590009095043,0.0,0.0,0.0,0.0,0.0,0.0,0.0,0.07935463620924212,0.0
10,1,29,5,0.589589189993625,0.0,0.0,0.0,0.0,0.0,0.0,0.0,0.12041798368699148,0.0
10,1,30,6,0.8356270255977366,0.0,0.0,0.0,0.0,0.0,0.0,0.0,0.16357109584926657,1.0
10,1,31,6,0.623066597561001,0.0,0.0,0.0,0.0,0.0,0.0,0.0,0.1165035658233502,1.0
10,1,32,6,6.742216596908381,0.0,0.0,0.0,0.0,0.0,0.0,0.0,2.050875802304919,1.0
10,1,33,6,41.069951501453296,0.0,0.0,0.0,1.0,0.0,0.0,4.325854633345628,13.411441491951853,1.0
10,1,34,6,48.17025345154431,0.0,0.0,0.0,1.0,0.0,0.0,4.364060983462167,15.849062284661104,1.0
10,2,0,0,0.0,0.0,0.0,0.0,0.0,0.0,0.0,0.0,0.0,0.0
10,2,1,0,0.3129167234938098,0.0,0.0,0.0,0.0,0.0,0.0,0.0,0.3129167234938098,0.0
10,2,2,0,1.3755581083858544,0.0,0.0,0.0,0.0,0.0,0.0,0.0,0.6877790541929272,0.0
10,2,3,0,1.7227783098861749,0.0,0.0,0.0,0.0,0.0,0.0,0.0,0.5742594366287249,0.0
10,2,4,0,0.9541631716009678,0.0,0.0,0.0,0.0,0.0,0.0,0.0,0.21374881603571935,0.0
10,2,5,1,0.5078258350997786,0.0,0.0,0.0,0.0,0.0,0.0,0.0,-0.2892440910953586,0.0
10,2,6,1,0.827335680929844,0.0,0.0,0.0,0.0,0.0,0.0,0.0,-0.29848087631877696,0.0
10,2,7,1,1.6268814336887971,0.0,0.0,0.0,0.0,0.0,0.0,0.0,0.22423942069594313,0.0
10,2,8,1,2.1255020173753767,0.0,0.0,0.0,0.0,0.0,0.0,0.0,0.539225394091866,0.0
10,2,9,1,1.998060901293742,0.0,0.0,0.0,0.0,0.0,0.0,0.0,0.39024174012129936,0.0
10,2,10,2,1.6869130852483791,0.0,0.0,0.0,0.0,0.0,0.0,0.0,0.02001055051986067,0.0
10,2,11,2,2.0091258092661617,0.0,0.0,0.0,0.0,0.0,0.0,0.0,-0.038792069369738336,0.0
10,2,12,2,2.092228737285863,0.0,0.0,0.0,0.0,0.0,0.0,0.0,0.03138927866404032,0.0
10,2,13,2,1.3062581860982818,0.0,0.0,0.0,0.0,0.0,0.0,0.0,-0.12688496638336577,0.0
10,2,14,2,1.668828148061972,0.0,0.0,0.0,0.0,0.0,0.0,0.0,-0.1134325537347299,0.0
10,2,15,3,2.8597143565778644,0.0,0.0,0.0,0.0,0.0,0.0,0.0,0.2558285397640005,0.0
10,2,16,3,2.1342917318986854,0.0,0.0,0.0,0.0,0.0,0.0,0.0,0.27601118193346785,0.0
10,2,17,3,1.1418502688442842,0.0,0.0,0.0,0.0,0.0,0.0,0.0,-0.1756592930725626,0.0
10,2,18,3,0.9989340800549548,0.0,0.0,0.0,0.0,0.0,0.0,0.0,-0.6202600921743032,0.0
10,2,19,3,1.0747931231543086,0.0,0.0,0.0,0.0,0.0,0.0,0.0,-0.3531662029147922,0.0
10,2,20,4,0.9737053888943827,0.0,0.0,0.0,0.0,0.0,0.0,0.0,-0.05604829331663382,0.0
10,2,21,4,1.1296459202027829,0.0,0.0,0.0,0.0,0.0,0.0,0.0,0.04357061338260937,0.0
10,2,22,4,0.7354587711668196,0.0,0.0,0.0,0.0,0.0,0.0,0.0,-0.11311145066249635,0.0
10,2,23,4,0.529889360394669,0.0,0.0,0.0,0.0,0.0,0.0,0.0,-0.14793867616657122,0.0
10,2,24,4,0.7481757040401811,0.0,0.0,0.0,0.0,0.0,0.0,0.0,-0.12715673872086727,0.0
10,2,25,5,0.6886351014742488,0.0,0.0,0.0,0.0,0.0,0.0,0.0,-0.015607889897523597,0.0
10,2,26,5,0.6214247233105541,0.0,0.0,0.0,0.0,0.0,0.0,0.0,0.030511787638628347,0.0
10,2,27,5,1.0535423764304854,0.0,0.0,0.0,0.0,0.0,0.0,0.0,0.10178889079676812,0.0
10,2,28,5,2.095871585997929,0.0,0.0,0.0,0.0,0.0,0.0,0.0,0.46907882817456015,0.0
10,2,29,5,3.493529385088821,0.0,0.0,0.0,0.0,0.0,0.0,0.0,0.9573682205927557,0.0
10,2,30,6,2.975600782544268,0.0,0.0,0.0,0.0,0.0,0.0,0.0,0.6406861353712608,1.0
10,2,31,6,2.9001857042891324,0.0,0.0,0.0,0.0,0.0,0.0,0.0,0.26810470609706777,1.0
10,2,32,6,3.3603944445170906,0.0,0.0,0.0,0.0,0.0,0.0,0.0,-0.04437831352391012,1.0
10,2,33,6,2.3336984635950486,0.0,0.0,0.0,0.0,0.0,0.0,0.0,-0.21396743964973983,1.0
10,2,34,6,1.6830297178194689,0.0,0.0,0.0,0.0,0.0,0.0,0.0,-0.4057186621565545,1.0
10,3,0,0,0.0,0.0,0.0,0.0,0.0,0.0,0.0,0.0,0.0,0.0
10,3,1,0,0.0,0.0,0.0,0.0,0.0,0.0,0.0,0.0,0.0,0.0
10,3,2,0,0.008579555412870345,0.0,0.0,0.0,0.0,0.0,0.0,0.0,0.004289777706435172,0.0
10,3,3,0,0.09519997082952093,0.0,0.0,0.0,0.0,0.0,0.0,0.0,0.03173332360984031,0.0
10,3,4,0,0.22227645783426248,0.0,0.0,0.0,0.0,0.0,0.0,0.0,0.07409215261142083,0.0
10,3,5,1,0.2721119767399858,0.0,0.0,0.0,0.0,0.0,0.0,0.0,0.08784414044237181,0.0
10,3,6,1,0.1527502566208357,0.0,0.0,0.0,0.0,0.0,0.0,0.0,0.01918342859710492,0.0
10,3,7,1,0.07842459668575867,0.0,0.0,0.0,0.0,0.0,0.0,0.0,-0.0479506203828346,0.0
10,3,8,1,0.04026453049169524,0.0,0.0,0.0,0.0,0.0,0.0,0.0,-0.07728248208276352,0.0
10,3,9,1,0.1666138506869603,0.0,0.0,0.0,0.0,0.0,0.0,0.0,0.004621198022041538,0.0
10,3,10,2,1.9999982620721448,0.0,0.0,0.0,0.0,0.0,0.0,0.0,0.6405245551287954,0.0
10,3,11,2,6.7981097993276425,0.0,0.0,0.0,0.0,0.0,0.0,0.0,2.2526150896119823,0.0
10,3,12,2,8.580142966333312,0.0,0.0,0.0,0.0,0.0,0.0,0.0,2.8045097052154504,0.0
10,3,13,2,6.00414002883258,0.0,0.0,0.0,0.0,0.0,0.0,0.0,1.3347139222534785,0.0
10,3,14,2,7.820392744216184,0.0,0.0,0.0,0.0,0.0,0.0,0.0,0.3407609816295138,0.0
10,3,15,3,11.76229563918196,0.0,0.0,0.0,0.0,0.0,0.0,0.0,1.060717557616216,0.0
10,3,16,3,9.322267093837596,0.0,0.0,0.0,0.0,0.0,0.0,0.0,1.1060423550016718,0.0
10,3,17,3,5.961695067271691,0.0,0.0,0.0,0.0,0.0,0.0,0.0,-0.619565892314831,0.0
10,3,18,3,3.4998851062841023,0.0,0.0,0.0,0.0,0.0,0.0,0.0,-2.754136844299286,0.0
10,3,19,3,2.7702687288935834,0.0,0.0,0.0,0.0,0.0,0.0,0.0,-2.1839994549813375,0.0
10,3,20,4,2.4544257106476053,0.0,0.0,0.0,0.0,0.0,0.0,0.0,-1.169089785541362,0.0
10,3,21,4,3.066665189876111,0.0,0.0,0.0,0.0,0.0,0.0,0.0,-0.14440663880266383,0.0
10,3,22,4,2.878246949582433,0.0,0.0,0.0,0.0,0.0,0.0,0.0,0.035992740229616516,0.0
10,3,23,4,1.6210290570320969,0.0,0.0,0.0,0.0,0.0,0.0,0.0,-0.2777988845385028,0.0
10,3,24,4,0.851305025571951,0.0,0.0,0.0,0.0,0.0,0.0,0.0,-0.7384533881013867,0.0
10,3,25,5,0.4371767634253664,0.0,0.0,0.0,0.0,0.0,0.0,0.0,-0.8136900620523555,0.0
10,3,26,5,0.224454034385845,0.0,0.0,0.0,0.0,0.0,0.0,0.0,-0.46552500754875065,0.0
10,3,27,5,0.11523854368962305,0.0,0.0,0.0,0.0,0.0,0.0,0.0,-0.24535549396077597,0.0
10,3,28,5,0.05916544110263784,0.0,0.0,0.0,0.0,0.0,0.0,0.0,-0.12600377410757618,1.0
10,3,29,5,0.030376550317208866,0.0,0.0,0.0,0.0,0.0,0.0,0.0,-0.06469249468954537,1.0
10,3,30,6,0.015595840950009966,0.0,0.0,0.0,0.0,0.0,0.0,0.0,-0.033214234246537695,1.0
10,3,31,6,0.008007171729444653,0.0,0.0,0.0,0.0,0.0,0.0,0.0,-0.017052756457731064,1.0
10,3,32,6,0.004111019040930697,0.0,0.0,0.0,0.0,0.0,0.0,0.0,-0.008755177092092723,1.0
10,3,0,0,0.0,0.0,0.0,0.0,0.0,0.0,0.0,0.0,0.0,0.0
10,3,1,0,0.17538404855866274,0.0,0.0,0.0,0.0,0.0,0.0,0.0,0.17538404855866274,0.0
10,3,2,0,0.12232296898240944,0.0,0.0,0.0,0.0,0.0,0.0,0.0,0.06116148449120472,0.0
10,3,3,0,0.06314184801096061,0.0,0.0,0.0,0.0,0.0,0.0,0.0,0.021047282670320203,0.0
10,3,4,0,0.08360182430859868,0.0,0.0,0.0,0.0,0.0,0.0,0.0,-0.030594074750021353,0.0
10,3,5,1,0.35257510736745085,0.0,0.0,0.0,0.0,0.0,0.0,0.0,0.0767507127950138,0.0
10,3,6,1,0.3869246079367362,0.0,0.0,0.0,0.0,0.0,0.0,0.0,0.1079275866419252,0.0
10,3,7,1,0.2123019163198776,0.0,0.0,0.0,0.0,0.0,0.0,0.0,0.042900030670426303,0.0
10,3,8,1,0.10899943824205018,0.0,0.0,0.0,0.0,0.0,0.0,0.0,-0.0811918897084669,0.0
10,3,9,1,0.10371452811874567,0.0,0.0,0.0,0.0,0.0,0.0,0.0,-0.09440335993933019,0.0
10,3,10,2,0.546629370374383,0.0,0.0,0.0,0.0,0.0,0.0,0.0,0.11144248468483513,0.0
10,3,11,2,1.1878990922662904,0.0,0.0,0.0,0.0,0.0,0.0,0.0,0.35963321800808007,0.0
10,3,12,2,1.256581793907574,0.0,0.0,0.0,0.0,0.0,0.0,0.0,0.38428908859627614,0.0
10,3,13,2,0.81181572516997,0.0,0.0,0.0,0.0,0.0,0.0,0.0,0.08839545159852902,0.0
10,3,14,2,0.4220483715880252,0.0,0.0,0.0,0.0,0.0,0.0,0.0,-0.2552835735594217,0.0
10,3,15,3,0.22445516060195517,0.0,0.0,0.0,0.0,0.0,0.0,0.0,-0.344042211101873,0.0
10,3,16,3,0.26617831407222103,0.0,0.0,0.0,0.0,0.0,0.0,0.0,-0.181879137032583,0.0
10,3,17,3,0.5844283559611656,0.0,0.0,0.0,0.0,0.0,0.0,0.0,0.054126661457713464,0.0
10,3,18,3,1.7904370224352393,0.0,0.0,0.0,0.0,0.0,0.0,0.0,0.521993953944428,0.0
10,3,19,3,7.6984708719165535,0.0,0.0,0.0,0.0,0.0,0.0,0.0,2.4774308526147775,0.0
10,3,20,4,13.56550228269825,0.0,0.0,0.0,0.0,0.0,0.0,0.0,4.327024642245695,0.0
10,3,21,4,11.259371428079938,0.0,0.0,0.0,0.0,0.0,0.0,0.0,3.156311468548233,0.0
10,3,22,4,8.760150500458849,0.0,0.0,0.0,0.0,0.0,0.0,0.0,0.3538932095140985,0.0
10,3,23,4,10.964421813523275,0.0,0.0,0.0,0.0,0.0,0.0,0.0,-0.8670268230583247,0.0
10,3,24,4,8.976541354702357,0.0,0.0,0.0,0.0,0.0,0.0,0.0,-0.7609433577925268,0.0
10,3,25,5,5.17125140836994,0.0,0.0,0.0,0.0,0.0,0.0,0.0,-1.1962996973629696,0.0
10,3,26,5,2.8343446397162304,0.0,0.0,0.0,0.0,0.0,0.0,0.0,-2.7100257246023483,0.0
10,3,27,5,1.7109566765042457,0.0,0.0,0.0,0.0,0.0,0.0,0.0,-2.4218615593993706,0.0
10,3,28,5,1.4456657687423058,0.0,0.0,0.0,0.0,0.0,0.0,0.0,-1.2418618798758783,0.0
10,3,29,5,1.0701383942378007,0.0,0.0,0.0,0.0,0.0,0.0,0.0,-0.5880687484928099,0.0
10,3,30,6,0.5930217307936981,0.0,0.0,0.0,0.0,0.0,0.0,0.0,-0.37264498190351586,0.0
10,3,31,6,0.30586654571995453,0.0,0.0,0.0,0.0,0.0,0.0,0.0,-0.37993307434078377,0.0
10,3,32,6,0.252305853467696,0.0,0.0,0.0,0.0,0.0,0.0,0.0,-0.2726108469233682,0.0
10,3,33,6,2.023277386419968,0.0,0.0,0.0,0.0,0.0,0.0,0.0,0.4767518852087565,0.0
10,3,34,6,5.570092608718484,0.0,0.0,0.0,0.0,0.0,0.0,0.0,1.75474202099951,0.0
10,3,35,7,8.520790833965593,0.0,0.0,0.0,0.0,0.0,0.0,0.0,2.7561616601659655,0.0
10,3,36,7,9.363751225512043,0.0,0.0,0.0,0.0,0.0,0.0,0.0,2.446824613030692,1.0
10,3,37,7,6.7109693795853484,0.0,0.0,0.0,0.0,0.0,0.0,0.0,0.38029225695562136,1.0
10,3,38,7,3.6033916200489413,0.0,0.0,0.0,0.0,0.0,0.0,0.0,-1.6391330713055507,1.0
10,3,39,7,1.8549981557818849,0.0,0.0,0.0,0.0,0.0,0.0,0.0,-2.5029176899100527,1.0
10,3,40,8,1.0896062350679325,0.0,0.0,0.0,0.0,0.0,0.0,0.0,-1.8737877148391384,1.0
10,2,0,0,0.0,0.0,0.0,0.0,0.0,0.0,0.0,0.0,0.0,0.0
10,2,1,0,0.0,0.0,0.0,0.0,0.0,0.0,0.0,0.0,0.0,0.0
10,2,2,0,0.0,0.0,0.0,0.0,0.0,0.0,0.0,0.0,0.0,0.0
10,2,3,0,0.0,0.0,0.0,0.0,0.0,0.0,0.0,0.0,0.0,0.0
10,2,4,0,0.0,0.0,0.0,0.0,0.0,0.0,0.0,0.0,0.0,0.0
10,2,5,1,0.0,0.0,0.0,0.0,0.0,0.0,0.0,0.0,0.0,0.0
10,2,6,1,0.0,0.0,0.0,0.0,0.0,0.0,0.0,0.0,0.0,0.0
10,2,7,1,0.0,0.0,0.0,0.0,0.0,0.0,0.0,0.0,0.0,0.0
10,2,8,1,0.0,0.0,0.0,0.0,0.0,0.0,0.0,0.0,0.0,0.0
10,2,9,1,0.0,0.0,0.0,0.0,0.0,0.0,0.0,0.0,0.0,0.0
10,2,10,2,0.07520188611580275,0.0,0.0,0.0,0.0,0.0,0.0,0.0,0.02506729537193425,0.0
10,2,11,2,0.7158870175694942,0.0,0.0,0.0,0.0,0.0,0.0,0.0,0.23862900585649807,0.0
10,2,12,2,1.6089897805872204,0.0,0.0,0.0,0.0,0.0,0.0,0.0,0.5363299268624068,0.0
10,2,13,2,2.1083371439865175,0.0,0.0,0.0,0.0,0.0,0.0,0.0,0.6777117526235715,0.0
10,2,14,2,2.1636246656207705,0.0,0.0,0.0,0.0,0.0,0.0,0.0,0.4825792160170921,0.0
10,2,15,3,1.471671014261597,0.0,0.0,0.0,0.0,0.0,0.0,0.0,-0.04577292210854115,0.0
10,2,16,3,0.8918026577117242,0.0,0.0,0.0,0.0,0.0,0.0,0.0,-0.4055114954249311,0.0
10,2,17,3,0.5339665437137644,0.0,0.0,0.0,0.0,0.0,0.0,0.0,-0.543219373969002,0.0
10,2,18,3,0.38336105657101016,0.0,0.0,0.0,0.0,0.0,0.0,0.0,-0.36276998589686227,0.0
10,2,19,3,0.44663518055468177,0.0,0.0,0.0,0.0,0.0,0.0,0.0,-0.14838915905234748,0.0
10,2,20,4,0.49687663787240066,0.0,0.0,0.0,0.0,0.0,0.0,0.0,-0.012363301947121244,0.0
10,2,21,4,0.3373353863803622,0.0,0.0,0.0,0.0,0.0,0.0,0.0,-0.01534189006354932,0.0
10,2,22,4,0.19582507319594367,0.0,0.0,0.0,0.0,0.0,0.0,0.0,-0.08360336911957937,0.0
10,2,23,4,0.11255581703299439,0.0,0.0,0.0,0.0,0.0,0.0,0.0,-0.1281069402798021,0.0
10,2,24,4,0.05802784769504305,0.0,0.0,0.0,0.0,0.0,0.0,0.0,-0.09310251289510639,0.0
10,2,25,5,0.029911695253101216,0.0,0.0,0.0,0.0,0.0,0.0,0.0,-0.05530445931428082,0.0
10,2,26,5,0.18844832548684565,0.0,0.0,0.0,0.0,0.0,0.0,0.0,0.02529750281795042,0.0
10,2,27,5,1.3411742554669814,0.0,0.0,0.0,0.0,0.0,0.0,0.0,0.4277154692573128,0.0
10,2,28,5,3.1377473740924415,0.0,0.0,0.0,0.0,0.0,0.0,0.0,1.0359452262797801,0.0
10,2,29,5,2.0439877885776103,0.0,0.0,0.0,0.0,0.0,0.0,0.0,0.6185131543635882,0.0
10,2,30,6,1.0524570012027659,0.0,0.0,0.0,0.0,0.0,0.0,0.0,-0.09623908475473852,1.0
10,2,31,6,0.5403494414632062,0.0,0.0,0.0,0.0,0.0,0.0,0.0,-0.8657993108764117,1.0
10,2,32,6,0.2774246535069099,0.0,0.0,0.0,0.0,0.0,0.0,0.0,-0.5888543783569001,1.0
10,2,33,6,0.14243456635213297,0.0,0.0,0.0,0.0,0.0,0.0,0.0,-0.30334081161687765,1.0
10,2,34,6,0.07312834470716881,0.0,0.0,0.0,0.0,0.0,0.0,0.0,-0.1557403655853458,1.0
10,3,0,0,0.0,0.0,0.0,0.0,0.0,0.0,0.0,0.0,0.0,0.0
10,3,1,0,2.7169529809399533,0.0,0.0,0.0,0.0,0.0,0.0,0.0,2.7169529809399533,0.0
10,3,2,0,2.5283556660614126,0.0,0.0,0.0,0.0,0.0,0.0,0.0,1.2641778330307063,0.0
10,3,3,0,1.4729321400906832,0.0,0.0,0.0,0.0,0.0,0.0,0.0,0.49097738003022773,0.0
10,3,4,0,0.8501501934866671,0.0,0.0,0.0,0.0,0.0,0.0,0.0,-0.622267595817762,0.0
10,3,5,1,0.5579362222096889,0.0,0.0,0.0,0.0,0.0,0.0,0.0,-0.656806481283908,0.0
10,3,6,1,0.4287938652952596,0.0,0.0,0.0,0.0,0.0,0.0,0.0,-0.3480460915984745,0.0
10,3,7,1,0.39867983651846,0.0,0.0,0.0,0.0,0.0,0.0,0.0,-0.15049011898940237,0.0
10,3,8,1,0.9816088693717968,0.0,0.0,0.0,0.0,0.0,0.0,0.0,0.14122421572070265,0.0
10,3,9,1,1.0209477664439968,0.0,0.0,0.0,0.0,0.0,0.0,0.0,0.1973846337162457,0.0
10,3,10,2,0.8885160372593449,0.0,0.0,0.0,0.0,0.0,0.0,0.0,0.16327873358029496,0.0
10,3,11,2,1.119814993917888,0.0,0.0,0.0,0.0,0.0,0.0,0.0,0.046068708182030425,0.0
10,3,12,2,1.267966582310359,0.0,0.0,0.0,0.0,0.0,0.0,0.0,0.0823396052887874,0.0
10,3,13,2,1.1805569631777673,0.0,0.0,0.0,0.0,0.0,0.0,0.0,0.09734697530614078,0.0
10,3,14,2,0.8573006249019699,0.0,0.0,0.0,0.0,0.0,0.0,0.0,-0.08750478967197273,0.0
10,3,15,3,0.5614297506588195,0.0,0.0,0.0,0.0,0.0,0.0,0.0,-0.23551227721717982,0.0
10,3,16,3,0.31314919251778994,0.0,0.0,0.0,0.0,0.0,0.0,0.0,-0.2891359235533258,0.0
10,3,17,3,0.1623139961549579,0.0,0.0,0.0,0.0,0.0,0.0,0.0,-0.23166220958233733,0.0
10,3,18,3,0.32102995173150034,0.0,0.0,0.0,0.0,0.0,0.0,0.0,-0.08013326630910639,0.0
10,3,19,3,1.8723700804066117,0.0,0.0,0.0,0.0,0.0,0.0,0.0,0.5197402959629406,0.0
10,3,20,4,2.4040055688096897,0.0,0.0,0.0,0.0,0.0,0.0,0.0,0.747230524218244,0.0
10,3,21,4,1.8618567260286893,0.0,0.0,0.0,0.0,0.0,0.0,0.0,0.5136089247657297,0.0
10,3,22,4,1.1905905103216563,0.0,0.0,0.0,0.0,0.0,0.0,0.0,-0.22725985669498514,0.0
10,3,23,4,0.6558892746330951,0.0,0.0,0.0,0.0,0.0,0.0,0.0,-0.5827054313921982,0.0
10,3,24,4,0.44950766804327147,0.0,0.0,0.0,0.0,0.0,0.0,0.0,-0.4707830193284726,0.0
10,3,25,5,2.5256428547687104,0.0,0.0,0.0,0.0,0.0,0.0,0.0,0.44501744814901806,0.0
10,3,26,5,5.8479716809107405,0.0,0.0,0.0,0.0,0.0,0.0,0.0,1.7306941354258818,0.0
10,3,27,5,3.53547723007971,0.0,0.0,0.0,0.0,0.0,0.0,0.0,1.028656520678813,0.0
10,3,28,5,1.8569373448957176,0.0,0.0,0.0,0.0,0.0,0.0,0.0,-0.22290183662433094,0.0
10,3,29,5,0.9730722400169779,0.0,0.0,0.0,0.0,0.0,0.0,0.0,-1.624966480297921,0.0
10,3,30,6,0.5013768434686747,0.0,0.0,0.0,0.0,0.0,0.0,0.0,-1.0113667955370118,0.0
10,3,31,6,0.2574267926215501,0.0,0.0,0.0,0.0,0.0,0.0,0.0,-0.5331701840913892,0.0
10,3,32,6,0.1400210883371939,0.0,0.0,0.0,0.0,0.0,0.0,0.0,-0.2776837172265947,1.0
10,3,33,6,0.2339412529700176,0.0,0.0,0.0,0.0,0.0,0.0,0.0,-0.0891451968328857,1.0
10,3,34,6,0.3174636446117276,0.0,0.0,0.0,0.0,0.0,0.0,0.0,0.020012283996725833,1.0
10,3,35,7,1.759657827422255,0.0,0.0,0.0,0.0,0.0,0.0,0.0,0.5398789130283537,1.0
10,3,36,7,2.2260867000449966,0.0,0.0,0.0,0.0,0.0,0.0,0.0,0.6640484823583264,1.0
10,2,0,0,0.0,0.0,0.0,0.0,0.0,0.0,0.0,0.0,0.0,0.0
10,2,1,0,0.0,0.0,0.0,0.0,0.0,0.0,0.0,0.0,0.0,0.0
10,2,2,0,0.0,0.0,0.0,0.0,0.0,0.0,0.0,0.0,0.0,0.0
10,2,3,0,0.0,0.0,0.0,0.0,0.0,0.0,0.0,0.0,0.0,0.0
10,2,4,0,0.0,0.0,0.0,0.0,0.0,0.0,0.0,0.0,0.0,0.0
10,2,5,1,0.0,0.0,0.0,0.0,0.0,0.0,0.0,0.0,0.0,0.0
10,2,6,1,0.0,0.0,0.0,0.0,0.0,0.0,0.0,0.0,0.0,0.0
10,2,7,1,0.0,0.0,0.0,0.0,0.0,0.0,0.0,0.0,0.0,0.0
10,2,8,1,0.0,0.0,0.0,0.0,0.0,0.0,0.0,0.0,0.0,0.0
10,2,9,1,0.0,0.0,0.0,0.0,0.0,0.0,0.0,0.0,0.0,0.0
10,2,10,2,0.0,0.0,0.0,0.0,0.0,0.0,0.0,0.0,0.0,0.0
10,2,11,2,0.0,0.0,0.0,0.0,0.0,0.0,0.0,0.0,0.0,0.0
10,2,12,2,0.0,0.0,0.0,0.0,0.0,0.0,0.0,0.0,0.0,0.0
10,2,13,2,0.0,0.0,0.0,0.0,0.0,0.0,0.0,0.0,0.0,0.0
10,2,14,2,0.0,0.0,0.0,0.0,0.0,0.0,0.0,0.0,0.0,0.0
10,2,15,3,0.0,0.0,0.0,0.0,0.0,0.0,0.0,0.0,0.0,0.0
10,2,16,3,0.0,0.0,0.0,0.0,0.0,0.0,0.0,0.0,0.0,0.0
10,2,17,3,0.0,0.0,0.0,0.0,0.0,0.0,0.0,0.0,0.0,0.0
10,2,18,3,0.0,0.0,0.0,0.0,0.0,0.0,0.0,0.0,0.0,0.0
10,2,19,3,0.0,0.0,0.0,0.0,0.0,0.0,0.0,0.0,0.0,0.0
10,2,20,4,0.01043067877763143,0.0,0.0,0.0,0.0,0.0,0.0,0.0,0.0034768929258771433,0.0
10,2,21,4,0.14662492663757404,0.0,0.0,0.0,0.0,0.0,0.0,0.0,0.04887497554585801,0.0
10,2,22,4,0.8492941488353277,0.0,0.0,0.0,0.0,0.0,0.0,0.0,0.2830980496117759,0.0
10,2,23,4,2.319638551141101,0.0,0.0,0.0,0.0,0.0,0.0,0.0,0.7697359574544899,0.0
10,2,24,4,1.8017682664840815,0.0,0.0,0.0,0.0,0.0,0.0,0.0,0.5517144466155025,0.0
10,2,25,5,0.9468474028431186,0.0,0.0,0.0,0.0,0.0,0.0,0.0,0.0325177513359303,0.0
10,2,26,5,0.5720093678763679,0.0,0.0,0.0,0.0,0.0,0.0,0.0,-0.5825430610882444,0.0
10,2,27,5,0.6078720655426983,0.0,0.0,0.0,0.0,0.0,0.0,0.0,-0.3979654003137944,0.0
10,2,28,5,0.503477269288154,0.0,0.0,0.0,0.0,0.0,0.0,0.0,-0.14779004451832156,0.0
10,2,29,5,0.5608291423039494,0.0,0.0,0.0,0.0,0.0,0.0,0.0,-0.0037267418574728297,0.0
10,2,30,6,0.4978590010371443,0.0,0.0,0.0,0.0,0.0,0.0,0.0,-0.03667102150185134,0.0
10,2,31,6,0.27194197226895545,0.0,0.0,0.0,0.0,0.0,0.0,0.0,-0.07717843233973283,0.0
10,2,32,6,0.15070533127086688,0.0,0.0,0.0,0.0,0.0,0.0,0.0,-0.1367079370110275,0.0
10,2,33,6,2.412213385877989,0.0,0.0,0.0,0.0,0.0,0.0,0.0,0.6381181282802816,0.0
10,2,34,6,5.029495760163355,0.0,0.0,0.0,0.0,0.0,0.0,0.0,1.5858512626314667,0.0
10,2,35,7,3.092450610917954,0.0,0.0,0.0,0.0,0.0,0.0,0.0,0.9805817598823623,0.0
10,2,36,7,1.5971400399817124,0.0,0.0,0.0,0.0,0.0,0.0,0.0,-0.2716911152987589,0.0
10,2,37,7,0.819999038019011,0.0,0.0,0.0,0.0,0.0,0.0,0.0,-1.4031655740481146,0.0
10,2,38,7,0.42100154370921805,0.0,0.0,0.0,0.0,0.0,0.0,0.0,-0.890483022402912,0.0
10,2,39,7,0.3898218050956755,0.0,0.0,0.0,0.0,0.0,0.0,0.0,-0.40243941162867897,0.0
10,2,40,8,2.167629368889895,0.0,0.0,0.0,0.0,0.0,0.0,0.0,0.4492101102902946,0.0
10,2,41,8,6.518624525971006,0.0,0.0,0.0,0.0,0.0,0.0,0.0,2.0325409940872627,0.0
10,2,42,8,7.1222923174774735,0.0,0.0,0.0,0.0,0.0,0.0,0.0,2.2441568374605994,1.0
10,2,43,8,4.017578584305979,0.0,0.0,0.0,0.0,0.0,0.0,0.0,0.6166497384720281,1.0
10,2,44,8,2.0645773889993366,0.0,0.0,0.0,0.0,0.0,0.0,0.0,-1.4846823789905566,1.0
10,2,45,9,1.5771813657643787,0.0,0.0,0.0,0.0,0.0,0.0,0.0,-1.8483703172376984,1.0
10,2,46,9,11.471327494096967,0.0,0.0,0.0,0.0,0.0,0.0,0.0,2.484582969930329,1.0
10,2,0,0,0.0,0.0,0.0,0.0,0.0,0.0,0.0,0.0,0.0,0.0
10,2,1,0,2.3466126567852243,0.0,0.0,0.0,0.0,0.0,0.0,0.0,2.3466126567852243,0.0
10,2,2,0,2.9202702750003473,0.0,0.0,0.0,0.0,0.0,0.0,0.0,1.4601351375001737,0.0
10,2,3,0,2.5653118949804257,0.0,0.0,0.0,0.0,0.0,0.0,0.0,0.8551039649934752,0.0
10,2,4,0,1.915073378447282,0.0,0.0,0.0,0.0,0.0,0.0,0.0,-0.14384642611264745,0.0
10,2,5,1,1.0693774393992423,0.0,0.0,0.0,0.0,0.0,0.0,0.0,-0.6169642785337016,0.0
10,2,6,1,0.550348759477952,0.0,0.0,0.0,0.0,0.0,0.0,0.0,-0.6716543785008245,0.0
10,2,7,1,0.2825584745543315,0.0,0.0,0.0,0.0,0.0,0.0,0.0,-0.5441716346309835,0.0
10,2,8,1,0.14629631900745238,0.0,0.0,0.0,0.0,0.0,0.0,0.0,-0.3076937067972633,0.0
10,2,9,1,0.9212273333825104,0.0,0.0,0.0,0.0,0.0,0.0,0.0,0.12362619130151946,0.0
10,2,10,2,7.705429986886319,0.0,0.0,0.0,0.0,0.0,0.0,0.0,2.4742905041106624,0.0
10,2,11,2,39.338578106791736,1.0,1.0,1.0,1.0,0.0,25.58785401154643,21.729054853796413,13.064093929261427,0.0
10,2,12,2,46.6931696952949,1.0,1.0,1.0,1.0,0.0,32.26559542850863,23.645230904373587,15.257314120637462,0.0
10,2,13,2,26.774885394094387,1.0,1.0,1.0,1.0,1.0,11.649723194592104,2.8103643891973427,6.356485135736023,0.0
10,2,14,2,13.878865019223595,0.0,0.0,0.0,0.0,0.0,0.0,0.0,-8.48657102918938,0.0
10,2,15,3,7.127514614537638,0.0,0.0,0.0,0.0,0.0,0.0,0.0,-13.188551693585753,0.0
10,2,16,3,3.659388019258616,0.0,0.0,0.0,0.0,0.0,0.0,0.0,-7.705165791611923,0.0
10,2,17,3,1.8787924542701449,0.0,0.0,0.0,0.0,0.0,0.0,0.0,-4.000024188317816,0.0
10,2,18,3,0.9653416985008706,0.0,0.0,0.0,0.0,0.0,0.0,0.0,-2.0540576386789224,0.0
10,2,19,3,0.715646244969272,0.0,0.0,0.0,0.0,0.0,0.0,0.0,-0.981247258096448,0.0
10,2,20,4,1.8056704903399403,0.0,0.0,0.0,0.0,0.0,0.0,0.0,-0.024373987976734846,0.0
10,2,21,4,2.563687814232054,0.0,0.0,0.0,0.0,0.0,0.0,0.0,0.5327820385770612,0.0
10,2,22,4,1.7645288137692747,0.0,0.0,0.0,0.0,0.0,0.0,0.0,0.34962752293333427,0.0
10,2,23,4,1.2352227524120618,0.0,0.0,0.0,0.0,0.0,0.0,0.0,-0.1901492459759595,0.0
10,2,24,4,1.5775210389916077,0.0,0.0,0.0,0.0,0.0,0.0,0.0,-0.3287222584134821,0.0
10,2,25,5,4.1257068544287705,0.0,0.0,0.0,0.0,0.0,0.0,0.0,0.7870593468864987,0.0
10,2,26,5,6.440882319276385,0.0,0.0,0.0,0.0,0.0,0.0,0.0,1.735219855621441,0.0
10,2,27,5,9.112468924927654,0.0,0.0,0.0,0.0,0.0,0.0,0.0,2.5116492953120155,0.0
10,2,28,5,8.064633954705231,0.0,0.0,0.0,0.0,0.0,0.0,0.0,1.3129757000921536,0.0
10,2,29,5,4.402313240463563,0.0,0.0,0.0,0.0,0.0,0.0,0.0,-0.6795230262709406,0.0
10,2,30,6,2.562839074962306,0.0,0.0,0.0,0.0,0.0,0.0,0.0,-2.1832099499884494,0.0
10,2,31,6,2.961907889428904,0.0,0.0,0.0,0.0,0.0,0.0,0.0,-1.7009086884254423,0.0
10,2,32,6,19.481332027227403,0.0,0.0,0.0,0.0,0.0,0.0,0.0,5.026339595587946,0.0
10,2,33,6,60.946074259483765,1.0,0.0,1.0,1.0,0.0,11.64735147285245,19.333991735828732,19.461078394840488,1.0
10,2,34,6,63.00865301248643,1.0,0.0,1.0,1.0,0.0,10.19681849555591,14.267347725507427,20.01558170768584,1.0
10,2,35,7,40.04047886720991,0.0,0.0,0.0,0.0,0.0,0.0,0.0,6.853048946660837,1.0
10,2,36,7,21.50308345626454,0.0,0.0,0.0,0.0,0.0,0.0,0.0,-13.147663601073075,1.0
10,2,37,7,11.313052546987542,0.0,0.0,0.0,0.0,0.0,0.0,0.0,-17.231866821832963,1.0
11,3,0,0,0.0,0.0,0.0,0.0,0.0,0.0,0.0,0.0,0.0,0.0
11,3,1,0,0.0,0.0,0.0,0.0,0.0,0.0,0.0,0.0,0.0,0.0
11,3,2,0,0.0,0.0,0.0,0.0,0.0,0.0,0.0,0.0,0.0,0.0
11,3,3,0,0.0,0.0,0.0,0.0,0.0,0.0,0.0,0.0,0.0,0.0
11,3,4,0,0.0,0.0,0.0,0.0,0.0,0.0,0.0,0.0,0.0,0.0
11,3,5,1,0.009090757856427968,0.0,0.0,0.0,0.0,0.0,0.0,0.0,0.0030302526188093226,0.0
11,3,6,1,0.33405475416642644,0.0,0.0,0.0,0.0,0.0,0.0,0.0,0.11135158472214214,0.0
11,3,7,1,0.6779235693885768,0.0,0.0,0.0,0.0,0.0,0.0,0.0,0.2259745231295256,0.0
11,3,8,1,0.5342753012851542,0.0,0.0,0.0,0.0,0.0,0.0,0.0,0.17506151447624207,0.0
11,3,9,1,1.1650301685156688,0.0,0.0,0.0,0.0,0.0,0.0,0.0,0.2769918047830808,0.0
11,3,10,2,2.077639729675045,0.0,0.0,0.0,0.0,0.0,0.0,0.0,0.4665720534288227,0.0
11,3,11,2,1.8259718290851552,0.0,0.0,0.0,0.0,0.0,0.0,0.0,0.430565509266667,0.0
11,3,12,2,1.3585884741518395,0.0,0.0,0.0,0.0,0.0,0.0,0.0,0.0645194352120569,0.0
11,3,13,2,1.209637273581158,0.0,0.0,0.0,0.0,0.0,0.0,0.0,-0.2893341520312956,0.0
11,3,14,2,1.4080676776621925,0.0,0.0,0.0,0.0,0.0,0.0,0.0,-0.13930138380765422,0.0
11,3,15,3,1.3075321640909974,0.0,0.0,0.0,0.0,0.0,0.0,0.0,-0.0170187700202807,0.0
11,3,16,3,1.204963276916195,0.0,0.0,0.0,0.0,0.0,0.0,0.0,-0.0015579988883209772,0.0
11,3,17,3,1.1550917560722722,0.0,0.0,0.0,0.0,0.0,0.0,0.0,-0.08432530719664011,0.0
11,3,18,3,0.9002288275774959,0.0,0.0,0.0,0.0,0.0,0.0,0.0,-0.13576777883783384,0.0
11,3,19,3,0.7889150778178258,0.0,0.0,0.0,0.0,0.0,0.0,0.0,-0.13868273303278977,0.0
11,3,20,4,0.5934717298056491,0.0,0.0,0.0,0.0,0.0,0.0,0.0,-0.1872066754222077,0.0
11,3,21,4,0.44879492729614934,0.0,0.0,0.0,0.0,0.0,0.0,0.0,-0.15047796676044886,0.0
11,3,22,4,0.5851574096712007,0.0,0.0,0.0,0.0,0.0,0.0,0.0,-0.0679192227155417,0.0
11,3,23,4,0.5956348347357789,0.0,0.0,0.0,0.0,0.0,0.0,0.0,0.0007210349767099444,0.0
11,3,24,4,0.36958740912780447,0.0,0.0,0.0,0.0,0.0,0.0,0.0,-0.026402506056114956,0.0
11,3,25,5,0.2193277438974863,0.0,0.0,0.0,0.0,0.0,0.0,0.0,-0.12194322192457145,0.0
11,3,26,5,0.14864482136944807,0.0,0.0,0.0,0.0,0.0,0.0,0.0,-0.1489966711221103,0.0
11,3,27,5,0.1870488659438063,0.0,0.0,0.0,0.0,0.0,0.0,0.0,-0.06084618106133272,0.0
11,3,28,5,0.8517713321001973,0.0,0.0,0.0,0.0,0.0,0.0,0.0,0.21081452940090364,0.0
11,3,29,5,1.9652038717571862,0.0,0.0,0.0,0.0,0.0,0.0,0.0,0.6055196834625794,0.0
11,3,30,6,2.551588421963107,0.0,0.0,0.0,0.0,0.0,0.0,0.0,0.7881798520064335,0.0
11,3,31,6,3.326970289599089,0.0,0.0,0.0,0.0,0.0,0.0,0.0,0.8250663191662971,0.0
11,3,32,6,3.016566275524399,0.0,0.0,0.0,0.0,0.0,0.0,0.0,0.3504541345890709,0.0
11,3,33,6,1.9370633713669652,0.0,0.0,0.0,0.0,0.0,0.0,0.0,-0.20484168353204724,0.0
11,3,34,6,1.1302151135532927,0.0,0.0,0.0,0.0,0.0,0.0,0.0,-0.7322517253485987,0.0
11,3,35,7,0.618187887642546,0.0,0.0,0.0,0.0,0.0,0.0,0.0,-0.7994594626272843,0.0
11,3,36,7,0.32456920223741675,0.0,0.0,0.0,0.0,0.0,0.0,0.0,-0.5374980563765162,0.0
11,3,37,7,0.17639057655512733,0.0,0.0,0.0,0.0,0.0,0.0,0.0,-0.3179415123327218,0.0
11,3,38,7,0.1543483508834654,0.0,0.0,0.0,0.0,0.0,0.0,0.0,-0.1546131789196935,0.0
11,3,39,7,0.21224466978376327,0.0,0.0,0.0,0.0,0.0,0.0,0.0,-0.037441510817884494,0.0
11,3,40,8,0.4131774949629921,0.0,0.0,0.0,0.0,0.0,0.0,0.0,0.0789289728026216,0.0
11,3,41,8,1.1859576942341101,0.0,0.0,0.0,0.0,0.0,0.0,0.0,0.3438697811168816,0.0
11,3,42,8,2.142971312361605,0.0,0.0,0.0,0.0,0.0,0.0,0.0,0.6435755475259474,0.0
11,3,43,8,2.123102246693656,0.0,0.0,0.0,0.0,0.0,0.0,0.0,0.5699749172435546,0.0
11,3,44,8,1.554394260396038,0.0,0.0,0.0,0.0,0.0,0.0,0.0,0.12281218872064259,0.0
11,3,45,9,2.9226925303721694,0.0,0.0,0.0,0.0,0.0,0.0,0.0,0.25990707267018803,0.0
11,3,46,9,9.790763885432074,0.0,0.0,0.0,0.0,0.0,0.0,0.0,2.5558872129128063,0.0
11,3,47,9,20.306014005492514,0.0,0.0,0.0,0.0,0.0,0.0,0.0,6.250539915032159,0.0
11,3,48,9,37.17834756365022,0.0,0.0,0.0,0.0,0.0,0.0,0.0,11.418551677759352,0.0
11,3,49,9,47.70826136782641,0.0,0.0,0.0,0.0,0.0,0.0,0.0,12.63916582746478,0.0
11,3,50,10,43.731684991586434,0.0,0.0,0.0,0.0,0.0,0.0,0.0,7.80855699536464,0.0
11,3,51,10,32.49425156284671,0.0,0.0,0.0,0.0,0.0,0.0,0.0,-1.561365333601169,0.0
11,3,52,10,24.955841580214255,0.0,0.0,0.0,0.0,0.0,0.0,0.0,-7.584139929204052,0.0
11,3,53,10,24.628238172259696,0.0,0.0,0.0,0.0,0.0,0.0,0.0,-6.367815606442246,0.0
11,3,54,10,20.71171619517702,0.0,0.0,0.0,0.0,0.0,0.0,0.0,-3.9275117892232316,0.0
11,3,55,11,15.024540314915617,0.0,0.0,0.0,0.0,0.0,0.0,0.0,-3.3104337550995457,0.0
11,3,56,11,14.363118667795437,0.0,0.0,0.0,0.0,0.0,0.0,0.0,-3.4217065014880865,0.0
11,3,57,11,14.64584534928543,0.0,0.0,0.0,0.0,0.0,0.0,0.0,-2.0219569486305295,0.0
11,3,58,11,12.743752987105566,0.0,0.0,0.0,0.0,0.0,0.0,0.0,-0.7602624426033504,1.0
11,3,59,11,9.242197127801681,0.0,0.0,0.0,0.0,0.0,0.0,0.0,-1.7069738466645852,1.0
11,3,60,11,5.5850608118911875,0.0,0.0,0.0,0.0,0.0,0.0,0.0,-3.0202615124647476,1.0
11,3,61,11,4.695407216345693,0.0,0.0,0.0,0.0,0.0,0.0,0.0,-2.6827819235866244,1.0
11,3,62,11,12.430630162899867,0.0,0.0,0.0,0.0,0.0,0.0,0.0,1.0628110116993952,1.0
11,1,0,0,0.0,0.0,0.0,0.0,0.0,0.0,0.0,0.0,0.0,0.0
11,1,1,0,0.02610576154946405,0.0,0.0,0.0,0.0,0.0,0.0,0.0,0.02610576154946405,0.0
11,1,2,0,0.10242192064663144,0.0,0.0,0.0,0.0,0.0,0.0,0.0,0.05121096032331572,0.0
11,1,3,0,0.4857284714310916,0.0,0.0,0.0,0.0,0.0,0.0,0.0,0.16190949047703054,0.0
11,1,4,0,1.0534677440822553,0.0,0.0,0.0,0.0,0.0,0.0,0.0,0.3424539941775971,0.0
11,1,5,1,1.004301051842295,0.0,0.0,0.0,0.0,0.0,0.0,0.0,0.30062637706522116,0.0
11,1,6,1,0.7347168708283602,0.0,0.0,0.0,0.0,0.0,0.0,0.0,0.08299613313242288,0.0
11,1,7,1,0.46743207205112614,0.0,0.0,0.0,0.0,0.0,0.0,0.0,-0.19534522401037638,0.0
11,1,8,1,0.3196402724847759,0.0,0.0,0.0,0.0,0.0,0.0,0.0,-0.2282202597858397,0.0
11,1,9,1,0.49834281207697906,0.0,0.0,0.0,0.0,0.0,0.0,0.0,-0.07879135291712706,0.0
11,1,10,2,0.7024808451753985,0.0,0.0,0.0,0.0,0.0,0.0,0.0,0.07834959104142414,0.0
11,1,11,2,0.5430016941793387,0.0,0.0,0.0,0.0,0.0,0.0,0.0,0.07445380723152095,0.0
11,1,12,2,0.5292976838486808,0.0,0.0,0.0,0.0,0.0,0.0,0.0,0.01031829059056725,0.0
11,1,13,2,0.6972940209312365,0.0,0.0,0.0,0.0,0.0,0.0,0.0,-0.001728941414720686,0.0
11,1,14,2,0.5858586401208787,0.0,0.0,0.0,0.0,0.0,0.0,0.0,0.014285648647179997,0.0
11,1,15,3,0.4321786275081718,0.0,0.0,0.0,0.0,0.0,0.0,0.0,-0.03237301878016966,0.0
11,1,16,3,0.5661248342644775,0.0,0.0,0.0,0.0,0.0,0.0,0.0,-0.04372306222225301,0.0
11,1,17,3,0.8511366550651709,0.0,0.0,0.0,0.0,0.0,0.0,0.0,0.08842600498143072,0.0
11,1,18,3,0.7148564976286853,0.0,0.0,0.0,0.0,0.0,0.0,0.0,0.09422595670683782,0.0
11,1,19,3,1.0661099772589167,0.0,0.0,0.0,0.0,0.0,0.0,0.0,0.16666171433147972,0.0
11,1,20,4,3.932379687764187,0.0,0.0,0.0,0.0,0.0,0.0,0.0,1.027081010899672,0.0
11,1,21,4,4.7997792259962075,0.0,0.0,0.0,0.0,0.0,0.0,0.0,1.3616409094558408,0.0
11,1,22,4,4.282120066196151,0.0,0.0,0.0,0.0,0.0,0.0,0.0,1.0720033629790782,0.0
11,1,23,4,5.576421487807723,0.0,0.0,0.0,0.0,0.0,0.0,0.0,0.5480139333478453,0.0
11,1,24,4,5.091209655469325,0.0,0.0,0.0,0.0,0.0,0.0,0.0,0.0971434764910392,0.0
11,1,25,5,3.924042841829484,0.0,0.0,0.0,0.0,0.0,0.0,0.0,-0.11935907478888892,0.0
11,1,26,5,4.929442022086507,0.0,0.0,0.0,0.0,0.0,0.0,0.0,-0.21565982190707209,0.0
11,1,27,5,3.97553018308144,0.0,0.0,0.0,0.0,0.0,0.0,0.0,-0.37189315746262847,0.0
11,1,28,5,2.3588343940258896,0.0,0.0,0.0,0.0,0.0,0.0,0.0,-0.5217361492678648,0.0
11,1,29,5,1.6118328288682902,0.0,0.0,0.0,0.0,0.0,0.0,0.0,-1.1058697310727388,0.0
11,1,30,6,1.5386949544605142,0.0,0.0,0.0,0.0,0.0,0.0,0.0,-0.8122784095403085,0.0
11,1,31,6,1.986930053230827,0.0,0.0,0.0,0.0,0.0,0.0,0.0,-0.1239681135983542,0.0
11,1,32,6,5.598745838511665,0.0,0.0,0.0,0.0,0.0,0.0,0.0,1.3289710032144582,0.0
11,1,33,6,10.051508210975623,0.0,0.0,0.0,0.0,0.0,0.0,0.0,2.8376044188383696,0.0
11,1,34,6,18.517821647986544,0.0,0.0,0.0,0.0,0.0,0.0,0.0,5.510297198251905,0.0
11,1,35,7,37.479533152741126,0.0,0.0,0.0,0.0,0.0,0.0,0.0,10.626929104743153,0.0
11,1,36,7,45.98950015671832,0.0,0.0,0.0,1.0,0.0,0.0,0.412724831423958,11.979330648580898,0.0
11,1,37,7,43.239170085765835,0.0,0.0,0.0,0.0,0.0,0.0,0.0,8.240449479259764,0.0
11,1,38,7,35.815659842370835,0.0,0.0,0.0,0.0,0.0,0.0,0.0,-0.5546244367900973,0.0
11,1,39,7,25.383122580173975,0.0,0.0,0.0,0.0,0.0,0.0,0.0,-6.868792525514782,0.0
11,1,40,8,15.747456399379226,0.0,0.0,0.0,0.0,0.0,0.0,0.0,-9.16390456212887,0.0
11,1,41,8,10.041300439121144,0.0,0.0,0.0,0.0,0.0,0.0,0.0,-8.591453134416563,0.0
11,1,42,8,6.574239655076527,0.0,0.0,0.0,0.0,0.0,0.0,0.0,-6.26962764169915,0.0
11,1,43,8,6.2230234584043735,0.0,0.0,0.0,0.0,0.0,0.0,0.0,-3.174810980324951,0.0
11,1,44,8,11.657813689752288,0.0,0.0,0.0,0.0,0.0,0.0,0.0,0.5388377502103813,1.0
11,1,45,9,17.835980927514854,0.0,0.0,0.0,0.0,0.0,0.0,0.0,3.753913757479442,1.0
11,1,46,9,17.315539773733974,0.0,0.0,0.0,0.0,0.0,0.0,0.0,3.6975054384432,1.0
11,1,47,9,18.12111057871371,0.0,0.0,0.0,0.0,0.0,0.0,0.0,2.1544322963204743,1.0
11,1,48,9,16.786118518180317,0.0,0.0,0.0,0.0,0.0,0.0,0.0,-0.3499541364448457,1.0
11,3,0,0,0.0,0.0,0.0,0.0,0.0,0.0,0.0,0.0,0.0,0.0
11,3,1,0,0.0,0.0,0.0,0.0,0.0,0.0,0.0,0.0,0.0,0.0
11,3,2,0,0.0,0.0,0.0,0.0,0.0,0.0,0.0,0.0,0.0,0.0
11,3,3,0,0.0,0.0,0.0,0.0,0.0,0.0,0.0,0.0,0.0,0.0
11,3,4,0,0.0,0.0,0.0,0.0,0.0,0.0,0.0,0.0,0.0,0.0
11,3,5,1,0.0,0.0,0.0,0.0,0.0,0.0,0.0,0.0,0.0,0.0
11,3,6,1,0.0,0.0,0.0,0.0,0.0,0.0,0.0,0.0,0.0,0.0
11,3,7,1,0.0,0.0,0.0,0.0,0.0,0.0,0.0,0.0,0.0,0.0
11,3,8,1,0.0,0.0,0.0,0.0,0.0,0.0,0.0,0.0,0.0,0.0
11,3,9,1,0.0,0.0,0.0,0.0,0.0,0.0,0.0,0.0,0.0,0.0
11,3,10,2,0.0,0.0,0.0,0.0,0.0,0.0,0.0,0.0,0.0,0.0
11,3,11,2,0.0,0.0,0.0,0.0,0.0,0.0,0.0,0.0,0.0,0.0
11,3,12,2,0.0,0.0,0.0,0.0,0.0,0.0,0.0,0.0,0.0,0.0
11,3,13,2,0.028536719113888977,0.0,0.0,0.0,0.0,0.0,0.0,0.0,0.009512239704629659,0.0
11,3,14,2,0.15745297567244812,0.0,0.0,0.0,0.0,0.0,0.0,0.0,0.05248432522414937,0.0
11,3,15,3,0.3520308007238082,0.0,0.0,0.0,0.0,0.0,0.0,0.0,0.1173436002412694,0.0
11,3,16,3,1.3914997292423832,0.0,0.0,0.0,0.0,0.0,0.0,0.0,0.4543210033761647,0.0
11,3,17,3,3.630306111638946,0.0,0.0,0.0,0.0,0.0,0.0,0.0,1.1576177119888327,0.0
11,3,18,3,5.126448206905474,0.0,0.0,0.0,0.0,0.0,0.0,0.0,1.591472468727222,0.0
11,3,19,3,5.593376667166087,0.0,0.0,0.0,0.0,0.0,0.0,0.0,1.4006256459745678,0.0
11,3,20,4,4.72927564100733,0.0,0.0,0.0,0.0,0.0,0.0,0.0,0.36632317645612805,0.0
11,3,21,4,2.724931730552819,0.0,0.0,0.0,0.0,0.0,0.0,0.0,-0.8005054921175517,0.0
11,3,22,4,1.401848508558121,0.0,0.0,0.0,0.0,0.0,0.0,0.0,-1.397176052869322,0.0
11,3,23,4,0.7197330225840474,0.0,0.0,0.0,0.0,0.0,0.0,0.0,-1.3365142061410944,0.0
11,3,24,4,0.36952325492772164,0.0,0.0,0.0,0.0,0.0,0.0,0.0,-0.785136158541699,0.0
11,3,25,5,0.18971956496053716,0.0,0.0,0.0,0.0,0.0,0.0,0.0,-0.4040429811991946,0.0
11,3,26,5,0.09740527246615585,0.0,0.0,0.0,0.0,0.0,0.0,0.0,-0.20744258337263052,1.0
11,3,27,5,0.05000953436815847,0.0,0.0,0.0,0.0,0.0,0.0,0.0,-0.10650457351985439,1.0
11,3,28,5,0.025675751059461356,0.0,0.0,0.0,0.0,0.0,0.0,0.0,-0.0546812713003586,1.0
11,3,29,5,0.11290245885449428,0.0,0.0,0.0,0.0,0.0,0.0,0.0,0.005165728796112809,1.0
11,3,30,6,0.6598397247198875,0.0,0.0,0.0,0.0,0.0,0.0,0.0,0.203276730117243,1.0
11,1,0,0,0.0,0.0,0.0,0.0,0.0,0.0,0.0,0.0,0.0,0.0
11,1,1,0,0.0,0.0,0.0,0.0,0.0,0.0,0.0,0.0,0.0,0.0
11,1,2,0,0.0,0.0,0.0,0.0,0.0,0.0,0.0,0.0,0.0,0.0
11,1,3,0,0.0,0.0,0.0,0.0,0.0,0.0,0.0,0.0,0.0,0.0
11,1,4,0,0.0,0.0,0.0,0.0,0.0,0.0,0.0,0.0,0.0,0.0
11,1,5,1,0.0,0.0,0.0,0.0,0.0,0.0,0.0,0.0,0.0,0.0
11,1,6,1,0.0,0.0,0.0,0.0,0.0,0.0,0.0,0.0,0.0,0.0
11,1,7,1,0.0,0.0,0.0,0.0,0.0,0.0,0.0,0.0,0.0,0.0
11,1,8,1,0.0,0.0,0.0,0.0,0.0,0.0,0.0,0.0,0.0,0.0
11,1,9,1,0.0,0.0,0.0,0.0,0.0,0.0,0.0,0.0,0.0,0.0
11,1,10,2,0.0,0.0,0.0,0.0,0.0,0.0,0.0,0.0,0.0,0.0
11,1,11,2,0.0,0.0,0.0,0.0,0.0,0.0,0.0,0.0,0.0,0.0
11,1,12,2,0.0011314464617199142,0.0,0.0,0.0,0.0,0.0,0.0,0.0,0.00037714882057330473,0.0
11,1,13,2,0.019474800895751796,0.0,0.0,0.0,0.0,0.0,0.0,0.0,0.006491600298583932,0.0
11,1,14,2,0.1255540007850552,0.0,0.0,0.0,0.0,0.0,0.0,0.0,0.04185133359501839,0.0
11,1,15,3,0.7483673674534633,0.0,0.0,0.0,0.0,0.0,0.0,0.0,0.24907864033058114,0.0
11,1,16,3,0.8659401656256885,0.0,0.0,0.0,0.0,0.0,0.0,0.0,0.2821551215766456,0.0
11,1,17,3,0.6749164855989175,0.0,0.0,0.0,0.0,0.0,0.0,0.0,0.18312082827128742,0.0
11,1,18,3,0.7012016113932342,0.0,0.0,0.0,0.0,0.0,0.0,0.0,-0.015721918686743035,0.0
11,1,19,3,0.4556195491443451,0.0,0.0,0.0,0.0,0.0,0.0,0.0,-0.1367735388271145,0.0
11,1,20,4,0.24438614356224736,0.0,0.0,0.0,0.0,0.0,0.0,0.0,-0.14351011401222338,0.0
11,1,21,4,0.16405049306987735,0.0,0.0,0.0,0.0,0.0,0.0,0.0,-0.17905037277445227,0.0
11,1,22,4,0.3360161901909007,0.0,0.0,0.0,0.0,0.0,0.0,0.0,-0.03986778631781481,0.0
11,1,23,4,0.7184282100397233,0.0,0.0,0.0,0.0,0.0,0.0,0.0,0.15801402215915866,0.0
11,1,24,4,0.5775226509757234,0.0,0.0,0.0,0.0,0.0,0.0,0.0,0.13782405263528202,0.0
11,1,25,5,0.3008864783795474,0.0,0.0,0.0,0.0,0.0,0.0,0.0,-0.011709903937117757,0.0
11,1,26,5,0.31123759791977024,0.0,0.0,0.0,0.0,0.0,0.0,0.0,-0.13573020403998437,1.0
11,1,27,5,1.2479373420765127,0.0,0.0,0.0,0.0,0.0,0.0,0.0,0.2234715637002631,1.0
11,1,28,5,4.6968881847893496,0.0,0.0,0.0,0.0,0.0,0.0,0.0,1.4653339021366005,1.0
11,1,29,5,6.139395877048502,0.0,0.0,0.0,0.0,0.0,0.0,0.0,1.942719426376244,1.0
11,1,30,6,6.634951540485493,0.0,0.0,0.0,0.0,0.0,0.0,0.0,1.7956713994696603,1.0
11,2,0,0,0.0,0.0,0.0,0.0,0.0,0.0,0.0,0.0,0.0,0.0
11,2,1,0,0.0,0.0,0.0,0.0,0.0,0.0,0.0,0.0,0.0,0.0
11,2,2,0,0.0,0.0,0.0,0.0,0.0,0.0,0.0,0.0,0.0,0.0
11,2,3,0,0.0,0.0,0.0,0.0,0.0,0.0,0.0,0.0,0.0,0.0
11,2,4,0,0.0,0.0,0.0,0.0,0.0,0.0,0.0,0.0,0.0,0.0
11,2,5,1,0.0,0.0,0.0,0.0,0.0,0.0,0.0,0.0,0.0,0.0
11,2,6,1,0.0,0.0,0.0,0.0,0.0,0.0,0.0,0.0,0.0,0.0
11,2,7,1,0.0,0.0,0.0,0.0,0.0,0.0,0.0,0.0,0.0,0.0
11,2,8,1,0.0,0.0,0.0,0.0,0.0,0.0,0.0,0.0,0.0,0.0
11,2,9,1,0.0,0.0,0.0,0.0,0.0,0.0,0.0,0.0,0.0,0.0
11,2,10,2,0.0,0.0,0.0,0.0,0.0,0.0,0.0,0.0,0.0,0.0
11,2,11,2,0.0,0.0,0.0,0.0,0.0,0.0,0.0,0.0,0.0,0.0
11,2,12,2,0.0,0.0,0.0,0.0,0.0,0.0,0.0,0.0,0.0,0.0
11,2,13,2,0.0,0.0,0.0,0.0,0.0,0.0,0.0,0.0,0.0,0.0
11,2,14,2,0.0035079249859271337,0.0,0.0,0.0,0.0,0.0,0.0,0.0,0.0011693083286423778,0.0
11,2,15,3,0.05661941478766198,0.0,0.0,0.0,0.0,0.0,0.0,0.0,0.018873138262553994,0.0
11,2,16,3,0.05793861169985931,0.0,0.0,0.0,0.0,0.0,0.0,0.0,0.01931287056661977,0.0
11,2,17,3,0.0599227348611724,0.0,0.0,0.0,0.0,0.0,0.0,0.0,0.018804936625081755,0.0
11,2,18,3,0.08047379532562728,0.0,0.0,0.0,0.0,0.0,0.0,0.0,0.007951460179321766,0.0
11,2,19,3,0.04377314689157738,0.0,0.0,0.0,0.0,0.0,0.0,0.0,-0.004721821602760644,0.0
11,2,20,4,0.02247388296806415,0.0,0.0,0.0,0.0,0.0,0.0,0.0,-0.012482950631036084,0.0
11,2,21,4,0.017164736644462927,0.0,0.0,0.0,0.0,0.0,0.0,0.0,-0.021103019560388115,0.0
11,2,22,4,0.04692003580962434,0.0,0.0,0.0,0.0,0.0,0.0,0.0,0.0010489629726823195,0.0
11,2,23,4,0.2367991729586356,0.0,0.0,0.0,0.0,0.0,0.0,0.0,0.07144176333019048,0.0
11,2,24,4,0.6028216136447301,0.0,0.0,0.0,0.0,0.0,0.0,0.0,0.19521895900008904,0.0
11,2,25,5,0.7146448604441495,0.0,0.0,0.0,0.0,0.0,0.0,0.0,0.22257494154484173,0.0
11,2,26,5,2.724563323002083,0.0,0.0,0.0,0.0,0.0,0.0,0.0,0.8292547166811493,0.0
11,2,27,5,11.978914407897772,0.0,0.0,0.0,0.0,0.0,0.0,0.0,3.7920309314176808,0.0
11,2,28,5,18.405943035349296,0.0,0.0,0.0,0.0,0.0,0.0,0.0,5.897099391635049,0.0
11,2,29,5,21.90021139167709,0.0,0.0,0.0,0.0,0.0,0.0,0.0,6.391882689558336,0.0
11,2,30,6,25.97464125619746,0.0,0.0,0.0,0.0,0.0,0.0,0.0,4.665242282766563,0.0
11,2,31,6,24.226221663369877,0.0,0.0,0.0,0.0,0.0,0.0,0.0,1.9400928760068605,0.0
11,2,32,6,14.610710893792362,0.0,0.0,0.0,0.0,0.0,0.0,0.0,-2.4298334992949093,0.0
11,2,33,6,7.649469085904707,0.0,0.0,0.0,0.0,0.0,0.0,0.0,-6.108390723430918,0.0
11,2,34,6,4.002911507191509,0.0,0.0,0.0,0.0,0.0,0.0,0.0,-6.7411033853927895,0.0
11,2,35,7,2.145850730906453,0.0,0.0,0.0,0.0,0.0,0.0,0.0,-4.154953387628637,0.0
11,2,36,7,1.1289891915583743,0.0,0.0,0.0,0.0,0.0,0.0,0.0,-2.1734932981154444,0.0
11,2,37,7,0.5813820639609653,0.0,0.0,0.0,0.0,0.0,0.0,0.0,-1.1405098144101815,0.0
11,2,38,7,0.29849150433606136,0.0,0.0,0.0,0.0,0.0,0.0,0.0,-0.6157864088567971,1.0
11,2,39,7,0.1548899194406267,0.0,0.0,0.0,0.0,0.0,0.0,0.0,-0.32469975737258255,1.0
11,2,40,8,0.08214831564453177,0.0,0.0,0.0,0.0,0.0,0.0,0.0,-0.16641124943881117,1.0
11,2,41,8,0.05476378587016107,0.0,0.0,0.0,0.0,0.0,0.0,0.0,-0.08124257282196677,1.0
11,2,42,8,0.04589812780807244,0.0,0.0,0.0,0.0,0.0,0.0,0.0,-0.03633059721085142,1.0
11,3,0,0,0.0,0.0,0.0,0.0,0.0,0.0,0.0,0.0,0.0,0.0
11,3,1,0,0.0,0.0,0.0,0.0,0.0,0.0,0.0,0.0,0.0,0.0
11,3,2,0,0.0,0.0,0.0,0.0,0.0,0.0,0.0,0.0,0.0,0.0
11,3,3,0,0.0,0.0,0.0,0.0,0.0,0.0,0.0,0.0,0.0,0.0
11,3,4,0,0.00011241271947885545,0.0,0.0,0.0,0.0,0.0,0.0,0.0,3.7470906492951814e-05,0.0
11,3,5,1,0.016576211239442952,0.0,0.0,0.0,0.0,0.0,0.0,0.0,0.005525403746480984,0.0
11,3,6,1,0.033230350998247324,0.0,0.0,0.0,0.0,0.0,0.0,0.0,0.01107678366608244,0.0
11,3,7,1,0.03330945989013337,0.0,0.0,0.0,0.0,0.0,0.0,0.0,0.01106568239021817,0.0
11,3,8,1,0.060026666216077,0.0,0.0,0.0,0.0,0.0,0.0,0.0,0.014483484992211351,0.0
11,3,9,1,0.08664720916256512,0.0,0.0,0.0,0.0,0.0,0.0,0.0,0.01780561938810593,0.0
11,3,10,2,0.09899012947479263,0.0,0.0,0.0,0.0,0.0,0.0,0.0,0.021893556528219754,0.0
11,3,11,2,0.32313457673553186,0.0,0.0,0.0,0.0,0.0,0.0,0.0,0.08770263683981828,0.0
11,3,12,2,0.5739013338929455,0.0,0.0,0.0,0.0,0.0,0.0,0.0,0.16241804157679346,0.0
11,3,13,2,0.409057693112054,0.0,0.0,0.0,0.0,0.0,0.0,0.0,0.10335585454575379,0.0
11,3,14,2,0.22192454887714141,0.0,0.0,0.0,0.0,0.0,0.0,0.0,-0.033736675952796814,0.0
11,3,15,3,0.13909969364951452,0.0,0.0,0.0,0.0,0.0,0.0,0.0,-0.14493388008114366,0.0
11,3,16,3,0.13448026152190762,0.0,0.0,0.0,0.0,0.0,0.0,0.0,-0.09152581053004878,0.0
11,3,17,3,0.2149050109228582,0.0,0.0,0.0,0.0,0.0,0.0,0.0,-0.002339845984761076,0.0
11,3,18,3,0.7689849853501324,0.0,0.0,0.0,0.0,0.0,0.0,0.0,0.20996176390020596,0.0
11,3,19,3,0.7919765518655391,0.0,0.0,0.0,0.0,0.0,0.0,0.0,0.2191654301145438,0.0
11,3,20,4,0.42937814131409974,0.0,0.0,0.0,0.0,0.0,0.0,0.0,0.07149104346374718,0.0
11,3,21,4,0.28010235577791986,0.0,0.0,0.0,0.0,0.0,0.0,0.0,-0.16296087652407085,0.0
11,3,22,4,1.2697585342819855,0.0,0.0,0.0,0.0,0.0,0.0,0.0,0.15926066080548215,0.0
11,3,23,4,3.9672943851978024,0.0,0.0,0.0,0.0,0.0,0.0,0.0,1.179305414627901,0.0
11,3,24,4,4.269449612627068,0.0,0.0,0.0,0.0,0.0,0.0,0.0,1.329782418949716,0.0
11,3,25,5,4.204106148148412,0.0,0.0,0.0,0.0,0.0,0.0,0.0,0.978115871288809,0.0
11,3,26,5,7.486116774503287,0.0,0.0,0.0,0.0,0.0,0.0,0.0,1.1729407964351617,0.0
11,3,27,5,10.657255556668986,0.0,0.0,0.0,0.0,0.0,0.0,0.0,2.1292686480139724,0.0
11,3,28,5,11.420288675069173,0.0,0.0,0.0,0.0,0.0,0.0,0.0,2.4053941756402537,1.0
11,3,29,5,12.88919943127749,0.0,0.0,0.0,0.0,0.0,0.0,0.0,1.8010275522580674,1.0
11,3,30,6,23.778132443486477,0.0,0.0,0.0,0.0,0.0,0.0,0.0,4.3736256289391635,1.0
11,3,31,6,29.395452262629455,0.0,0.0,0.0,0.0,0.0,0.0,0.0,5.991721195853427,1.0
11,3,32,6,19.6427093113057,0.0,0.0,0.0,0.0,0.0,0.0,0.0,2.251169960009404,1.0
11,3,0,0,0.0,0.0,0.0,0.0,0.0,0.0,0.0,0.0,0.0,0.0
11,3,1,0,0.0010809911081183646,0.0,0.0,0.0,0.0,0.0,0.0,0.0,0.0010809911081183646,0.0
11,3,2,0,0.10782960612693217,0.0,0.0,0.0,0.0,0.0,0.0,0.0,0.053914803063466084,0.0
11,3,3,0,0.3299672951165086,0.0,0.0,0.0,0.0,0.0,0.0,0.0,0.10998909837216952,0.0
11,3,4,0,0.27103626927804897,0.0,0.0,0.0,0.0,0.0,0.0,0.0,0.08998509272331019,0.0
11,3,5,1,0.14501329967668247,0.0,0.0,0.0,0.0,0.0,0.0,0.0,0.012394564516583434,0.0
11,3,6,1,0.08484433565491523,0.0,0.0,0.0,0.0,0.0,0.0,0.0,-0.08170765315386445,0.0
11,3,7,1,0.08059156077240451,0.0,0.0,0.0,0.0,0.0,0.0,0.0,-0.06348156950188148,0.0
11,3,8,1,0.3247274934705462,0.0,0.0,0.0,0.0,0.0,0.0,0.0,0.05990473126462124,0.0
11,3,9,1,0.6776558425312116,0.0,0.0,0.0,0.0,0.0,0.0,0.0,0.19760383562543213,0.0
11,3,10,2,0.5072834292012536,0.0,0.0,0.0,0.0,0.0,0.0,0.0,0.14223062280961637,0.0
11,3,11,2,0.4002603322202921,0.0,0.0,0.0,0.0,0.0,0.0,0.0,0.025177612916581976,0.0
11,3,12,2,0.6508792373438985,0.0,0.0,0.0,0.0,0.0,0.0,0.0,-0.008925535062437687,0.0
11,3,13,2,0.6624755794657688,0.0,0.0,0.0,0.0,0.0,0.0,0.0,0.051730716754838424,0.0
11,3,14,2,0.44198508284642024,0.0,0.0,0.0,0.0,0.0,0.0,0.0,0.013908250208709375,0.0
11,3,15,3,0.438893695408985,0.0,0.0,0.0,0.0,0.0,0.0,0.0,-0.07066184731163784,0.0
11,3,16,3,0.40040529391343554,0.0,0.0,0.0,0.0,0.0,0.0,0.0,-0.08735676185077777,0.0
11,3,17,3,0.27230597305850807,0.0,0.0,0.0,0.0,0.0,0.0,0.0,-0.056559703262637394,0.0
11,3,18,3,0.20642558118844404,0.0,0.0,0.0,0.0,0.0,0.0,0.0,-0.07748937140684699,0.0
11,3,19,3,0.11477991957763345,0.0,0.0,0.0,0.0,0.0,0.0,0.0,-0.09520845811193403,0.0
11,3,20,4,0.058929975632341244,0.0,0.0,0.0,0.0,0.0,0.0,0.0,-0.07112533247538894,0.0
11,3,21,4,0.03674799072682158,0.0,0.0,0.0,0.0,0.0,0.0,0.0,-0.056559196820540815,0.0
11,3,22,4,0.2640760593030466,0.0,0.0,0.0,0.0,0.0,0.0,0.0,0.049765379908471054,0.0
11,3,23,4,1.8984198440024056,0.0,0.0,0.0,0.0,0.0,0.0,0.0,0.6131632894566882,0.0
11,3,24,4,2.9945779734246636,0.0,0.0,0.0,0.0,0.0,0.0,0.0,0.9859433275659474,0.0
11,3,25,5,1.7283723792063734,0.0,0.0,0.0,0.0,0.0,0.0,0.0,0.4880987733011089,0.0
11,3,26,5,0.8873759675476439,0.0,0.0,0.0,0.0,0.0,0.0,0.0,-0.3370146254849205,0.0
11,3,27,5,0.45559401275707084,0.0,0.0,0.0,0.0,0.0,0.0,0.0,-0.8463279868891975,0.0
11,3,28,5,0.23390976547823367,0.0,0.0,0.0,0.0,0.0,0.0,0.0,-0.4981542045760466,0.0
11,3,29,5,0.12695256237722827,0.0,0.0,0.0,0.0,0.0,0.0,0.0,-0.25347446839013854,0.0
11,3,30,6,0.5260823909200498,0.0,0.0,0.0,0.0,0.0,0.0,0.0,0.023496126054326327,0.0
11,3,31,6,2.488429324964266,0.0,0.0,0.0,0.0,0.0,0.0,0.0,0.7515065198286774,0.0
11,3,32,6,3.349223647256927,0.0,0.0,0.0,0.0,0.0,0.0,0.0,1.0740903616265662,0.0
11,3,33,6,2.5613952055632296,0.0,0.0,0.0,0.0,0.0,0.0,0.0,0.67843760488106,0.0
11,3,34,6,2.6557625446719624,0.0,0.0,0.0,0.0,0.0,0.0,0.0,0.055777739902565404,0.0
11,3,35,7,3.7957378460193585,0.0,0.0,0.0,0.0,0.0,0.0,0.0,0.14883806625414384,0.0
11,3,36,7,3.3943597628728988,0.0,0.0,0.0,0.0,0.0,0.0,0.0,0.27765485243655635,0.0
11,3,37,7,3.3172089510601133,0.0,0.0,0.0,0.0,0.0,0.0,0.0,0.22048213546271697,0.0
11,3,38,7,5.1780949887756655,0.0,0.0,0.0,0.0,0.0,0.0,0.0,0.46078571425210235,0.0
11,3,39,7,12.547711588604203,0.0,0.0,0.0,0.0,0.0,0.0,0.0,3.0511172752437683,0.0
11,3,40,8,22.347190086965654,0.0,0.0,0.0,0.0,0.0,0.0,0.0,6.343327045301847,0.0
11,3,41,8,22.571527649080636,0.0,0.0,0.0,0.0,0.0,0.0,0.0,5.797810886768324,0.0
11,3,42,8,27.487653648134806,0.0,0.0,0.0,0.0,0.0,0.0,0.0,4.979980686510201,0.0
11,3,43,8,34.4081707144736,0.0,0.0,0.0,0.0,0.0,0.0,0.0,4.020326875835981,0.0
11,3,44,8,30.076850308200036,0.0,0.0,0.0,0.0,0.0,0.0,0.0,2.501774219706467,0.0
11,3,45,9,20.32870374316477,0.0,0.0,0.0,0.0,0.0,0.0,0.0,-2.386316634990012,0.0
11,3,46,9,11.96302370151824,0.0,0.0,0.0,0.0,0.0,0.0,0.0,-7.48171567098512,0.0
11,3,47,9,8.825555208334581,0.0,0.0,0.0,0.0,0.0,0.0,0.0,-7.083765033288485,0.0
11,3,48,9,16.36523184936286,0.0,0.0,0.0,0.0,0.0,0.0,0.0,-1.3211572979339696,0.0
11,3,49,9,25.14207315858756,0.0,0.0,0.0,0.0,0.0,0.0,0.0,4.393016485689773,0.0
11,3,50,10,24.004659324686514,0.0,0.0,0.0,0.0,0.0,0.0,0.0,5.059701372117311,0.0
11,3,51,10,25.448307330041644,0.0,0.0,0.0,0.0,0.0,0.0,0.0,3.027691826892928,0.0
11,3,52,10,52.87415111154343,0.0,0.0,0.0,0.0,0.0,0.0,0.0,9.244025984318624,0.0
11,3,53,10,81.67131764203316,0.0,0.0,0.0,0.0,0.0,0.0,0.0,19.22221943911555,0.0
11,3,54,10,93.67159372237656,0.0,0.0,0.0,0.0,0.0,0.0,0.0,22.741095464111638,1.0
11,3,55,11,97.54206701542813,0.0,0.0,0.0,0.0,0.0,0.0,0.0,14.889305301294899,1.0
11,3,56,11,98.81719355778657,0.0,0.0,0.0,0.0,0.0,0.0,0.0,5.715291971917803,1.0
11,3,57,11,98.9342018193199,0.0,0.0,0.0,0.0,0.0,0.0,0.0,1.754202698981113,1.0
11,3,58,11,94.25141137983249,0.0,0.0,0.0,0.0,0.0,0.0,0.0,-1.0968852118652137,1.0
11,1,0,0,0.0,0.0,0.0,0.0,0.0,0.0,0.0,0.0,0.0,0.0
11,1,1,0,0.0,0.0,0.0,0.0,0.0,0.0,0.0,0.0,0.0,0.0
11,1,2,0,0.0,0.0,0.0,0.0,0.0,0.0,0.0,0.0,0.0,0.0
11,1,3,0,0.0,0.0,0.0,0.0,0.0,0.0,0.0,0.0,0.0,0.0
11,1,4,0,0.002504403005085334,0.0,0.0,0.0,0.0,0.0,0.0,0.0,0.0008348010016951114,0.0
11,1,5,1,0.06596678842273906,0.0,0.0,0.0,0.0,0.0,0.0,0.0,0.021988929474246355,0.0
11,1,6,1,0.16561542214847208,0.0,0.0,0.0,0.0,0.0,0.0,0.0,0.05520514071615736,0.0
11,1,7,1,0.17059820238784262,0.0,0.0,0.0,0.0,0.0,0.0,0.0,0.0560312664609191,0.0
11,1,8,1,0.19160698217287697,0.0,0.0,0.0,0.0,0.0,0.0,0.0,0.041880064583379305,0.0
11,1,9,1,0.23003323015590388,0.0,0.0,0.0,0.0,0.0,0.0,0.0,0.02147260266914393,0.0
11,1,10,2,0.1466713923905557,0.0,0.0,0.0,0.0,0.0,0.0,0.0,-0.007975603332428971,0.0
11,1,11,2,0.07736860240169195,0.0,0.0,0.0,0.0,0.0,0.0,0.0,-0.03807945992372834,0.0
11,1,12,2,0.4630915283492809,0.0,0.0,0.0,0.0,0.0,0.0,0.0,0.07768609939779235,0.0
11,1,13,2,0.8964154002690718,0.0,0.0,0.0,0.0,0.0,0.0,0.0,0.2499146692928387,0.0
11,1,14,2,0.9562817338607772,0.0,0.0,0.0,0.0,0.0,0.0,0.0,0.2929710438196951,0.0
11,1,15,3,1.559814344111484,0.0,0.0,0.0,0.0,0.0,0.0,0.0,0.3655742719207344,0.0
11,1,16,3,2.226948436709139,0.0,0.0,0.0,0.0,0.0,0.0,0.0,0.443511012146689,0.0
11,1,17,3,2.061985960064219,0.0,0.0,0.0,0.0,0.0,0.0,0.0,0.36856807540114733,0.0
11,1,18,3,1.561236051590417,0.0,0.0,0.0,0.0,0.0,0.0,0.0,0.0004739024929776292,0.0
11,1,19,3,1.143184933031919,0.0,0.0,0.0,0.0,0.0,0.0,0.0,-0.36125450122573993,0.0
11,1,20,4,0.8096854338737711,0.0,0.0,0.0,0.0,0.0,0.0,0.0,-0.41743350873014934,0.0
11,1,21,4,0.8970469180519879,0.0,0.0,0.0,0.0,0.0,0.0,0.0,-0.221396377846143,0.0
11,1,22,4,1.1875973067632648,0.0,0.0,0.0,0.0,0.0,0.0,0.0,0.014804124577115255,0.0
11,1,23,4,0.9634045247744134,0.0,0.0,0.0,0.0,0.0,0.0,0.0,0.051239696966880764,0.0
11,1,24,4,0.719625412564282,0.0,0.0,0.0,0.0,0.0,0.0,0.0,-0.05914050182923528,0.0
11,1,25,5,0.5688559613751278,0.0,0.0,0.0,0.0,0.0,0.0,0.0,-0.206247115129379,0.0
11,1,26,5,0.3051053298716674,0.0,0.0,0.0,0.0,0.0,0.0,0.0,-0.219433064967582,0.0
11,1,27,5,0.16869745385777615,0.0,0.0,0.0,0.0,0.0,0.0,0.0,-0.18364265290216863,0.0
11,1,28,5,0.1391108613747892,0.0,0.0,0.0,0.0,0.0,0.0,0.0,-0.14324836666677954,0.0
11,1,29,5,0.24876893075425943,0.0,0.0,0.0,0.0,0.0,0.0,0.0,-0.01877879970580265,0.0
11,1,30,6,2.4277759290433796,0.0,0.0,0.0,0.0,0.0,0.0,0.0,0.7530261583952012,0.0
11,1,31,6,6.527653805497616,0.0,0.0,0.0,0.0,0.0,0.0,0.0,2.129514314707609,0.0
11,1,32,6,5.444368903628524,0.0,0.0,0.0,0.0,0.0,0.0,0.0,1.7318666576247548,0.0
11,1,33,6,3.2510904089910615,0.0,0.0,0.0,0.0,0.0,0.0,0.0,0.27443815998256066,0.0
11,1,34,6,2.405343323506349,0.0,0.0,0.0,0.0,0.0,0.0,0.0,-1.374103493997089,0.0
11,1,35,7,4.025833364727909,0.0,0.0,0.0,0.0,0.0,0.0,0.0,-0.4728451796335384,0.0
11,1,36,7,4.686287403861003,0.0,0.0,0.0,0.0,0.0,0.0,0.0,0.4783989982899806,0.0
11,1,37,7,2.817707167692841,0.0,0.0,0.0,0.0,0.0,0.0,0.0,0.1374546147288306,0.0
11,1,38,7,1.461629795615277,0.0,0.0,0.0,0.0,0.0,0.0,0.0,-0.8547345230375439,1.0
11,1,39,7,0.7745057402153865,0.0,0.0,0.0,0.0,0.0,0.0,0.0,-1.3039272212152058,1.0
11,1,40,8,0.4399374433155039,0.0,0.0,0.0,0.0,0.0,0.0,0.0,-0.792589908125779,1.0
11,1,41,8,0.23492773272733952,0.0,0.0,0.0,0.0,0.0,0.0,0.0,-0.4089006876293125,1.0
11,1,42,8,0.12061591971772964,0.0,0.0,0.0,0.0,0.0,0.0,0.0,-0.21796327349921896,1.0
11,3,0,0,0.0,0.0,0.0,0.0,0.0,0.0,0.0,0.0,0.0,0.0
11,3,1,0,0.0,0.0,0.0,0.0,0.0,0.0,0.0,0.0,0.0,0.0
11,3,2,0,0.0,0.0,0.0,0.0,0.0,0.0,0.0,0.0,0.0,0.0
11,3,3,0,0.0,0.0,0.0,0.0,0.0,0.0,0.0,0.0,0.0,0.0
11,3,4,0,0.013077250110063077,0.0,0.0,0.0,0.0,0.0,0.0,0.0,0.004359083370021026,0.0
11,3,5,1,0.03123819491827489,0.0,0.0,0.0,0.0,0.0,0.0,0.0,0.010412731639424964,0.0
11,3,6,1,0.017415906987479843,0.0,0.0,0.0,0.0,0.0,0.0,0.0,0.005805302329159948,0.0
11,3,7,1,0.008941624790851501,0.0,0.0,0.0,0.0,0.0,0.0,0.0,-0.0013785417730705254,0.0
11,3,8,1,0.004590783239589388,0.0,0.0,0.0,0.0,0.0,0.0,0.0,-0.008882470559561834,0.0
11,3,9,1,0.003215439909233352,0.0,0.0,0.0,0.0,0.0,0.0,0.0,-0.004733489026082164,0.0
11,3,10,2,0.08489314965849579,0.0,0.0,0.0,0.0,0.0,0.0,0.0,0.025317174955881427,0.0
11,3,11,2,0.24496334137194312,0.0,0.0,0.0,0.0,0.0,0.0,0.0,0.0801241860441179,0.0
11,3,12,2,0.16930433702356354,0.0,0.0,0.0,0.0,0.0,0.0,0.0,0.05536296570477673,0.0
11,3,13,2,0.160147167823586,0.0,0.0,0.0,0.0,0.0,0.0,0.0,0.025084672721696743,0.0
11,3,14,2,0.24487186968733038,0.0,0.0,0.0,0.0,0.0,0.0,0.0,-3.049056153757908e-05,0.0
11,3,15,3,0.350961715955313,0.0,0.0,0.0,0.0,0.0,0.0,0.0,0.060552459643916486,0.0
11,3,16,3,0.5777460813348294,0.0,0.0,0.0,0.0,0.0,0.0,0.0,0.13919963783708114,0.0
11,3,17,3,0.5478472163064008,0.0,0.0,0.0,0.0,0.0,0.0,0.0,0.1009917822063568,0.0
11,3,18,3,0.762293045299641,0.0,0.0,0.0,0.0,0.0,0.0,0.0,0.13711044311477602,0.0
11,3,19,3,1.6314116833114993,0.0,0.0,0.0,0.0,0.0,0.0,0.0,0.35122186732555666,0.0
11,3,20,4,2.231132284758732,0.0,0.0,0.0,0.0,0.0,0.0,0.0,0.5610950228174437,0.0
11,3,21,4,2.4631098822398494,0.0,0.0,0.0,0.0,0.0,0.0,0.0,0.5669389456467361,0.0
11,3,22,4,2.068839655027369,0.0,0.0,0.0,0.0,0.0,0.0,0.0,0.14580932390528986,0.0
11,3,23,4,1.4339325885067802,0.0,0.0,0.0,0.0,0.0,0.0,0.0,-0.26573323208398386,0.0
11,3,24,4,1.3360447893535743,0.0,0.0,0.0,0.0,0.0,0.0,0.0,-0.375688364295425,0.0
11,3,25,5,1.8111084174159382,0.0,0.0,0.0,0.0,0.0,0.0,0.0,-0.08591041253714356,0.0
11,3,26,5,1.465967692323984,0.0,0.0,0.0,0.0,0.0,0.0,0.0,0.01067836793906792,0.0
11,3,27,5,0.8802435443950307,0.0,0.0,0.0,0.0,0.0,0.0,0.0,-0.15193374831951453,0.0
11,3,28,5,0.5955613307674557,0.0,0.0,0.0,0.0,0.0,0.0,0.0,-0.40518236221616083,0.0
11,3,29,5,0.3842011346156291,0.0,0.0,0.0,0.0,0.0,0.0,0.0,-0.3605888525694516,0.0
11,3,30,6,0.3418213840552974,0.0,0.0,0.0,0.0,0.0,0.0,0.0,-0.17947405344657777,0.0
11,3,31,6,1.0220574944084737,0.0,0.0,0.0,0.0,0.0,0.0,0.0,0.14216538788033936,0.0
11,3,32,6,3.338426652131614,0.0,0.0,0.0,0.0,0.0,0.0,0.0,0.984741839171995,0.0
11,3,33,6,5.8312083117450975,0.0,0.0,0.0,0.0,0.0,0.0,0.0,1.8297956425632667,0.0
11,3,34,6,6.728288335663896,0.0,0.0,0.0,0.0,0.0,0.0,0.0,1.9020769470851409,0.0
11,3,35,7,6.884408048375109,0.0,0.0,0.0,0.0,0.0,0.0,0.0,1.1819937987478315,0.0
11,3,36,7,8.540499973969743,0.0,0.0,0.0,0.0,0.0,0.0,0.0,0.9030972207415484,0.0
11,3,37,7,10.705172292162171,0.0,0.0,0.0,0.0,0.0,0.0,0.0,1.325627985499425,0.0
11,3,38,7,10.971300595971412,0.0,0.0,0.0,0.0,0.0,0.0,0.0,1.3622975158654345,0.0
11,3,39,7,13.033148186804928,0.0,0.0,0.0,0.0,0.0,0.0,0.0,1.497549404278395,0.0
11,3,40,8,15.555411675843832,0.0,0.0,0.0,0.0,0.0,0.0,0.0,1.6167464612272202,0.0
11,3,41,8,13.287852665567637,0.0,0.0,0.0,0.0,0.0,0.0,0.0,0.7721840231987418,0.0
11,3,42,8,10.983363587253312,0.0,0.0,0.0,0.0,0.0,0.0,0.0,-0.6832615331838721,0.0
11,3,43,8,9.468465351405316,0.0,0.0,0.0,0.0,0.0,0.0,0.0,-2.028982108146172,0.0
11,3,44,8,7.984221543446789,0.0,0.0,0.0,0.0,0.0,0.0,0.0,-1.7678770407069495,0.0
11,3,45,9,7.317944294230486,0.0,0.0,0.0,0.0,0.0,0.0,0.0,-1.2218064310076084,0.0
11,3,46,9,5.998192590622013,0.0,0.0,0.0,0.0,0.0,0.0,0.0,-1.1567575869277675,0.0
11,3,47,9,4.929786454624636,0.0,0.0,0.0,0.0,0.0,0.0,0.0,-1.0181450296073844,0.0
11,3,48,9,5.177688291583568,0.0,0.0,0.0,0.0,0.0,0.0,0.0,-0.7134186675489728,0.0
11,3,49,9,4.847790571218212,0.0,0.0,0.0,0.0,0.0,0.0,0.0,-0.38346733980126696,0.0
11,3,50,10,5.942187850764821,0.0,0.0,0.0,0.0,0.0,0.0,0.0,0.3374671320467284,0.0
11,3,51,10,11.893911112556928,0.0,0.0,0.0,0.0,0.0,0.0,0.0,2.2387409403244534,0.0
11,3,52,10,16.03546105547441,0.0,0.0,0.0,0.0,0.0,0.0,0.0,3.729223494752066,0.0
11,3,53,10,15.279558334651153,0.0,0.0,0.0,0.0,0.0,0.0,0.0,3.1124568279621108,0.0
11,3,54,10,14.637962234661625,0.0,0.0,0.0,0.0,0.0,0.0,0.0,0.9146837073682322,1.0
11,3,55,11,17.944916687806213,0.0,0.0,0.0,0.0,0.0,0.0,0.0,0.6364852107772675,1.0
11,3,56,11,27.695371395024438,0.0,0.0,0.0,0.0,0.0,0.0,0.0,4.138604353457762,1.0
11,3,57,11,42.02277692876032,0.0,0.0,0.0,0.0,0.0,0.0,0.0,9.128271564699565,1.0
11,3,58,11,54.716373955942565,0.0,0.0,0.0,0.0,0.0,0.0,0.0,12.257152422712117,1.0
11,1,0,0,0.0,0.0,0.0,0.0,0.0,0.0,0.0,0.0,0.0,0.0
11,1,1,0,0.003696753090325536,0.0,0.0,0.0,0.0,0.0,0.0,0.0,0.003696753090325536,0.0
11,1,2,0,0.0030059020026319866,0.0,0.0,0.0,0.0,0.0,0.0,0.0,0.0015029510013159933,0.0
11,1,3,0,0.01276133381444704,0.0,0.0,0.0,0.0,0.0,0.0,0.0,0.004253777938149014,0.0
11,1,4,0,0.12064703071869395,0.0,0.0,0.0,0.0,0.0,0.0,0.0,0.03898342587612281,0.0
11,1,5,1,0.21234139272225094,0.0,0.0,0.0,0.0,0.0,0.0,0.0,0.06977849690653966,0.0
11,1,6,1,0.15965759863390142,0.0,0.0,0.0,0.0,0.0,0.0,0.0,0.04896542160648479,0.0
11,1,7,1,0.09012591473699724,0.0,0.0,0.0,0.0,0.0,0.0,0.0,-0.010173705327232238,0.0
11,1,8,1,0.04734687170563463,0.0,0.0,0.0,0.0,0.0,0.0,0.0,-0.05499817367220544,0.0
11,1,9,1,0.02430869446631271,0.0,0.0,0.0,0.0,0.0,0.0,0.0,-0.045116301389196235,0.0
11,1,10,2,0.012480499880337805,0.0,0.0,0.0,0.0,0.0,0.0,0.0,-0.02588180495221981,0.0
11,1,11,2,0.006407702292649656,0.0,0.0,0.0,0.0,0.0,0.0,0.0,-0.013646389804328326,0.0
11,1,12,2,0.003289824050710725,0.0,0.0,0.0,0.0,0.0,0.0,0.0,-0.007006290138533995,0.0
11,1,13,2,0.001689051986240035,0.0,0.0,0.0,0.0,0.0,0.0,0.0,-0.0035971492980325904,0.0
11,1,14,2,0.0008671882046716375,0.0,0.0,0.0,0.0,0.0,0.0,0.0,-0.001846838029326006,0.0
11,1,15,3,0.00044522926970155845,0.0,0.0,0.0,0.0,0.0,0.0,0.0,-0.0009481982603363888,0.0
11,1,16,3,0.00022858832895915937,0.0,0.0,0.0,0.0,0.0,0.0,0.0,-0.00048682121909362515,0.0
11,1,17,3,0.00011736116129868619,0.0,0.0,0.0,0.0,0.0,0.0,0.0,-0.00024994234779098374,0.0
11,1,18,3,6.0255229320290904e-05,0.0,0.0,0.0,0.0,0.0,0.0,0.0,-0.0001283246801270892,0.0
11,1,19,3,3.0936066244271966e-05,0.0,0.0,0.0,0.0,0.0,0.0,0.0,-6.588408757162913e-05,0.0
11,1,20,4,1.588310600533555e-05,0.0,0.0,0.0,0.0,0.0,0.0,0.0,-3.382601843111688e-05,0.0
11,1,21,4,8.154658526548653e-06,0.0,0.0,0.0,0.0,0.0,0.0,0.0,-1.7366856931247417e-05,0.0
11,1,22,4,4.186741287395179e-06,0.0,0.0,0.0,0.0,0.0,0.0,0.0,-8.916441652292262e-06,0.0
11,1,23,4,2.1495446499092407e-06,0.0,0.0,0.0,0.0,0.0,0.0,0.0,-4.577853785142103e-06,0.0
11,1,24,4,1.1036130213883252e-06,0.0,0.0,0.0,0.0,0.0,0.0,0.0,-2.3503485017201095e-06,0.0
11,1,25,5,5.66613817968049e-07,0.0,0.0,0.0,0.0,0.0,0.0,0.0,-1.20670915647571e-06,0.0
11,1,26,5,2.909092340252138e-07,0.0,0.0,0.0,0.0,0.0,0.0,0.0,-6.19545138628009e-07,0.0
11,1,27,5,1.4935778083320355e-07,0.0,0.0,0.0,0.0,0.0,0.0,0.0,-3.1808508018504055e-07,0.0
11,1,28,5,7.668284154048477e-08,0.0,0.0,0.0,0.0,0.0,0.0,0.0,-1.6331032547585473e-07,0.0
11,1,29,5,3.937028358294853e-08,0.0,0.0,0.0,0.0,0.0,0.0,0.0,-8.384631681408842e-08,0.0
11,1,30,6,0.00040869929105637805,0.0,0.0,0.0,0.0,0.0,0.0,0.0,0.00013618331109184828,0.0
11,1,31,6,0.012764786566705216,0.0,0.0,0.0,0.0,0.0,0.0,0.0,0.004254903294621225,0.0
11,1,32,6,0.025507186164849836,0.0,0.0,0.0,0.0,0.0,0.0,0.0,0.008502382264855418,0.0
11,1,33,6,0.04331586970151636,0.0,0.0,0.0,0.0,0.0,0.0,0.0,0.014302390136819993,0.0
11,1,34,6,0.19851017084999742,0.0,0.0,0.0,0.0,0.0,0.0,0.0,0.061915128094430734,0.0
11,1,35,7,0.7817792516780862,0.0,0.0,0.0,0.0,0.0,0.0,0.0,0.25209068850441213,0.0
11,1,36,7,1.8497414975064395,0.0,0.0,0.0,0.0,0.0,0.0,0.0,0.6021418759349744,0.0
11,1,37,7,3.7306219521489434,0.0,0.0,0.0,0.0,0.0,0.0,0.0,1.1773705937663153,0.0
11,1,38,7,3.6456824973889224,0.0,0.0,0.0,0.0,0.0,0.0,0.0,0.9546344152369454,0.0
11,1,39,7,2.0395021437015943,0.0,0.0,0.0,0.0,0.0,0.0,0.0,0.06325354873171829,0.0
11,1,40,8,1.048874205352226,0.0,0.0,0.0,0.0,0.0,0.0,0.0,-0.8939159155989058,0.0
11,1,41,8,0.5386917006835527,0.0,0.0,0.0,0.0,0.0,0.0,0.0,-1.03566359890179,0.0
11,1,42,8,0.27657354101171744,0.0,0.0,0.0,0.0,0.0,0.0,0.0,-0.5876428675632923,0.0
11,1,43,8,0.15438331622145007,0.0,0.0,0.0,0.0,0.0,0.0,0.0,-0.2981636297102586,0.0
11,1,44,8,0.2707271654866737,0.0,0.0,0.0,0.0,0.0,0.0,0.0,-0.08932151173229298,0.0
11,1,45,9,1.9040161074007225,0.0,0.0,0.0,0.0,0.0,0.0,0.0,0.5424808554630017,0.0
11,1,46,9,4.612675590578519,0.0,0.0,0.0,0.0,0.0,0.0,0.0,1.4860974247856895,1.0
11,1,47,9,3.2290377381114785,0.0,0.0,0.0,0.0,0.0,0.0,0.0,0.9861035242082683,1.0
11,1,48,9,1.6629489307161878,0.0,0.0,0.0,0.0,0.0,0.0,0.0,-0.08035572556151156,1.0
11,1,49,9,0.8537864491066358,0.0,0.0,0.0,0.0,0.0,0.0,0.0,-1.2529630471572943,1.0
11,1,50,10,0.43834857896939644,0.0,0.0,0.0,0.0,0.0,0.0,0.0,-0.9302297197140273,1.0
11,2,0,0,0.0,0.0,0.0,0.0,0.0,0.0,0.0,0.0,0.0,0.0
11,2,1,0,0.0002872689961935776,0.0,0.0,0.0,0.0,0.0,0.0,0.0,0.0002872689961935776,0.0
11,2,2,0,0.00014748882041309145,0.0,0.0,0.0,0.0,0.0,0.0,0.0,7.374441020654572e-05,0.0
11,2,3,0,7.572328526600489e-05,0.0,0.0,0.0,0.0,0.0,0.0,0.0,2.5241095088668298e-05,0.0
11,2,4,0,3.887763096495541e-05,0.0,0.0,0.0,0.0,0.0,0.0,0.0,-8.279712174287406e-05,0.0
11,2,5,1,1.9960441284839726e-05,0.0,0.0,0.0,0.0,0.0,0.0,0.0,-4.2509459709417244e-05,0.0
11,2,6,1,1.0248032259081636e-05,0.0,0.0,0.0,0.0,0.0,0.0,0.0,-2.1825084335641083e-05,0.0
11,2,7,1,5.261515198210766e-06,0.0,0.0,0.0,0.0,0.0,0.0,0.0,-1.1205371922248214e-05,0.0
11,2,8,1,2.7013519748115716e-06,0.0,0.0,0.0,0.0,0.0,0.0,0.0,-5.753029770009385e-06,0.0
11,2,9,1,1.3869203484007625e-06,0.0,0.0,0.0,0.0,0.0,0.0,0.0,-2.9537039702269574e-06,0.0
11,2,10,2,7.120686496035995e-07,0.0,0.0,0.0,0.0,0.0,0.0,0.0,-1.5164821828690556e-06,0.0
11,2,11,2,3.655882346329088e-07,0.0,0.0,0.0,0.0,0.0,0.0,0.0,-7.785879133928876e-07,0.0
11,2,12,2,1.8769925817743956e-07,0.0,0.0,0.0,0.0,0.0,0.0,0.0,-3.997403634077743e-07,0.0
11,2,13,2,0.0007568655987021938,0.0,0.0,0.0,0.0,0.0,0.0,0.0,0.0002520511766841967,0.0
11,2,14,2,0.0746406654030138,0.0,0.0,0.0,0.0,0.0,0.0,0.0,0.024880099938259723,0.0
11,2,15,3,0.1118661024865354,0.0,0.0,0.0,0.0,0.0,0.0,0.0,0.03728863826242574,0.0
11,2,16,3,0.17860284575894675,0.0,0.0,0.0,0.0,0.0,0.0,0.0,0.05928199338674819,0.0
11,2,17,3,0.5385000928534334,0.0,0.0,0.0,0.0,0.0,0.0,0.0,0.15461980915013987,0.0
11,2,18,3,0.42644348995872994,0.0,0.0,0.0,0.0,0.0,0.0,0.0,0.10485912915739819,0.0
11,2,19,3,0.3008067856449529,0.0,0.0,0.0,0.0,0.0,0.0,0.0,0.040734646628668714,0.0
11,2,20,4,0.4274508328992329,0.0,0.0,0.0,0.0,0.0,0.0,0.0,-0.037016419984733484,0.0
11,2,21,4,0.4655233919884349,0.0,0.0,0.0,0.0,0.0,0.0,0.0,0.013026634009901653,0.0
11,2,22,4,1.1313426957010242,0.0,0.0,0.0,0.0,0.0,0.0,0.0,0.2768453033520238,0.0
11,2,23,4,2.102806411196503,0.0,0.0,0.0,0.0,0.0,0.0,0.0,0.5584518594324233,0.0
11,2,24,4,2.1255370296979352,0.0,0.0,0.0,0.0,0.0,0.0,0.0,0.5533378792365001,0.0
11,2,25,5,4.751091226507147,0.0,0.0,0.0,0.0,0.0,0.0,0.0,1.206582843602041,0.0
11,2,26,5,6.008308487629357,0.0,0.0,0.0,0.0,0.0,0.0,0.0,1.301834025477618,0.0
11,2,27,5,4.33242592993207,0.0,0.0,0.0,0.0,0.0,0.0,0.0,0.7356296334113782,0.0
11,2,28,5,2.7135656816040576,0.0,0.0,0.0,0.0,0.0,0.0,0.0,-0.6791751816343631,0.0
11,2,29,5,1.719602118557055,0.0,0.0,0.0,0.0,0.0,0.0,0.0,-1.4295687896907674,0.0
11,2,30,6,1.9507543082188152,0.0,0.0,0.0,0.0,0.0,0.0,0.0,-0.7938905405710849,0.0
11,2,31,6,4.003928968045032,0.0,0.0,0.0,0.0,0.0,0.0,0.0,0.43012109548032473,0.0
11,2,32,6,4.683998844876728,0.0,0.0,0.0,0.0,0.0,0.0,0.0,0.9881322421065576,1.0
11,2,33,6,6.656096392728619,0.0,0.0,0.0,0.0,0.0,0.0,0.0,1.568447361503268,1.0
11,2,34,6,9.720150128051944,0.0,0.0,0.0,0.0,0.0,0.0,0.0,1.9054070533356375,1.0
11,2,35,7,7.422418981261654,0.0,0.0,0.0,0.0,0.0,0.0,0.0,0.9128067121283087,1.0
11,2,36,7,6.67915095463298,0.0,0.0,0.0,0.0,0.0,0.0,0.0,0.007684853968120168,1.0
11,2,0,0,0.0,0.0,0.0,0.0,0.0,0.0,0.0,0.0,0.0,0.0
11,2,1,0,0.0,0.0,0.0,0.0,0.0,0.0,0.0,0.0,0.0,0.0
11,2,2,0,0.00035460538843573575,0.0,0.0,0.0,0.0,0.0,0.0,0.0,0.00017730269421786787,0.0
11,2,3,0,0.0007143044402313494,0.0,0.0,0.0,0.0,0.0,0.0,0.0,0.0002381014800771165,0.0
11,2,4,0,0.0003667361278157683,0.0,0.0,0.0,0.0,0.0,0.0,0.0,0.00012224537593858944,0.0
11,2,5,1,0.00018828860618834051,0.0,0.0,0.0,0.0,0.0,0.0,0.0,-5.5438927415798414e-05,0.0
11,2,6,1,9.667059373588025e-05,0.0,0.0,0.0,0.0,0.0,0.0,0.0,-0.00020587794883182307,0.0
11,2,7,1,4.9632337731045836e-05,0.0,0.0,0.0,0.0,0.0,0.0,0.0,-0.00010570126336157416,0.0
11,2,8,1,2.5482091848726207e-05,0.0,0.0,0.0,0.0,0.0,0.0,0.0,-5.426883811320477e-05,0.0
11,2,9,1,1.3082942183896922e-05,0.0,0.0,0.0,0.0,0.0,0.0,0.0,-2.7862550517327778e-05,0.0
11,2,10,2,6.717006484526333e-06,0.0,0.0,0.0,0.0,0.0,0.0,0.0,-1.4305110415506502e-05,0.0
11,2,11,2,3.448626117808753e-06,0.0,0.0,0.0,0.0,0.0,0.0,0.0,-7.344488576972484e-06,0.0
11,2,12,2,0.0007440544070026006,0.0,0.0,0.0,0.0,0.0,0.0,0.0,0.0002436571549395679,0.0
11,2,13,2,0.0007365790035703936,0.0,0.0,0.0,0.0,0.0,0.0,0.0,0.00024328733236195576,0.0
11,2,14,2,0.004146208133501161,0.0,0.0,0.0,0.0,0.0,0.0,0.0,0.0013809198357944506,0.0
11,2,15,3,0.0755124620291604,0.0,0.0,0.0,0.0,0.0,0.0,0.0,0.024922802540719265,0.0
11,2,16,3,0.1675656999512814,0.0,0.0,0.0,0.0,0.0,0.0,0.0,0.05560970698257034,0.0
11,2,17,3,0.12404484717868383,0.0,0.0,0.0,0.0,0.0,0.0,0.0,0.03996621301506089,0.0
11,2,18,3,0.15228932625626562,0.0,0.0,0.0,0.0,0.0,0.0,0.0,0.02559228807570174,0.0
11,2,19,3,0.4002330361336534,0.0,0.0,0.0,0.0,0.0,0.0,0.0,0.07755577872745734,0.0
11,2,20,4,0.35825705610475617,0.0,0.0,0.0,0.0,0.0,0.0,0.0,0.07807073630869078,0.0
11,2,21,4,0.286073214490123,0.0,0.0,0.0,0.0,0.0,0.0,0.0,0.0445946294112858,0.0
11,2,22,4,0.3886333888079535,0.0,0.0,0.0,0.0,0.0,0.0,0.0,-0.003866549108566634,0.0
11,2,23,4,0.4682097482457824,0.0,0.0,0.0,0.0,0.0,0.0,0.0,0.03665089738034207,0.0
11,2,24,4,0.8237290248833906,0.0,0.0,0.0,0.0,0.0,0.0,0.0,0.17921860346442253,0.0
11,2,25,5,0.5982242422916497,0.0,0.0,0.0,0.0,0.0,0.0,0.0,0.06986361782789874,0.0
11,2,26,5,0.37974136664109576,0.0,0.0,0.0,0.0,0.0,0.0,0.0,-0.02948946053489554,0.0
11,2,27,5,0.5752905462866391,0.0,0.0,0.0,0.0,0.0,0.0,0.0,-0.08281282619891717,1.0
11,2,28,5,0.9418632570109636,0.0,0.0,0.0,0.0,0.0,0.0,0.0,0.1145463382397713,1.0
11,2,29,5,0.7364149360140895,0.0,0.0,0.0,0.0,0.0,0.0,0.0,0.1188911897909979,1.0
11,2,30,6,0.38973533047746756,0.0,0.0,0.0,0.0,0.0,0.0,0.0,-0.061851738603057184,1.0
11,2,31,6,0.20009886297033974,0.0,0.0,0.0,0.0,0.0,0.0,0.0,-0.2472547980135413,1.0
12,1,0,0,0.0,0.0,0.0,0.0,0.0,0.0,0.0,0.0,0.0,0.0
12,1,1,0,0.315022490155246,0.0,0.0,0.0,0.0,0.0,0.0,0.0,0.315022490155246,0.0
12,1,2,0,0.46417765731644417,0.0,0.0,0.0,0.0,0.0,0.0,0.0,0.23208882865822208,0.0
12,1,3,0,9.58702547497025,1.0,0.0,1.0,1.0,0.0,0.3983998167698264,1.3560892426445221,3.1956751583234166,0.0
12,1,4,0,22.168550983685932,1.0,1.0,1.0,1.0,0.0,12.633247906362381,9.008074604002164,7.284509497843562,0.0
12,1,5,1,15.042074894586797,1.0,1.0,1.0,1.0,1.0,5.178521570179877,1.686614040834506,4.859299079090118,0.0
12,1,6,1,9.149048688751854,0.0,0.0,0.0,0.0,0.0,0.0,0.0,-0.1459922620727987,0.0
12,1,7,1,7.042085668516023,0.0,0.0,0.0,0.0,0.0,0.0,0.0,-5.042155105056636,0.0
12,1,8,1,4.495015011640638,0.0,0.0,0.0,0.0,0.0,0.0,0.0,-3.5156866276487193,0.0
12,1,9,1,2.3203337051149546,0.0,0.0,0.0,0.0,0.0,0.0,0.0,-2.2762383278789664,0.0
12,1,10,2,1.191299046074342,0.0,0.0,0.0,0.0,0.0,0.0,0.0,-1.9502622074805605,0.0
12,1,11,2,0.6117250523607545,0.0,0.0,0.0,0.0,0.0,0.0,0.0,-1.2944299864266278,0.0
12,1,12,2,0.31786733193580097,0.0,0.0,0.0,0.0,0.0,0.0,0.0,-0.6674887910597178,0.0
12,1,13,2,0.27010836903905844,0.0,0.0,0.0,0.0,0.0,0.0,0.0,-0.3070635590117612,0.0
12,1,14,2,0.21927182805080708,0.0,0.0,0.0,0.0,0.0,0.0,0.0,-0.13081774143664912,0.0
12,1,15,3,0.11665063836614917,0.0,0.0,0.0,0.0,0.0,0.0,0.0,-0.06707223118988394,0.0
12,1,16,3,0.15371205617378883,0.0,0.0,0.0,0.0,0.0,0.0,0.0,-0.03879877095508987,0.0
12,1,17,3,1.8517047483814577,0.0,0.0,0.0,0.0,0.0,0.0,0.0,0.5441443067768835,0.0
12,1,18,3,5.070161028428096,0.0,0.0,0.0,0.0,0.0,0.0,0.0,1.651170130020649,0.0
12,1,19,3,5.098671866842169,0.0,0.0,0.0,0.0,0.0,0.0,0.0,1.64831993688946,0.0
12,1,20,4,5.138702880925576,0.0,0.0,0.0,0.0,0.0,0.0,0.0,1.0956660441813728,0.0
12,1,21,4,3.795867983914701,0.0,0.0,0.0,0.0,0.0,0.0,0.0,-0.4247643481711316,0.0
12,1,22,4,2.1465868608174343,0.0,0.0,0.0,0.0,0.0,0.0,0.0,-0.9840283353415783,0.0
12,1,23,4,1.4741423332658163,0.0,0.0,0.0,0.0,0.0,0.0,0.0,-1.2215201825532533,0.0
12,1,24,4,1.9434711908513131,0.0,0.0,0.0,0.0,0.0,0.0,0.0,-0.617465597687796,0.0
12,1,25,5,3.2245440190553074,0.0,0.0,0.0,0.0,0.0,0.0,0.0,0.3593190527459577,0.0
12,1,26,5,7.247301101496513,0.0,0.0,0.0,0.0,0.0,0.0,0.0,1.9243862560768987,0.0
12,1,27,5,10.425775915403978,0.0,0.0,0.0,0.0,0.0,0.0,0.0,2.827434908184222,0.0
12,1,28,5,9.076785680684244,0.0,0.0,0.0,0.0,0.0,0.0,0.0,1.950747220542979,0.0
12,1,29,5,11.846911255628878,0.0,0.0,0.0,0.0,0.0,0.0,0.0,1.5332033847107887,0.0
12,1,30,6,27.093742329305904,0.0,0.0,0.0,0.0,0.0,0.0,0.0,5.555988804633976,0.0
12,1,31,6,44.282667932454714,1.0,0.0,1.0,1.0,0.0,1.309159173977875,9.81887956175315,11.73529408392349,0.0
12,1,32,6,55.1746131315533,1.0,0.0,1.0,1.0,0.0,9.151897876509125,14.202032590215381,14.442567291974806,0.0
12,1,33,6,67.30139497486739,1.0,0.0,1.0,1.0,1.0,18.002672188236076,19.92766853477694,13.402550881853829,0.0
12,1,34,6,74.9060432629586,1.0,1.0,1.0,1.0,1.0,22.094208746028087,22.126334370390644,10.20779177683463,0.0
12,1,35,7,78.03886182354873,1.0,1.0,1.0,1.0,1.0,21.466508213914736,21.2826990020724,7.621416230665143,0.0
12,1,36,7,69.90016853572615,1.0,0.0,1.0,1.0,1.0,9.309585307292124,11.518922031603623,0.8662578536195866,0.0
12,1,37,7,48.28374399414305,0.0,0.0,0.0,0.0,0.0,0.0,0.0,-8.874099756271852,0.0
12,1,38,7,35.93630344085182,0.0,0.0,0.0,0.0,0.0,0.0,0.0,-14.034186127565635,0.0
12,1,39,7,40.79611109578934,0.0,0.0,0.0,0.0,0.0,0.0,0.0,-9.701352479978937,0.0
12,1,40,8,39.38820823905829,0.0,0.0,0.0,0.0,0.0,0.0,0.0,-2.965178585028255,0.0
12,1,41,8,32.1015886321031,0.0,0.0,0.0,0.0,0.0,0.0,0.0,-1.278238269582907,0.0
12,1,42,8,27.958764443439602,0.0,0.0,0.0,0.0,0.0,0.0,0.0,-4.279115550783247,0.0
12,1,43,8,29.333941104116576,0.0,0.0,0.0,0.0,0.0,0.0,0.0,-3.3514223783139037,0.0
12,1,44,8,24.24958837925748,0.0,0.0,0.0,0.0,0.0,0.0,0.0,-2.6173334176152068,0.0
12,1,45,9,15.18498288192188,0.0,0.0,0.0,0.0,0.0,0.0,0.0,-4.257927187172574,0.0
12,1,46,9,9.66400018367748,0.0,0.0,0.0,0.0,0.0,0.0,0.0,-6.556646973479698,0.0
12,1,47,9,16.625149546117,0.0,0.0,0.0,0.0,0.0,0.0,0.0,-2.5414796110468267,0.0
12,1,48,9,38.435961698012036,0.0,0.0,0.0,0.0,0.0,0.0,0.0,7.750326272030052,0.0
12,1,49,9,39.19286161231885,0.0,0.0,0.0,0.0,0.0,0.0,0.0,9.842953809547124,0.0
12,1,50,10,28.847659739208392,0.0,0.0,0.0,0.0,0.0,0.0,0.0,4.0741700643637975,0.0
12,1,51,10,18.61484814647787,0.0,0.0,0.0,0.0,0.0,0.0,0.0,-6.607037850511389,0.0
12,1,52,10,13.666581931227137,0.0,0.0,0.0,0.0,0.0,0.0,0.0,-8.508759893697238,0.0
12,1,53,10,20.103065923865948,0.0,0.0,0.0,0.0,0.0,0.0,0.0,-2.9148646051141482,0.0
12,1,54,10,43.398871286430264,0.0,0.0,0.0,0.0,0.0,0.0,0.0,8.261341046650799,0.0
12,1,55,11,69.19549337125,0.0,0.0,0.0,0.0,0.0,0.0,0.0,18.509637146674287,0.0
12,1,56,11,69.86661024680647,0.0,0.0,0.0,0.0,0.0,0.0,0.0,16.587848107646842,0.0
12,1,57,11,58.52425963971286,0.0,0.0,0.0,0.0,0.0,0.0,0.0,5.041796117760865,0.0
12,1,58,11,51.7782914556825,0.0,0.0,0.0,0.0,0.0,0.0,0.0,-5.805733971855832,0.0
12,1,59,11,41.26981587240331,0.0,0.0,0.0,0.0,0.0,0.0,0.0,-9.53226479146772,0.0
12,1,60,11,27.349739258113225,0.0,0.0,0.0,0.0,0.0,0.0,0.0,-10.391506793866546,0.0
12,1,61,11,28.032880090893542,0.0,0.0,0.0,0.0,0.0,0.0,0.0,-7.915137121596319,0.0
12,1,62,11,45.7395345143681,0.0,0.0,0.0,0.0,0.0,0.0,0.0,1.489906213988263,0.0
12,1,63,11,51.3810750179525,0.0,0.0,0.0,0.0,0.0,0.0,0.0,8.010445253279757,0.0
12,1,64,11,61.90757857761661,0.0,0.0,0.0,0.0,0.0,0.0,0.0,11.291566162241024,0.0
12,1,65,11,74.80636394805802,0.0,0.0,0.0,0.0,0.0,0.0,0.0,9.688943144563305,0.0
12,1,66,11,86.20344849352259,0.0,0.0,0.0,0.0,0.0,0.0,0.0,11.60745782519003,0.0
12,1,67,11,94.85987031089812,0.0,0.0,0.0,0.0,0.0,0.0,0.0,10.984097244427169,0.0
12,1,68,11,98.17673132529036,0.0,0.0,0.0,0.0,0.0,0.0,0.0,7.790122459077447,1.0
12,1,69,11,97.91742142690684,0.0,0.0,0.0,0.0,0.0,0.0,0.0,3.9046576444614183,1.0
12,1,70,11,97.54954535017413,0.0,0.0,0.0,0.0,0.0,0.0,0.0,0.896558346425337,1.0
12,1,71,11,99.02497198680311,0.0,0.0,0.0,0.0,0.0,0.0,0.0,0.2827468871709158,1.0
12,1,72,11,99.74037449351036,0.0,0.0,0.0,0.0,0.0,0.0,0.0,0.6076510222011725,1.0
12,3,0,0,0.0,0.0,0.0,0.0,0.0,0.0,0.0,0.0,0.0,0.0
12,3,1,0,0.018267019436636885,0.0,0.0,0.0,0.0,0.0,0.0,0.0,0.018267019436636885,0.0
12,3,2,0,0.16094166125489504,0.0,0.0,0.0,0.0,0.0,0.0,0.0,0.08047083062744752,0.0
12,3,3,0,0.4077526095713977,0.0,0.0,0.0,0.0,0.0,0.0,0.0,0.13591753652379923,0.0
12,3,4,0,0.40474923932165763,0.0,0.0,0.0,0.0,0.0,0.0,0.0,0.12882740662834025,0.0
12,3,5,1,1.0738020510080886,0.0,0.0,0.0,0.0,0.0,0.0,0.0,0.30428679658439783,0.0
12,3,6,1,1.933249513282267,0.0,0.0,0.0,0.0,0.0,0.0,0.0,0.508498967903623,0.0
12,3,7,1,1.0790509689576564,0.0,0.0,0.0,0.0,0.0,0.0,0.0,0.2247672432119996,0.0
12,3,8,1,0.6499361794459948,0.0,0.0,0.0,0.0,0.0,0.0,0.0,-0.14128862385403126,0.0
12,3,9,1,0.8267281547014926,0.0,0.0,0.0,0.0,0.0,0.0,0.0,-0.3688404528602581,0.0
12,3,10,2,0.46698897889680696,0.0,0.0,0.0,0.0,0.0,0.0,0.0,-0.2040206633536165,0.0
12,3,11,2,0.24272334591045383,0.0,0.0,0.0,0.0,0.0,0.0,0.0,-0.13573761117851366,0.0
12,3,12,2,0.41062920005226905,0.0,0.0,0.0,0.0,0.0,0.0,0.0,-0.1386996515497412,0.0
12,3,13,2,0.7925702474006107,0.0,0.0,0.0,0.0,0.0,0.0,0.0,0.1085270895012679,0.0
12,3,14,2,0.9694382473473891,0.0,0.0,0.0,0.0,0.0,0.0,0.0,0.24223830047897843,0.0
12,3,15,3,2.4760179129519053,0.0,0.0,0.0,0.0,0.0,0.0,0.0,0.6884629042998788,0.0
12,3,16,3,6.99048213497548,0.0,0.0,0.0,0.0,0.0,0.0,0.0,2.065970629191623,0.0
12,3,17,3,15.341687350116985,0.0,0.0,0.0,1.0,0.0,0.0,1.9334511242960026,4.7907497009231985,0.0
12,3,18,3,31.296060236589675,1.0,1.0,1.0,1.0,0.0,12.011281226653093,12.52223303099359,9.606680774545923,0.0
12,3,19,3,52.38826411679275,1.0,1.0,1.0,1.0,0.0,32.0651041695528,26.152943423199694,15.13259399393909,0.0
12,3,20,4,59.105917520040165,1.0,1.0,1.0,1.0,1.0,37.651516728476125,27.39582274353757,14.588076723307728,0.0
12,3,21,4,61.95724620904801,1.0,1.0,1.0,1.0,1.0,39.26844150244691,26.403187591748214,10.220395324152777,0.0
12,3,22,4,71.38058045476268,1.0,1.0,1.0,1.0,1.0,47.34390559871933,32.22032411946577,6.330772112656644,0.0
12,3,23,4,75.15954448371727,1.0,1.0,1.0,1.0,1.0,49.651230080134226,33.562749614420575,5.351208987892368,0.0
12,3,24,4,70.54703720930306,1.0,1.0,1.0,1.0,1.0,43.43301069639065,28.517384319275493,2.8632636667516826,0.0
12,3,25,5,75.01750230949665,1.0,1.0,1.0,1.0,1.0,46.153387961772964,33.54878611445587,1.2123072849113232,0.0
12,3,26,5,84.71177757367403,1.0,1.0,1.0,1.0,1.0,53.94289650196491,44.44250222810523,3.1840776966522526,0.0
12,3,27,5,79.7949770658953,1.0,1.0,1.0,1.0,1.0,46.95634721733437,42.803917742571215,3.08264661886408,0.0
12,3,28,5,72.02136274370841,1.0,1.0,1.0,1.0,1.0,36.937698901737036,39.94529561250088,-0.9987131885960802,0.0
12,3,29,5,78.86032389929959,1.0,1.0,1.0,1.0,1.0,41.34603768366691,50.59906929427907,-1.9504845581248134,0.0
12,3,30,6,82.88040306566359,1.0,1.0,1.0,1.0,1.0,42.73960293242649,54.83331618040479,1.0284753332560967,0.0
12,3,31,6,88.31450343239982,1.0,1.0,1.0,1.0,1.0,45.34099467392298,59.31651813102183,5.43104689623047,0.0
12,3,32,6,95.19882280738281,1.0,1.0,1.0,1.0,1.0,49.176107552338635,64.38029429505293,5.446166302694408,0.0
12,3,33,6,97.09485142245593,1.0,1.0,1.0,1.0,1.0,47.796128635824616,63.54781651188013,4.738149452264115,0.0
12,3,34,6,96.13363413212514,1.0,1.0,1.0,1.0,1.0,43.32179961519462,60.179686717845144,2.6063768999084402,0.0
12,3,35,7,95.3428177990738,1.0,1.0,1.0,1.0,1.0,38.77046418943981,57.970380954970636,0.047998330563662726,0.0
12,3,36,7,92.17227581806624,1.0,1.0,1.0,1.0,1.0,31.581692589632212,53.367957826157195,-1.640858534796564,0.0
12,3,37,7,79.87490671039234,1.0,0.0,1.0,1.0,1.0,14.99808017336953,38.658464893928574,-5.419575807244267,0.0
12,3,38,7,71.91432930483523,1.0,0.0,1.0,1.0,1.0,2.472942605742645,27.534663987741865,-7.8094961647461885,0.0
12,3,39,7,82.73371181494242,1.0,0.0,1.0,1.0,1.0,8.439144936606795,37.0033416917031,-3.146188001041272,0.0
12,3,40,8,89.64713282325633,1.0,0.0,1.0,1.0,1.0,10.2004625848122,41.80357747890793,3.2574087042879967,0.0
12,3,41,8,88.63240102958102,1.0,0.0,1.0,1.0,1.0,3.724401086470664,38.28273870840009,5.572690574915261,0.0
12,3,42,8,87.01412317137678,0.0,0.0,0.0,1.0,0.0,0.0,33.79801743524365,1.4268037854781188,0.0
12,3,43,8,81.81408367009689,0.0,0.0,0.0,1.0,0.0,0.0,25.660637018193647,-2.611016384386479,0.0
12,3,44,8,67.96266928796607,0.0,0.0,0.0,1.0,0.0,0.0,7.451166324229092,-6.889910580538317,0.0
12,3,45,9,63.99497798467411,0.0,0.0,0.0,0.0,0.0,0.0,0.0,-7.673048395567558,0.0
12,3,46,9,72.59205606780358,0.0,0.0,0.0,1.0,0.0,0.0,4.884193770842984,-3.0740092007644364,0.0
12,3,47,9,69.06523335885598,0.0,0.0,0.0,0.0,0.0,0.0,0.0,0.36752135696330396,0.0
12,3,48,9,67.99914903630625,0.0,0.0,0.0,0.0,0.0,0.0,0.0,1.3347236838773806,0.0
12,3,49,9,83.30867732623018,0.0,0.0,0.0,1.0,0.0,0.0,4.042617507638369,3.5722070861421997,0.0
12,3,50,10,88.4328313538771,0.0,0.0,0.0,1.0,0.0,0.0,4.526239943552312,6.455865998340376,0.0
12,3,51,10,84.70603354931762,0.0,0.0,0.0,0.0,0.0,0.0,0.0,5.568961504337125,0.0
12,3,52,10,84.4094425696221,0.0,0.0,0.0,0.0,0.0,0.0,0.0,0.36692174779730635,0.0
12,3,53,10,84.24420022298516,0.0,0.0,0.0,0.0,0.0,0.0,0.0,-1.3962103769639829,0.0
12,3,54,10,80.75991267361222,0.0,0.0,0.0,0.0,0.0,0.0,0.0,-1.3153736252351347,0.0
12,3,55,11,80.26344071300491,0.0,0.0,0.0,0.0,0.0,0.0,0.0,-1.3820006188723966,0.0
12,3,56,11,77.62574049811846,0.0,0.0,0.0,0.0,0.0,0.0,0.0,-2.206153241622232,1.0
12,3,57,11,61.47191744541823,0.0,0.0,0.0,0.0,0.0,0.0,0.0,-6.429331742731331,1.0
12,3,58,11,47.783250310804206,0.0,0.0,0.0,0.0,0.0,0.0,0.0,-10.826730134066901,1.0
12,3,59,11,45.269881496069274,0.0,0.0,0.0,0.0,0.0,0.0,0.0,-10.785286334016396,1.0
12,3,60,11,44.80482104942652,0.0,0.0,0.0,0.0,0.0,0.0,0.0,-5.555698798663902,1.0
12,2,0,0,0.0,0.0,0.0,0.0,0.0,0.0,0.0,0.0,0.0,0.0
12,2,1,0,1.291744980742779,0.0,0.0,0.0,0.0,0.0,0.0,0.0,1.291744980742779,0.0
12,2,2,0,0.8229675110568669,0.0,0.0,0.0,0.0,0.0,0.0,0.0,0.41148375552843347,0.0
12,2,3,0,0.42321562028131177,0.0,0.0,0.0,0.0,0.0,0.0,0.0,0.14107187342710392,0.0
12,2,4,0,0.21728614449442285,0.0,0.0,0.0,0.0,0.0,0.0,0.0,-0.35815294541611875,0.0
12,2,5,1,0.11155842631202625,0.0,0.0,0.0,0.0,0.0,0.0,0.0,-0.23713636158161355,0.0
12,2,6,1,0.05727600584093031,0.0,0.0,0.0,0.0,0.0,0.0,0.0,-0.12197987148012716,0.0
12,2,7,1,0.029406481908544398,0.0,0.0,0.0,0.0,0.0,0.0,0.0,-0.06262655419529282,0.0
12,2,8,1,0.015097791222368926,0.0,0.0,0.0,0.0,0.0,0.0,0.0,-0.03215354502988577,0.0
12,2,9,1,0.00775146447314422,0.0,0.0,0.0,0.0,0.0,0.0,0.0,-0.0165081804559287,0.0
12,2,10,2,0.003979734558085201,0.0,0.0,0.0,0.0,0.0,0.0,0.0,-0.008475582450153065,0.0
12,2,11,2,0.002043263851326552,0.0,0.0,0.0,0.0,0.0,0.0,0.0,-0.004351509123680791,0.0
12,2,12,2,0.0010490466399715184,0.0,0.0,0.0,0.0,0.0,0.0,0.0,-0.0022341392777242342,0.0
12,2,13,2,0.002200468793793269,0.0,0.0,0.0,0.0,0.0,0.0,0.0,-0.0005930885880973106,0.0
12,2,14,2,0.04716997374909866,0.0,0.0,0.0,0.0,0.0,0.0,0.0,0.015042236632590703,0.0
12,2,15,3,0.09026938702385415,0.0,0.0,0.0,0.0,0.0,0.0,0.0,0.02974011346129421,0.0
12,2,16,3,0.3034879411530052,0.0,0.0,0.0,0.0,0.0,0.0,0.0,0.10042915745307064,0.0
12,2,17,3,1.4066677457932875,0.0,0.0,0.0,0.0,0.0,0.0,0.0,0.4531659240147296,0.0
12,2,18,3,3.317895166240305,0.0,0.0,0.0,0.0,0.0,0.0,0.0,1.075875259738817,0.0
12,2,19,3,3.6086827209848775,0.0,0.0,0.0,0.0,0.0,0.0,0.0,1.1017315932772906,0.0
12,2,20,4,2.298963681358951,0.0,0.0,0.0,0.0,0.0,0.0,0.0,0.2974319785218879,0.0
12,2,21,4,1.2592669655926936,0.0,0.0,0.0,0.0,0.0,0.0,0.0,-0.6862094002158705,0.0
12,2,22,4,0.6532922898333758,0.0,0.0,0.0,0.0,0.0,0.0,0.0,-0.9851301437171672,0.0
12,2,23,4,0.3354365937872803,0.0,0.0,0.0,0.0,0.0,0.0,0.0,-0.654509029190557,0.0
12,2,24,4,0.17526941649123795,0.0,0.0,0.0,0.0,0.0,0.0,0.0,-0.36133251636715186,0.0
12,2,25,5,0.7912874744345421,0.0,0.0,0.0,0.0,0.0,0.0,0.0,0.045998394867055405,0.0
12,2,26,5,4.196140711271008,0.0,0.0,0.0,0.0,0.0,0.0,0.0,1.286901372494576,0.0
12,2,27,5,4.395825327975207,0.0,0.0,0.0,0.0,0.0,0.0,0.0,1.4068519704946565,0.0
12,2,28,5,3.2436492145347273,0.0,0.0,0.0,0.0,0.0,0.0,0.0,0.8174539133667285,0.0
12,2,29,5,4.529011056667131,0.0,0.0,0.0,0.0,0.0,0.0,0.0,0.11095678179870767,0.0
12,2,30,6,9.556203449371747,0.0,0.0,0.0,0.0,0.0,0.0,0.0,1.7201260404655132,0.0
12,2,31,6,14.364075825633531,0.0,0.0,0.0,0.0,0.0,0.0,0.0,3.706808870366268,0.0
12,2,32,6,24.291279910116597,0.0,0.0,0.0,0.0,0.0,0.0,0.0,6.587422951149822,0.0
12,2,33,6,36.414919747385426,0.0,0.0,0.0,1.0,0.0,0.0,0.3444490773696032,8.952905432671226,0.0
12,2,34,6,47.92776125471746,0.0,0.0,0.0,1.0,0.0,0.0,5.895554500121392,11.187895143027978,0.0
12,2,35,7,64.84505627494917,1.0,0.0,1.0,1.0,0.0,8.27270266531518,15.657906415901238,13.51792545494419,0.0
12,2,36,7,76.65403327601277,1.0,0.0,1.0,1.0,0.0,16.06345004757874,20.686530995772927,13.41303784287578,0.0
12,2,37,7,72.57724072721277,1.0,0.0,1.0,1.0,1.0,7.70041419018996,12.364523413714792,8.216493157498435,0.0
12,2,38,7,64.64258206194786,0.0,0.0,0.0,1.0,0.0,0.0,2.3223663672476462,-0.06749140433376984,0.0
12,2,39,7,78.96309148845427,1.0,0.0,1.0,1.0,0.0,4.668524610118638,14.340626207478365,0.7696860708138331,0.0
12,2,40,8,93.84978955646955,1.0,0.0,1.0,1.0,0.0,14.403119318025418,26.628668610897478,7.090849609752259,0.0
12,2,41,8,98.05750345510604,1.0,0.0,1.0,1.0,1.0,13.14950351199569,29.140775566939126,11.138307131052727,0.0
12,2,42,8,96.38435811880267,1.0,0.0,1.0,1.0,1.0,5.695498962776114,27.492900216078752,5.8070888767827995,1.0
12,2,43,8,95.5364677563811,0.0,0.0,1.0,1.0,0.0,0.0,27.250925158620277,0.5622260666371849,1.0
12,2,44,8,93.79097103889191,0.0,0.0,0.0,1.0,0.0,0.0,26.041402101096224,-1.4221774720713778,1.0
12,2,45,9,85.06851904369753,0.0,0.0,0.0,1.0,0.0,0.0,17.718341221986165,-3.771946358368377,1.0
12,2,46,9,76.21979001340054,0.0,0.0,0.0,1.0,0.0,0.0,6.596237474621063,-6.43889258099352,1.0
12,1,0,0,0.0,0.0,0.0,0.0,0.0,0.0,0.0,0.0,0.0,0.0
12,1,1,0,0.006612018213033899,0.0,0.0,0.0,0.0,0.0,0.0,0.0,0.006612018213033899,0.0
12,1,2,0,0.00497552340183717,0.0,0.0,0.0,0.0,0.0,0.0,0.0,0.002487761700918585,0.0
12,1,3,0,0.287195576779564,0.0,0.0,0.0,0.0,0.0,0.0,0.0,0.09573185892652132,0.0
12,1,4,0,0.7791418507288796,0.0,0.0,0.0,0.0,0.0,0.0,0.0,0.25750994417194856,0.0
12,1,5,1,0.48306946800770034,0.0,0.0,0.0,0.0,0.0,0.0,0.0,0.1593646482019544,0.0
12,1,6,1,0.4578297783564713,0.0,0.0,0.0,0.0,0.0,0.0,0.0,0.05687806719230245,0.0
12,1,7,1,3.1760645595493453,0.0,0.0,0.0,0.0,0.0,0.0,0.0,0.7989742362734885,0.0
12,1,8,1,9.497337566178377,0.0,0.0,0.0,1.0,0.0,0.0,0.7808046571906821,3.004756032723559,0.0
12,1,9,1,7.04794148498934,0.0,0.0,0.0,0.0,0.0,0.0,0.0,2.1967039022109565,0.0
12,1,10,2,3.6343892387158334,0.0,0.0,0.0,0.0,0.0,0.0,0.0,0.15277489305549605,0.0
12,1,11,2,1.8659576523845416,0.0,0.0,0.0,0.0,0.0,0.0,0.0,-2.543793304597945,0.0
12,1,12,2,1.000864661608341,0.0,0.0,0.0,0.0,0.0,0.0,0.0,-2.015692274460333,0.0
12,1,13,2,0.8112675041747335,0.0,0.0,0.0,0.0,0.0,0.0,0.0,-0.9410405781803667,0.0
12,1,14,2,0.6543080075610765,0.0,0.0,0.0,0.0,0.0,0.0,0.0,-0.40388321494115503,0.0
12,1,15,3,4.147982455578329,0.0,0.0,0.0,0.0,0.0,0.0,0.0,1.0490392646566626,0.0
12,1,16,3,17.73479938339603,1.0,0.0,1.0,1.0,0.0,0.28941518177296643,4.190647629747524,5.641177293073766,0.0
12,1,17,3,16.565742792789223,0.0,0.0,0.0,1.0,0.0,0.0,1.6859773028158873,5.3038115950760485,0.0
12,1,18,3,11.442295532877083,0.0,0.0,0.0,0.0,0.0,0.0,0.0,2.431437692432918,0.0
12,1,19,3,11.129851116267439,0.0,0.0,0.0,0.0,0.0,0.0,0.0,-2.2016494223761973,0.0
12,1,20,4,10.70442169723762,0.0,0.0,0.0,0.0,0.0,0.0,0.0,-1.9537736985172007,0.0
12,1,21,4,10.377192284050919,0.0,0.0,0.0,0.0,0.0,0.0,0.0,-0.35503441627538795,0.0
12,1,22,4,19.709856360599034,0.0,0.0,0.0,1.0,0.0,0.0,1.0291196353164587,2.8600017481105318,0.0
12,1,23,4,36.40853845744083,1.0,1.0,1.0,1.0,0.0,10.900224053857787,13.943108198990952,8.568038920067735,0.0
12,1,24,4,40.87724753093477,1.0,1.0,1.0,1.0,0.0,13.763221018022364,15.420216223438565,10.166685082294615,0.0
12,1,25,5,36.286866061264845,1.0,0.0,1.0,1.0,1.0,7.422751713541164,9.77427057579802,5.525669900221938,0.0
12,1,26,5,48.134572014123556,1.0,1.0,1.0,1.0,1.0,17.365690942414442,19.187351902150986,3.9086778522275765,0.0
12,1,27,5,70.35171804480291,1.0,1.0,1.0,1.0,1.0,37.51308819624198,34.94924074258742,9.824823504622714,0.0
12,1,28,5,74.16218618923426,1.0,1.0,1.0,1.0,1.0,39.07852234726289,33.93978965041201,12.62510670932314,1.0
12,1,29,5,75.43093469090388,1.0,1.0,1.0,1.0,1.0,37.9166484752712,32.22448286832777,9.098787558926775,1.0
12,1,30,6,84.67762377057421,1.0,1.0,1.0,1.0,1.0,44.53682363733712,38.73815916197664,4.775301908590436,1.0
12,1,31,6,90.36401666414912,1.0,1.0,1.0,1.0,1.0,47.39050790567228,42.747229374787054,5.400610158304953,1.0
12,1,32,6,90.7341071148009,1.0,1.0,1.0,1.0,1.0,44.71139185975673,43.46063817440373,5.101057474632341,1.0
12,1,0,0,0.0,0.0,0.0,0.0,0.0,0.0,0.0,0.0,0.0,0.0
12,1,1,0,0.0,0.0,0.0,0.0,0.0,0.0,0.0,0.0,0.0,0.0
12,1,2,0,0.0,0.0,0.0,0.0,0.0,0.0,0.0,0.0,0.0,0.0
12,1,3,0,0.007194775492000066,0.0,0.0,0.0,0.0,0.0,0.0,0.0,0.0023982584973333554,0.0
12,1,4,0,0.02718976561028922,0.0,0.0,0.0,0.0,0.0,0.0,0.0,0.00906325520342974,0.0
12,1,5,1,0.02160727477568407,0.0,0.0,0.0,0.0,0.0,0.0,0.0,0.0072024249252280225,0.0
12,1,6,1,0.011093544765477324,0.0,0.0,0.0,0.0,0.0,0.0,0.0,0.0012995897578257528,0.0
12,1,7,1,0.006021270082115454,0.0,0.0,0.0,0.0,0.0,0.0,0.0,-0.007056165176057921,0.0
12,1,8,1,0.0033388625529869034,0.0,0.0,0.0,0.0,0.0,0.0,0.0,-0.006089470740899054,0.0
12,1,9,1,0.0017142291928003443,0.0,0.0,0.0,0.0,0.0,0.0,0.0,-0.00312643852422566,0.0
12,1,10,2,0.0008801146135291199,0.0,0.0,0.0,0.0,0.0,0.0,0.0,-0.0017137184895287781,0.0
12,1,11,2,0.00045186590929660456,0.0,0.0,0.0,0.0,0.0,0.0,0.0,-0.0009623322145634329,0.0
12,1,12,2,0.00023199569334010555,0.0,0.0,0.0,0.0,0.0,0.0,0.0,-0.0004940778331534129,0.0
12,1,13,2,0.00011911056050264587,0.0,0.0,0.0,0.0,0.0,0.0,0.0,-0.0002536680176754913,0.0
12,1,14,2,6.115340081962576e-05,0.0,0.0,0.0,0.0,0.0,0.0,0.0,-0.00013023750282565962,0.0
12,1,15,3,3.139720286785765e-05,0.0,0.0,0.0,0.0,0.0,0.0,0.0,-6.68661634907493e-05,0.0
12,1,16,3,1.611986144209734e-05,0.0,0.0,0.0,0.0,0.0,0.0,0.0,-3.4330233020182846e-05,0.0
12,1,17,3,0.08398517680559042,0.0,0.0,0.0,0.0,0.0,0.0,0.0,0.027974674468256935,0.0
12,1,18,3,0.3896107919090228,0.0,0.0,0.0,0.0,0.0,0.0,0.0,0.129859798235385,0.0
12,1,19,3,0.39632550318498083,0.0,0.0,0.0,0.0,0.0,0.0,0.0,0.1321031277745129,0.0
12,1,20,4,0.2687393424972928,0.0,0.0,0.0,0.0,0.0,0.0,0.0,0.06158472189723413,0.0
12,1,21,4,0.16915510073489343,0.0,0.0,0.0,0.0,0.0,0.0,0.0,-0.07348523039137646,0.0
12,1,22,4,0.11496126493355587,0.0,0.0,0.0,0.0,0.0,0.0,0.0,-0.09378807941714166,0.0
12,1,23,4,0.9879019608211194,0.0,0.0,0.0,0.0,0.0,0.0,0.0,0.23972087277460885,0.0
12,1,24,4,3.15717314559991,0.0,0.0,0.0,0.0,0.0,0.0,0.0,0.9960060149550056,0.0
12,1,25,5,3.2106433139337103,0.0,0.0,0.0,0.0,0.0,0.0,0.0,1.0318940163333847,0.0
12,1,26,5,3.339123156823775,0.0,0.0,0.0,0.0,0.0,0.0,0.0,0.7837403986675519,0.0
12,1,27,5,11.06440789460813,0.0,0.0,0.0,0.0,0.0,0.0,0.0,2.6357449163360736,0.0
12,1,28,5,26.49434217685532,0.0,0.0,0.0,1.0,0.0,0.0,1.0991380353865097,7.761232954307204,0.0
12,1,29,5,28.656339480615692,0.0,0.0,0.0,0.0,0.0,0.0,0.0,8.43907210793064,0.0
12,1,30,6,28.597548354950085,0.0,0.0,0.0,0.0,0.0,0.0,0.0,5.844380153447318,0.0
12,1,31,6,45.36488753781272,1.0,0.0,1.0,1.0,0.0,2.3913787793358807,8.505017261785909,6.2901817869858005,0.0
12,1,32,6,57.49268036284582,1.0,0.0,1.0,1.0,0.0,11.469965107801642,15.236638548745702,9.612113627410041,1.0
12,1,33,6,52.916247120480534,1.0,0.0,1.0,1.0,1.0,3.617524333849218,7.72638207496766,8.106232921843484,1.0
12,1,34,6,52.130449158808275,0.0,0.0,1.0,1.0,0.0,0.0,5.053970669780597,2.2551872069985186,1.0
12,1,35,7,42.33578374019258,0.0,0.0,0.0,0.0,0.0,0.0,0.0,-5.052298874217745,1.0
12,1,36,7,27.669492304013072,0.0,0.0,0.0,0.0,0.0,0.0,0.0,-8.415584938822487,1.0
12,1,0,0,0.0,0.0,0.0,0.0,0.0,0.0,0.0,0.0,0.0,0.0
12,1,1,0,0.0,0.0,0.0,0.0,0.0,0.0,0.0,0.0,0.0,0.0
12,1,2,0,0.0,0.0,0.0,0.0,0.0,0.0,0.0,0.0,0.0,0.0
12,1,3,0,0.0022937148743211173,0.0,0.0,0.0,0.0,0.0,0.0,0.0,0.0007645716247737058,0.0
12,1,4,0,0.008755698785560834,0.0,0.0,0.0,0.0,0.0,0.0,0.0,0.0029185662618536113,0.0
12,1,5,1,0.004794930115837917,0.0,0.0,0.0,0.0,0.0,0.0,0.0,0.0015983100386126388,0.0
12,1,6,1,0.039472810427185055,0.0,0.0,0.0,0.0,0.0,0.0,0.0,0.012393031850954646,0.0
12,1,7,1,2.205554242558159,0.0,0.0,0.0,0.0,0.0,0.0,0.0,0.7322661812575327,0.0
12,1,8,1,2.3155735674936264,0.0,0.0,0.0,0.0,0.0,0.0,0.0,0.7702595457925961,0.0
12,1,9,1,1.2044031338277033,0.0,0.0,0.0,0.0,0.0,0.0,0.0,0.3883101078001727,0.0
12,1,10,2,0.6183611871236455,0.0,0.0,0.0,0.0,0.0,0.0,0.0,-0.5290643518115045,0.0
12,1,11,2,0.317477219214596,0.0,0.0,0.0,0.0,0.0,0.0,0.0,-0.6660321160930102,0.0
12,1,12,2,0.16299823924763682,0.0,0.0,0.0,0.0,0.0,0.0,0.0,-0.34713496486002215,0.0
12,1,13,2,0.09286586481063788,0.0,0.0,0.0,0.0,0.0,0.0,0.0,-0.17516510743766922,0.0
12,1,14,2,0.17300788884956164,0.0,0.0,0.0,0.0,0.0,0.0,0.0,-0.048156443455011445,0.0
12,1,15,3,0.4516228003007542,0.0,0.0,0.0,0.0,0.0,0.0,0.0,0.0962081870177058,0.0
12,1,16,3,0.5161343536375557,0.0,0.0,0.0,0.0,0.0,0.0,0.0,0.14108949627563927,0.0
12,1,17,3,5.466706059806132,0.0,0.0,0.0,0.0,0.0,0.0,0.0,1.7645660569855235,0.0
12,1,18,3,14.686063876443761,0.0,0.0,0.0,1.0,0.0,0.0,0.982296016987565,4.744813692047669,0.0
12,1,19,3,11.882598696869621,0.0,0.0,0.0,0.0,0.0,0.0,0.0,3.788821447744022,0.0
12,1,20,4,7.519896771205033,0.0,0.0,0.0,0.0,0.0,0.0,0.0,0.6843969037996338,0.0
12,1,21,4,4.929778083423209,0.0,0.0,0.0,0.0,0.0,0.0,0.0,-3.252095264340184,0.0
12,1,22,4,2.8527689241296015,0.0,0.0,0.0,0.0,0.0,0.0,0.0,-3.0099432575800065,0.0
12,1,23,4,1.550773709320118,0.0,0.0,0.0,0.0,0.0,0.0,0.0,-1.989707687294972,0.0
12,1,24,4,0.9200754509089146,0.0,0.0,0.0,0.0,0.0,0.0,0.0,-1.3365675441714313,0.0
12,1,25,5,0.4958105067380656,0.0,0.0,0.0,0.0,0.0,0.0,0.0,-0.7856528057971787,0.0
12,1,26,5,0.2545576019555476,0.0,0.0,0.0,0.0,0.0,0.0,0.0,-0.43207203578819015,0.0
12,1,27,5,0.18059555242149505,0.0,0.0,0.0,0.0,0.0,0.0,0.0,-0.24649329949580653,0.0
12,1,28,5,0.5153907452356243,0.0,0.0,0.0,0.0,0.0,0.0,0.0,0.006526746165852915,0.0
12,1,29,5,1.113340839158531,0.0,0.0,0.0,0.0,0.0,0.0,0.0,0.2862610790676612,0.0
12,1,30,6,8.294414788711679,0.0,0.0,0.0,0.0,0.0,0.0,0.0,2.704606412096728,0.0
12,1,31,6,37.9487818899608,0.0,0.0,0.0,1.0,0.0,0.0,5.522204627892904,12.477797048241726,0.0
12,1,32,6,59.35519972625025,1.0,0.0,1.0,1.0,0.0,13.332484471206072,17.180020730181624,19.413952962363904,0.0
12,1,33,6,74.75276878316461,1.0,1.0,1.0,1.0,0.0,25.454045996533296,23.570203990963854,22.152784664817645,1.0
12,1,34,6,89.22923636320786,1.0,1.0,1.0,1.0,1.0,36.41740184627734,29.623093485265713,17.093484824415686,1.0
12,1,35,7,95.0380289191495,1.0,1.0,1.0,1.0,1.0,38.465675309515504,28.93168084595574,11.894276397633083,1.0
12,1,36,7,97.16342493341767,1.0,1.0,1.0,1.0,1.0,36.572841704983645,26.524998105474197,7.47021871675102,1.0
12,1,37,7,98.53131421784944,1.0,1.0,1.0,1.0,1.0,33.654487680826634,25.135747580114824,3.1006926182138606,1.0
12,1,0,0,0.0,0.0,0.0,0.0,0.0,0.0,0.0,0.0,0.0,0.0
12,1,1,0,0.0,0.0,0.0,0.0,0.0,0.0,0.0,0.0,0.0,0.0
12,1,2,0,0.0,0.0,0.0,0.0,0.0,0.0,0.0,0.0,0.0,0.0
12,1,3,0,0.0,0.0,0.0,0.0,0.0,0.0,0.0,0.0,0.0,0.0
12,1,4,0,0.0007878544962357502,0.0,0.0,0.0,0.0,0.0,0.0,0.0,0.00026261816541191675,0.0
12,1,5,1,0.006771862031518389,0.0,0.0,0.0,0.0,0.0,0.0,0.0,0.0022572873438394627,0.0
12,1,6,1,0.09885652648179363,0.0,0.0,0.0,0.0,0.0,0.0,0.0,0.03295217549393121,0.0
12,1,7,1,0.3882353504803685,0.0,0.0,0.0,0.0,0.0,0.0,0.0,0.12914916532804424,0.0
12,1,8,1,0.31081079230652975,0.0,0.0,0.0,0.0,0.0,0.0,0.0,0.10134631009167046,0.0
12,1,9,1,0.1604213660619444,0.0,0.0,0.0,0.0,0.0,0.0,0.0,0.02052161319338359,0.0
12,1,10,2,0.22314449263727937,0.0,0.0,0.0,0.0,0.0,0.0,0.0,-0.05503028594769638,0.0
12,1,11,2,1.2305759841209896,0.0,0.0,0.0,0.0,0.0,0.0,0.0,0.3065883972714866,0.0
12,1,12,2,1.3320874031351044,0.0,0.0,0.0,0.0,0.0,0.0,0.0,0.3905553456910533,0.0
12,1,13,2,0.9444595617498772,0.0,0.0,0.0,0.0,0.0,0.0,0.0,0.24043835637086594,0.0
12,1,14,2,1.8719165748682491,0.0,0.0,0.0,0.0,0.0,0.0,0.0,0.2137801969157532,0.0
12,1,15,3,9.739575891746366,0.0,0.0,0.0,0.0,0.0,0.0,0.0,2.8024961628704204,0.0
12,1,16,3,20.913768755414555,1.0,0.0,1.0,1.0,0.0,3.4683845537914912,6.215155381671778,6.656436397888226,0.0
12,1,17,3,36.04985533640062,1.0,1.0,1.0,1.0,0.0,17.720900520438917,15.93496672934888,11.392646253844122,0.0
12,1,18,3,56.90368512263562,1.0,1.0,1.0,1.0,1.0,37.61890611269904,29.415034608048195,15.72136974362975,0.0
12,1,19,3,49.83815563760171,1.0,1.0,1.0,1.0,1.0,29.514995690361758,19.22033457700619,9.641462294062384,0.0
12,1,20,4,31.215175575185196,1.0,1.0,1.0,1.0,1.0,9.760774783621155,0.27768983370409117,-1.611559920405141,0.0
12,1,21,4,19.178365943137955,0.0,0.0,0.0,0.0,0.0,0.0,0.0,-12.575106393165889,0.0
12,1,22,4,13.665206814262282,0.0,0.0,0.0,0.0,0.0,0.0,0.0,-12.057649607779808,0.0
12,1,23,4,9.335505303446586,0.0,0.0,0.0,0.0,0.0,0.0,0.0,-7.29322342391287,0.0
12,1,24,4,6.107238657769292,0.0,0.0,0.0,0.0,0.0,0.0,0.0,-4.357042428456221,0.0
12,1,25,5,10.376542464330353,0.0,0.0,0.0,0.0,0.0,0.0,0.0,-1.0962214499773097,0.0
12,1,26,5,16.202878108416915,0.0,0.0,0.0,0.0,0.0,0.0,0.0,2.2891242683234427,0.0
12,1,27,5,12.885144096863936,0.0,0.0,0.0,0.0,0.0,0.0,0.0,2.259301813031548,0.0
12,1,28,5,14.163977410091181,0.0,0.0,0.0,0.0,0.0,0.0,0.0,1.2624783152536097,0.0
12,1,29,5,21.04021379517654,0.0,0.0,0.0,0.0,0.0,0.0,0.0,1.6124452289198754,0.0
12,1,30,6,18.327667699532697,0.0,0.0,0.0,0.0,0.0,0.0,0.0,1.8141745342229203,0.0
12,1,31,6,13.13628778402606,0.0,0.0,0.0,0.0,0.0,0.0,0.0,-0.34256320868837403,0.0
12,1,32,6,13.79163947539861,0.0,0.0,0.0,0.0,0.0,0.0,0.0,-2.4161914399259774,0.0
12,1,33,6,17.075755248485358,0.0,0.0,0.0,0.0,0.0,0.0,0.0,-0.417304150349113,0.0
12,1,34,6,16.247938459650626,0.0,0.0,0.0,0.0,0.0,0.0,0.0,1.0372168918748557,0.0
12,1,35,7,19.173535444494796,0.0,0.0,0.0,0.0,0.0,0.0,0.0,1.7939653230320622,0.0
12,1,36,7,20.044816381818933,0.0,0.0,0.0,0.0,0.0,0.0,0.0,0.989687044444525,0.0
12,1,37,7,15.861423595587253,0.0,0.0,0.0,0.0,0.0,0.0,0.0,-0.1288382880211246,0.0
12,1,38,7,17.572826151129814,0.0,0.0,0.0,0.0,0.0,0.0,0.0,-0.533569764454994,0.0
12,1,39,7,46.27673810192002,0.0,0.0,0.0,1.0,0.0,0.0,0.022477355462243054,8.743973906700361,0.0
12,1,40,8,72.28431223414407,0.0,0.0,0.0,1.0,0.0,0.0,14.734651569066841,18.807629546185606,0.0
12,1,41,8,80.94815317592229,0.0,0.0,0.0,1.0,0.0,0.0,14.516518618011887,21.125109008264157,0.0
12,1,42,8,86.44183669156929,0.0,0.0,0.0,1.0,0.0,0.0,12.950027854857325,13.38836619654976,0.0
12,1,43,8,83.94970394535461,0.0,0.0,0.0,1.0,0.0,0.0,5.5040956880303895,3.8884639037368487,0.0
12,1,44,8,74.74244641701776,0.0,0.0,0.0,0.0,0.0,0.0,0.0,-2.068568919634842,0.0
12,1,45,9,83.26376160465549,0.0,0.0,0.0,0.0,0.0,0.0,0.0,-1.0593583623046026,0.0
12,1,46,9,92.72990449324095,0.0,0.0,0.0,1.0,0.0,0.0,5.120014608921025,2.9267335159621126,0.0
12,1,47,9,95.00853543550157,0.0,0.0,0.0,1.0,0.0,0.0,5.470319383798795,6.755363006161271,0.0
12,1,48,9,97.32777828332716,0.0,0.0,0.0,1.0,0.0,0.0,8.460858979487824,4.688005559557226,0.0
12,1,49,9,98.6054841584666,0.0,0.0,0.0,1.0,0.0,0.0,14.127548324281136,1.9585265550752144,0.0
12,1,50,10,97.91716966699153,0.0,0.0,0.0,1.0,0.0,0.0,14.533556751708232,0.9695447438299851,0.0
12,1,51,10,98.37643943127337,0.0,0.0,0.0,1.0,0.0,0.0,11.545465731578176,0.3495537159820685,0.0
12,1,52,10,99.10261718357259,0.0,0.0,0.0,1.0,0.0,0.0,7.824303678634934,0.16571100836866512,0.0
12,1,53,10,96.65351334450324,0.0,0.0,0.0,1.0,0.0,0.0,0.6338408695994957,-0.4212187741627626,0.0
12,1,54,10,94.3459418756498,0.0,0.0,0.0,0.0,0.0,0.0,0.0,-1.3434991852078564,0.0
12,1,55,11,98.00929792462124,0.0,0.0,0.0,0.0,0.0,0.0,0.0,-0.3644397529837846,0.0
12,1,56,11,99.47443561849494,0.0,0.0,0.0,0.0,0.0,0.0,0.0,0.9403074246638994,0.0
12,1,57,11,99.85774275705415,0.0,0.0,0.0,0.0,0.0,0.0,0.0,1.8372669604681182,0.0
12,1,58,11,99.91393464871703,0.0,0.0,0.0,0.0,0.0,0.0,0.0,0.6348789080319316,1.0
12,1,59,11,99.82631697496646,0.0,0.0,0.0,0.0,0.0,0.0,0.0,0.11729378549050769,1.0
12,1,60,11,99.7515644523221,0.0,0.0,0.0,0.0,0.0,0.0,0.0,-0.03539276824401819,1.0
12,1,61,11,99.84352103803718,0.0,0.0,0.0,0.0,0.0,0.0,0.0,-0.023471203559950027,1.0
12,1,62,11,99.94599665514951,0.0,0.0,0.0,0.0,0.0,0.0,0.0,0.039893226727684805,1.0
12,3,0,0,0.0,0.0,0.0,0.0,0.0,0.0,0.0,0.0,0.0,0.0
12,3,1,0,0.0,0.0,0.0,0.0,0.0,0.0,0.0,0.0,0.0,0.0
12,3,2,0,0.0,0.0,0.0,0.0,0.0,0.0,0.0,0.0,0.0,0.0
12,3,3,0,0.0,0.0,0.0,0.0,0.0,0.0,0.0,0.0,0.0,0.0
12,3,4,0,0.0,0.0,0.0,0.0,0.0,0.0,0.0,0.0,0.0,0.0
12,3,5,1,0.0,0.0,0.0,0.0,0.0,0.0,0.0,0.0,0.0,0.0
12,3,6,1,0.003137010416488319,0.0,0.0,0.0,0.0,0.0,0.0,0.0,0.0010456701388294398,0.0
12,3,7,1,1.0001714766217666,0.0,0.0,0.0,0.0,0.0,0.0,0.0,0.33339049220725553,0.0
12,3,8,1,12.545060304401453,1.0,0.0,1.0,1.0,0.0,0.8034917936510375,2.8462153903856233,4.181686768133818,0.0
12,3,9,1,21.133122196667188,1.0,1.0,1.0,1.0,0.0,8.71509781574757,8.087633043941858,7.0433283954169,0.0
12,3,10,2,12.729512577016287,0.0,0.0,0.0,0.0,0.0,0.0,0.0,3.9097803667981736,0.0
12,3,11,2,7.555973767000776,0.0,0.0,0.0,0.0,0.0,0.0,0.0,-1.6630288458002258,0.0
12,3,12,2,13.18132704845533,0.0,0.0,0.0,0.0,0.0,0.0,0.0,-2.650598382737286,0.0
12,3,13,2,24.049361624218804,1.0,1.0,1.0,1.0,0.0,8.924199424716521,8.129959587772536,3.7732830157341724,0.0
12,3,14,2,19.884400807944445,1.0,0.0,1.0,1.0,0.0,4.030609750858851,3.459784270702258,4.1094756803145565,0.0
12,3,15,3,12.930219512023971,0.0,0.0,0.0,0.0,0.0,0.0,0.0,-0.08370251214378636,0.0
12,3,16,3,9.247788525101836,0.0,0.0,0.0,0.0,0.0,0.0,0.0,-4.933857699705656,0.0
12,3,17,3,17.22772591288765,0.0,0.0,0.0,1.0,0.0,0.0,1.9157437235409542,-0.8855582983522652,0.0
12,3,18,3,36.31473164163339,1.0,1.0,1.0,1.0,0.0,17.029952631696805,19.002635997033398,7.794837376536472,0.0
12,3,19,3,40.02288387906035,1.0,1.0,1.0,1.0,0.0,19.6997239318204,19.905321130100006,10.258365117986171,0.0
12,3,20,4,38.09513541280016,1.0,1.0,1.0,1.0,1.0,16.64073462123612,16.031651662218138,6.955803166637504,0.0
12,3,21,4,51.13064194723529,1.0,1.0,1.0,1.0,1.0,28.441837240634193,25.88619706974592,4.938636768533968,0.0
12,3,22,4,57.15512710217662,1.0,1.0,1.0,1.0,1.0,33.11845224613327,29.492709251204044,5.710747741038756,0.0
12,3,23,4,47.00349695879171,1.0,1.0,1.0,1.0,1.0,21.495182555208668,18.65760628698746,2.9694538486638486,0.0
12,3,24,4,40.41169274800138,1.0,1.0,1.0,1.0,1.0,13.297666235088975,11.280578539295835,-3.572983066411304,0.0
12,3,25,5,55.0838662315912,1.0,1.0,1.0,1.0,1.0,26.21975188386752,24.567730282009155,-0.6904202901951398,0.0
12,3,26,5,72.43271355809398,1.0,1.0,1.0,1.0,1.0,41.66383248638486,39.87400548356216,8.476405533100758,0.0
12,3,27,5,82.72100674490123,1.0,1.0,1.0,1.0,1.0,49.882376896340304,48.9102781876048,14.103104665633284,0.0
12,3,28,5,81.74952403052731,1.0,1.0,1.0,1.0,1.0,46.66586018855594,47.587742774786335,8.88855259964537,0.0
12,3,29,5,66.54217561303447,1.0,1.0,1.0,1.0,1.0,29.027889397401793,31.93447647801149,-1.9635126483531689,0.0
12,3,30,6,65.16494656417544,1.0,1.0,1.0,1.0,1.0,25.024146430938345,30.123036050493425,-5.852020060241931,0.0
12,3,31,6,82.47154940811595,1.0,1.0,1.0,1.0,1.0,39.49804064963911,46.40250282836132,0.24067512586287876,0.0
12,3,32,6,88.90797236685707,1.0,1.0,1.0,1.0,1.0,42.88525711181289,50.23844430047256,7.455265584607531,0.0
12,3,33,6,89.80033683237619,1.0,1.0,1.0,1.0,1.0,40.50161404574487,48.5709602196427,8.211796756066917,0.0
12,3,34,6,88.36870813131321,1.0,1.0,1.0,1.0,1.0,35.556873614382695,46.422845836798835,1.9657195743990883,0.0
12,3,35,7,78.05130232002055,1.0,1.0,1.0,1.0,1.0,21.47894871038656,38.56664622565778,-3.618890015612171,0.0
12,3,36,7,59.29201865372102,0.0,0.0,1.0,1.0,0.0,0.0,18.543079895337904,-10.169439392885055,0.0
12,3,37,7,45.40422783482103,0.0,0.0,0.0,0.0,0.0,0.0,0.0,-14.321493432164061,0.0
12,3,38,7,31.909316216369504,0.0,0.0,0.0,0.0,0.0,0.0,0.0,-15.38066203455035,0.0
12,3,39,7,24.336686222535118,0.0,0.0,0.0,0.0,0.0,0.0,0.0,-11.65177747706197,0.0
12,3,40,8,29.303878407345735,0.0,0.0,0.0,0.0,0.0,0.0,0.0,-5.366783142491765,0.0
12,3,41,8,27.204894202677746,0.0,0.0,0.0,0.0,0.0,0.0,0.0,-1.568140671230586,0.0
12,3,42,8,23.294010258646367,0.0,0.0,0.0,0.0,0.0,0.0,0.0,-0.3475586546295837,0.0
12,3,43,8,22.957243930849938,0.0,0.0,0.0,0.0,0.0,0.0,0.0,-2.115544825498599,0.0
12,3,44,8,27.954511704810827,0.0,0.0,0.0,0.0,0.0,0.0,0.0,0.24987250071102687,0.0
12,3,45,9,57.97737057047375,0.0,0.0,0.0,0.0,0.0,0.0,0.0,11.561120103942462,0.0
12,3,46,9,80.87905623294733,0.0,0.0,0.0,1.0,0.0,0.0,3.882391035534141,19.307270767365797,0.0
12,3,47,9,82.07193050568156,0.0,0.0,0.0,0.0,0.0,0.0,0.0,18.039139600290245,0.0
12,3,48,9,85.52040745009522,0.0,0.0,0.0,0.0,0.0,0.0,0.0,9.181012293207155,0.0
12,3,49,9,89.91137959730688,0.0,0.0,0.0,0.0,0.0,0.0,0.0,3.010774454786514,0.0
12,3,50,10,78.17941849728689,0.0,0.0,0.0,0.0,0.0,0.0,0.0,-1.297504002798225,0.0
12,3,51,10,56.668119517903335,0.0,0.0,0.0,0.0,0.0,0.0,0.0,-9.617429310730628,0.0
12,3,52,10,35.958896215978356,0.0,0.0,0.0,0.0,0.0,0.0,0.0,-17.984161127109505,0.0
12,3,53,10,19.312711781068266,0.0,0.0,0.0,0.0,0.0,0.0,0.0,-19.622235572072874,0.0
12,3,54,10,9.929854824883188,0.0,0.0,0.0,0.0,0.0,0.0,0.0,-15.57942156434005,0.0
12,3,55,11,5.135178555665615,0.0,0.0,0.0,0.0,0.0,0.0,0.0,-10.274572553437581,0.0
12,3,56,11,3.119586744329907,0.0,0.0,0.0,0.0,0.0,0.0,0.0,-5.397708345579453,0.0
12,3,57,11,4.944147166203411,0.0,0.0,0.0,0.0,0.0,0.0,0.0,-1.661902552893259,0.0
12,3,58,11,7.713648495497043,0.0,0.0,0.0,0.0,0.0,0.0,0.0,0.8594899799438093,1.0
12,3,59,11,9.2968714873729,0.0,0.0,0.0,0.0,0.0,0.0,0.0,2.0590949143476647,1.0
12,3,60,11,9.885923012640992,0.0,0.0,0.0,0.0,0.0,0.0,0.0,1.6472586154791937,1.0
12,3,61,11,10.020238926032032,0.0,0.0,0.0,0.0,0.0,0.0,0.0,0.7688634768449966,1.0
12,3,62,11,10.972123913480393,0.0,0.0,0.0,0.0,0.0,0.0,0.0,0.5584174753691643,1.0
13,2,0,0,0.0,0.0,0.0,0.0,0.0,0.0,0.0,0.0,0.0,0.0
13,2,1,0,2.9600945850887936,0.0,0.0,0.0,0.0,0.0,0.0,0.0,2.9600945850887936,0.0
13,2,2,0,2.7921054338826723,0.0,0.0,0.0,0.0,0.0,0.0,0.0,1.3960527169413361,0.0
13,2,3,0,2.2762658485697242,0.0,0.0,0.0,0.0,0.0,0.0,0.0,0.7587552828565748,0.0
13,2,4,0,5.093296105584498,0.0,0.0,0.0,0.0,0.0,0.0,0.0,0.7110671734985682,0.0
13,2,5,1,7.5904408042347775,0.0,0.0,0.0,1.0,0.0,0.0,0.3535413272422048,1.5994451234507017,0.0
13,2,6,1,6.19072487303252,0.0,0.0,0.0,0.0,0.0,0.0,0.0,1.304819674820932,0.0
13,2,7,1,4.356482827499767,0.0,0.0,0.0,0.0,0.0,0.0,0.0,-0.24560442602824364,0.0
13,2,8,1,7.557462511214358,0.0,0.0,0.0,0.0,0.0,0.0,0.0,-0.010992764340139813,0.0
13,2,9,1,12.45561046234528,1.0,0.0,1.0,1.0,0.0,0.03758608142566189,3.0260120242752997,2.0882951964375867,0.0
13,2,10,2,8.95497434399034,0.0,0.0,0.0,0.0,0.0,0.0,0.0,1.5328305054968576,0.0
13,2,11,2,9.847336199470123,0.0,0.0,0.0,1.0,0.0,0.0,0.04756731462902586,0.7632912294185882,0.0
13,2,12,2,24.560930349574328,1.0,1.0,1.0,1.0,0.0,10.133356082788065,11.636387187735941,4.035106629076349,1.0
13,2,13,2,24.950046909983726,1.0,1.0,1.0,1.0,0.0,9.824884710481443,10.295835031399884,5.331690855331129,1.0
13,2,14,2,18.338049466790714,1.0,0.0,1.0,1.0,1.0,2.48425840970512,3.472800411516495,2.8302377557735308,1.0
13,2,15,3,16.65128298638631,1.0,0.0,1.0,1.0,1.0,0.02751898315786505,1.610416749407765,-2.636549121062673,1.0
13,2,16,3,10.722165790966148,0.0,0.0,0.0,0.0,0.0,0.0,0.0,-4.742627039672526,1.0
13,2,0,0,0.0,0.0,0.0,0.0,0.0,0.0,0.0,0.0,0.0,0.0
13,2,1,0,0.40706011281958676,0.0,0.0,0.0,0.0,0.0,0.0,0.0,0.40706011281958676,0.0
13,2,2,0,0.8344264199279678,0.0,0.0,0.0,0.0,0.0,0.0,0.0,0.4172132099639839,0.0
13,2,3,0,1.0117734088730177,0.0,0.0,0.0,0.0,0.0,0.0,0.0,0.33725780295767255,0.0
13,2,4,0,0.5967481088777791,0.0,0.0,0.0,0.0,0.0,0.0,0.0,0.06322933201939744,0.0
13,2,5,1,0.597103613308745,0.0,0.0,0.0,0.0,0.0,0.0,0.0,-0.07910760220640763,0.0
13,2,6,1,1.7564282444039625,0.0,0.0,0.0,0.0,0.0,0.0,0.0,0.24821827851031494,0.0
13,2,7,1,1.3717234051924398,0.0,0.0,0.0,0.0,0.0,0.0,0.0,0.2583250987715536,0.0
13,2,8,1,0.8297611029655008,0.0,0.0,0.0,0.0,0.0,0.0,0.0,0.07755249655225194,0.0
13,2,9,1,2.1824338493457516,0.0,0.0,0.0,0.0,0.0,0.0,0.0,0.1420018683139297,0.0
13,2,10,2,22.31242109879447,1.0,1.0,1.0,1.0,0.0,9.228112577607298,9.757568605902456,6.98023256453401,0.0
13,2,11,2,28.4037958424995,1.0,1.0,1.0,1.0,0.0,14.653071747254192,12.229938058896042,9.191344913177998,0.0
13,2,12,2,16.215981810811268,1.0,0.0,1.0,0.0,1.0,1.7884075440250058,0.0,4.677849320488505,0.0
13,2,13,2,8.611590832394942,0.0,0.0,0.0,0.0,0.0,0.0,0.0,-4.566943422133176,0.0
13,2,14,2,7.852104998275742,0.0,0.0,0.0,0.0,0.0,0.0,0.0,-6.850563614741252,0.0
13,2,15,3,28.274565753820404,1.0,1.0,1.0,1.0,0.0,11.65080175059196,9.526564533599334,4.019527981003045,0.0
13,2,16,3,73.51092354910627,1.0,1.0,1.0,1.0,0.0,56.0655393474832,44.52376356888966,21.633110905570444,0.0
13,2,17,3,91.59075718343135,1.0,1.0,1.0,1.0,1.0,73.26180236746964,53.77857146434897,27.91288406171854,0.0
13,2,18,3,70.82613461519254,1.0,1.0,1.0,1.0,1.0,51.54135560525596,30.934706919243027,14.183856287124046,0.0
13,2,19,3,37.0195129530234,1.0,1.0,1.0,0.0,1.0,16.69635300578345,0.0,-12.163803532027622,0.0
13,2,20,4,19.007165855417295,0.0,0.0,0.0,0.0,0.0,0.0,0.0,-24.19453044267135,1.0
13,2,21,4,10.217967659920433,0.0,0.0,0.0,0.0,0.0,0.0,0.0,-20.202722318424037,1.0
13,2,22,4,19.729164502196628,0.0,0.0,0.0,0.0,0.0,0.0,0.0,-5.763449483608924,1.0
13,2,23,4,25.941723270991346,1.0,0.0,1.0,0.0,0.0,0.433408867408307,0.0,2.311519138524684,1.0
13,2,24,4,43.37454649151974,1.0,1.0,1.0,1.0,0.0,16.260519978607334,3.0061255437054584,11.052192943866435,1.0
13,3,0,0,0.0,0.0,0.0,0.0,0.0,0.0,0.0,0.0,0.0,0.0
13,3,1,0,0.1846305693095754,0.0,0.0,0.0,0.0,0.0,0.0,0.0,0.1846305693095754,0.0
13,3,2,0,1.8374863849786633,0.0,0.0,0.0,0.0,0.0,0.0,0.0,0.9187431924893317,0.0
13,3,3,0,3.808396785247659,0.0,0.0,0.0,0.0,0.0,0.0,0.0,1.269465595082553,0.0
13,3,4,0,3.457129818562291,0.0,0.0,0.0,0.0,0.0,0.0,0.0,1.0908330830842385,1.0
13,3,5,1,2.730483074871557,0.0,0.0,0.0,0.0,0.0,0.0,0.0,0.2976655632976312,1.0
13,3,6,1,1.581699542370528,0.0,0.0,0.0,0.0,0.0,0.0,0.0,-0.742232414292377,1.0
13,3,7,1,1.0178485472337953,0.0,0.0,0.0,0.0,0.0,0.0,0.0,-0.8130937571094986,1.0
13,3,8,1,1.3786115798008791,0.0,0.0,0.0,0.0,0.0,0.0,0.0,-0.45062383169022596,1.0
13,2,0,0,0.0,0.0,0.0,0.0,0.0,0.0,0.0,0.0,0.0,0.0
13,2,1,0,3.8395167985841097,0.0,0.0,0.0,0.0,0.0,0.0,0.0,3.8395167985841097,0.0
13,2,2,0,4.545487300886182,0.0,0.0,0.0,0.0,0.0,0.0,0.0,2.272743650443091,0.0
13,2,3,0,4.579166465978783,0.0,0.0,0.0,0.0,0.0,0.0,0.0,1.5263888219929278,0.0
13,2,4,0,12.645828018605247,1.0,0.0,1.0,1.0,0.0,3.110524941281696,3.9846390884408702,2.935437073340379,0.0
13,2,5,1,30.50111374105174,1.0,1.0,1.0,1.0,0.0,20.637560416644817,15.45698909809171,8.651875480055185,0.0
13,2,6,1,24.316891811301964,1.0,1.0,1.0,1.0,1.0,13.999962885363873,8.356544027108452,6.579241781774393,0.0
13,2,7,1,24.702437509718003,1.0,1.0,1.0,1.0,1.0,13.657799762730686,8.22752786044584,4.018869830370918,0.0
13,2,8,1,62.11302697343112,1.0,1.0,1.0,1.0,1.0,50.37145846268071,37.77549245320215,10.537304410793126,0.0
13,2,9,1,86.61928731528667,1.0,1.0,1.0,1.0,1.0,74.20126293436705,53.583287006230705,20.767465167994903,0.0
13,2,10,2,95.85812161333824,1.0,1.0,1.0,1.0,1.0,82.77381309215107,56.74659687097832,23.718561367873416,1.0
13,2,11,2,92.48341184978679,1.0,1.0,1.0,1.0,1.0,78.73268775454149,50.52440935521243,10.12346162545189,1.0
13,2,12,2,68.94896113889278,1.0,1.0,1.0,1.0,1.0,54.52138687210652,27.817859925364033,-5.8901087254646285,1.0
13,2,13,2,63.1807287234978,1.0,1.0,1.0,1.0,1.0,48.055566523995516,24.122823878436954,-10.89246429661348,1.0
13,2,14,2,81.96920893473207,1.0,1.0,1.0,1.0,1.0,66.11541787764648,45.256456031869995,-3.5047343050182413,1.0
13,3,0,0,0.0,0.0,0.0,0.0,0.0,0.0,0.0,0.0,0.0,0.0
13,3,1,0,0.005197941160806616,0.0,0.0,0.0,0.0,0.0,0.0,0.0,0.005197941160806616,0.0
13,3,2,0,0.35502780192430916,0.0,0.0,0.0,0.0,0.0,0.0,0.0,0.17751390096215458,0.0
13,3,3,0,0.6122555561629093,0.0,0.0,0.0,0.0,0.0,0.0,0.0,0.20408518538763643,0.0
13,3,4,0,0.3560312271487738,0.0,0.0,0.0,0.0,0.0,0.0,0.0,0.11694442866265571,0.0
13,3,5,1,0.1829307227075314,0.0,0.0,0.0,0.0,0.0,0.0,0.0,-0.05736569307225925,0.0
13,3,6,1,0.09391976463505088,0.0,0.0,0.0,0.0,0.0,0.0,0.0,-0.17277859717595279,0.0
13,3,7,1,0.05909371869339192,0.0,0.0,0.0,0.0,0.0,0.0,0.0,-0.09897916948512729,0.0
13,3,8,1,0.07095459564566603,0.0,0.0,0.0,0.0,0.0,0.0,0.0,-0.03732537568728846,0.0
13,3,9,1,0.4371724502787509,0.0,0.0,0.0,0.0,0.0,0.0,0.0,0.11441756188123335,0.0
13,3,10,2,3.9522433270650743,0.0,0.0,0.0,0.0,0.0,0.0,0.0,1.2977165361238943,0.0
13,3,11,2,6.169294887068337,0.0,0.0,0.0,0.0,0.0,0.0,0.0,2.0327800971408903,0.0
13,3,12,2,6.015829010861124,0.0,0.0,0.0,0.0,0.0,0.0,0.0,1.859552186860791,0.0
13,3,13,2,7.617493306247232,0.0,0.0,0.0,0.0,0.0,0.0,0.0,1.2217499930607192,0.0
13,3,14,2,8.121653983487402,0.0,0.0,0.0,0.0,0.0,0.0,0.0,0.6507863654730217,0.0
13,3,15,3,14.965283508125776,0.0,0.0,0.0,1.0,0.0,0.0,2.244530776519298,2.9831514990882173,0.0
13,3,16,3,26.070708232699005,1.0,1.0,1.0,1.0,0.0,8.625324031075941,9.968188540604007,6.15107164215059,0.0
13,3,17,3,22.684224229978724,1.0,0.0,1.0,1.0,0.0,4.355269414017023,5.177600898208617,4.8541900821637745,0.0
13,3,18,3,15.827426373063284,0.0,0.0,0.0,0.0,0.0,0.0,0.0,0.28738095497916955,0.0
13,3,19,3,10.465344440297695,0.0,0.0,0.0,0.0,0.0,0.0,0.0,-5.201787930800436,0.0
13,3,20,4,6.7887909295213795,0.0,0.0,0.0,0.0,0.0,0.0,0.0,-5.298477766819115,0.0
13,3,21,4,4.955385483614263,0.0,0.0,0.0,0.0,0.0,0.0,0.0,-3.6240136298163406,0.0
13,3,22,4,5.040517031710044,0.0,0.0,0.0,0.0,0.0,0.0,0.0,-1.8082758028625505,0.0
13,3,23,4,6.66601760362271,0.0,0.0,0.0,0.0,0.0,0.0,0.0,-0.040924441966223135,0.0
13,3,24,4,5.653038281763708,0.0,0.0,0.0,0.0,0.0,0.0,0.0,0.23255093271648164,0.0
13,3,25,5,6.797963970528249,0.0,0.0,0.0,0.0,0.0,0.0,0.0,0.5858156462727351,0.0
13,3,26,5,11.057963840416342,0.0,0.0,0.0,0.0,0.0,0.0,0.0,1.4639820789312106,0.0
13,3,27,5,8.006039716423812,0.0,0.0,0.0,0.0,0.0,0.0,0.0,0.7843338115533681,0.0
13,3,28,5,8.978500599606013,0.0,0.0,0.0,0.0,0.0,0.0,0.0,0.7268455430259214,0.0
13,3,29,5,25.75465792103082,0.0,0.0,0.0,1.0,0.0,0.0,1.0846755082205277,4.898898026871493,0.0
13,3,30,6,30.936490808017364,0.0,0.0,0.0,1.0,0.0,0.0,2.09286193030686,7.643483697197851,0.0
13,3,31,6,26.934241216930694,0.0,0.0,0.0,0.0,0.0,0.0,0.0,5.98524687244156,0.0
13,3,32,6,22.816975187438473,0.0,0.0,0.0,0.0,0.0,0.0,0.0,-0.9792275778641155,0.0
13,3,33,6,20.862144382184297,0.0,0.0,0.0,0.0,0.0,0.0,0.0,-3.358115475277689,0.0
13,3,34,6,19.318241018570127,0.0,0.0,0.0,0.0,0.0,0.0,0.0,-2.5386667327868557,1.0
13,3,35,7,14.969114414123872,0.0,0.0,0.0,0.0,0.0,0.0,0.0,-2.615953591104867,1.0
13,3,36,7,21.596889693668196,0.0,0.0,0.0,0.0,0.0,0.0,0.0,0.24491510382796614,1.0
13,3,37,7,22.365325550973786,0.0,0.0,0.0,0.0,0.0,0.0,0.0,1.015694844134553,1.0
13,3,38,7,14.373252687094901,0.0,0.0,0.0,0.0,0.0,0.0,0.0,-0.19862057567632382,1.0
13,1,0,0,0.0,0.0,0.0,0.0,0.0,0.0,0.0,0.0,0.0,0.0
13,1,1,0,0.0015900285051718792,0.0,0.0,0.0,0.0,0.0,0.0,0.0,0.0015900285051718792,0.0
13,1,2,0,0.058623576367004965,0.0,0.0,0.0,0.0,0.0,0.0,0.0,0.029311788183502482,0.0
13,1,3,0,0.051623194760647084,0.0,0.0,0.0,0.0,0.0,0.0,0.0,0.017207731586882363,0.0
13,1,4,0,0.026504231929269866,0.0,0.0,0.0,0.0,0.0,0.0,0.0,0.008304734474699328,0.0
13,1,5,1,0.01360772639929739,0.0,0.0,0.0,0.0,0.0,0.0,0.0,-0.015005283322569193,0.0
13,1,6,1,0.006986439684511023,0.0,0.0,0.0,0.0,0.0,0.0,0.0,-0.014878918358712022,0.0
13,1,7,1,0.013593213077954108,0.0,0.0,0.0,0.0,0.0,0.0,0.0,-0.004303672950438586,0.0
13,1,8,1,0.13828858129001964,0.0,0.0,0.0,0.0,0.0,0.0,0.0,0.041560284963574085,0.0
13,1,9,1,0.11546310348942537,0.0,0.0,0.0,0.0,0.0,0.0,0.0,0.03615888793497145,0.0
13,1,10,2,0.16941702891748361,0.0,0.0,0.0,0.0,0.0,0.0,0.0,0.05194127194650983,0.0
13,1,11,2,0.6995594291127412,0.0,0.0,0.0,0.0,0.0,0.0,0.0,0.18709028260757385,0.0
13,1,12,2,0.48400646612924525,0.0,0.0,0.0,0.0,0.0,0.0,0.0,0.12284778754660663,0.0
13,1,13,2,0.2727062768311646,0.0,0.0,0.0,0.0,0.0,0.0,0.0,0.03442974930456033,0.0
13,1,14,2,0.3510816832316951,0.0,0.0,0.0,0.0,0.0,0.0,0.0,-0.11615924862701536,0.0
13,1,15,3,0.3981553228618673,0.0,0.0,0.0,0.0,0.0,0.0,0.0,-0.028617047755792657,0.0
13,1,16,3,0.3973485052907817,0.0,0.0,0.0,0.0,0.0,0.0,0.0,0.04154740948653903,0.0
13,1,17,3,0.7750508059229371,0.0,0.0,0.0,0.0,0.0,0.0,0.0,0.14132304089708067,0.0
13,1,18,3,2.171455653608706,0.0,0.0,0.0,0.0,0.0,0.0,0.0,0.5911001102489463,0.0
13,1,19,3,2.1038228062994997,0.0,0.0,0.0,0.0,0.0,0.0,0.0,0.568824767002906,0.0
13,1,20,4,2.116948534246281,0.0,0.0,0.0,0.0,0.0,0.0,0.0,0.44729924277444794,0.0
13,1,21,4,6.714779002564808,0.0,0.0,0.0,0.0,0.0,0.0,0.0,1.5144411163187008,0.0
13,1,22,4,14.050867221713682,0.0,0.0,0.0,0.0,0.0,0.0,0.0,3.9823481384713943,0.0
13,1,23,4,13.499321033080793,0.0,0.0,0.0,0.0,0.0,0.0,0.0,3.7941241662781713,0.0
13,1,24,4,11.15850276712427,0.0,0.0,0.0,0.0,0.0,0.0,0.0,1.4812412548531542,0.0
13,1,25,5,14.688651663939027,0.0,0.0,0.0,0.0,0.0,0.0,0.0,0.21259481407511474,0.0
13,1,26,5,25.814414179973966,0.0,0.0,0.0,1.0,0.0,0.0,2.55199103587519,4.105031048964391,0.0
13,1,27,5,50.10769756969199,1.0,1.0,1.0,1.0,0.0,17.269067721131066,19.672682422166638,12.983064934189242,0.0
13,1,28,5,69.19929498051312,1.0,1.0,1.0,1.0,0.0,34.115631138541744,30.78265225894505,18.17021443885803,0.0
13,1,29,5,56.53345362500106,1.0,1.0,1.0,1.0,1.0,19.01916740936838,15.106484156331504,10.239679815009032,0.0
13,1,30,6,34.84728244087211,0.0,0.0,0.0,0.0,0.0,0.0,0.0,-5.086805042939962,1.0
13,1,31,6,20.084512589192006,0.0,0.0,0.0,0.0,0.0,0.0,0.0,-16.37159413044037,1.0
13,1,32,6,12.176084922533992,0.0,0.0,0.0,0.0,0.0,0.0,0.0,-14.785789567489024,1.0
13,1,33,6,7.129978169990706,0.0,0.0,0.0,0.0,0.0,0.0,0.0,-9.239101423627133,1.0
13,1,34,6,5.639798297735215,0.0,0.0,0.0,0.0,0.0,0.0,0.0,-4.81490476381893,1.0
13,1,0,0,0.0,0.0,0.0,0.0,0.0,0.0,0.0,0.0,0.0,0.0
13,1,1,0,3.1501043081157514,0.0,0.0,0.0,0.0,0.0,0.0,0.0,3.1501043081157514,0.0
13,1,2,0,3.823258922186597,0.0,0.0,0.0,0.0,0.0,0.0,0.0,1.9116294610932985,0.0
13,1,3,0,2.355851449901423,0.0,0.0,0.0,0.0,0.0,0.0,0.0,0.7852838166338078,0.0
13,1,4,0,1.2432810476115028,0.0,0.0,0.0,0.0,0.0,0.0,0.0,-0.6356077535014162,0.0
13,1,5,1,0.6425071917980356,0.0,0.0,0.0,0.0,0.0,0.0,0.0,-1.060250576796187,0.0
13,1,6,1,0.33051262291900374,0.0,0.0,0.0,0.0,0.0,0.0,0.0,-0.6751129423274732,0.0
13,1,7,1,0.9326130498939229,0.0,0.0,0.0,0.0,0.0,0.0,0.0,-0.1035559992391933,0.0
13,1,8,1,1.7285686827570819,0.0,0.0,0.0,0.0,0.0,0.0,0.0,0.36202049698634875,0.0
13,1,9,1,1.7074294221521118,0.0,0.0,0.0,0.0,0.0,0.0,0.0,0.45897226641103606,0.0
13,1,10,2,6.560335252768752,0.0,0.0,0.0,0.0,0.0,0.0,0.0,1.8759074009582763,0.0
13,1,11,2,13.149657296790606,0.0,0.0,0.0,1.0,0.0,0.0,2.8871420115744346,3.8070295380111747,0.0
13,1,12,2,9.688553191722066,0.0,0.0,0.0,0.0,0.0,0.0,0.0,2.6603745898566515,0.0
13,1,13,2,6.288899498225015,0.0,0.0,0.0,0.0,0.0,0.0,0.0,-0.09047858484791238,0.0
13,1,14,2,9.914809271708673,0.0,0.0,0.0,0.0,0.0,0.0,0.0,-1.078282675027311,0.0
13,1,15,3,9.393195351868528,0.0,0.0,0.0,0.0,0.0,0.0,0.0,-0.09845261328451294,0.0
13,1,16,3,6.438030486210677,0.0,0.0,0.0,0.0,0.0,0.0,0.0,0.0497103293285542,0.0
13,1,17,3,6.700992846908532,0.0,0.0,0.0,0.0,0.0,0.0,0.0,-1.071272141600047,0.0
13,1,18,3,6.7420717498148734,0.0,0.0,0.0,0.0,0.0,0.0,0.0,-0.8837078673512181,0.0
13,1,19,3,3.999760134632077,0.0,0.0,0.0,0.0,0.0,0.0,0.0,-0.8127567838595335,0.0
13,1,20,4,2.156575176520888,0.0,0.0,0.0,0.0,0.0,0.0,0.0,-1.5148058901292147,0.0
13,1,21,4,1.7945786931725136,0.0,0.0,0.0,0.0,0.0,0.0,0.0,-1.64916435221412,0.0
13,1,22,4,4.479987781447712,0.0,0.0,0.0,0.0,0.0,0.0,0.0,0.1600758822718785,0.0
13,1,23,4,11.149650976732405,0.0,0.0,0.0,0.0,0.0,0.0,0.0,2.997691933403839,0.0
13,1,24,4,10.22179614319288,0.0,0.0,0.0,0.0,0.0,0.0,0.0,2.8090724833401217,1.0
13,1,25,5,6.705991261384792,0.0,0.0,0.0,0.0,0.0,0.0,0.0,0.7420011599790266,1.0
13,1,26,5,9.421979814128594,0.0,0.0,0.0,0.0,0.0,0.0,0.0,-0.5758903875346034,1.0
13,1,27,5,41.46831351197705,1.0,0.0,1.0,1.0,0.0,8.629683663416124,14.305180387181153,10.415505789594723,1.0
13,1,28,5,72.32955047385255,1.0,1.0,1.0,1.0,0.0,37.24588663188118,33.71896501970001,21.87451973748925,1.0
13,3,0,0,0.0,0.0,0.0,0.0,0.0,0.0,0.0,0.0,0.0,0.0
13,3,1,0,1.0707178924461929,0.0,0.0,0.0,0.0,0.0,0.0,0.0,1.0707178924461929,0.0
13,3,2,0,0.7841219046605574,0.0,0.0,0.0,0.0,0.0,0.0,0.0,0.3920609523302787,0.0
13,3,3,0,0.40694525009924454,0.0,0.0,0.0,0.0,0.0,0.0,0.0,0.13564841669974817,0.0
13,3,4,0,0.36438317369678874,0.0,0.0,0.0,0.0,0.0,0.0,0.0,-0.23544490624980138,0.0
13,3,5,1,0.26990442572548184,0.0,0.0,0.0,0.0,0.0,0.0,0.0,-0.17140582631169185,0.0
13,3,6,1,0.13857355267012328,0.0,0.0,0.0,0.0,0.0,0.0,0.0,-0.08945723247637376,0.0
13,3,7,1,0.7938050497240856,0.0,0.0,0.0,0.0,0.0,0.0,0.0,0.1431406253424323,0.0
13,3,8,1,8.030343926867168,0.0,0.0,0.0,0.0,0.0,0.0,0.0,2.5868131670472287,0.0
13,3,9,1,5.717407954037016,0.0,0.0,0.0,0.0,0.0,0.0,0.0,1.8596114671222976,0.0
13,3,10,2,2.935415120095715,0.0,0.0,0.0,0.0,0.0,0.0,0.0,0.7138700234572098,0.0
13,3,11,2,2.5473388540954254,0.0,0.0,0.0,0.0,0.0,0.0,0.0,-1.827668357590581,0.0
13,3,12,2,28.883239718961526,1.0,1.0,1.0,1.0,0.0,14.455665452175264,13.804839548363255,7.721943921641504,0.0
13,3,13,2,44.629486007105605,1.0,1.0,1.0,1.0,0.0,29.50432380760332,23.36167773074227,13.898023629003298,0.0
13,3,14,2,44.28999436426114,1.0,1.0,1.0,1.0,1.0,28.436203307175546,19.61557520989204,13.914218503388573,0.0
13,3,15,3,31.89866689009672,1.0,1.0,1.0,1.0,1.0,15.274902886868276,6.478157506051069,1.005142390378398,0.0
13,3,16,3,21.132296784290062,1.0,0.0,1.0,0.0,1.0,3.6869125826669986,0.0,-7.832396407605181,0.0
13,3,17,3,27.401287229436335,1.0,1.0,1.0,1.0,1.0,9.072332413474633,2.466552132725134,-5.629569044941602,0.0
13,3,18,3,35.655534272957766,1.0,1.0,1.0,1.0,1.0,16.370755263021184,10.86857478210688,1.2522891276203485,0.0
13,3,19,3,28.686809238078837,1.0,1.0,1.0,1.0,1.0,8.363649290838886,4.055530397590275,2.5181708179295916,0.0
13,3,20,4,19.017636196261506,0.0,0.0,0.0,0.0,0.0,0.0,0.0,-2.7945503443916095,0.0
13,3,21,4,17.87679187391388,0.0,0.0,0.0,0.0,0.0,0.0,0.0,-5.926247466347962,0.0
13,3,22,4,18.936439900546166,0.0,0.0,0.0,0.0,0.0,0.0,0.0,-3.2501231125108903,0.0
13,3,23,4,17.752249139109868,0.0,0.0,0.0,0.0,0.0,0.0,0.0,-0.4217956857172129,0.0
13,3,24,4,21.57230295715893,0.0,0.0,0.0,0.0,0.0,0.0,0.0,1.2318370277483492,0.0
13,3,25,5,44.299850808361924,1.0,1.0,1.0,1.0,0.0,15.435736460638243,21.480218585576672,8.454470302605253,0.0
13,3,26,5,69.54833397262922,1.0,1.0,1.0,1.0,0.0,38.779452900920106,38.926468771395875,17.26536161117312,1.0
13,3,27,5,70.84780204849746,1.0,1.0,1.0,1.0,1.0,38.00917219993653,35.2991840707458,16.42516636377951,1.0
13,3,28,5,39.59617046461907,1.0,0.0,1.0,1.0,1.0,4.512506622647699,2.9348825052120233,-1.5678934479142843,1.0
13,3,29,5,20.343306392714553,0.0,0.0,0.0,0.0,0.0,0.0,0.0,-16.401675859971558,1.0
13,3,30,6,19.387201006928485,0.0,0.0,0.0,0.0,0.0,0.0,0.0,-17.15353368052299,1.0
13,3,0,0,0.0,0.0,0.0,0.0,0.0,0.0,0.0,0.0,0.0,0.0
13,3,1,0,0.0,0.0,0.0,0.0,0.0,0.0,0.0,0.0,0.0,0.0
13,3,2,0,0.0,0.0,0.0,0.0,0.0,0.0,0.0,0.0,0.0,0.0
13,3,3,0,0.00574414439557557,0.0,0.0,0.0,0.0,0.0,0.0,0.0,0.00191471479852519,0.0
13,3,4,0,0.03923737027286307,0.0,0.0,0.0,0.0,0.0,0.0,0.0,0.013079123424287692,0.0
13,3,5,1,0.030810795828558075,0.0,0.0,0.0,0.0,0.0,0.0,0.0,0.010270265276186024,0.0
13,3,6,1,0.015818790029399715,0.0,0.0,0.0,0.0,0.0,0.0,0.0,0.0033582152112747146,0.0
13,3,7,1,0.022110948380140837,0.0,0.0,0.0,0.0,0.0,0.0,0.0,-0.005708807297574079,0.0
13,3,8,1,0.2705508847694784,0.0,0.0,0.0,0.0,0.0,0.0,0.0,0.07991336298030678,0.0
13,3,9,1,0.4587335697730296,0.0,0.0,0.0,0.0,0.0,0.0,0.0,0.1476382599145433,0.0
13,3,10,2,0.3125465671128934,0.0,0.0,0.0,0.0,0.0,0.0,0.0,0.09681187291091753,0.0
13,3,11,2,0.16056827697190829,0.0,0.0,0.0,0.0,0.0,0.0,0.0,-0.03666086926585671,0.0
13,3,12,2,0.14164648856511258,0.0,0.0,0.0,0.0,0.0,0.0,0.0,-0.10569569373597233,0.0
13,3,13,2,2.6057899694558095,0.0,0.0,0.0,0.0,0.0,0.0,0.0,0.7644144674476387,0.0
13,3,14,2,6.442667820066479,0.0,0.0,0.0,0.0,0.0,0.0,0.0,2.0940331810315236,0.0
13,3,15,3,19.427994804448883,1.0,0.0,1.0,1.0,0.0,2.804230801220438,5.693176152882224,6.428782771961257,0.0
13,3,16,3,42.25438144943186,1.0,1.0,1.0,1.0,0.0,24.808997247808797,21.120424749081817,13.216197159992015,0.0
13,3,17,3,45.189032438136465,1.0,1.0,1.0,1.0,1.0,26.860077622174764,19.642491311298137,12.915454872689997,0.0
13,3,18,3,40.55659627352726,1.0,1.0,1.0,1.0,1.0,21.27181726359068,12.853408639501385,7.04286715635946,0.0
13,3,19,3,32.61403564982846,1.0,1.0,1.0,1.0,1.0,12.290875702588508,4.261429083448014,-3.213448599867801,0.0
13,3,20,4,24.33596398142815,1.0,0.0,1.0,0.0,1.0,2.88156318986411,0.0,-6.951022818902771,0.0
13,3,21,4,26.163199427897187,1.0,0.0,1.0,0.0,1.0,3.4743947212960897,0.0,-4.797798948543359,0.0
13,3,22,4,23.91099638321191,0.0,0.0,1.0,0.0,0.0,0.0,0.0,-2.9010130888721832,0.0
13,3,23,4,14.807158133475548,0.0,0.0,0.0,0.0,0.0,0.0,0.0,-3.176268615984201,0.0
13,3,24,4,7.701413831020142,0.0,0.0,0.0,0.0,0.0,0.0,0.0,-6.153928532292348,0.0
13,3,25,5,6.824717974139514,0.0,0.0,0.0,0.0,0.0,0.0,0.0,-5.695426136357465,0.0
13,3,26,5,34.091309412711546,1.0,0.0,1.0,1.0,0.0,3.322428341002432,5.822127246704895,6.428050426412,0.0
13,3,27,5,44.77901459035803,1.0,0.0,1.0,1.0,0.0,11.940384741797104,15.143685217991418,12.35920025311263,0.0
13,3,28,5,29.260858390297564,0.0,0.0,0.0,0.0,0.0,0.0,0.0,7.478713472052683,0.0
13,3,29,5,21.416779774917316,0.0,0.0,0.0,0.0,0.0,0.0,0.0,-4.224843212598077,0.0
13,3,30,6,19.06958432815938,0.0,0.0,0.0,0.0,0.0,0.0,0.0,-8.569810087399551,1.0
13,3,31,6,12.23761472996817,0.0,0.0,0.0,0.0,0.0,0.0,0.0,-5.674414553443131,1.0
13,3,32,6,6.647904436118164,0.0,0.0,0.0,0.0,0.0,0.0,0.0,-4.922958446266384,1.0
13,3,33,6,9.510815892008026,0.0,0.0,0.0,0.0,0.0,0.0,0.0,-3.1862561453837848,1.0
13,3,34,6,16.783858757261484,0.0,0.0,0.0,0.0,0.0,0.0,0.0,1.515414675764438,1.0
13,1,0,0,0.0,0.0,0.0,0.0,0.0,0.0,0.0,0.0,0.0,0.0
13,1,1,0,0.889485338995732,0.0,0.0,0.0,0.0,0.0,0.0,0.0,0.889485338995732,0.0
13,1,2,0,1.6690105785814273,0.0,0.0,0.0,0.0,0.0,0.0,0.0,0.8345052892907137,0.0
13,1,3,0,1.1266864180176186,0.0,0.0,0.0,0.0,0.0,0.0,0.0,0.3755621393392062,0.0
13,1,4,0,0.5785287373524045,0.0,0.0,0.0,0.0,0.0,0.0,0.0,-0.10365220054777584,0.0
13,1,5,1,0.29702655760903507,0.0,0.0,0.0,0.0,0.0,0.0,0.0,-0.4573280069907974,0.0
13,1,6,1,0.15249851948379917,0.0,0.0,0.0,0.0,0.0,0.0,0.0,-0.32472929951127316,0.0
13,1,7,1,0.0782953505301079,0.0,0.0,0.0,0.0,0.0,0.0,0.0,-0.16674446227409886,0.0
13,1,8,1,0.05275636854760547,0.0,0.0,0.0,0.0,0.0,0.0,0.0,-0.08142339635380987,0.0
13,1,9,1,0.8152097359298902,0.0,0.0,0.0,0.0,0.0,0.0,0.0,0.2209037388153637,0.0
13,1,10,2,1.241501121643348,0.0,0.0,0.0,0.0,0.0,0.0,0.0,0.38773525703774675,0.0
13,1,11,2,0.654352599458123,0.0,0.0,0.0,0.0,0.0,0.0,0.0,0.2005320769701725,0.0
13,1,12,2,0.3527364404362646,0.0,0.0,0.0,0.0,0.0,0.0,0.0,-0.15415776516454185,0.0
13,1,13,2,0.408886355328748,0.0,0.0,0.0,0.0,0.0,0.0,0.0,-0.2775382554382,0.0
13,1,14,2,0.2902748034641073,0.0,0.0,0.0,0.0,0.0,0.0,0.0,-0.12135926533133856,0.0
13,1,15,3,0.15803497116074497,0.0,0.0,0.0,0.0,0.0,0.0,0.0,-0.06490048975850655,0.0
13,1,16,3,0.667198043855214,0.0,0.0,0.0,0.0,0.0,0.0,0.0,0.08610389617548865,0.0
13,1,17,3,3.1071999629342772,0.0,0.0,0.0,0.0,0.0,0.0,0.0,0.9389750531567232,0.0
13,1,18,3,6.518233721527222,0.0,0.0,0.0,0.0,0.0,0.0,0.0,2.120066250122159,0.0
13,1,19,3,7.441797122913537,0.0,0.0,0.0,0.0,0.0,0.0,0.0,2.2581996930194412,0.0
13,1,20,4,9.179607129811986,0.0,0.0,0.0,0.0,0.0,0.0,0.0,2.0241357222925696,0.0
13,1,21,4,18.83206030354746,0.0,0.0,0.0,1.0,0.0,0.0,1.9321101518617496,4.104608860673413,0.0
13,1,22,4,23.98020439867923,0.0,0.0,1.0,1.0,0.0,0.0,4.16667070104625,5.512802425255231,0.0
13,1,23,4,20.242486596730345,0.0,0.0,0.0,0.0,0.0,0.0,0.0,3.687626488972786,0.0
13,1,24,4,14.28890267233415,0.0,0.0,0.0,0.0,0.0,0.0,0.0,-1.5143858770711038,0.0
13,1,25,5,8.73957453534964,0.0,0.0,0.0,0.0,0.0,0.0,0.0,-5.080209954443197,0.0
13,1,26,5,6.942971732410582,0.0,0.0,0.0,0.0,0.0,0.0,0.0,-4.433171621439921,1.0
13,1,27,5,7.668363825571804,0.0,0.0,0.0,0.0,0.0,0.0,0.0,-2.2068462822541153,1.0
13,1,28,5,6.370123783542892,0.0,0.0,0.0,0.0,0.0,0.0,0.0,-0.7898169172689157,1.0
13,1,29,5,7.857212433158841,0.0,0.0,0.0,0.0,0.0,0.0,0.0,0.30474690024941964,1.0
13,1,30,6,14.468143806582766,0.0,0.0,0.0,0.0,0.0,0.0,0.0,2.2665933270036542,1.0
13,3,0,0,0.0,0.0,0.0,0.0,0.0,0.0,0.0,0.0,0.0,0.0
13,3,1,0,0.020824759499988604,0.0,0.0,0.0,0.0,0.0,0.0,0.0,0.020824759499988604,0.0
13,3,2,0,0.02953485272981322,0.0,0.0,0.0,0.0,0.0,0.0,0.0,0.01476742636490661,0.0
13,3,3,0,0.01747290577065689,0.0,0.0,0.0,0.0,0.0,0.0,0.0,0.005824301923552297,0.0
13,3,4,0,0.008970888941898628,0.0,0.0,0.0,0.0,0.0,0.0,0.0,-0.003951290186029992,0.0
13,3,5,1,0.0046058079557109366,0.0,0.0,0.0,0.0,0.0,0.0,0.0,-0.008309681591367428,0.0
13,3,6,1,0.0023647006514385055,0.0,0.0,0.0,0.0,0.0,0.0,0.0,-0.005036068373072795,0.0
13,3,7,1,0.008928340450918735,0.0,0.0,0.0,0.0,0.0,0.0,0.0,-1.4182830326631262e-05,0.0
13,3,8,1,0.006138338936353224,0.0,0.0,0.0,0.0,0.0,0.0,0.0,0.0005108436602140959,0.0
13,3,9,1,0.003151528292348062,0.0,0.0,0.0,0.0,0.0,0.0,0.0,0.0002622758803031854,0.0
13,3,10,2,0.2377605081125757,0.0,0.0,0.0,0.0,0.0,0.0,0.0,0.07627738922055233,0.0
13,3,11,2,0.8870840093691164,0.0,0.0,0.0,0.0,0.0,0.0,0.0,0.29364855681092106,0.0
13,3,12,2,0.5298864953730507,0.0,0.0,0.0,0.0,0.0,0.0,0.0,0.17557832236023418,0.0
13,3,13,2,0.29468788788938655,0.0,0.0,0.0,0.0,0.0,0.0,0.0,0.018975793258936946,0.0
13,3,14,2,4.353951565979406,0.0,0.0,0.0,0.0,0.0,0.0,0.0,1.1556225188700966,0.0
13,3,15,3,15.11933871128672,0.0,0.0,0.0,1.0,0.0,0.0,2.6471125059839657,4.86315073863789,0.0
13,3,16,3,14.844852711988544,0.0,0.0,0.0,1.0,0.0,0.0,0.6477047292310267,4.850054941366386,0.0
13,3,17,3,8.82635342013398,0.0,0.0,0.0,0.0,0.0,0.0,0.0,1.4908006180515248,0.0
13,3,18,3,5.386321347281711,0.0,0.0,0.0,0.0,0.0,0.0,0.0,-3.2443391213350026,0.0
13,3,19,3,3.9481292833525607,0.0,0.0,0.0,0.0,0.0,0.0,0.0,-3.632241142878661,0.0
13,3,20,4,3.6317154741757554,0.0,0.0,0.0,0.0,0.0,0.0,0.0,-1.731545981986075,0.0
13,3,21,4,4.169232078492327,0.0,0.0,0.0,0.0,0.0,0.0,0.0,-0.4056964229297944,0.0
13,3,22,4,2.9999868192004477,0.0,0.0,0.0,0.0,0.0,0.0,0.0,-0.3160474880507043,0.0
13,3,23,4,2.4663609018801163,0.0,0.0,0.0,0.0,0.0,0.0,0.0,-0.3884515240985464,0.0
13,3,24,4,5.220737100314978,0.0,0.0,0.0,0.0,0.0,0.0,0.0,0.35050167394088366,0.0
13,3,25,5,11.400052391686275,0.0,0.0,0.0,0.0,0.0,0.0,0.0,2.8000218574952758,0.0
13,3,26,5,21.30083064306404,0.0,0.0,0.0,1.0,0.0,0.0,0.05120319903363679,6.278156580394641,0.0
13,3,27,5,35.57340390287473,1.0,0.0,1.0,1.0,0.0,2.734774054313803,9.18853644314326,10.117555600853251,0.0
13,3,28,5,45.018940890033974,1.0,0.0,1.0,1.0,0.0,9.935277048062602,13.125771333347572,11.2062961661159,0.0
13,3,29,5,42.84490228798667,1.0,0.0,1.0,1.0,1.0,5.33061607235399,7.546661755447261,7.18135721497421,0.0
13,3,30,6,33.63300432090486,0.0,0.0,0.0,0.0,0.0,0.0,0.0,-0.6467998606566235,1.0
13,3,31,6,23.23024005025828,0.0,0.0,0.0,0.0,0.0,0.0,0.0,-7.262900279925231,1.0
13,3,32,6,15.639747277091427,0.0,0.0,0.0,0.0,0.0,0.0,0.0,-9.068385003631748,1.0
13,3,33,6,10.818569986393381,0.0,0.0,0.0,0.0,0.0,0.0,0.0,-7.60481144483716,1.0
13,3,34,6,10.964042346964819,0.0,0.0,0.0,0.0,0.0,0.0,0.0,-4.088732567764487,1.0
13,2,0,0,0.0,0.0,0.0,0.0,0.0,0.0,0.0,0.0,0.0,0.0
13,2,1,0,0.0,0.0,0.0,0.0,0.0,0.0,0.0,0.0,0.0,0.0
13,2,2,0,0.002216707122397853,0.0,0.0,0.0,0.0,0.0,0.0,0.0,0.0011083535611989266,0.0
13,2,3,0,0.11492164523611964,0.0,0.0,0.0,0.0,0.0,0.0,0.0,0.03830721507870655,0.0
13,2,4,0,0.21783661650055433,0.0,0.0,0.0,0.0,0.0,0.0,0.0,0.07261220550018478,0.0
13,2,5,1,0.1367912035640526,0.0,0.0,0.0,0.0,0.0,0.0,0.0,0.04485816548055158,0.0
13,2,6,1,0.07042377781594289,0.0,0.0,0.0,0.0,0.0,0.0,0.0,-0.014832622473392251,0.0
13,2,7,1,0.06093623131053916,0.0,0.0,0.0,0.0,0.0,0.0,0.0,-0.052300128396671725,0.0
13,2,8,1,0.058314401913322864,0.0,0.0,0.0,0.0,0.0,0.0,0.0,-0.026158933883576582,0.0
13,2,9,1,0.030148348307085127,0.0,0.0,0.0,0.0,0.0,0.0,0.0,-0.013425143169619255,0.0
13,2,10,2,0.06828185052112444,0.0,0.0,0.0,0.0,0.0,0.0,0.0,0.002448539736861761,0.0
13,2,11,2,0.2534749717955148,0.0,0.0,0.0,0.0,0.0,0.0,0.0,0.06505352329406398,0.0
13,2,12,2,0.24516299879566925,0.0,0.0,0.0,0.0,0.0,0.0,0.0,0.07167155016286138,0.0
13,2,13,2,0.3662167767266854,0.0,0.0,0.0,0.0,0.0,0.0,0.0,0.09931164206852032,0.0
13,2,14,2,3.014275167129476,0.0,0.0,0.0,0.0,0.0,0.0,0.0,0.920266731777987,0.0
13,2,15,3,5.257345998098774,0.0,0.0,0.0,0.0,0.0,0.0,0.0,1.6707276664343684,0.0
13,2,16,3,4.975219038963775,0.0,0.0,0.0,0.0,0.0,0.0,0.0,1.5363340874123634,0.0
13,2,17,3,4.470468804427549,0.0,0.0,0.0,0.0,0.0,0.0,0.0,0.4853978790993576,0.0
13,2,18,3,3.4840973051405193,0.0,0.0,0.0,0.0,0.0,0.0,0.0,-0.5910828976527517,0.0
13,2,19,3,3.326757417788264,0.0,0.0,0.0,0.0,0.0,0.0,0.0,-0.5494872070585037,0.0
13,2,20,4,3.154893969032108,0.0,0.0,0.0,0.0,0.0,0.0,0.0,-0.43852494513181367,0.0
13,2,21,4,2.2940106333462813,0.0,0.0,0.0,0.0,0.0,0.0,0.0,-0.396695557264746,0.0
13,2,22,4,1.5172936904288261,0.0,0.0,0.0,0.0,0.0,0.0,0.0,-0.6031545757864794,0.0
13,2,23,4,0.867286251985433,0.0,0.0,0.0,0.0,0.0,0.0,0.0,-0.762535905682225,0.0
13,2,24,4,0.9559032743566038,0.0,0.0,0.0,0.0,0.0,0.0,0.0,-0.4460357863298925,0.0
13,2,25,5,5.168071608747207,0.0,0.0,0.0,0.0,0.0,0.0,0.0,1.2169259727727935,0.0
13,2,26,5,9.096462011169866,0.0,0.0,0.0,0.0,0.0,0.0,0.0,2.743058586394811,0.0
13,2,27,5,6.750797800661873,0.0,0.0,0.0,0.0,0.0,0.0,0.0,1.931631508768423,0.0
13,2,28,5,3.757865663566064,0.0,0.0,0.0,0.0,0.0,0.0,0.0,-0.4700686483937142,0.0
13,2,29,5,2.436047429062255,0.0,0.0,0.0,0.0,0.0,0.0,0.0,-2.2201381940358704,0.0
13,2,30,6,4.752185206744344,0.0,0.0,0.0,0.0,0.0,0.0,0.0,-0.6662041979725096,0.0
13,2,31,6,6.925939993203993,0.0,0.0,0.0,0.0,0.0,0.0,0.0,1.0560247765459765,0.0
13,2,32,6,7.427065270490324,0.0,0.0,0.0,0.0,0.0,0.0,0.0,1.6636726138093565,0.0
13,2,33,6,6.397730405658334,0.0,0.0,0.0,0.0,0.0,0.0,0.0,0.5485150663046632,0.0
13,2,34,6,4.316907976136891,0.0,0.0,0.0,0.0,0.0,0.0,0.0,-0.8696773390223674,1.0
13,2,35,7,8.24447328282819,0.0,0.0,0.0,0.0,0.0,0.0,0.0,0.2724693374459554,1.0
13,2,36,7,32.19988963408213,0.0,0.0,0.0,0.0,0.0,0.0,0.0,8.600719742807934,1.0
13,2,37,7,42.049576783696764,0.0,0.0,0.0,0.0,0.0,0.0,0.0,12.577556269186625,1.0
13,2,38,7,42.354960122758456,0.0,0.0,0.0,0.0,0.0,0.0,0.0,11.370162279976755,1.0
14,2,0,0,0.0,0.0,0.0,0.0,0.0,0.0,0.0,0.0,0.0,0.0
14,2,1,0,6.544674415158702,0.0,0.0,0.0,0.0,0.0,0.0,0.0,6.544674415158702,0.0
14,2,2,0,11.273103450225905,1.0,0.0,1.0,1.0,0.0,2.454138142533072,2.8320454738674226,5.636551725112953,0.0
14,2,3,0,11.079127834027929,1.0,0.0,1.0,1.0,0.0,1.8905021758275051,2.310521051071767,3.693042611342643,0.0
14,2,4,0,17.1401334845653,1.0,1.0,1.0,1.0,1.0,7.604830407241749,6.902811840699634,3.5318196898021994,0.0
14,2,5,1,29.71879755464401,1.0,1.0,1.0,1.0,1.0,19.85524423023709,15.607157321789748,6.148564701472701,0.0
14,2,6,1,31.835168665041582,1.0,1.0,1.0,1.0,1.0,21.518239739103493,15.771842886459194,6.918680277004551,0.0
14,2,7,1,35.20241510716687,1.0,1.0,1.0,1.0,1.0,24.157777360179555,17.607459367658578,6.02076054086719,0.0
14,2,8,1,43.56626874528895,1.0,1.0,1.0,1.0,1.0,31.824700234538536,23.792973546467017,4.615823730214981,0.0
14,2,9,1,54.10450338042559,1.0,1.0,1.0,1.0,1.0,41.68647899950597,31.391745842530046,7.42311157179467,0.0
14,2,10,2,71.44059083294276,1.0,1.0,1.0,1.0,1.0,58.35628231175559,44.14740829687726,12.079391908591964,0.0
14,2,11,2,76.03366353188159,1.0,1.0,1.0,1.0,1.0,62.28293943663628,46.467122551561474,10.822464928864212,0.0
14,2,12,2,64.2793679890199,1.0,1.0,1.0,1.0,1.0,49.85179372223364,34.962406438038535,3.391621536198104,0.0
14,2,13,2,50.36092096429301,1.0,1.0,1.0,1.0,1.0,35.235758764790724,22.610565616766536,-7.026556622883251,0.0
14,2,14,2,45.05248494718606,1.0,1.0,1.0,1.0,1.0,29.198693890100465,19.795044016412074,-10.327059528231842,0.0
14,2,15,3,45.80874773661397,1.0,1.0,1.0,1.0,1.0,29.184983733385522,22.898604675880136,-6.1568734174686455,0.0
14,2,16,3,51.95773281716401,1.0,1.0,1.0,1.0,1.0,34.512348615540944,30.0500530906006,0.5322706176236665,0.0
14,2,17,3,53.21148411693848,1.0,1.0,1.0,1.0,1.0,34.88252930097678,32.42542690924377,2.719666389917473,0.0
14,2,18,3,51.22118677839177,1.0,1.0,1.0,1.0,1.0,31.936407768455187,31.417946587603282,1.8041463472592671,0.0
14,2,19,3,58.146068040823494,1.0,1.0,1.0,1.0,1.0,37.82290809358354,38.45956734435393,2.0627784078864955,0.0
14,2,20,4,65.76040314090544,1.0,1.0,1.0,1.0,1.0,44.3060023493414,45.161641210316404,4.182973007988987,0.0
14,2,21,4,73.83451178640368,1.0,1.0,1.0,1.0,1.0,51.145707079802584,52.25999207332874,7.537775002670638,0.0
14,2,22,4,76.89008804712302,1.0,1.0,1.0,1.0,1.0,52.85341319107967,54.462931876565996,6.248006668766507,0.0
14,2,23,4,78.89804877951698,1.0,1.0,1.0,1.0,1.0,53.38973437593394,54.14098846544017,4.379215212870515,0.0
14,2,24,4,76.38700438963959,1.0,1.0,1.0,1.0,1.0,49.27297787672718,50.20666814908061,0.8508308677453016,0.0
14,2,25,5,68.34506774422415,1.0,1.0,1.0,1.0,1.0,39.48095339650047,42.29310444932359,-2.8483401009662876,0.0
14,2,26,5,60.03969600331148,1.0,1.0,1.0,1.0,1.0,29.270814931602363,34.36052819596759,-6.286117592068503,0.0
14,2,27,5,54.78601545478344,1.0,1.0,1.0,1.0,1.0,21.94738560622251,28.334179988403633,-7.200329644952049,0.0
14,2,28,5,46.42216931738861,1.0,0.0,1.0,1.0,1.0,11.338505475417236,17.900125071503616,-7.307632808945182,0.0
14,2,29,5,33.68095983466779,0.0,0.0,0.0,1.0,0.0,0.0,1.0958652382482157,-8.786245389547895,0.0
14,2,30,6,34.24108944931344,0.0,0.0,0.0,0.0,0.0,0.0,0.0,-6.848308668489999,0.0
14,2,31,6,40.57692034320102,0.0,0.0,0.0,1.0,0.0,0.0,1.9509023281768307,-1.948416324729197,0.0
14,2,32,6,40.63999652324705,0.0,0.0,0.0,1.0,0.0,0.0,0.4956606678529454,2.319678896193087,0.0
14,2,33,6,46.4772443775029,0.0,0.0,0.0,1.0,0.0,0.0,5.964737591506811,4.078718309396486,0.0
14,2,34,6,58.52194003220023,1.0,0.0,1.0,1.0,0.0,5.71010551526971,18.409960396937173,5.981673229666403,0.0
14,2,35,7,58.28872386018222,1.0,0.0,1.0,1.0,0.0,1.7163702505482306,18.628322106848465,5.882909112311725,0.0
14,2,36,7,45.12365628382105,0.0,0.0,0.0,1.0,0.0,0.0,5.239761120330662,-0.45119603122728336,0.0
14,2,37,7,36.77514999143823,0.0,0.0,0.0,0.0,0.0,0.0,0.0,-7.248930013587334,0.0
14,2,38,7,52.53029772716167,0.0,0.0,0.0,1.0,0.0,0.0,8.987078164734989,-1.9194753776735187,0.0
14,2,39,7,79.05423892191153,1.0,0.0,1.0,1.0,0.0,4.759672043575904,28.528381636031128,11.310194212696828,0.0
14,2,40,8,78.21989446293524,0.0,0.0,0.0,1.0,0.0,0.0,23.350439889619665,13.81491482383234,0.0
14,2,41,8,63.91533611398198,0.0,0.0,0.0,1.0,0.0,0.0,7.123768671943225,3.795012795606771,0.0
14,2,42,8,67.07749574721585,0.0,0.0,0.0,1.0,0.0,0.0,7.774859158989301,-3.9922477248985615,0.0
14,2,43,8,61.71028523084824,0.0,0.0,0.0,1.0,0.0,0.0,0.3890291819708125,-5.5032030773623335,0.0
14,2,44,8,50.44985020890145,0.0,0.0,0.0,0.0,0.0,0.0,0.0,-4.488495301693509,1.0
14,2,45,9,45.97824795742763,0.0,0.0,0.0,0.0,0.0,0.0,0.0,-7.033082596596074,1.0
14,2,46,9,41.450233978893884,0.0,0.0,0.0,0.0,0.0,0.0,0.0,-6.75335041731812,1.0
14,2,47,9,42.923531504360795,0.0,0.0,0.0,0.0,0.0,0.0,0.0,-2.5087729015135523,1.0
14,2,48,9,46.676915849112454,0.0,0.0,0.0,0.0,0.0,0.0,0.0,0.2328892972282759,1.0
14,1,0,0,0.0,0.0,0.0,0.0,0.0,0.0,0.0,0.0,0.0,0.0
14,1,1,0,0.00018138650254484603,0.0,0.0,0.0,0.0,0.0,0.0,0.0,0.00018138650254484603,0.0
14,1,2,0,0.12855540027193374,0.0,0.0,0.0,0.0,0.0,0.0,0.0,0.06427770013596687,0.0
14,1,3,0,0.7241598937299571,0.0,0.0,0.0,0.0,0.0,0.0,0.0,0.24138663124331905,0.0
14,1,4,0,4.745478765732379,0.0,0.0,0.0,0.0,0.0,0.0,0.0,1.5817657930766114,0.0
14,1,5,1,11.725367950513363,1.0,0.0,1.0,1.0,0.0,1.861814626106442,2.5698439154448387,3.8656041834138097,0.0
14,1,6,1,12.526012589315418,1.0,0.0,1.0,1.0,0.0,2.209083663377326,2.136021606922551,3.9339508985284866,0.0
14,1,7,1,11.743990188384696,1.0,0.0,1.0,1.0,1.0,0.6993524413973802,0.7939105228349774,2.3328371408841058,0.0
14,1,8,1,13.226796027740164,1.0,0.0,1.0,1.0,1.0,1.4852275169897489,1.70479961898163,0.5004760257422672,0.0
14,1,9,1,15.039741763087434,1.0,0.0,1.0,1.0,1.0,2.621717382167816,2.8862279125721546,0.8379097245906723,0.0
14,1,10,2,19.005760173962948,1.0,1.0,1.0,1.0,1.0,5.921451652775776,5.877240976953532,2.4205899951927505,0.0
14,1,11,2,24.88815618857424,1.0,1.0,1.0,1.0,1.0,11.137432093328933,10.4363895154454,3.8871200536113584,0.0
14,1,12,2,30.47755961367852,1.0,1.0,1.0,1.0,1.0,16.049985346892257,14.53136338946194,5.145939283530361,0.0
14,1,13,2,30.83736210953182,1.0,1.0,1.0,1.0,1.0,15.712199910029538,14.246123522184664,3.943867311856291,0.0
14,1,14,2,26.55858728817045,1.0,1.0,1.0,1.0,1.0,10.704796231084856,10.521551234968712,0.5568103665320704,0.0
14,1,15,3,27.160862686439195,1.0,1.0,1.0,1.0,1.0,10.53709868321075,11.588719046835218,-1.105565642413108,0.0
14,1,16,3,40.64439651695887,1.0,1.0,1.0,1.0,1.0,23.199012315335807,23.17282427403671,3.26901146914235,0.0
14,1,17,3,52.41872421879077,1.0,1.0,1.0,1.0,1.0,34.08976940282907,31.75313499013311,8.620045643540108,0.0
14,1,18,3,57.23685840802423,1.0,1.0,1.0,1.0,1.0,37.95207939808765,34.139934815112596,10.025331907195012,0.0
14,1,19,3,51.705936561254305,1.0,1.0,1.0,1.0,1.0,31.382776614014354,28.051119597291766,3.687180014765145,0.0
14,1,20,4,44.83281373629598,1.0,1.0,1.0,1.0,1.0,23.37841294473194,21.745991307825467,-2.528636827498263,0.0
14,1,21,4,47.04595857104326,1.0,1.0,1.0,1.0,1.0,24.35715386444216,24.410082433838358,-3.3969666123269917,0.0
14,1,22,4,45.69861503414476,1.0,1.0,1.0,1.0,1.0,21.66194017810141,23.236867298993754,-2.0024405090365156,0.0
14,1,23,4,50.203704060842995,1.0,1.0,1.0,1.0,1.0,24.695389657259955,27.295873323429547,1.7902967748490042,0.0
14,1,24,4,64.32124682387331,1.0,1.0,1.0,1.0,1.0,37.207220310960906,39.72023312329688,5.758429417610017,0.0
14,1,25,5,73.1155506346034,1.0,1.0,1.0,1.0,1.0,44.25143628687971,47.01246607885494,9.138978533486211,0.0
14,1,26,5,76.7031321632376,1.0,1.0,1.0,1.0,1.0,45.93425109152848,49.89060270655104,8.8331427007982,0.0
14,1,27,5,76.22517868444501,1.0,1.0,1.0,1.0,1.0,43.386548835884085,47.799162840130926,3.9679772868572343,0.0
14,1,28,5,75.68957132900039,1.0,1.0,1.0,1.0,1.0,40.605907487029015,45.259347360181025,0.8580068981323308,1.0
14,1,29,5,74.31396872093569,1.0,1.0,1.0,1.0,1.0,36.79968250530301,42.06022683556159,-0.7963878141006356,1.0
14,1,30,6,73.95855792347507,1.0,1.0,1.0,1.0,1.0,33.81775779023798,40.35421612020049,-0.7555402536566476,1.0
14,1,31,6,79.64064824739059,1.0,1.0,1.0,1.0,1.0,36.66713948891375,45.3722719932964,1.3170256394634,1.0
14,1,32,6,89.8072885355528,1.0,1.0,1.0,1.0,1.0,43.784573280508624,54.14669438376289,5.164439938205703,1.0
14,2,0,0,0.0,0.0,0.0,0.0,0.0,0.0,0.0,0.0,0.0,0.0
14,2,1,0,0.09608388803010229,0.0,0.0,0.0,0.0,0.0,0.0,0.0,0.09608388803010229,0.0
14,2,2,0,0.07476255345035218,0.0,0.0,0.0,0.0,0.0,0.0,0.0,0.03738127672517609,0.0
14,2,3,0,0.06903358830423846,0.0,0.0,0.0,0.0,0.0,0.0,0.0,0.02301119610141282,0.0
14,2,4,0,0.1378414230102446,0.0,0.0,0.0,0.0,0.0,0.0,0.0,0.013919178326714104,0.0
14,2,5,1,0.15381266196509352,0.0,0.0,0.0,0.0,0.0,0.0,0.0,0.026350036171580448,0.0
14,2,6,1,0.40802537241508396,0.0,0.0,0.0,0.0,0.0,0.0,0.0,0.11299726137028183,0.0
14,2,7,1,0.5208156979973948,0.0,0.0,0.0,0.0,0.0,0.0,0.0,0.1276580916623834,0.0
14,2,8,1,0.4086725527386016,0.0,0.0,0.0,0.0,0.0,0.0,0.0,0.0849532969245027,0.0
14,2,9,1,0.6103611484632243,0.0,0.0,0.0,0.0,0.0,0.0,0.0,0.06744525868271345,0.0
14,2,10,2,1.2280007610320003,0.0,0.0,0.0,0.0,0.0,0.0,0.0,0.2357283543448685,0.0
14,2,11,2,1.5257489308751078,0.0,0.0,0.0,0.0,0.0,0.0,0.0,0.3723587927121687,0.0
14,2,12,2,1.4851912381350874,0.0,0.0,0.0,0.0,0.0,0.0,0.0,0.291610029890621,0.0
14,2,13,2,1.8314047791069925,0.0,0.0,0.0,0.0,0.0,0.0,0.0,0.20113467269166407,0.0
14,2,14,2,3.0287924933204575,0.0,0.0,0.0,0.0,0.0,0.0,0.0,0.5010145208151165,0.0
14,2,15,3,5.846528454269738,0.0,0.0,0.0,0.0,0.0,0.0,0.0,1.4537790720448838,0.0
14,2,16,3,12.358687537618692,0.0,0.0,0.0,1.0,0.0,0.0,0.3774284164109609,3.509094252837233,0.0
14,2,17,3,27.233962792524636,1.0,1.0,1.0,1.0,0.0,8.905007976562935,10.452146201827617,8.068390099734726,0.0
14,2,18,3,48.761096524944264,1.0,1.0,1.0,1.0,0.0,29.476317515007683,24.661410437808765,14.304856023558175,0.0
14,2,19,3,64.2906271618341,1.0,1.0,1.0,1.0,1.0,43.967467214594144,33.1384214235802,17.310646541405134,0.0
14,2,20,4,62.350370485450256,1.0,1.0,1.0,1.0,1.0,40.895969693886215,27.294828002812366,11.705469230975206,0.0
14,2,21,4,47.81867186098776,1.0,1.0,1.0,1.0,1.0,25.129867154386666,11.850604192123427,-0.3141415546521671,0.0
14,2,22,4,44.09768799843563,1.0,1.0,1.0,1.0,1.0,20.061013142392284,8.096436569980476,-6.7309797211328215,0.0
14,2,23,4,52.1707921093071,1.0,1.0,1.0,1.0,1.0,26.66247770572406,16.272537767248977,-3.3931927920477185,0.0
14,2,24,4,65.76023221642504,1.0,1.0,1.0,1.0,1.0,38.646205703512635,29.715392237264865,5.980520118479092,0.0
14,2,25,5,78.19570288569909,1.0,1.0,1.0,1.0,1.0,49.331588537975406,41.9268526608843,11.366004962421153,0.0
14,2,26,5,85.98605942034877,1.0,1.0,1.0,1.0,1.0,55.21717834863965,50.10714745261879,11.271755770347221,0.0
14,2,27,5,91.71566648792077,1.0,1.0,1.0,1.0,1.0,58.877036639359844,56.668609344820155,8.65181142383191,0.0
14,2,28,5,90.21727016750762,1.0,1.0,1.0,1.0,1.0,55.13360632553625,55.6016291564869,4.0071890939361765,0.0
14,2,29,5,86.42167133640714,1.0,1.0,1.0,1.0,1.0,48.907385120774464,50.67761837970498,0.14520397201945912,0.0
14,2,30,6,86.81009779242046,1.0,1.0,1.0,1.0,1.0,46.66929765918337,49.16086742801021,-1.635189565166769,0.0
14,2,31,6,91.25455970318032,1.0,1.0,1.0,1.0,1.0,48.28105094470348,51.627296881044465,0.34576317855756616,0.0
14,2,32,6,95.58437556979435,1.0,1.0,1.0,1.0,1.0,49.56166031475017,55.68581672203548,3.0542347444624007,0.0
14,2,33,6,91.61971334542,1.0,1.0,1.0,1.0,1.0,42.32099055878868,53.99469934405889,1.6032051843331772,0.0
14,2,34,6,68.35181265808389,1.0,0.0,1.0,1.0,1.0,15.53997814115337,32.133974798860734,-7.634249015032144,0.0
14,2,35,7,48.761296635660386,0.0,0.0,0.0,1.0,0.0,0.0,6.971349349838505,-15.607692978044653,0.0
14,2,36,7,54.68447330527592,0.0,0.0,0.0,1.0,0.0,0.0,8.524457888007191,-12.311746680048024,0.0
14,2,37,7,77.93591942431001,1.0,0.0,1.0,1.0,0.0,13.059092887287207,29.693285580077784,3.1947022554087092,0.0
14,2,38,7,86.46298234937949,1.0,0.0,1.0,1.0,0.0,17.021595650286898,36.22785090764779,12.567228571239701,0.0
14,2,39,7,82.04779871259379,1.0,0.0,1.0,1.0,1.0,7.753231834258159,29.733190468419508,9.121108469105955,0.0
14,2,40,8,74.0930389930268,0.0,0.0,0.0,1.0,0.0,0.0,19.357473821643453,-1.2809601437610734,1.0
14,2,41,8,67.30199852151478,0.0,0.0,0.0,1.0,0.0,0.0,9.864824312759062,-6.386994609288237,1.0
14,2,42,8,60.56212953168475,0.0,0.0,0.0,1.0,0.0,0.0,0.49008720201811684,-7.16188972696968,1.0
14,2,43,8,67.58486559492971,0.0,0.0,0.0,1.0,0.0,0.0,6.29334758307715,-2.1693911326990283,1.0
14,2,44,8,74.91739843993588,0.0,0.0,0.0,1.0,0.0,0.0,12.165506124569276,2.5384666394737017,1.0
14,2,0,0,0.0,0.0,0.0,0.0,0.0,0.0,0.0,0.0,0.0,0.0
14,2,1,0,0.00027547281086269374,0.0,0.0,0.0,0.0,0.0,0.0,0.0,0.00027547281086269374,0.0
14,2,2,0,0.051500042381087345,0.0,0.0,0.0,0.0,0.0,0.0,0.0,0.025750021190543673,0.0
14,2,3,0,0.34541658921959045,0.0,0.0,0.0,0.0,0.0,0.0,0.0,0.11513886307319682,0.0
14,2,4,0,1.0017752050059583,0.0,0.0,0.0,0.0,0.0,0.0,0.0,0.33383324406503184,0.0
14,2,5,1,2.93558466213009,0.0,0.0,0.0,0.0,0.0,0.0,0.0,0.9613615399163341,0.0
14,2,6,1,11.172639954788817,1.0,0.0,1.0,1.0,0.0,0.8557110288507257,2.210949772554688,3.609074455189742,0.0
14,2,7,1,27.104413010101094,1.0,1.0,1.0,1.0,0.0,16.059775263113778,12.661425659987113,8.700879268365044,0.0
14,2,8,1,48.7550825200927,1.0,1.0,1.0,1.0,1.0,37.01351400934229,26.920695147759215,15.273165952654203,0.0
14,2,9,1,54.63692368147835,1.0,1.0,1.0,1.0,1.0,42.21889930055873,28.305646214766423,14.488094575563176,0.0
14,2,10,2,51.85987002789196,1.0,1.0,1.0,1.0,1.0,38.77556150670479,23.393996881219994,8.251819005930288,0.0
14,2,11,2,51.16195556049295,1.0,1.0,1.0,1.0,1.0,37.41123146524764,21.29954031217759,0.8022910134667498,0.0
14,2,12,2,46.814312364073416,1.0,1.0,1.0,1.0,1.0,32.38673809728715,16.876204366630848,-2.607537105801645,0.0
14,2,13,2,54.63696647492043,1.0,1.0,1.0,1.0,1.0,39.51180427541814,24.798331997056707,0.9256988156761565,0.0
14,2,14,2,76.87651186864224,1.0,1.0,1.0,1.0,1.0,61.022720811556646,45.67801236547885,8.571518769383097,0.0
14,2,15,3,83.1819152543869,1.0,1.0,1.0,1.0,1.0,66.55815125115845,51.73512576724407,12.122534296771159,0.0
14,2,16,3,71.00870880358849,1.0,1.0,1.0,1.0,1.0,53.56332460196543,42.70215452228766,5.457247442889354,0.0
14,2,17,3,55.953347068109366,1.0,1.0,1.0,1.0,1.0,37.624392252147665,32.11958769652911,-6.974388266844291,0.0
14,2,18,3,55.02250704731156,1.0,1.0,1.0,1.0,1.0,35.73772803737498,33.90609299213935,-9.386469402358445,0.0
14,2,19,3,58.179223469970864,1.0,1.0,1.0,1.0,1.0,37.85606352273091,36.969919654693705,-4.276495111205875,0.0
14,2,20,4,61.909055656831505,1.0,1.0,1.0,1.0,1.0,40.454654865267464,40.22042477727163,1.985236196240713,0.0
14,2,21,4,73.88071183677145,1.0,1.0,1.0,1.0,1.0,51.19190713017036,51.31081892078939,6.286068263153299,0.0
14,2,22,4,81.58463570205174,1.0,1.0,1.0,1.0,1.0,57.547960846008394,57.729846031645714,7.801804077360292,0.0
14,2,23,4,67.59125234595516,1.0,1.0,1.0,1.0,1.0,42.08293794237211,44.519939859210155,1.8940655630412166,0.0
14,2,24,4,44.04852616727802,1.0,1.0,1.0,1.0,1.0,16.934499654365617,18.61050638894335,-9.944061889831145,0.0
14,2,25,5,39.16172774559391,1.0,0.0,1.0,1.0,1.0,10.297613397870226,11.031544586473316,-14.140969318819279,0.0
14,2,26,5,58.00215136123698,1.0,1.0,1.0,1.0,1.0,27.23327028952787,30.469739494442088,-3.1963669949060574,0.0
14,2,27,5,66.43546148048394,1.0,1.0,1.0,1.0,1.0,33.59683163192301,38.12148112126772,7.462311771068639,0.0
14,2,28,5,65.64040179223409,1.0,1.0,1.0,1.0,1.0,30.556737950262715,36.14984273897859,8.826224682213393,0.0
14,2,29,5,63.472015752663,1.0,1.0,1.0,1.0,1.0,25.957729537030318,32.872810633808676,1.823288130475338,0.0
14,2,30,6,48.67867531597341,1.0,0.0,1.0,1.0,1.0,8.537875182736315,16.150999962353083,-5.91892872150351,1.0
14,2,31,6,33.44773615828146,0.0,0.0,0.0,0.0,0.0,0.0,0.0,-10.730888544650876,1.0
14,2,32,6,29.234504799106098,0.0,0.0,0.0,0.0,0.0,0.0,0.0,-11.412503651185633,1.0
14,2,33,6,25.32480397962757,0.0,0.0,0.0,0.0,0.0,0.0,0.0,-7.7846237787819454,1.0
14,2,34,6,17.768482779900943,0.0,0.0,0.0,0.0,0.0,0.0,0.0,-5.226417792793505,1.0
14,2,0,0,0.0,0.0,0.0,0.0,0.0,0.0,0.0,0.0,0.0,0.0
14,2,1,0,10.73744178189265,1.0,0.0,1.0,1.0,0.0,2.3156755154365793,2.3156755154365793,10.73744178189265,0.0
14,2,2,0,22.6141565437636,1.0,1.0,1.0,1.0,0.0,13.795191236070766,9.559096067053941,11.3070782718818,0.0
14,2,3,0,25.959034129182907,1.0,1.0,1.0,1.0,1.0,16.77040847098248,11.509726176695128,8.653011376394302,0.0
14,2,4,0,22.656227126738003,1.0,1.0,1.0,1.0,1.0,13.120924049414452,8.42395958819666,3.972928448281784,0.0
14,2,5,1,29.68402204905529,1.0,1.0,1.0,1.0,1.0,19.82046872464837,14.676860313412098,2.3566218350972306,0.0
14,2,6,1,50.6443202662406,1.0,1.0,1.0,1.0,1.0,40.327391340302505,30.842346180251216,8.228428712352564,0.0
14,2,7,1,57.813370997147956,1.0,1.0,1.0,1.0,1.0,46.768733250160636,34.489866848862476,11.719047956803317,0.0
14,2,8,1,53.871184686864126,1.0,1.0,1.0,1.0,1.0,42.129616176113714,29.338657116728488,8.062387545936279,0.0
14,2,9,1,74.18693473408713,1.0,1.0,1.0,1.0,1.0,61.76891035316751,45.999138568811446,7.847538155948844,0.0
14,2,10,2,90.3300711125242,1.0,1.0,1.0,1.0,1.0,77.24576259133703,57.50598006479357,10.838900038458746,0.0
14,2,11,2,95.8823756389947,1.0,1.0,1.0,1.0,1.0,82.1316515437494,61.545711135642485,14.003730317376858,0.0
14,2,12,2,98.47187856994259,1.0,1.0,1.0,1.0,1.0,84.04430430315632,63.22667256651681,8.094981278618485,0.0
14,2,13,2,99.2666557425367,1.0,1.0,1.0,1.0,1.0,84.14149354303441,63.455114004246184,2.9788615433375014,0.0
14,2,14,2,98.60045522876294,1.0,1.0,1.0,1.0,1.0,82.74666417167734,63.49756262184684,0.9060265299227458,0.0
14,2,15,3,96.56512315849623,1.0,1.0,1.0,1.0,1.0,79.94135915526779,64.71876660225283,-0.635585137148785,0.0
14,2,16,3,90.70995592282546,1.0,1.0,1.0,1.0,1.0,73.2645717212024,63.528565942675826,-2.8522332732370805,0.0
14,2,17,3,86.93872840940048,1.0,1.0,1.0,1.0,1.0,68.60977359343877,62.22881429159973,-3.887242273120819,0.0
14,2,18,3,90.81591897752138,1.0,1.0,1.0,1.0,1.0,71.53113996758479,68.29764582075221,-1.9164013936582858,0.0
14,2,19,3,92.99728355550707,1.0,1.0,1.0,1.0,1.0,72.67412360826711,76.02492018523367,0.7624425442272033,0.0
14,2,20,4,90.62970809263734,1.0,1.0,1.0,1.0,1.0,69.1753073010733,75.9674537818929,1.2303265610789538,0.0
14,2,21,4,83.65036940303558,1.0,1.0,1.0,1.0,1.0,60.961564696434486,67.45074995073882,-2.388516524828598,0.0
14,2,22,4,80.85211775018433,1.0,1.0,1.0,1.0,1.0,56.815442894140986,62.90417998328647,-4.048388601774245,0.0
14,2,23,4,82.36332798926847,1.0,1.0,1.0,1.0,1.0,56.85501358568543,63.48742223974927,-2.7554600344562914,0.0
14,2,24,4,82.62805031150339,1.0,1.0,1.0,1.0,1.0,55.51402379859098,63.26728710199035,-0.34077303051073216,0.0
14,2,25,5,83.36154186852988,1.0,1.0,1.0,1.0,1.0,54.4974275208062,63.832674016540196,0.8364747061151832,0.0
14,2,26,5,80.6828684009562,1.0,1.0,1.0,1.0,1.0,49.91398732924708,60.76088931175771,-0.5601531961040914,0.0
14,2,27,5,82.14670276298996,1.0,1.0,1.0,1.0,1.0,49.30807291442903,61.30423018819604,-0.16044918283780873,0.0
14,2,28,5,85.00115438338965,1.0,1.0,1.0,1.0,1.0,49.917490541418275,63.033531518442366,0.5465375049532545,0.0
14,2,29,5,81.83159325557128,1.0,1.0,1.0,1.0,1.0,44.3173070399386,58.96379331485852,0.3829082848716941,0.0
14,2,30,6,63.90925006564936,1.0,1.0,1.0,1.0,1.0,23.768449932412267,37.34756771387961,-6.079150899113533,0.0
14,2,31,6,38.581276925843014,0.0,0.0,0.0,1.0,0.0,0.0,3.4654850488061584,-15.473292485848878,0.0
14,2,32,6,24.715698291204852,0.0,0.0,0.0,0.0,0.0,0.0,0.0,-19.03863165478881,0.0
14,2,33,6,27.16914406004573,0.0,0.0,0.0,0.0,0.0,0.0,0.0,-12.246702001867876,0.0
14,2,34,6,31.911772099636917,0.0,0.0,0.0,0.0,0.0,0.0,0.0,-2.2231682754020325,0.0
14,2,35,7,20.696169283224744,0.0,0.0,0.0,0.0,0.0,0.0,0.0,-1.3398430026600359,0.0
14,2,36,7,11.346897273133699,0.0,0.0,0.0,0.0,0.0,0.0,0.0,-5.2740822623040104,0.0
14,2,37,7,14.34018725640413,0.0,0.0,0.0,0.0,0.0,0.0,0.0,-5.8571949477442615,0.0
14,2,38,7,22.953623842633505,0.0,0.0,0.0,0.0,0.0,0.0,0.0,0.7524848531362535,0.0
14,2,39,7,12.584106219303715,0.0,0.0,0.0,0.0,0.0,0.0,0.0,0.412402982056672,0.0
14,2,40,8,6.851986155246127,0.0,0.0,0.0,0.0,0.0,0.0,0.0,-2.4960670337193345,0.0
14,2,41,8,9.35653558365493,0.0,0.0,0.0,0.0,0.0,0.0,0.0,-4.532362752992858,0.0
14,2,42,8,11.730178528312956,0.0,0.0,0.0,0.0,0.0,0.0,0.0,-0.28464256366358615,0.0
14,2,43,8,9.123349159913165,0.0,0.0,0.0,0.0,0.0,0.0,0.0,0.7571210015556792,0.0
14,2,44,8,11.385687703577627,0.0,0.0,0.0,0.0,0.0,0.0,0.0,0.6763840399742325,1.0
14,2,45,9,19.480683994179103,0.0,0.0,0.0,0.0,0.0,0.0,0.0,2.583501821955382,1.0
14,2,46,9,26.05275252658433,0.0,0.0,0.0,0.0,0.0,0.0,0.0,5.643134455557056,1.0
14,2,47,9,24.156963059692774,0.0,0.0,0.0,0.0,0.0,0.0,0.0,4.257091785371716,1.0
14,2,48,9,18.539293603250307,0.0,0.0,0.0,0.0,0.0,0.0,0.0,-0.3137967969762651,1.0
14,1,0,0,0.0,0.0,0.0,0.0,0.0,0.0,0.0,0.0,0.0,0.0
14,1,1,0,0.7167096821755693,0.0,0.0,0.0,0.0,0.0,0.0,0.0,0.7167096821755693,0.0
14,1,2,0,2.941194952322009,0.0,0.0,0.0,0.0,0.0,0.0,0.0,1.4705974761610046,0.0
14,1,3,0,8.3732823600117,0.0,0.0,0.0,1.0,0.0,0.0,0.9025539889014755,2.7910941200039,0.0
14,1,4,0,14.245744854116403,1.0,1.0,1.0,1.0,0.0,4.710441776792852,4.341606242532336,4.509678390646944,0.0
14,1,5,1,23.25741985952142,1.0,1.0,1.0,1.0,0.0,13.3938665351145,10.085407160181411,6.7720749690664706,0.0
14,1,6,1,37.278428561525544,1.0,1.0,1.0,1.0,1.0,26.96149963558745,19.360406444747355,9.635048733837948,0.0
14,1,7,1,53.53739370001102,1.0,1.0,1.0,1.0,1.0,42.4927559530237,29.968536041404803,13.097216281964874,0.0
14,1,8,1,70.18883578454316,1.0,1.0,1.0,1.0,1.0,58.44726727379275,40.64669005191861,15.64380530834058,0.0
14,1,9,1,83.14723465365799,1.0,1.0,1.0,1.0,1.0,70.72921027273837,48.26482121924067,15.289602030710816,0.0
14,1,10,2,88.47595921256651,1.0,1.0,1.0,1.0,1.0,75.39165069137934,49.79695925259248,11.646188504185162,0.0
14,1,11,2,87.99293028753468,1.0,1.0,1.0,1.0,1.0,74.24220619228937,47.724060675358224,5.934698167663839,0.0
14,1,12,2,83.75083816604199,1.0,1.0,1.0,1.0,1.0,69.32326389925572,44.13226007631269,0.201201170794666,0.0
14,1,13,2,73.53907365128964,1.0,1.0,1.0,1.0,1.0,58.41391145178736,36.73352933515141,-4.978961853758956,0.0
14,1,14,2,64.34171049492704,1.0,1.0,1.0,1.0,1.0,48.48791943784145,31.435840424242592,-7.883739930869211,0.0
14,1,15,3,53.81636821989702,1.0,1.0,1.0,1.0,1.0,37.19260421666858,25.17283494783443,-9.978156648714988,0.0
14,1,16,3,41.33952432731875,1.0,1.0,1.0,1.0,1.0,23.894140125695685,15.197211657084942,-10.733183107990298,0.0
14,1,17,3,43.56181062275648,1.0,1.0,1.0,1.0,1.0,25.23285580679478,17.853972688849222,-6.92663329072352,0.0
14,1,18,3,54.44182812955721,1.0,1.0,1.0,1.0,1.0,35.15704911962062,28.29817196666327,0.2084866365533955,0.0
14,1,19,3,49.25270566486624,1.0,1.0,1.0,1.0,1.0,28.92954571762629,21.775127172853075,2.637727112515831,0.0
14,1,20,4,37.01365168207707,1.0,1.0,1.0,1.0,1.0,15.559250890513027,8.088279911308472,-2.1827196468931382,0.0
14,1,21,4,29.262465443047077,1.0,0.0,1.0,0.0,1.0,6.57366073644598,0.0,-8.393120895503378,0.0
14,1,22,4,32.11136764674565,1.0,0.0,1.0,1.0,1.0,8.0746927907023,3.6826902893546034,-5.713779339373531,0.0
14,1,23,4,35.66033481766875,1.0,1.0,1.0,1.0,1.0,10.152020414085708,9.634874958037031,-0.45110562146944017,0.0
14,1,24,4,36.426688091867845,1.0,0.0,1.0,1.0,1.0,9.312661578955442,12.393065927629735,2.3880742162735893,0.0
14,1,25,5,32.943589435467985,1.0,0.0,1.0,1.0,1.0,4.079475087744303,10.033296890747629,0.27740726290744533,0.0
14,1,26,5,29.570721142754692,0.0,0.0,0.0,1.0,0.0,0.0,6.289081595696064,-2.0298712249713518,0.0
14,1,27,5,33.05857138968018,1.0,0.0,0.0,1.0,0.0,0.21994154111925468,8.628575183651861,-1.1227055673958877,0.0
14,1,28,5,40.236585683678015,1.0,0.0,1.0,1.0,0.0,5.152921841706643,14.820587400253771,2.4309987494033436,0.0
14,1,29,5,45.80102531922041,1.0,0.0,1.0,1.0,1.0,8.286739103587728,20.65074939957031,5.410101392155238,0.0
14,1,30,6,58.377426193595994,1.0,1.0,1.0,1.0,1.0,18.2366260603589,29.89781399934315,8.439618267971937,0.0
14,1,31,6,76.06944512305853,1.0,1.0,1.0,1.0,1.0,33.09593636458169,40.463360580574744,11.944286479793504,0.0
14,1,32,6,83.8075012341977,1.0,1.0,1.0,1.0,1.0,37.784785979153526,42.51387019985829,12.668825304992431,0.0
14,1,33,6,86.2157858138571,1.0,1.0,1.0,1.0,1.0,36.91706302722578,40.48368660725018,9.2794532067537,0.0
14,1,34,6,88.69710444503215,1.0,1.0,1.0,1.0,1.0,35.885269928101636,39.18095190064886,4.209219773991208,0.0
14,1,35,7,80.64435297261429,1.0,1.0,1.0,1.0,1.0,24.071999362980293,29.064475206824838,-1.0543827538611386,0.0
14,1,36,7,67.6518822949242,1.0,0.0,1.0,1.0,1.0,7.061299066490179,15.608920916779702,-6.187967839644297,0.0
14,1,37,7,68.89458685547677,1.0,0.0,1.0,1.0,1.0,4.017760318453966,17.453038195829812,-6.60083919651846,0.0
14,1,38,7,72.09276535570842,1.0,0.0,1.0,1.0,1.0,2.651378656615833,21.62971284906409,-2.8505292056352878,0.0
14,1,39,7,65.99646395994604,0.0,0.0,0.0,1.0,0.0,0.0,16.16958955834152,-0.5518061116593884,0.0
14,1,40,8,48.00713617806362,0.0,0.0,0.0,0.0,0.0,0.0,0.0,-6.962483559137719,0.0
14,1,41,8,46.675584169926914,0.0,0.0,0.0,0.0,0.0,0.0,0.0,-8.472393728593836,0.0
14,1,42,8,58.597070362990955,0.0,0.0,0.0,0.0,0.0,0.0,0.0,-2.466464532318362,1.0
14,1,43,8,40.154983289709854,0.0,0.0,0.0,0.0,0.0,0.0,0.0,-2.6173842961179212,1.0
14,1,44,8,25.821114935912064,0.0,0.0,0.0,0.0,0.0,0.0,0.0,-6.951489744671616,1.0
14,1,45,9,21.391764464597998,0.0,0.0,0.0,0.0,0.0,0.0,0.0,-12.401768632797653,1.0
14,1,46,9,26.89996265950606,0.0,0.0,0.0,0.0,0.0,0.0,0.0,-4.418340210067932,1.0
14,2,0,0,0.0,0.0,0.0,0.0,0.0,0.0,0.0,0.0,0.0,0.0
14,2,1,0,0.009038459156919948,0.0,0.0,0.0,0.0,0.0,0.0,0.0,0.009038459156919948,0.0
14,2,2,0,0.11390959403864927,0.0,0.0,0.0,0.0,0.0,0.0,0.0,0.056954797019324634,0.0
14,2,3,0,0.926294452731895,0.0,0.0,0.0,0.0,0.0,0.0,0.0,0.30876481757729834,0.0
14,2,4,0,13.372325650373677,1.0,1.0,1.0,1.0,0.0,3.8370225730501257,3.5816663304193046,4.454429063738918,0.0
14,2,5,1,46.014500969986614,1.0,1.0,1.0,1.0,0.0,36.15094764557969,24.37660515434481,15.300197125315988,0.0
14,2,6,1,52.43331551914744,1.0,1.0,1.0,1.0,1.0,42.11638659320935,25.7866394243426,17.169007022138516,0.0
14,2,7,1,46.19526778220583,1.0,1.0,1.0,1.0,1.0,35.15063003521851,18.302496794710343,10.940980710610718,0.0
14,2,8,1,50.963671370150884,1.0,1.0,1.0,1.0,1.0,39.222102859400465,21.903646774875053,1.6497234667214233,0.0
14,2,9,1,49.812831089227465,1.0,1.0,1.0,1.0,1.0,37.39480670830785,20.2621131040831,-0.8734948099733254,0.0
14,2,10,2,41.83727991613118,1.0,1.0,1.0,1.0,1.0,28.75297139494401,12.614795646990874,-1.452662622024884,0.0
14,2,11,2,34.12334687276601,1.0,1.0,1.0,1.0,1.0,20.3726227775207,6.267971030889498,-5.613441499128292,0.0
14,2,12,2,29.02194999625869,1.0,1.0,1.0,1.0,1.0,14.594375729472429,3.1238906105476048,-6.930293697656258,0.0
14,2,13,2,25.975900668754168,1.0,1.0,1.0,1.0,1.0,10.850738469251885,2.604836336811001,-5.287126415792337,0.0
14,2,14,2,22.058101458656267,1.0,1.0,1.0,1.0,1.0,6.204310401570673,1.6707418508690353,-4.021748471369913,0.0
14,2,15,3,15.351193224397177,0.0,0.0,0.0,0.0,0.0,0.0,0.0,-4.556918923953838,0.0
14,2,16,3,9.583723492845085,0.0,0.0,0.0,0.0,0.0,0.0,0.0,-5.464059058636361,0.0
14,2,17,3,7.082753782707684,0.0,0.0,0.0,0.0,0.0,0.0,0.0,-4.991782558649528,0.0
14,2,18,3,14.013096686869076,0.0,0.0,0.0,0.0,0.0,0.0,0.0,-0.4460321791760335,0.0
14,2,19,3,39.07199785836624,1.0,1.0,1.0,1.0,0.0,18.748837911126287,15.636154298321216,9.829424788507051,0.0
14,2,20,4,58.62633369613471,1.0,1.0,1.0,1.0,0.0,37.17193290457067,33.02595646530277,17.181193304475674,0.0
14,2,21,4,72.06766978376298,1.0,1.0,1.0,1.0,1.0,49.37886507716188,41.24701578708189,19.351524365631303,0.0
14,2,22,4,78.58482457211332,1.0,1.0,1.0,1.0,1.0,54.54814971606997,42.48481942908811,13.170942237915694,0.0
14,2,23,4,72.81741156405005,1.0,1.0,1.0,1.0,1.0,47.309097160467005,33.55166339762502,4.730359289305113,0.0
14,2,24,4,65.75865999593341,1.0,1.0,1.0,1.0,1.0,38.64463348302101,24.799990693870726,-2.1030032626098554,0.0
14,2,25,5,75.99743648239406,1.0,1.0,1.0,1.0,1.0,47.13332213467038,33.201905685579774,-0.8624626965730849,0.0
14,2,26,5,86.03820776784197,1.0,1.0,1.0,1.0,1.0,55.26932669613285,41.97414426221083,4.40693206793064,0.0
14,2,27,5,91.60665399183438,1.0,1.0,1.0,1.0,1.0,58.76802414327345,48.03529093330438,8.615997998633654,0.0
14,2,28,5,95.15945088885006,1.0,1.0,1.0,1.0,1.0,60.07578704687869,54.63002639419908,6.387338135485332,0.0
14,2,29,5,97.68320411379997,1.0,1.0,1.0,1.0,1.0,60.168917898167294,62.1554282750951,3.8816654486526687,0.0
14,2,30,6,99.21515005555969,1.0,1.0,1.0,1.0,1.0,59.0743499223226,65.8107377717358,2.536165354575104,1.0
14,2,31,6,95.79611750002695,1.0,1.0,1.0,1.0,1.0,52.82260874155011,62.52419790611539,0.21222220372563072,1.0
14,2,32,6,80.89523278912539,1.0,1.0,1.0,1.0,1.0,34.87251753408121,46.686803751927926,-5.595990441558196,1.0
14,2,33,6,68.93865609426219,1.0,1.0,1.0,1.0,1.0,19.63993330763087,32.19330199829687,-10.092164653765835,1.0
14,2,34,6,64.32518290947424,1.0,0.0,1.0,1.0,1.0,11.513348392543719,24.81589662841686,-10.490311530184238,1.0
14,3,0,0,0.0,0.0,0.0,0.0,0.0,0.0,0.0,0.0,0.0,0.0
14,3,1,0,0.0,0.0,0.0,0.0,0.0,0.0,0.0,0.0,0.0,0.0
14,3,2,0,0.0,0.0,0.0,0.0,0.0,0.0,0.0,0.0,0.0,0.0
14,3,3,0,0.0016146858987245364,0.0,0.0,0.0,0.0,0.0,0.0,0.0,0.0005382286329081789,0.0
14,3,4,0,0.0319333463947621,0.0,0.0,0.0,0.0,0.0,0.0,0.0,0.010644448798254033,0.0
14,3,5,1,0.0649443245101628,0.0,0.0,0.0,0.0,0.0,0.0,0.0,0.021648108170054265,0.0
14,3,6,1,0.04332129501646344,0.0,0.0,0.0,0.0,0.0,0.0,0.0,0.0139022030392463,0.0
14,3,7,1,0.024852660208959685,0.0,0.0,0.0,0.0,0.0,0.0,0.0,-0.002360228728600805,0.0
14,3,8,1,0.0654106112973596,0.0,0.0,0.0,0.0,0.0,0.0,0.0,0.00015542892906560135,0.0
14,3,9,1,0.13918565399649332,0.0,0.0,0.0,0.0,0.0,0.0,0.0,0.03195478632667663,0.0
14,3,10,2,0.13365168608979996,0.0,0.0,0.0,0.0,0.0,0.0,0.0,0.03626634196028009,0.0
14,3,11,2,0.0861368604920162,0.0,0.0,0.0,0.0,0.0,0.0,0.0,0.0069087497315521995,0.0
14,3,12,2,0.5522759155491228,0.0,0.0,0.0,0.0,0.0,0.0,0.0,0.1376967538508765,0.0
14,3,13,2,1.2434571304670436,0.0,0.0,0.0,0.0,0.0,0.0,0.0,0.36993514812574785,0.0
14,3,14,2,1.5055344347840567,0.0,0.0,0.0,0.0,0.0,0.0,0.0,0.47313252476401346,0.0
14,3,15,3,2.3293195566204634,0.0,0.0,0.0,0.0,0.0,0.0,0.0,0.5923478803571135,0.0
14,3,16,3,2.6341276433575675,0.0,0.0,0.0,0.0,0.0,0.0,0.0,0.46355683763017463,0.0
14,3,17,3,1.5694682386976146,0.0,0.0,0.0,0.0,0.0,0.0,0.0,0.021311267971185988,0.0
14,3,18,3,2.5785078890592508,0.0,0.0,0.0,0.0,0.0,0.0,0.0,0.08306277747959578,0.0
14,3,19,3,15.242992594286747,0.0,0.0,0.0,1.0,0.0,0.0,1.0484261476403987,4.2029549836430595,0.0
14,3,20,4,29.459982893698758,1.0,0.0,1.0,1.0,0.0,8.005582102134717,10.115231057150769,9.296838218333715,0.0
14,3,21,4,48.86891269026948,1.0,1.0,1.0,1.0,0.0,26.180107983668385,22.49295938849123,15.430134933736744,0.0
14,3,22,4,69.54129302463768,1.0,1.0,1.0,1.0,1.0,45.504618168594334,35.04194842861023,18.099433476783645,0.0
14,3,23,4,80.54342828416333,1.0,1.0,1.0,1.0,1.0,55.03511388058028,39.281810592803275,17.027815130154856,0.0
14,3,24,4,86.09707618393603,1.0,1.0,1.0,1.0,1.0,58.98304967102362,39.802930516719464,12.409387831222181,0.0
14,3,25,5,89.53536339019686,1.0,1.0,1.0,1.0,1.0,60.67124904247318,39.82694926213531,6.66469012185306,0.0
14,3,26,5,91.20505312966955,1.0,1.0,1.0,1.0,1.0,60.436172057960434,39.64377437323539,3.553874948502075,1.0
14,3,27,5,93.20916102126918,1.0,1.0,1.0,1.0,1.0,60.370531172708255,41.31687811243221,2.370694945777719,1.0
14,3,28,5,94.69822622510699,1.0,1.0,1.0,1.0,1.0,59.61456238313562,44.4869358433434,1.7209542783033764,1.0
14,3,29,5,96.07115954186062,1.0,1.0,1.0,1.0,1.0,58.556873326227944,49.937047053036665,1.6220354707303575,1.0
14,3,30,6,89.98710679939585,1.0,1.0,1.0,1.0,1.0,49.84630666615875,49.076115716617565,-1.0740180739577785,1.0
14,1,0,0,0.0,0.0,0.0,0.0,0.0,0.0,0.0,0.0,0.0,0.0
14,1,1,0,26.51798573799131,1.0,1.0,1.0,1.0,0.0,18.09621947153524,18.09621947153524,26.51798573799131,0.0
14,1,2,0,62.32665413308154,1.0,1.0,1.0,1.0,0.0,53.507688825388705,32.968881502556755,31.16332706654077,0.0
14,1,3,0,85.66071282343155,1.0,1.0,1.0,1.0,1.0,76.47208716523113,48.63710743824962,28.55357094114385,0.0
14,1,4,0,91.71357725624057,1.0,1.0,1.0,1.0,1.0,82.17827417891702,52.071438306808105,21.73186383941642,0.0
14,1,5,1,91.25660819554875,1.0,1.0,1.0,1.0,1.0,81.39305487114183,51.353564844160815,9.643318020822404,0.0
14,1,6,1,89.95812468317436,1.0,1.0,1.0,1.0,1.0,79.64119575723628,50.6425898141857,1.4324706199142696,0.0
14,1,7,1,83.700165505037,1.0,1.0,1.0,1.0,1.0,72.65552775804969,45.621137337454854,-2.6711372504011877,0.0
14,1,8,1,66.83162405701503,1.0,1.0,1.0,1.0,1.0,55.09005554626462,30.31618001559886,-8.14166137951124,0.0
14,1,9,1,45.27843621246623,1.0,1.0,1.0,1.0,1.0,32.860411831546614,9.356746698736899,-14.893229490236044,0.0
14,1,10,2,37.5825006542382,1.0,1.0,1.0,1.0,1.0,24.49819213305103,1.7245541068891015,-15.372554950266268,0.0
14,1,11,2,55.14488039366937,1.0,1.0,1.0,1.0,1.0,41.394156298424065,26.099948897614823,-3.895581221115222,0.0
14,1,12,2,71.33477907026477,1.0,1.0,1.0,1.0,1.0,56.90720480347851,45.972860774647046,8.68544761926618,0.0
14,1,13,2,75.28082460096454,1.0,1.0,1.0,1.0,1.0,60.15566240146225,49.7525938731182,12.56610798224211,0.0
14,1,14,2,74.20245871919096,1.0,1.0,1.0,1.0,1.0,58.34866766210536,48.78908657477953,6.352526108507196,0.0
14,1,15,3,69.11864477813666,1.0,1.0,1.0,1.0,1.0,52.49488077490821,44.55471539674237,-0.7387114307093725,0.0
14,1,16,3,61.3806676513867,1.0,1.0,1.0,1.0,1.0,43.93528344976364,37.88226418881252,-4.633385649859278,0.0
14,1,17,3,59.07918724391152,1.0,1.0,1.0,1.0,1.0,40.75023242794982,37.04168249498169,-5.041090491759813,0.0
14,1,18,3,58.4801801840264,1.0,1.0,1.0,1.0,1.0,39.195401174089824,37.57429515355862,-3.546154864703418,0.0
14,1,19,3,52.404331673222124,1.0,1.0,1.0,1.0,1.0,32.08117172598217,30.838222005116403,-2.992111992721526,0.0
14,1,20,4,39.55512412600986,1.0,1.0,1.0,1.0,1.0,18.100723334445817,16.633928758100744,-6.508021039300554,0.0
14,1,21,4,28.527372329780142,1.0,0.0,1.0,1.0,1.0,5.8385676231790455,3.318202358244431,-9.984269284748754,0.0
14,1,22,4,25.34980287181886,1.0,0.0,1.0,0.0,1.0,1.3131280157755114,0.0,-9.018176267134422,0.0
14,1,23,4,29.517055578278196,1.0,0.0,1.0,0.0,1.0,4.008741174695157,0.0,-3.3460228492438873,0.0
14,1,24,4,34.42379880945477,1.0,0.0,1.0,1.0,1.0,7.30977229654237,4.109702146060894,1.9654754932248768,0.0
14,1,25,5,39.10365339374293,1.0,0.0,1.0,1.0,1.0,10.23953904601925,9.888002306892776,4.584616840641357,0.0
14,1,26,5,47.18752684222251,1.0,1.0,1.0,1.0,1.0,16.418645770513397,19.02401155481928,5.890157087981438,1.0
14,1,27,5,58.903791878725585,1.0,1.0,1.0,1.0,1.0,26.065162030164657,29.973817156311608,8.159997689756937,1.0
14,1,28,5,69.56807748210184,1.0,1.0,1.0,1.0,1.0,34.48441364013047,37.94986573694538,10.15480802945297,1.0
14,1,29,5,76.59881402936077,1.0,1.0,1.0,1.0,1.0,39.08452781372809,41.233593912372285,9.803762395712752,1.0
14,1,30,6,80.41548747831577,1.0,1.0,1.0,1.0,1.0,40.274687345078675,40.88758140838402,7.170565199863394,1.0
14,3,0,0,0.0,0.0,0.0,0.0,0.0,0.0,0.0,0.0,0.0,0.0
14,3,1,0,2.556042941812007,0.0,0.0,0.0,0.0,0.0,0.0,0.0,2.556042941812007,0.0
14,3,2,0,4.922470603416797,0.0,0.0,0.0,0.0,0.0,0.0,0.0,2.4612353017083985,0.0
14,3,3,0,12.841166424047927,1.0,0.0,1.0,1.0,0.0,3.652540765847503,3.8453253822150817,4.280388808015975,0.0
14,3,4,0,31.595900146340846,1.0,1.0,1.0,1.0,0.0,22.060597069017295,15.615816234057586,9.679952401509613,0.0
14,3,5,1,42.30911012608307,1.0,1.0,1.0,1.0,1.0,32.44555680167615,21.611490372929275,12.462213174222091,0.0
14,3,6,1,51.552394422388936,1.0,1.0,1.0,1.0,1.0,41.23546549645084,27.080423576505666,12.90374266611367,0.0
14,3,7,1,56.17324647994123,1.0,1.0,1.0,1.0,1.0,45.12860873295391,29.1870179737898,8.192448777866794,0.0
14,3,8,1,52.32029273336288,1.0,1.0,1.0,1.0,1.0,40.578724222612465,24.55015572188411,3.3370608690932713,0.0
14,3,9,1,45.62496393725476,1.0,1.0,1.0,1.0,1.0,33.20693955633514,18.041756086997193,-1.9758101617113912,0.0
14,3,10,2,46.11317229293009,1.0,1.0,1.0,1.0,1.0,33.02886377174292,18.708543591773314,-3.3533580623370463,0.0
14,3,11,2,68.38426284681651,1.0,1.0,1.0,1.0,1.0,54.63353875157121,40.77647983389142,5.354656704484543,0.0
14,3,12,2,83.1977829903552,1.0,1.0,1.0,1.0,1.0,68.77020872356893,54.73020843148075,12.524273017700144,0.0
14,3,13,2,72.42913367756071,1.0,1.0,1.0,1.0,1.0,57.30397147805843,46.5001301679552,8.771987128210208,0.0
14,3,14,2,53.83630842263522,1.0,1.0,1.0,1.0,1.0,37.982517365549626,32.03347496526021,-4.849318141393764,0.0
14,3,15,3,36.98153615934804,1.0,1.0,1.0,1.0,1.0,20.357772156119594,15.528852787053083,-15.405415610335718,0.0
14,3,16,3,21.721066546230695,1.0,0.0,1.0,0.0,1.0,4.275682344607631,0.0,-16.90268904377667,0.0
14,3,17,3,18.788631179253088,1.0,0.0,0.0,0.0,1.0,0.4596763632913863,0.0,-11.682559081127378,0.0
14,3,18,3,38.288286175677015,1.0,1.0,1.0,1.0,1.0,19.003507165740434,9.539819338123433,0.4355833387763255,0.0
14,3,19,3,54.69411842637812,1.0,1.0,1.0,1.0,1.0,34.37095847913817,25.34636094065864,10.991017293382475,0.0
14,3,20,4,54.38611180664322,1.0,1.0,1.0,1.0,1.0,32.93171101507918,24.418713681126356,11.865826875796712,0.0
14,3,21,4,43.93617629091945,1.0,1.0,1.0,1.0,1.0,21.24737158431835,13.266920293365278,1.8826300384141443,0.0
14,3,22,4,28.9905319583997,1.0,0.0,1.0,0.0,1.0,4.953857102356352,0.0,-8.567862155992806,0.0
14,3,23,4,17.839211132051027,0.0,0.0,0.0,0.0,0.0,0.0,0.0,-12.182300224864065,0.0
14,3,24,4,10.195327221787121,0.0,0.0,0.0,0.0,0.0,0.0,0.0,-11.246949689710775,0.0
14,3,25,5,8.013053128755715,0.0,0.0,0.0,0.0,0.0,0.0,0.0,-6.992492943214661,0.0
14,3,26,5,18.336775388183646,0.0,0.0,0.0,0.0,0.0,0.0,0.0,0.16585475204420655,0.0
14,3,27,5,27.20316680062924,0.0,0.0,0.0,0.0,0.0,0.0,0.0,5.66927985961404,0.0
14,3,28,5,33.01212476103285,0.0,0.0,0.0,0.0,0.0,0.0,0.0,8.333023877425711,0.0
14,3,29,5,36.412407653398475,0.0,0.0,0.0,1.0,0.0,0.0,1.931285648307309,6.025210755071609,0.0
14,3,30,6,57.13274983409212,1.0,1.0,1.0,1.0,0.0,16.991949700855024,20.94074622790213,9.97652767782096,0.0
14,3,31,6,83.22979306509106,1.0,1.0,1.0,1.0,0.0,40.25628430661422,40.32214363838004,16.739222768019403,0.0
14,3,32,6,90.85947810027957,1.0,1.0,1.0,1.0,1.0,44.8367628452354,40.6660339733413,18.1490234822937,0.0
14,3,33,6,94.78901678908989,1.0,1.0,1.0,1.0,1.0,45.49029400245857,38.496556011922735,12.552088984999257,0.0
14,3,34,6,97.11454660700609,1.0,1.0,1.0,1.0,1.0,44.30271209007557,36.70861263774303,4.628251180638344,0.0
14,3,35,7,97.93132390312978,1.0,1.0,1.0,1.0,1.0,41.35897029349579,35.74991338747071,2.3572819342834017,0.0
14,3,36,7,98.1673549981458,1.0,1.0,1.0,1.0,1.0,37.57677176971177,36.39958188691244,1.1261127363519705,0.0
14,3,37,7,96.09837159912442,1.0,1.0,1.0,1.0,1.0,31.22154506210161,35.32250154794167,-0.33872500262722366,0.0
14,3,38,7,90.44488015255322,1.0,0.0,1.0,1.0,1.0,21.003493453460635,31.359647551900082,-2.495481250192185,0.0
14,3,39,7,81.97809888102171,1.0,0.0,1.0,1.0,1.0,7.6835320026860785,25.538373027034346,-5.3964187057080295,0.0
14,3,40,8,75.987749229316,0.0,0.0,0.0,1.0,0.0,0.0,23.917142529492523,-6.703540789936142,0.0
14,3,41,8,75.68538379514118,0.0,0.0,0.0,1.0,0.0,0.0,24.60248020880489,-4.919832119137349,0.0
14,3,42,8,79.98968803534342,0.0,0.0,0.0,1.0,0.0,0.0,25.792395579151012,-0.6628036152260961,0.0
14,3,43,8,82.76112209976891,0.0,0.0,0.0,1.0,0.0,0.0,25.403441952346917,2.257790956817639,0.0
14,3,44,8,76.67213680665667,0.0,0.0,0.0,1.0,0.0,0.0,15.831485977511562,0.3289176705051631,0.0
14,3,45,9,70.28382387230988,0.0,0.0,0.0,1.0,0.0,0.0,5.6654567480390625,-3.235288054344513,0.0
14,3,46,9,80.3174404615939,0.0,0.0,0.0,1.0,0.0,0.0,13.234875856542445,-0.8145605460583359,0.0
14,3,47,9,88.28788929381031,0.0,0.0,0.0,1.0,0.0,0.0,18.82109553949887,3.871917495717881,0.0
14,3,48,9,84.984113924724,0.0,0.0,0.0,1.0,0.0,0.0,13.155041961582555,4.900096684138039,0.0
14,3,49,9,63.76321145962471,0.0,0.0,0.0,0.0,0.0,0.0,0.0,-5.51807633398973,0.0
14,3,50,10,50.01831855409538,0.0,0.0,0.0,0.0,0.0,0.0,0.0,-12.756523579904977,1.0
14,3,51,10,55.461170233558434,0.0,0.0,0.0,0.0,0.0,0.0,0.0,-9.840981230388522,1.0
14,3,52,10,47.78516837262001,0.0,0.0,0.0,0.0,0.0,0.0,0.0,-5.326014362334902,1.0
14,3,53,10,51.72264119051683,0.0,0.0,0.0,0.0,0.0,0.0,0.0,0.5681075454738173,1.0
14,3,54,10,76.59875889192236,0.0,0.0,0.0,0.0,0.0,0.0,0.0,7.045862886121308,1.0
14,3,0,0,0.0,0.0,0.0,0.0,0.0,0.0,0.0,0.0,0.0,0.0
14,3,1,0,0.0,0.0,0.0,0.0,0.0,0.0,0.0,0.0,0.0,0.0
14,3,2,0,0.0,0.0,0.0,0.0,0.0,0.0,0.0,0.0,0.0,0.0
14,3,3,0,0.0,0.0,0.0,0.0,0.0,0.0,0.0,0.0,0.0,0.0
14,3,4,0,0.0,0.0,0.0,0.0,0.0,0.0,0.0,0.0,0.0,0.0
14,3,5,1,0.0,0.0,0.0,0.0,0.0,0.0,0.0,0.0,0.0,0.0
14,3,6,1,0.0,0.0,0.0,0.0,0.0,0.0,0.0,0.0,0.0,0.0
14,3,7,1,0.0,0.0,0.0,0.0,0.0,0.0,0.0,0.0,0.0,0.0
14,3,8,1,0.0,0.0,0.0,0.0,0.0,0.0,0.0,0.0,0.0,0.0
14,3,9,1,0.0,0.0,0.0,0.0,0.0,0.0,0.0,0.0,0.0,0.0
14,3,10,2,0.0,0.0,0.0,0.0,0.0,0.0,0.0,0.0,0.0,0.0
14,3,11,2,0.0,0.0,0.0,0.0,0.0,0.0,0.0,0.0,0.0,0.0
14,3,12,2,0.00033476745783803276,0.0,0.0,0.0,0.0,0.0,0.0,0.0,0.00011158915261267759,0.0
14,3,13,2,0.01388769269434794,0.0,0.0,0.0,0.0,0.0,0.0,0.0,0.00462923089811598,0.0
14,3,14,2,0.3685781676242265,0.0,0.0,0.0,0.0,0.0,0.0,0.0,0.1228593892080755,0.0
14,3,15,3,1.2880364717141073,0.0,0.0,0.0,0.0,0.0,0.0,0.0,0.42923390141875645,0.0
14,3,16,3,1.8647697851916107,0.0,0.0,0.0,0.0,0.0,0.0,0.0,0.6169606974990877,0.0
14,3,17,3,5.693526829763842,0.0,0.0,0.0,0.0,0.0,0.0,0.0,1.7749828873798716,0.0
14,3,18,3,29.585718017824412,1.0,1.0,1.0,1.0,0.0,10.30093900788783,11.659560675989063,9.4325605153701,0.0
14,3,19,3,58.57267370314757,1.0,1.0,1.0,1.0,0.0,38.24951375590762,30.706670938984303,18.902634639318652,0.0
14,3,20,4,74.18068874522018,1.0,1.0,1.0,1.0,1.0,52.72628795365614,37.97498512010869,22.82905397181878,0.0
14,3,21,4,77.57999623422239,1.0,1.0,1.0,1.0,1.0,54.891191527621295,35.769021814815744,15.998092738799327,0.0
14,3,22,4,78.50124035641878,1.0,1.0,1.0,1.0,1.0,54.46456550037543,33.06633237903629,6.642855551090402,0.0
14,3,23,4,85.7338099254361,1.0,1.0,1.0,1.0,1.0,60.22549552185306,37.44468058470204,3.851040393405308,0.0
14,3,24,4,90.78721453653654,1.0,1.0,1.0,1.0,1.0,63.673188023624135,40.80516716739445,4.402406100771382,0.0
14,3,25,5,91.34843253612331,1.0,1.0,1.0,1.0,1.0,62.48431818839963,41.39803329923799,4.282397393234845,0.0
14,3,26,5,92.00171022595481,1.0,1.0,1.0,1.0,1.0,61.23282915424569,43.8692984613615,2.0893001001729012,0.0
14,3,27,5,93.43985374754149,1.0,1.0,1.0,1.0,1.0,60.601223898980564,49.47580197616868,0.8842130703349843,0.0
14,3,28,5,93.91904769099719,1.0,1.0,1.0,1.0,1.0,58.83538384902582,57.47712180282378,0.8568717182912925,1.0
14,3,29,5,95.12727911225059,1.0,1.0,1.0,1.0,1.0,57.61299289661791,65.24748614600152,1.041856295431927,1.0
14,3,30,6,95.82732692705434,1.0,1.0,1.0,1.0,1.0,55.68652679381725,67.99487427787778,0.7958243931709509,1.0
14,3,31,6,93.13959683246188,1.0,1.0,1.0,1.0,1.0,50.16608807398504,65.19602023158214,-0.25981695284510425,1.0
14,3,32,6,92.44406931665378,1.0,1.0,1.0,1.0,1.0,46.421354061609605,64.3031438074141,-0.8944032651989365,1.0
14,2,0,0,0.0,0.0,0.0,0.0,0.0,0.0,0.0,0.0,0.0,0.0
14,2,1,0,42.0079699869281,1.0,1.0,1.0,1.0,0.0,33.58620372047203,33.58620372047203,42.0079699869281,0.0
14,2,2,0,70.00647380295914,1.0,1.0,1.0,1.0,0.0,61.1875084952663,37.4173616747176,35.00323690147957,0.0
14,2,3,0,69.58645437442271,1.0,1.0,1.0,1.0,1.0,60.39782871622229,36.83592666283283,23.19548479147424,0.0
14,2,4,0,77.59847580675316,1.0,1.0,1.0,1.0,1.0,68.06317272942961,44.4536956168233,11.863501939941685,0.0
14,2,5,1,85.87175377878452,1.0,1.0,1.0,1.0,1.0,76.0082004543776,51.97473826761558,5.288426658608462,0.0
14,2,6,1,89.3730965247429,1.0,1.0,1.0,1.0,1.0,79.05616759880482,55.09491774118476,6.5955473834400635,0.0
14,2,7,1,87.17716497730251,1.0,1.0,1.0,1.0,1.0,76.13252723031519,53.23448026374152,3.1928963901831175,0.0
14,2,8,1,84.84287958682546,1.0,1.0,1.0,1.0,1.0,73.10131107607505,51.526753483254865,-0.34295806398635403,0.0
14,2,9,1,89.36763683413378,1.0,1.0,1.0,1.0,1.0,76.94961245321416,56.34463028955309,-0.001819896869709699,0.0
14,2,10,2,91.1957397127109,1.0,1.0,1.0,1.0,1.0,78.11143119152374,58.3812110409581,1.3395249118027976,0.0
14,2,11,2,90.10012984249619,1.0,1.0,1.0,1.0,1.0,76.34940574725088,69.35635267939244,1.752416751890242,0.0
14,2,12,2,91.30457010474126,1.0,1.0,1.0,1.0,1.0,76.876995837955,76.54025666052627,0.6456444235358276,0.0
14,2,13,2,71.38281465139927,1.0,1.0,1.0,1.0,1.0,56.25765245189699,56.49664349937046,-6.604308353770544,0.0
14,2,14,2,46.98558626825768,1.0,1.0,1.0,1.0,1.0,31.131795211172083,26.623369702155777,-14.37151452474617,0.0
14,2,15,3,42.42088564655494,1.0,1.0,1.0,1.0,1.0,25.7971216433265,17.20989765597224,-16.294561486062104,0.0
14,2,16,3,43.758988447396185,1.0,1.0,1.0,1.0,1.0,26.31360424577312,15.544437635614564,-9.20794206800103,1.0
14,2,17,3,51.594854297510096,1.0,1.0,1.0,1.0,1.0,33.265899481548395,22.38962071880548,1.536422676417473,1.0
14,2,18,3,69.56543638574325,1.0,1.0,1.0,1.0,1.0,50.28065737580667,40.448025405533166,9.048183579729438,1.0
14,2,19,3,80.14521088990995,1.0,1.0,1.0,1.0,1.0,59.822050942669996,50.75311331629499,12.128740814171254,1.0
14,2,20,4,81.40024168686924,1.0,1.0,1.0,1.0,1.0,59.945840895305196,52.01700911904315,9.93512912978638,1.0
15,1,0,0,0.0,0.0,0.0,0.0,0.0,0.0,0.0,0.0,0.0,0.0
15,1,1,0,28.677019490072535,1.0,1.0,1.0,1.0,0.0,20.255253223616464,20.255253223616464,28.677019490072535,0.0
15,1,2,0,51.14348851374692,1.0,1.0,1.0,1.0,0.0,42.32452320605408,26.39402951706984,25.57174425687346,0.0
15,1,3,0,60.10087618990174,1.0,1.0,1.0,1.0,1.0,50.91225053170132,32.69778982123074,20.033625396633912,0.0
15,1,4,0,59.64191720565725,1.0,1.0,1.0,1.0,1.0,50.1066141283337,32.118794667296065,10.321632571861572,0.0
15,1,5,1,46.99756685967918,1.0,1.0,1.0,1.0,1.0,37.13401353527226,20.98364263399298,-1.3819738846892449,0.0
15,1,6,1,32.57973611000632,1.0,1.0,1.0,1.0,1.0,22.26280718406823,7.595029826974262,-9.17371335996514,0.0
15,1,7,1,20.907377588791284,1.0,1.0,1.0,0.0,1.0,9.862739841803968,0.0,-12.911513205621988,0.0
15,1,8,1,12.291375256879482,1.0,0.0,1.0,0.0,1.0,0.5498067461290663,0.0,-11.568730534266566,0.0
15,1,9,1,7.48196091948334,0.0,0.0,0.0,0.0,0.0,0.0,0.0,-8.36592506350766,0.0
15,1,10,2,5.320354262421425,0.0,0.0,0.0,0.0,0.0,0.0,0.0,-5.195674442123287,0.0
15,1,11,2,3.930416359270958,0.0,0.0,0.0,0.0,0.0,0.0,0.0,-2.786986299202841,0.0
15,1,12,2,3.90270149506287,0.0,0.0,0.0,0.0,0.0,0.0,0.0,-1.1930864748068235,0.0
15,1,13,2,3.7670292697014767,0.0,0.0,0.0,0.0,0.0,0.0,0.0,-0.5177749975733161,0.0
15,1,14,2,5.7994279974207235,0.0,0.0,0.0,0.0,0.0,0.0,0.0,0.6230038793832552,0.0
15,1,15,3,5.520563640234105,0.0,0.0,0.0,0.0,0.0,0.0,0.0,0.539287381723745,0.0
15,1,16,3,3.0241761824966353,0.0,0.0,0.0,0.0,0.0,0.0,0.0,-0.2476176957349471,0.0
15,1,17,3,1.9372450752336552,0.0,0.0,0.0,0.0,0.0,0.0,0.0,-1.2873943073956895,0.0
15,1,18,3,1.9411942568487386,0.0,0.0,0.0,0.0,0.0,0.0,0.0,-1.1931231277951222,0.0
15,1,19,3,2.799629378063352,0.0,0.0,0.0,0.0,0.0,0.0,0.0,-0.0748489348110944,0.0
15,1,20,4,5.347830931244548,0.0,0.0,0.0,0.0,0.0,0.0,0.0,1.136861952003631,0.0
15,1,21,4,9.2653530300162,0.0,0.0,0.0,0.0,0.0,0.0,0.0,2.441386257722487,0.0
15,1,22,4,24.736693399549857,1.0,0.0,1.0,1.0,0.0,0.7000185435065092,6.49283739140186,7.312354673828835,0.0
15,1,23,4,44.798138572521424,1.0,1.0,1.0,1.0,0.0,19.289824168938384,19.344587949267357,13.150102547092294,0.0
15,1,24,4,39.8108306408171,1.0,1.0,1.0,1.0,1.0,12.696804127904699,11.089399797430666,10.181825870266968,0.0
15,1,25,5,26.274089394562203,0.0,0.0,0.0,0.0,0.0,0.0,0.0,0.5124653316707821,0.0
15,1,26,5,25.8249002970572,0.0,0.0,0.0,0.0,0.0,0.0,0.0,-6.324412758488074,0.0
15,1,27,5,33.66927874965449,1.0,0.0,1.0,1.0,0.0,0.8306489010935607,1.7492647200880391,-2.047183963720871,0.0
15,1,28,5,39.80162826909172,1.0,0.0,1.0,1.0,0.0,4.71796442712035,6.8385310366545085,4.509179624843173,0.0
15,1,29,5,49.40589977496777,1.0,0.0,1.0,1.0,1.0,11.891613559335092,15.076448094699174,7.860333159303523,0.0
15,1,30,6,53.495678575279115,1.0,0.0,1.0,1.0,1.0,13.354878442042022,18.30476989793079,6.608799941874875,0.0
15,1,31,6,51.29422583103077,1.0,0.0,1.0,1.0,1.0,8.320717072553933,16.39838018615289,3.830865853979683,0.0
15,1,32,6,54.54382455762918,1.0,0.0,1.0,1.0,1.0,8.521109302585003,20.290420711513548,1.7126415942204691,0.0
15,1,33,6,55.407023501082406,1.0,0.0,1.0,1.0,1.0,6.10830071445109,19.925720019422116,0.6371149752677638,0.0
15,1,34,6,57.6200752955323,1.0,0.0,1.0,1.0,1.0,4.808240778601785,19.554279169485653,2.108616488167177,0.0
15,1,35,7,66.35047657229174,1.0,0.0,1.0,1.0,1.0,9.778122962657747,24.863179808308608,3.935550671554187,0.0
15,1,36,7,63.02569882133248,1.0,0.0,1.0,1.0,1.0,2.4351155928984554,20.536951288524648,2.539558440083359,0.0
15,1,37,7,42.252730606909495,0.0,0.0,0.0,0.0,0.0,0.0,0.0,-5.122448229540936,0.0
15,1,38,7,32.15175206776611,0.0,0.0,0.0,0.0,0.0,0.0,0.0,-11.399574834841877,0.0
15,1,39,7,32.33828527140247,0.0,0.0,0.0,0.0,0.0,0.0,0.0,-10.229137849976672,0.0
15,1,40,8,33.199281460360965,0.0,0.0,0.0,0.0,0.0,0.0,0.0,-3.0178163821828434,0.0
15,1,41,8,42.7322315933755,0.0,0.0,0.0,0.0,0.0,0.0,0.0,3.526826508536464,0.0
15,1,42,8,48.94243067407425,0.0,0.0,0.0,0.0,0.0,0.0,0.0,5.534715134223927,0.0
15,1,43,8,58.615992030747535,0.0,0.0,0.0,0.0,0.0,0.0,0.0,8.472236856795524,0.0
15,1,44,8,58.53441898473318,0.0,0.0,0.0,0.0,0.0,0.0,0.0,5.267395797119225,0.0
15,1,45,9,43.01094210912961,0.0,0.0,0.0,0.0,0.0,0.0,0.0,-1.9771628549815479,0.0
15,1,46,9,28.403624253245713,0.0,0.0,0.0,0.0,0.0,0.0,0.0,-10.070789259167274,0.0
15,1,47,9,25.90417089663549,0.0,0.0,0.0,0.0,0.0,0.0,0.0,-10.876749362699229,0.0
15,1,48,9,39.44372511541335,0.0,0.0,0.0,0.0,0.0,0.0,0.0,-1.1890723312387526,0.0
15,1,49,9,51.22685909388665,0.0,0.0,0.0,0.0,0.0,0.0,0.0,7.607744946880313,0.0
15,1,50,10,55.894453713576794,0.0,0.0,0.0,0.0,0.0,0.0,0.0,9.996760938980435,0.0
15,1,51,10,61.8644465524557,0.0,0.0,0.0,0.0,0.0,0.0,0.0,7.473573812347451,0.0
15,1,52,10,59.10176207304029,0.0,0.0,0.0,0.0,0.0,0.0,0.0,2.6249676597178797,0.0
15,1,53,10,55.81094020178567,0.0,0.0,0.0,0.0,0.0,0.0,0.0,-0.027837837263708327,0.0
15,1,54,10,54.61588884571892,0.0,0.0,0.0,0.0,0.0,0.0,0.0,-2.4161859022455943,1.0
15,1,55,11,47.45249861375408,0.0,0.0,0.0,0.0,0.0,0.0,0.0,-3.88308781976207,1.0
15,1,56,11,42.44168517829309,0.0,0.0,0.0,0.0,0.0,0.0,0.0,-4.456418341164192,1.0
15,1,57,11,49.460346421468586,0.0,0.0,0.0,0.0,0.0,0.0,0.0,-1.7185141414167784,1.0
15,1,58,11,73.8920761197248,0.0,0.0,0.0,0.0,0.0,0.0,0.0,8.813192501990242,1.0
15,2,0,0,0.0,0.0,0.0,0.0,0.0,0.0,0.0,0.0,0.0,0.0
15,2,1,0,5.661962708921593,0.0,0.0,0.0,0.0,0.0,0.0,0.0,5.661962708921593,0.0
15,2,2,0,10.143511236671953,1.0,0.0,1.0,1.0,0.0,1.32454592897912,2.17413873165645,5.071755618335977,0.0
15,2,3,0,15.760277600606283,1.0,1.0,1.0,1.0,0.0,6.571651942405859,5.778642700552865,5.253425866868761,0.0
15,2,4,0,30.156688416106636,1.0,1.0,1.0,1.0,1.0,20.621385338783085,15.31770707109716,8.164908569061682,0.0
15,2,5,1,39.084542357184446,1.0,1.0,1.0,1.0,1.0,29.220989032777524,20.517658017958492,9.647010373504164,0.0
15,2,6,1,35.99433334269806,1.0,1.0,1.0,1.0,1.0,25.67740441675997,16.46151126906753,6.744685247363926,0.0
15,2,7,1,33.3559987941125,1.0,1.0,1.0,1.0,1.0,22.311361047125185,13.689438890249171,1.0664367926686218,0.0
15,2,8,1,36.156800398518214,1.0,1.0,1.0,1.0,1.0,24.4152318877678,16.206287473969418,-0.9759139862220773,0.0
15,2,9,1,35.650314822707635,1.0,1.0,1.0,1.0,1.0,23.232290441788017,15.5949535919438,-0.11467283999680926,0.0
15,2,10,2,37.44099295523232,1.0,1.0,1.0,1.0,1.0,24.356684434045146,17.19795623092713,1.3616647203732721,0.0
15,2,11,2,35.80175592699324,1.0,1.0,1.0,1.0,1.0,22.05103183174793,17.587293205167594,-0.11834815717499225,0.0
15,2,12,2,30.24111476993275,1.0,1.0,1.0,1.0,1.0,15.813540503146488,14.284019686016217,-1.803066684258295,0.0
15,2,13,2,25.987003795806157,1.0,1.0,1.0,1.0,1.0,10.861841596303874,12.233596185027825,-3.817996386475387,0.0
15,2,14,2,21.10348195155662,1.0,0.0,1.0,1.0,1.0,5.249690894471026,8.169602705919393,-4.899424658478872,0.0
15,2,15,3,28.721804374147705,1.0,1.0,1.0,1.0,1.0,12.09804037091926,15.310868582448354,-0.5064367985950149,0.0
15,2,16,3,30.669945156702347,1.0,1.0,1.0,1.0,1.0,13.224560955079284,17.220265331248086,1.5609804536320635,0.0
15,2,17,3,22.740785960300126,1.0,0.0,1.0,1.0,1.0,4.411831144338425,8.369507146225494,0.5457680029145019,0.0
15,2,18,3,17.515995232228953,0.0,0.0,0.0,1.0,0.0,0.0,1.5293439257723165,-3.7352697139729174,0.0
15,2,19,3,16.901264169598036,0.0,0.0,0.0,0.0,0.0,0.0,0.0,-4.589560329034771,0.0
15,2,20,4,17.63531098445602,0.0,0.0,0.0,0.0,0.0,0.0,0.0,-1.7018249919480357,0.0
15,2,21,4,16.78236459586033,0.0,0.0,0.0,0.0,0.0,0.0,0.0,-0.2445435454562078,0.0
15,2,22,4,18.618715040888347,0.0,0.0,0.0,1.0,0.0,0.0,1.295732408334196,0.5724836237634369,0.0
15,2,23,4,19.842902082527004,0.0,0.0,0.0,1.0,0.0,0.0,2.3250124726794397,0.735863699356995,0.0
15,2,24,4,20.31489087280117,0.0,0.0,0.0,1.0,0.0,0.0,2.1672112440155296,1.1775087589802797,0.0
15,2,25,5,17.65662253339329,0.0,0.0,0.0,0.0,0.0,0.0,0.0,-0.32069750249835255,0.0
15,2,26,5,33.24626989662716,1.0,0.0,1.0,1.0,0.0,2.477388824918048,12.257925624490191,4.467789271366719,0.0
15,2,27,5,66.03768606629593,1.0,1.0,1.0,1.0,0.0,33.199056217735006,35.45124655349313,15.24093173116492,0.0
15,2,28,5,76.99595496916756,1.0,1.0,1.0,1.0,1.0,41.912291127196184,38.6404529226951,19.779777478591424,0.0
15,2,29,5,72.52494676422829,1.0,1.0,1.0,1.0,1.0,35.01066054859561,29.90383793936207,13.092892289200377,0.0
15,2,30,6,68.23651233801854,1.0,1.0,1.0,1.0,1.0,28.09571220478145,23.10682350424213,0.7329420905742031,0.0
15,2,31,6,51.542914729235385,1.0,0.0,1.0,1.0,1.0,8.569405970758545,5.705668793917205,-8.484346746644057,0.0
15,2,32,6,34.73982910225847,0.0,0.0,0.0,0.0,0.0,0.0,0.0,-12.595039220656608,0.0
15,2,33,6,31.710120862203855,0.0,0.0,0.0,0.0,0.0,0.0,0.0,-12.175463825271564,0.0
15,2,34,6,32.97204831440034,0.0,0.0,0.0,0.0,0.0,0.0,0.0,-6.190288804945015,0.0
15,2,35,7,29.59690607891679,0.0,0.0,0.0,0.0,0.0,0.0,0.0,-1.7143076744472268,0.0
15,2,36,7,23.39297827491155,0.0,0.0,0.0,0.0,0.0,0.0,0.0,-2.7723808624307686,0.0
15,2,37,7,18.78117390421295,0.0,0.0,0.0,0.0,0.0,0.0,0.0,-4.730291470062464,0.0
15,2,38,7,17.692163338720963,0.0,0.0,0.0,0.0,0.0,0.0,0.0,-3.9682475800652752,1.0
15,2,39,7,12.526998755732006,0.0,0.0,0.0,0.0,0.0,0.0,0.0,-3.6219931730598476,1.0
15,2,40,8,7.378475604119325,0.0,0.0,0.0,0.0,0.0,0.0,0.0,-3.8008994333645414,1.0
15,2,41,8,13.022983646260348,0.0,0.0,0.0,0.0,0.0,0.0,0.0,-1.5563932308202049,1.0
15,2,42,8,23.335468587208464,0.0,0.0,0.0,0.0,0.0,0.0,0.0,3.6028232771588193,1.0
15,2,0,0,0.0,0.0,0.0,0.0,0.0,0.0,0.0,0.0,0.0,0.0
15,2,1,0,2.565785410531759,0.0,0.0,0.0,0.0,0.0,0.0,0.0,2.565785410531759,0.0
15,2,2,0,6.292891336058451,0.0,0.0,0.0,0.0,0.0,0.0,0.0,3.1464456680292257,0.0
15,2,3,0,18.373634750971178,1.0,1.0,1.0,1.0,0.0,9.185009092770754,7.142735086326185,6.124544916990392,0.0
15,2,4,0,48.240389622464335,1.0,1.0,1.0,1.0,0.0,38.70508654514079,25.975542511753737,15.224868070644192,0.0
15,2,5,1,57.12207807507188,1.0,1.0,1.0,1.0,1.0,47.25852475066496,29.7358993128299,16.94306224633781,0.0
15,2,6,1,54.66979169610393,1.0,1.0,1.0,1.0,1.0,44.352862770165835,25.728411507883948,12.098718981710917,0.0
15,2,7,1,67.22434300838594,1.0,1.0,1.0,1.0,1.0,56.179705261398624,35.793891893889636,6.32798446197387,0.0
15,2,8,1,73.70636718895994,1.0,1.0,1.0,1.0,1.0,61.96479867820953,40.14147527663081,5.52809637129602,0.0
15,2,9,1,68.59853268875077,1.0,1.0,1.0,1.0,1.0,56.18050830783115,34.45164655239962,4.642913664215612,0.0
15,2,10,2,62.4331770643967,1.0,1.0,1.0,1.0,1.0,49.348868543209534,28.49989138746902,-1.5970553146630806,0.0
15,2,11,2,61.23513827474376,1.0,1.0,1.0,1.0,1.0,47.48441417949846,29.960773979644998,-4.157076304738728,0.0
15,2,12,2,51.95025713299968,1.0,1.0,1.0,1.0,1.0,37.522682866213415,24.832547164607714,-5.549425185250361,0.0
15,2,13,2,40.695943838907105,1.0,1.0,1.0,1.0,1.0,25.57078163940482,18.601221463710885,-7.245744408496532,0.0
15,2,14,2,37.034159847706604,1.0,1.0,1.0,1.0,1.0,21.18036879062101,18.272271802154066,-8.066992809012385,0.0
15,2,15,3,31.863442458882297,1.0,1.0,1.0,1.0,1.0,15.239678455653852,10.743345834368633,-6.6956048913724615,0.0
15,2,16,3,24.963559989853444,1.0,1.0,1.0,1.0,1.0,7.51817578823038,0.8303135498744965,-5.244127949684554,0.0
15,2,17,3,21.559556610319376,1.0,0.0,1.0,0.0,1.0,3.230601794357675,0.0,-5.158201079129076,0.0
15,2,18,3,24.238100966328624,1.0,0.0,1.0,0.0,1.0,4.953321956392042,0.0,-2.541780497517891,0.0
15,2,19,3,22.248792379525298,1.0,0.0,1.0,0.0,1.0,1.9256324322853473,0.0,-0.9049225367760485,0.0
15,2,20,4,17.67087596667903,0.0,0.0,0.0,0.0,0.0,0.0,0.0,-1.2962268812134485,0.0
15,2,21,4,18.86419572196754,0.0,0.0,0.0,0.0,0.0,0.0,0.0,-1.791301748120361,0.0
15,2,22,4,25.25951512372071,1.0,0.0,1.0,1.0,0.0,1.2228402676773626,3.127333924831813,1.0035742480651375,0.0
15,2,23,4,23.692256695914942,0.0,0.0,0.0,1.0,0.0,0.0,3.898217913624073,2.007126909745304,0.0
15,2,24,4,21.187604655386686,0.0,0.0,0.0,1.0,0.0,0.0,2.1708144578073387,0.7744696444730484,0.0
15,2,25,5,18.75067219098236,0.0,0.0,0.0,1.0,0.0,0.0,0.38175093084260325,-2.1696143109127832,0.0
15,2,26,5,22.377619988619994,0.0,0.0,0.0,1.0,0.0,0.0,4.334952496621661,-0.4382122357649827,0.0
15,2,27,5,38.37430783883608,1.0,0.0,1.0,1.0,0.0,5.535677990275154,16.39428378616322,5.728901061149799,0.0
15,2,28,5,54.37557606826138,1.0,1.0,1.0,1.0,0.0,19.29191222629001,26.167228227738455,11.874967959093008,0.0
15,2,29,5,56.8463659297045,1.0,1.0,1.0,1.0,1.0,19.332079714071817,24.183361230546126,11.489581980361502,0.0
15,2,30,6,54.720976904807756,1.0,0.0,1.0,1.0,1.0,14.580176771570663,19.082109233643976,5.448889688657225,0.0
15,2,31,6,48.95929002718054,1.0,0.0,1.0,1.0,1.0,5.985781268703704,11.894262174828015,-1.8054286803602793,0.0
15,2,32,6,48.98813101286441,1.0,0.0,1.0,1.0,1.0,2.9654157578202316,10.789917193101424,-2.6194116389466964,1.0
15,2,33,6,53.553516615065206,1.0,0.0,1.0,1.0,1.0,4.25479382843389,13.602081663197815,-0.3891534299141834,1.0
15,2,34,6,80.84485595820627,1.0,1.0,1.0,1.0,1.0,28.03302144127575,36.10452017761338,10.628521977008575,1.0
15,2,35,7,94.94524330327845,1.0,1.0,1.0,1.0,1.0,38.37288969364445,45.095723837441824,15.319037430138012,1.0
15,2,36,7,98.66758060087287,1.0,1.0,1.0,1.0,1.0,38.07699737243884,45.789884992504554,15.038021328602554,1.0
15,3,0,0,0.0,0.0,0.0,0.0,0.0,0.0,0.0,0.0,0.0,0.0
15,3,1,0,2.214281865340156,0.0,0.0,0.0,0.0,0.0,0.0,0.0,2.214281865340156,0.0
15,3,2,0,3.6622166718170117,0.0,0.0,0.0,0.0,0.0,0.0,0.0,1.8311083359085059,0.0
15,3,3,0,5.719751908633141,0.0,0.0,0.0,0.0,0.0,0.0,0.0,1.9065839695443803,0.0
15,3,4,0,7.86967352503453,0.0,0.0,0.0,1.0,0.0,0.0,0.6075496171515535,1.885130553231458,0.0
15,3,5,1,12.793767379803379,1.0,0.0,1.0,1.0,0.0,2.9302140553964584,3.783031587885022,3.0438502359954556,0.0
15,3,6,1,33.19192174745645,1.0,1.0,1.0,1.0,0.0,22.874992821518354,17.550729470041155,9.157389946274435,0.0
15,3,7,1,47.74590880609391,1.0,1.0,1.0,1.0,1.0,36.70127105910659,26.230492062511317,13.292078427019794,0.0
15,3,8,1,42.51534431967166,1.0,1.0,1.0,1.0,1.0,30.773775808921247,19.183644461175014,9.907192313289428,0.0
15,3,9,1,29.04056948471264,1.0,1.0,1.0,1.0,1.0,16.622545103793023,5.940873232541122,-1.3837840875812688,0.0
15,3,10,2,19.01058568176564,1.0,1.0,1.0,0.0,1.0,5.9262771605784685,0.0,-9.578441041442757,0.0
15,3,11,2,16.891620826788227,1.0,0.0,1.0,0.0,1.0,3.14089673154292,0.0,-8.541241164294478,0.0
15,3,12,2,30.341370890923884,1.0,1.0,1.0,1.0,1.0,15.913796624137621,9.028163595693975,0.43360046873708075,0.0
15,3,13,2,49.0976328392841,1.0,1.0,1.0,1.0,1.0,33.97247063978182,26.956756976809437,10.02901571917282,0.0
15,3,14,2,51.62115093939595,1.0,1.0,1.0,1.0,1.0,35.76735988231036,29.159012309482428,11.57651003753591,0.0
15,3,15,3,57.644825474698315,1.0,1.0,1.0,1.0,1.0,41.02106147146987,34.919424370167015,9.101151527924811,0.0
15,3,16,3,54.72915081548676,1.0,1.0,1.0,1.0,1.0,37.2837666138637,32.54770253917896,1.8771726587342197,0.0
15,3,17,3,59.683859360228304,1.0,1.0,1.0,1.0,1.0,41.3549045442666,36.02127717959158,2.687569473610784,0.0
15,3,18,3,74.29189880184546,1.0,1.0,1.0,1.0,1.0,55.00711979190888,47.39019144524404,5.5490244423823825,0.0
15,3,19,3,72.48391701545576,1.0,1.0,1.0,1.0,1.0,52.16075706821581,43.23579767013568,5.918255399989666,0.0
15,3,20,4,60.57559234292616,1.0,1.0,1.0,1.0,1.0,39.12119155136212,31.248657119860493,0.29724432756595104,0.0
15,3,21,4,47.478164134428326,1.0,1.0,1.0,1.0,1.0,24.78935942782723,20.14441328629209,-8.937911555805712,0.0
15,3,22,4,33.90363009400949,1.0,1.0,1.0,1.0,1.0,9.866955237966145,8.797761879522572,-12.860095640482088,0.0
15,3,23,4,20.99713304077259,0.0,0.0,0.0,0.0,0.0,0.0,0.0,-13.192819767384522,0.0
15,3,24,4,14.79261851497408,0.0,0.0,0.0,0.0,0.0,0.0,0.0,-10.895181873151415,0.0
15,3,25,5,17.596904739655017,0.0,0.0,0.0,0.0,0.0,0.0,0.0,-5.435575118118159,0.0
15,3,26,5,14.586266498982658,0.0,0.0,0.0,0.0,0.0,0.0,0.0,-2.1369555139299767,0.0
15,3,27,5,8.681484153861224,0.0,0.0,0.0,0.0,0.0,0.0,0.0,-2.037044787037619,0.0
15,3,28,5,12.995774049673383,0.0,0.0,0.0,0.0,0.0,0.0,0.0,-1.533710229993878,0.0
15,3,29,5,39.17583664427572,1.0,0.0,1.0,0.0,0.0,1.6615504286430394,0.0,8.196523381764353,0.0
15,3,30,6,62.66111963419468,1.0,1.0,1.0,1.0,0.0,22.520319500957584,23.539416582714566,17.99321182677782,1.0
15,3,31,6,43.652666199430115,1.0,0.0,1.0,1.0,1.0,0.6791574409532757,5.040494724840009,10.218964049918911,1.0
15,3,32,6,22.956030130626175,0.0,0.0,0.0,0.0,0.0,0.0,0.0,-5.406602171216515,1.0
15,3,33,6,13.331006122972758,0.0,0.0,0.0,0.0,0.0,0.0,0.0,-16.443371170407307,1.0
15,3,34,6,18.720938427616726,0.0,0.0,0.0,0.0,0.0,0.0,0.0,-8.310575923937796,1.0
15,3,0,0,0.0,0.0,0.0,0.0,0.0,0.0,0.0,0.0,0.0,0.0
15,3,1,0,13.319400489696607,1.0,1.0,1.0,1.0,0.0,4.897634223240535,4.897634223240535,13.319400489696607,0.0
15,3,2,0,27.748593547761033,1.0,1.0,1.0,1.0,0.0,18.929628240068197,12.598292702470259,13.874296773880516,0.0
15,3,3,0,29.10109385462027,1.0,1.0,1.0,1.0,1.0,19.912468196419844,13.04508313359267,9.700364618206757,0.0
15,3,4,0,27.94874858228517,1.0,1.0,1.0,1.0,1.0,18.41344550496162,12.011909492186767,4.876449364196188,0.0
15,3,5,1,30.3243417890589,1.0,1.0,1.0,1.0,1.0,20.460788464651976,14.314808151109947,0.8585827470992887,0.0
15,3,6,1,32.70564656670901,1.0,1.0,1.0,1.0,1.0,22.388717640770913,16.477058044117047,1.2015175706962455,0.0
15,3,7,1,37.15682389395421,1.0,1.0,1.0,1.0,1.0,26.112186146966895,20.328896011849068,3.069358437223014,0.0
15,3,8,1,37.59179370305547,1.0,1.0,1.0,1.0,1.0,25.850225192305057,20.380556575022524,2.4224839713321913,0.0
15,3,9,1,27.032798822318696,1.0,1.0,1.0,1.0,1.0,14.614774441399078,10.105101877682145,-1.8909492481301033,0.0
15,3,10,2,14.960488494618016,1.0,0.0,1.0,0.0,1.0,1.876179973430844,0.0,-7.398778466445399,0.0
15,3,11,2,11.110287079766245,0.0,0.0,0.0,0.0,0.0,0.0,0.0,-8.827168874429743,0.0
15,3,12,2,12.41589104483587,0.0,0.0,0.0,0.0,0.0,0.0,0.0,-4.872302592494275,0.0
15,3,13,2,22.8303873440954,1.0,1.0,1.0,1.0,0.0,7.705225144593117,6.541669515798276,2.6232996164924614,0.0
15,3,14,2,50.00885699766043,1.0,1.0,1.0,1.0,0.0,34.155065940574836,30.937957776505876,12.966189972631396,0.0
15,3,15,3,57.64359523071517,1.0,1.0,1.0,1.0,1.0,41.019831227486726,35.2644027200219,15.075901395293101,0.0
15,3,16,3,40.54331532720088,1.0,1.0,1.0,1.0,1.0,23.097931125577816,17.439344085722794,5.904309327701827,0.0
15,3,17,3,22.698320022970776,1.0,0.0,1.0,0.0,1.0,4.369365207009075,0.0,-9.10351232489655,0.0
15,3,18,3,12.574377474584356,0.0,0.0,0.0,0.0,0.0,0.0,0.0,-15.023072585376937,0.0
15,3,19,3,9.203636782491841,0.0,0.0,0.0,0.0,0.0,0.0,0.0,-10.446559514903013,0.0
15,3,20,4,12.804593374500957,0.0,0.0,0.0,0.0,0.0,0.0,0.0,-3.297908882823273,0.0
15,3,21,4,19.837086104010925,0.0,0.0,0.0,0.0,0.0,0.0,0.0,2.420902876475523,0.0
15,3,22,4,21.477544829775294,0.0,0.0,0.0,0.0,0.0,0.0,0.0,4.091302682427817,0.0
15,3,23,4,30.279114117107426,1.0,0.0,1.0,1.0,0.0,4.7707997135243865,2.3713113827011973,5.82484024753549,0.0
15,3,24,4,39.88003892391247,1.0,1.0,1.0,1.0,0.0,12.76601241100007,10.791683222184417,6.680984273300516,0.0
15,3,25,5,27.27276612102812,0.0,0.0,1.0,0.0,0.0,0.0,0.0,1.9317404304176087,0.0
15,3,26,5,17.991549375219655,0.0,0.0,0.0,0.0,0.0,0.0,0.0,-4.09585491396259,0.0
15,3,27,5,22.568082486336905,0.0,0.0,0.0,0.0,0.0,0.0,0.0,-5.770652145858523,0.0
15,3,28,5,30.348481875203195,0.0,0.0,0.0,1.0,0.0,0.0,3.784608810106235,1.025238584725025,0.0
15,3,29,5,41.57637094394144,1.0,0.0,1.0,1.0,0.0,4.062084728308761,12.748372032233732,7.861607189573928,0.0
15,3,30,6,45.497840279190015,1.0,0.0,1.0,1.0,0.0,5.357040145952922,15.03504551207958,7.643252597617703,0.0
15,3,31,6,37.517534500863064,0.0,0.0,0.0,1.0,0.0,0.0,6.5689147800381775,2.3896842085532897,0.0
15,3,32,6,30.271637873120337,0.0,0.0,0.0,0.0,0.0,0.0,0.0,-3.768244356940368,0.0
15,3,33,6,39.007574281470795,0.0,0.0,0.0,1.0,0.0,0.0,5.834836947222101,-2.16342199923974,0.0
15,3,34,6,56.15747218778344,1.0,0.0,1.0,1.0,0.0,3.3456376708529234,18.893907517505802,6.213312562306792,0.0
15,3,35,7,58.295381434540545,1.0,0.0,1.0,1.0,0.0,1.723027824906552,17.228783840276805,9.341247853806737,0.0
15,3,36,7,56.53815853948163,0.0,0.0,0.0,1.0,0.0,0.0,12.696894853959492,5.843528086003611,0.0
15,3,37,7,61.6541155979327,0.0,0.0,1.0,1.0,0.0,0.0,16.21953332429502,1.8322144700497536,0.0
15,3,38,7,62.988500867484206,0.0,0.0,0.0,1.0,0.0,0.0,16.078571251941575,1.5643731443145537,0.0
15,3,39,7,59.10747448683047,0.0,0.0,0.0,1.0,0.0,0.0,10.674071975452414,0.8564386491162802,0.0
15,3,40,8,49.672945370180756,0.0,0.0,0.0,0.0,0.0,0.0,0.0,-3.9937234092506486,0.0
15,3,41,8,41.36956118916702,0.0,0.0,0.0,0.0,0.0,0.0,0.0,-7.206313226105728,0.0
15,3,42,8,40.62956713966858,0.0,0.0,0.0,0.0,0.0,0.0,0.0,-6.159302449053963,0.0
15,3,43,8,32.8721605286091,0.0,0.0,0.0,0.0,0.0,0.0,0.0,-5.600261613857218,0.0
15,3,44,8,24.290076541342078,0.0,0.0,0.0,0.0,0.0,0.0,0.0,-5.693161549274982,0.0
15,3,45,9,24.810921858549705,0.0,0.0,0.0,0.0,0.0,0.0,0.0,-5.272881760372958,0.0
15,3,46,9,29.719174151012602,0.0,0.0,0.0,0.0,0.0,0.0,0.0,-1.0509954591988329,0.0
15,3,47,9,27.462202920796642,0.0,0.0,0.0,0.0,0.0,0.0,0.0,1.0573754598181881,0.0
15,3,48,9,29.226327173879255,0.0,0.0,0.0,0.0,0.0,0.0,0.0,1.4718017717765168,0.0
15,3,49,9,30.43218166447732,0.0,0.0,0.0,0.0,0.0,0.0,0.0,0.2376691711549057,0.0
15,3,50,10,36.51099334730439,0.0,0.0,0.0,0.0,0.0,0.0,0.0,3.0162634755025834,0.0
15,3,51,10,50.00229770047714,0.0,0.0,0.0,0.0,0.0,0.0,0.0,6.925323508865962,0.0
15,3,52,10,53.12945781057287,0.0,0.0,0.0,0.0,0.0,0.0,0.0,7.565758715365185,0.0
15,3,53,10,42.17385693755074,0.0,0.0,0.0,0.0,0.0,0.0,0.0,1.887621196748782,0.0
15,3,54,10,31.837312886303188,0.0,0.0,0.0,0.0,0.0,0.0,0.0,-6.054994938057985,0.0
15,3,55,11,26.468932823700133,0.0,0.0,0.0,0.0,0.0,0.0,0.0,-8.886841662290914,0.0
15,3,56,11,33.45159756642403,0.0,0.0,0.0,0.0,0.0,0.0,0.0,-2.9074197903755703,0.0
15,3,57,11,49.61077151150298,0.0,0.0,0.0,0.0,0.0,0.0,0.0,5.924486208399931,0.0
15,3,58,11,50.903789458873845,0.0,0.0,0.0,0.0,0.0,0.0,0.0,8.14495221172457,0.0
15,3,59,11,43.13172722352488,0.0,0.0,0.0,0.0,0.0,0.0,0.0,3.226709885700283,0.0
15,3,60,11,30.24443318629608,0.0,0.0,0.0,0.0,0.0,0.0,0.0,-6.4554461084023,0.0
15,3,61,11,17.723055360865214,0.0,0.0,0.0,0.0,0.0,0.0,0.0,-11.06024469933621,0.0
15,3,62,11,12.295942170557037,0.0,0.0,0.0,0.0,0.0,0.0,0.0,-10.278595017655947,1.0
15,3,63,11,13.695671022592471,0.0,0.0,0.0,0.0,0.0,0.0,0.0,-5.51625405456787,1.0
15,3,64,11,23.60772792849652,0.0,0.0,0.0,0.0,0.0,0.0,0.0,1.9615575225437685,1.0
15,3,65,11,33.33167544228828,0.0,0.0,0.0,0.0,0.0,0.0,0.0,7.0119110905770805,1.0
15,3,66,11,33.579746307031684,0.0,0.0,0.0,0.0,0.0,0.0,0.0,6.628025094813071,1.0
15,1,0,0,0.0,0.0,0.0,0.0,0.0,0.0,0.0,0.0,0.0,0.0
15,1,1,0,0.03325713816499131,0.0,0.0,0.0,0.0,0.0,0.0,0.0,0.03325713816499131,0.0
15,1,2,0,0.03130268443571442,0.0,0.0,0.0,0.0,0.0,0.0,0.0,0.01565134221785721,0.0
15,1,3,0,0.08883287443098734,0.0,0.0,0.0,0.0,0.0,0.0,0.0,0.029610958143662446,0.0
15,1,4,0,0.5890250060800708,0.0,0.0,0.0,0.0,0.0,0.0,0.0,0.18525595597169317,0.0
15,1,5,1,2.4208390931445276,0.0,0.0,0.0,0.0,0.0,0.0,0.0,0.796512136236271,0.0
15,1,6,1,12.80644085111366,1.0,0.0,1.0,1.0,0.0,2.4895119251755684,3.2566950426218497,4.239202658894224,0.0
15,1,7,1,14.29854244772881,1.0,0.0,1.0,1.0,0.0,3.2539047007414936,3.1130275096904043,4.569839147216246,0.0
15,1,8,1,12.400469941366769,1.0,0.0,1.0,1.0,1.0,0.6589014306163534,0.5972847509541843,3.3265436160740802,0.0
15,1,9,1,14.64813647345342,1.0,0.0,1.0,1.0,1.0,2.230112092533801,2.1266636676449764,0.6138985407799199,0.0
15,1,10,2,13.292271989268993,1.0,0.0,1.0,1.0,1.0,0.20796346808182165,0.39251830603885907,-0.33542348615327217,0.0
15,1,11,2,10.960610106249,0.0,0.0,0.0,0.0,0.0,0.0,0.0,-0.47995327837258966,0.0
15,1,12,2,13.874220948230272,0.0,0.0,1.0,1.0,0.0,0.0,0.7802005226608681,-0.2579718417410491,0.0
15,1,13,2,11.02184938199477,0.0,0.0,0.0,0.0,0.0,0.0,0.0,-0.7568075357580746,0.0
15,1,14,2,6.7845294738452395,0.0,0.0,0.0,0.0,0.0,0.0,0.0,-1.39202687746792,0.0
15,1,15,3,4.6548180569246735,0.0,0.0,0.0,0.0,0.0,0.0,0.0,-3.0731342971018663,0.0
15,1,16,3,5.693307233546427,0.0,0.0,0.0,0.0,0.0,0.0,0.0,-1.7761807161494474,0.0
15,1,17,3,6.9558331274413385,0.0,0.0,0.0,0.0,0.0,0.0,0.0,0.05710121786536634,0.0
15,1,18,3,6.717332810734096,0.0,0.0,0.0,0.0,0.0,0.0,0.0,0.6875049179364741,0.0
15,1,19,3,7.329190316031794,0.0,0.0,0.0,0.0,0.0,0.0,0.0,0.5452943608284556,0.0
15,1,20,4,7.741040184092364,0.0,0.0,0.0,0.0,0.0,0.0,0.0,0.26173568555034193,0.0
15,1,21,4,11.771450706007816,0.0,0.0,0.0,0.0,0.0,0.0,0.0,1.68470596509124,0.0
15,1,22,4,23.031972055909442,0.0,0.0,1.0,1.0,0.0,0.0,5.975011724798939,5.234260579959216,0.0
15,1,23,4,17.81486849956621,0.0,0.0,0.0,0.0,0.0,0.0,0.0,3.357942771824615,0.0
15,1,24,4,14.683036231710297,0.0,0.0,0.0,0.0,0.0,0.0,0.0,0.9705285085674937,0.0
15,1,25,5,20.989877467735504,0.0,0.0,0.0,1.0,0.0,0.0,0.1724928036792548,-0.6806981960579795,0.0
15,1,26,5,16.5299750289159,0.0,0.0,0.0,0.0,0.0,0.0,0.0,-0.4282978235501034,0.0
15,1,27,5,9.95269384184825,0.0,0.0,0.0,0.0,0.0,0.0,0.0,-1.5767807966206824,0.0
15,1,28,5,7.393869935254228,0.0,0.0,0.0,0.0,0.0,0.0,0.0,-4.532002510827092,0.0
15,1,29,5,11.23806772987607,0.0,0.0,0.0,0.0,0.0,0.0,0.0,-1.763969099679943,0.0
15,1,30,6,33.90070810973914,0.0,0.0,0.0,1.0,0.0,0.0,5.990123370363378,7.982671422630297,0.0
15,1,31,6,54.587455590461644,1.0,0.0,1.0,1.0,0.0,11.613946831984805,19.768387028529716,15.73119521840247,0.0
15,1,32,6,58.67336342629061,1.0,0.0,1.0,1.0,0.0,12.65064817124643,18.585400026272588,15.811765232138178,0.0
15,1,33,6,48.664389706020884,0.0,0.0,1.0,1.0,0.0,0.0,5.53965828031528,4.9212271987605805,0.0
15,1,34,6,40.591055095608134,0.0,0.0,0.0,0.0,0.0,0.0,0.0,-4.665466831617837,0.0
15,1,35,7,35.52822626923558,0.0,0.0,0.0,0.0,0.0,0.0,0.0,-7.715045719018342,0.0
15,1,36,7,33.54187013398642,0.0,0.0,0.0,0.0,0.0,0.0,0.0,-5.040839857344821,0.0
15,1,37,7,46.70791863397342,0.0,0.0,0.0,0.0,0.0,0.0,0.0,2.038954512788429,0.0
15,1,38,7,57.31768272736308,0.0,0.0,0.0,1.0,0.0,0.0,5.7426674503441575,7.263152152709165,0.0
15,1,39,7,51.75477739050214,0.0,0.0,0.0,1.0,0.0,0.0,0.8521027763386186,6.07096908550524,0.0
15,1,40,8,42.66763397064259,0.0,0.0,0.0,0.0,0.0,0.0,0.0,-1.34676155444361,0.0
15,1,41,8,49.55071347363993,0.0,0.0,0.0,0.0,0.0,0.0,0.0,-2.588989751241049,0.0
15,1,42,8,57.70634124083293,0.0,0.0,0.0,1.0,0.0,0.0,3.710525215893526,1.9838546167769284,0.0
15,1,43,8,57.503239013585656,0.0,0.0,0.0,1.0,0.0,0.0,0.640764800131393,4.945201680981022,0.0
15,1,44,8,48.486896483443466,0.0,0.0,0.0,0.0,0.0,0.0,0.0,-0.3546056633988215,0.0
15,1,45,9,32.23630428338231,0.0,0.0,0.0,0.0,0.0,0.0,0.0,-8.490012319150205,0.0
15,1,46,9,19.02717544502744,0.0,0.0,0.0,0.0,0.0,0.0,0.0,-12.82535452285274,0.0
15,1,47,9,11.497906361192042,0.0,0.0,0.0,0.0,0.0,0.0,0.0,-12.329663374083808,0.0
15,1,48,9,7.215176923628863,0.0,0.0,0.0,0.0,0.0,0.0,0.0,-8.340375786584483,0.0
15,1,49,9,4.419810157533526,0.0,0.0,0.0,0.0,0.0,0.0,0.0,-4.869121762497971,0.0
15,1,50,10,4.348042741517353,0.0,0.0,0.0,0.0,0.0,0.0,0.0,-2.3832878732248965,0.0
15,1,51,10,21.002154828253506,0.0,0.0,0.0,0.0,0.0,0.0,0.0,4.595659301541548,0.0
15,1,52,10,41.247789409108016,0.0,0.0,0.0,0.0,0.0,0.0,0.0,12.275993083858163,1.0
15,1,53,10,61.75957789808588,0.0,0.0,0.0,0.0,0.0,0.0,0.0,19.13717838552284,1.0
15,1,54,10,88.07050264500509,0.0,0.0,0.0,0.0,0.0,0.0,0.0,22.356115938917196,1.0
15,1,55,11,96.8550920372702,0.0,0.0,0.0,0.0,0.0,0.0,0.0,18.535767542720727,1.0
15,1,56,11,99.17101126138702,0.0,0.0,0.0,0.0,0.0,0.0,0.0,12.470477787767047,1.0
15,2,0,0,0.0,0.0,0.0,0.0,0.0,0.0,0.0,0.0,0.0,0.0
15,2,1,0,0.0,0.0,0.0,0.0,0.0,0.0,0.0,0.0,0.0,0.0
15,2,2,0,0.0008168968796326933,0.0,0.0,0.0,0.0,0.0,0.0,0.0,0.00040844843981634665,0.0
15,2,3,0,0.005276231878270886,0.0,0.0,0.0,0.0,0.0,0.0,0.0,0.0017587439594236285,0.0
15,2,4,0,0.3741445586293132,0.0,0.0,0.0,0.0,0.0,0.0,0.0,0.12471485287643773,0.0
15,2,5,1,2.8049894666158117,0.0,0.0,0.0,0.0,0.0,0.0,0.0,0.9347241899120596,0.0
15,2,6,1,4.132610379117902,0.0,0.0,0.0,0.0,0.0,0.0,0.0,1.3757780490798772,0.0
15,2,7,1,3.6668327807349836,0.0,0.0,0.0,0.0,0.0,0.0,0.0,1.0975627407018902,0.0
15,2,8,1,2.165724824654642,0.0,0.0,0.0,0.0,0.0,0.0,0.0,-0.2130882139870566,0.0
15,2,9,1,1.3436561767797088,0.0,0.0,0.0,0.0,0.0,0.0,0.0,-0.9296514007793978,0.0
15,2,10,2,3.1236001748115756,0.0,0.0,0.0,0.0,0.0,0.0,0.0,-0.18107753530780268,0.0
15,2,11,2,6.063327178669093,0.0,0.0,0.0,0.0,0.0,0.0,0.0,1.2992007846714837,0.0
15,2,12,2,5.307240503509895,0.0,0.0,0.0,0.0,0.0,0.0,0.0,1.3211947755767288,0.0
15,2,13,2,7.936960969790688,0.0,0.0,0.0,0.0,0.0,0.0,0.0,1.6044535983263708,0.0
15,2,14,2,14.195793534280725,0.0,0.0,0.0,1.0,0.0,0.0,2.803482658590621,2.7108221185372106,0.0
15,2,15,3,18.30277153803273,1.0,0.0,1.0,1.0,0.0,1.6790075348042848,5.0714321929090005,4.331843678174278,0.0
15,2,16,3,16.181603908952518,0.0,0.0,0.0,1.0,0.0,0.0,1.9355816807336197,2.748214313053943,0.0
15,2,17,3,10.804642005171802,0.0,0.0,0.0,0.0,0.0,0.0,0.0,-1.1303838430363076,0.0
15,2,18,3,10.96975862108716,0.0,0.0,0.0,0.0,0.0,0.0,0.0,-2.4443376389818567,0.0
15,2,19,3,20.270100580578465,0.0,0.0,1.0,1.0,0.0,0.0,4.210085471208107,1.3628322238753157,0.0
15,2,20,4,26.19469361968559,1.0,0.0,1.0,1.0,0.0,4.74029282812155,8.746243328701642,5.130017204837929,0.0
15,2,21,4,24.647838697654212,1.0,0.0,1.0,1.0,0.0,1.959033991053115,6.477671016788516,4.559360025522351,0.0
15,2,22,4,19.99554725351753,0.0,0.0,0.0,1.0,0.0,0.0,1.5391232056960362,-0.09151777568697857,0.0
15,2,23,4,19.47563356626585,0.0,0.0,0.0,1.0,0.0,0.0,1.137649901598774,-2.2396866844732473,0.0
15,2,24,4,37.03830598692293,1.0,0.0,1.0,1.0,0.0,9.924279474010525,16.197056479560143,4.130155763089572,0.0
15,2,25,5,45.03624905109342,1.0,1.0,1.0,1.0,0.0,16.17213470336974,20.530014272846742,8.346900599191963,0.0
15,2,26,5,40.53074874686199,1.0,0.0,1.0,1.0,1.0,9.761867675152875,13.917698658733592,7.01837172686538,0.0
15,2,27,5,34.60272236399611,1.0,0.0,1.0,1.0,1.0,1.7640925154351805,6.928583504356112,-0.8118612076422735,0.0
15,2,28,5,27.99533559173556,0.0,0.0,0.0,1.0,0.0,0.0,0.3112706976850106,-5.68030448645262,0.0
15,2,29,5,20.568893788946585,0.0,0.0,0.0,0.0,0.0,0.0,0.0,-6.653951652638468,0.0
15,2,30,6,16.01063754696784,0.0,0.0,0.0,0.0,0.0,0.0,0.0,-6.19736160567609,0.0
15,2,31,6,11.071733690115892,0.0,0.0,0.0,0.0,0.0,0.0,0.0,-5.641200633873223,0.0
15,2,32,6,7.703257739438519,0.0,0.0,0.0,0.0,0.0,0.0,0.0,-4.2885453498360215,0.0
15,2,33,6,8.10543622128116,0.0,0.0,0.0,0.0,0.0,0.0,0.0,-2.6350671085622266,0.0
15,2,34,6,8.230651339195552,0.0,0.0,0.0,0.0,0.0,0.0,0.0,-0.94702745030678,0.0
15,2,35,7,20.236321809295156,0.0,0.0,0.0,0.0,0.0,0.0,0.0,4.177688023285545,0.0
15,2,36,7,34.00260385607359,0.0,0.0,0.0,0.0,0.0,0.0,0.0,8.632389211597477,0.0
15,2,37,7,29.521126314157705,0.0,0.0,0.0,0.0,0.0,0.0,0.0,7.09682499165405,0.0
15,2,38,7,24.27967340668592,0.0,0.0,0.0,0.0,0.0,0.0,0.0,1.3477838657969212,0.0
15,2,39,7,17.8337889517172,0.0,0.0,0.0,0.0,0.0,0.0,0.0,-5.389604968118797,0.0
15,2,40,8,13.601036913058127,0.0,0.0,0.0,0.0,0.0,0.0,0.0,-5.306696467033192,0.0
15,2,41,8,14.833711555035881,0.0,0.0,0.0,0.0,0.0,0.0,0.0,-3.148653950550013,0.0
15,2,42,8,18.590663551262217,0.0,0.0,0.0,0.0,0.0,0.0,0.0,0.25229153318167263,0.0
15,2,43,8,23.584907751083403,0.0,0.0,0.0,0.0,0.0,0.0,0.0,3.3279569460084253,0.0
15,2,44,8,29.67303999226636,0.0,0.0,0.0,0.0,0.0,0.0,0.0,4.94644281241016,0.0
15,2,45,9,21.16497503885097,0.0,0.0,0.0,0.0,0.0,0.0,0.0,0.8581038291962505,0.0
15,2,46,9,11.69984285554764,0.0,0.0,0.0,0.0,0.0,0.0,0.0,-3.961688298511921,0.0
15,2,47,9,7.360823818404901,0.0,0.0,0.0,0.0,0.0,0.0,0.0,-7.437405391287153,0.0
15,2,48,9,8.400431329320845,0.0,0.0,0.0,0.0,0.0,0.0,0.0,-4.2548479031767075,0.0
15,2,49,9,10.659662895671142,0.0,0.0,0.0,0.0,0.0,0.0,0.0,-0.3467266532921662,0.0
15,2,50,10,13.394509335466068,0.0,0.0,0.0,0.0,0.0,0.0,0.0,2.011228505687056,0.0
15,2,51,10,11.217657381321121,0.0,0.0,0.0,0.0,0.0,0.0,0.0,0.9390753506667586,0.0
15,2,52,10,9.323190817548852,0.0,0.0,0.0,0.0,0.0,0.0,0.0,-0.44549069270742986,0.0
15,2,53,10,16.53127453319354,0.0,0.0,0.0,0.0,0.0,0.0,0.0,1.0455883992424901,0.0
15,2,54,10,20.22799356694553,0.0,0.0,0.0,0.0,0.0,0.0,0.0,3.0034453952081357,0.0
15,2,55,11,19.31885283845409,0.0,0.0,0.0,0.0,0.0,0.0,0.0,3.3318873403017464,0.0
15,2,56,11,24.748492908082078,0.0,0.0,0.0,0.0,0.0,0.0,0.0,2.739072791629513,0.0
15,2,57,11,49.28133771547785,0.0,0.0,0.0,0.0,0.0,0.0,0.0,9.684448049510772,0.0
15,2,58,11,55.52327921268406,0.0,0.0,0.0,0.0,0.0,0.0,0.0,12.068142124743323,1.0
15,2,59,11,51.56677636318606,0.0,0.0,0.0,0.0,0.0,0.0,0.0,8.939427818367994,1.0
15,2,60,11,51.22904181884803,0.0,0.0,0.0,0.0,0.0,0.0,0.0,0.6492347011233951,1.0
15,2,61,11,60.74984923906585,0.0,0.0,0.0,0.0,0.0,0.0,0.0,1.742190008793931,1.0
15,2,62,11,80.73461530104622,0.0,0.0,0.0,0.0,0.0,0.0,0.0,9.72261297928672,1.0
15,3,0,0,0.0,0.0,0.0,0.0,0.0,0.0,0.0,0.0,0.0,0.0
15,3,1,0,0.20210341985361477,0.0,0.0,0.0,0.0,0.0,0.0,0.0,0.20210341985361477,0.0
15,3,2,0,1.9136335354148448,0.0,0.0,0.0,0.0,0.0,0.0,0.0,0.9568167677074224,0.0
15,3,3,0,7.994016576926768,0.0,0.0,0.0,1.0,0.0,0.0,0.5628856754026206,2.6646721923089225,0.0
15,3,4,0,20.07210803382594,1.0,1.0,1.0,1.0,0.0,10.53680495650239,7.943285251703468,6.623334871324109,0.0
15,3,5,1,31.794055951651742,1.0,1.0,1.0,1.0,0.0,21.93050262724482,15.089967756036494,9.9601408054123,0.0
15,3,6,1,36.21057276270275,1.0,1.0,1.0,1.0,1.0,25.89364383676466,16.813249726416004,9.405518728591995,0.0
15,3,7,1,52.44868806820769,1.0,1.0,1.0,1.0,1.0,41.40405032122037,28.57051844516857,10.792193344793915,0.0
15,3,8,1,68.7395320269618,1.0,1.0,1.0,1.0,1.0,56.997963516211385,39.572238702254026,12.315158691770018,0.0
15,3,9,1,60.57180445639422,1.0,1.0,1.0,1.0,1.0,48.1537800754746,29.78923511913874,8.120410564563821,0.0
15,3,10,2,43.619332094823086,1.0,1.0,1.0,1.0,1.0,30.535023573635915,13.25720242159786,-2.943118657794867,0.0
15,3,11,2,43.52299476055964,1.0,1.0,1.0,1.0,1.0,29.772270665314334,14.493636932941449,-8.405512422134052,0.0
15,3,12,2,70.52863051180401,1.0,1.0,1.0,1.0,1.0,56.101056245017745,41.51961245817793,3.3189420184699308,0.0
15,3,13,2,82.2079878408563,1.0,1.0,1.0,1.0,1.0,67.08282564135402,53.30845229257276,12.86288524867774,0.0
15,3,14,2,73.86743781915207,1.0,1.0,1.0,1.0,1.0,58.01364676206648,47.31038009125041,10.114814352864144,0.0
15,3,15,3,59.71194565647851,1.0,1.0,1.0,1.0,1.0,43.08818165325007,35.885384096296946,-3.6055616184418326,0.0
15,3,16,3,44.72423592202691,1.0,1.0,1.0,1.0,1.0,27.278851720403843,21.96467852044609,-12.494583972943133,0.0
15,3,17,3,50.25265437055988,1.0,1.0,1.0,1.0,1.0,31.92369955459818,28.474077194524966,-7.871594482864064,0.0
15,3,18,3,76.40290856856367,1.0,1.0,1.0,1.0,1.0,57.11812955862709,53.41851284268169,5.563654304028387,0.0
15,3,19,3,85.31852509237753,1.0,1.0,1.0,1.0,1.0,64.99536514513758,60.200177096874704,13.531429723450207,0.0
15,3,20,4,72.12441949586972,1.0,1.0,1.0,1.0,1.0,50.670018704305676,46.19749647012149,7.290588375103279,0.0
15,3,21,4,55.22992223531056,1.0,1.0,1.0,1.0,1.0,32.541117528709464,29.721997101175603,-7.057662111084372,0.0
15,3,22,4,48.60894879037938,1.0,1.0,1.0,1.0,1.0,24.57227393433603,23.02484054275855,-12.236525433999383,0.0
15,3,23,4,45.52610172940367,1.0,1.0,1.0,1.0,1.0,20.01778732582063,18.16350275229854,-8.866105922155349,0.0
15,3,24,4,35.752677619388486,1.0,0.0,1.0,1.0,1.0,8.638651106476082,6.977826267854226,-6.492414871974025,0.0
15,3,25,5,22.39475280134431,0.0,0.0,0.0,0.0,0.0,0.0,0.0,-8.738065329678356,0.0
15,3,26,5,15.959844543196828,0.0,0.0,0.0,0.0,0.0,0.0,0.0,-9.855419062068947,0.0
15,3,27,5,15.168244345884933,0.0,0.0,0.0,0.0,0.0,0.0,0.0,-6.861477757834518,0.0
15,3,28,5,14.8817657863286,0.0,0.0,0.0,0.0,0.0,0.0,0.0,-2.504329005005237,0.0
15,3,29,5,14.541550297137311,0.0,0.0,0.0,0.0,0.0,0.0,0.0,-0.4727647486865057,0.0
15,3,30,6,19.351712501233937,0.0,0.0,0.0,0.0,0.0,0.0,0.0,1.3944893851163347,0.0
15,3,31,6,25.944520810815117,0.0,0.0,0.0,0.0,0.0,0.0,0.0,3.687585008162172,0.0
15,3,32,6,30.724294015528002,0.0,0.0,0.0,0.0,0.0,0.0,0.0,5.3942479061302295,0.0
15,3,33,6,39.728825379085954,0.0,0.0,0.0,1.0,0.0,0.0,4.153360751518257,6.792370959284006,0.0
15,3,34,6,49.579388253118594,0.0,0.0,0.0,1.0,0.0,0.0,11.485858815855167,7.878289147434493,0.0
15,3,35,7,53.33268250873733,0.0,0.0,1.0,1.0,0.0,0.0,11.035864754379311,7.536129497736442,0.0
15,3,36,7,55.90726514433772,0.0,0.0,0.0,1.0,0.0,0.0,9.466616005922013,5.392813255083922,0.0
15,3,37,7,63.27365467226539,0.0,0.0,1.0,1.0,0.0,0.0,12.874198251842387,4.564755473048931,0.0
15,3,38,7,62.81710845468733,0.0,0.0,0.0,1.0,0.0,0.0,9.639002161456858,3.161475315316667,0.0
15,3,39,7,50.77676427465718,0.0,0.0,0.0,0.0,0.0,0.0,0.0,-1.7101669565601796,0.0
15,3,40,8,38.88943456315227,0.0,0.0,0.0,0.0,0.0,0.0,0.0,-8.128073369704373,0.0
15,3,41,8,38.40795725684444,0.0,0.0,0.0,0.0,0.0,0.0,0.0,-8.136383732614297,0.0
15,3,42,8,49.979335181489496,0.0,0.0,0.0,0.0,0.0,0.0,0.0,-0.2658096977225621,0.0
15,3,43,8,51.69379743758995,0.0,0.0,0.0,0.0,0.0,0.0,0.0,4.268120958145893,0.0
15,3,44,8,48.40424158264901,0.0,0.0,0.0,0.0,0.0,0.0,0.0,3.332094775268189,0.0
15,3,45,9,55.23689793253264,0.0,0.0,0.0,0.0,0.0,0.0,0.0,1.752520917014382,0.0
15,3,46,9,56.03465556235082,0.0,0.0,0.0,0.0,0.0,0.0,0.0,1.4469527082536235,0.0
15,3,47,9,48.389439581764314,0.0,0.0,0.0,0.0,0.0,0.0,0.0,-0.004934000294897582,0.0
15,3,48,9,35.53596322840032,0.0,0.0,0.0,0.0,0.0,0.0,0.0,-6.566978234710774,0.0
15,3,49,9,24.70742961133853,0.0,0.0,0.0,0.0,0.0,0.0,0.0,-10.44240865033743,0.0
15,3,50,10,23.648414808732795,0.0,0.0,0.0,0.0,0.0,0.0,0.0,-8.247008257677173,0.0
15,3,51,10,30.26466176824057,0.0,0.0,0.0,0.0,0.0,0.0,0.0,-1.7571004867199171,0.0
15,3,52,10,23.902456774156853,0.0,0.0,0.0,0.0,0.0,0.0,0.0,-0.2683242790605587,0.0
15,3,53,10,13.34620487791655,0.0,0.0,0.0,0.0,0.0,0.0,0.0,-3.434069976938748,0.0
15,3,54,10,9.137989369397136,0.0,0.0,0.0,0.0,0.0,0.0,0.0,-7.042224132947811,0.0
15,3,55,11,12.64534078504207,0.0,0.0,0.0,0.0,0.0,0.0,0.0,-3.7523719963715947,0.0
15,3,56,11,16.755749684254585,0.0,0.0,0.0,0.0,0.0,0.0,0.0,1.1365149354460116,0.0
15,3,57,11,28.53764355583931,0.0,0.0,0.0,0.0,0.0,0.0,0.0,6.4665513954807246,0.0
15,3,58,11,36.94105160854447,0.0,0.0,0.0,0.0,0.0,0.0,0.0,8.0985702745008,0.0
15,3,59,11,30.341993657316767,0.0,0.0,0.0,0.0,0.0,0.0,0.0,4.528747991020727,0.0
15,3,60,11,17.688754395727898,0.0,0.0,0.0,0.0,0.0,0.0,0.0,-3.616296386703804,0.0
15,3,61,11,9.369741512320887,0.0,0.0,0.0,0.0,0.0,0.0,0.0,-9.190436698741195,0.0
15,3,62,11,5.908458188305358,0.0,0.0,0.0,0.0,0.0,0.0,0.0,-8.144511823003803,1.0
15,3,63,11,7.730301235986561,0.0,0.0,0.0,0.0,0.0,0.0,0.0,-3.3194843865804455,1.0
15,3,64,11,10.282248713205218,0.0,0.0,0.0,0.0,0.0,0.0,0.0,0.3041690669614437,1.0
15,3,65,11,13.283822204315076,0.0,0.0,0.0,0.0,0.0,0.0,0.0,2.458454672003239,1.0
15,3,66,11,35.16139575498466,0.0,0.0,0.0,0.0,0.0,0.0,0.0,9.143698172999366,1.0
15,1,0,0,0.0,0.0,0.0,0.0,0.0,0.0,0.0,0.0,0.0,0.0
15,1,1,0,0.0,0.0,0.0,0.0,0.0,0.0,0.0,0.0,0.0,0.0
15,1,2,0,0.0,0.0,0.0,0.0,0.0,0.0,0.0,0.0,0.0,0.0
15,1,3,0,0.0,0.0,0.0,0.0,0.0,0.0,0.0,0.0,0.0,0.0
15,1,4,0,0.0,0.0,0.0,0.0,0.0,0.0,0.0,0.0,0.0,0.0
15,1,5,1,0.0,0.0,0.0,0.0,0.0,0.0,0.0,0.0,0.0,0.0
15,1,6,1,0.0,0.0,0.0,0.0,0.0,0.0,0.0,0.0,0.0,0.0
15,1,7,1,0.0037731287396308376,0.0,0.0,0.0,0.0,0.0,0.0,0.0,0.0012577095798769458,0.0
15,1,8,1,0.7483215892759486,0.0,0.0,0.0,0.0,0.0,0.0,0.0,0.24944052975864953,0.0
15,1,9,1,0.8938713661623171,0.0,0.0,0.0,0.0,0.0,0.0,0.0,0.2979571220541057,0.0
15,1,10,2,0.45915007937174424,0.0,0.0,0.0,0.0,0.0,0.0,0.0,0.15179231687737113,0.0
15,1,11,2,0.23937418662317678,0.0,0.0,0.0,0.0,0.0,0.0,0.0,-0.16964913421759062,0.0
15,1,12,2,0.15011321996748153,0.0,0.0,0.0,0.0,0.0,0.0,0.0,-0.2479193820649452,0.0
15,1,13,2,0.09952752798524753,0.0,0.0,0.0,0.0,0.0,0.0,0.0,-0.1198741837954989,0.0
15,1,14,2,0.7289946216601453,0.0,0.0,0.0,0.0,0.0,0.0,0.0,0.1632068116789895,0.0
15,1,15,3,1.05664044205994,0.0,0.0,0.0,0.0,0.0,0.0,0.0,0.30217574069748615,0.0
15,1,16,3,0.7276463854095667,0.0,0.0,0.0,0.0,0.0,0.0,0.0,0.20937295247477306,0.0
15,1,17,3,2.1429731670069607,0.0,0.0,0.0,0.0,0.0,0.0,0.0,0.4713261817822718,0.0
15,1,18,3,12.081635649667406,0.0,0.0,0.0,0.0,0.0,0.0,0.0,3.674998402535822,0.0
15,1,19,3,16.10472344452646,0.0,0.0,0.0,1.0,0.0,0.0,0.7737223630362706,5.125692353038964,0.0
15,1,20,4,17.380523618986167,0.0,0.0,0.0,1.0,0.0,0.0,0.12535299451365844,5.079183483993069,0.0
15,1,21,4,28.38103935997053,1.0,0.0,1.0,1.0,0.0,5.692234653369432,7.755737326511959,5.433134570101042,0.0
15,1,22,4,35.229054890537824,1.0,1.0,1.0,1.0,0.0,11.192380034494477,11.21430433033651,6.3747771486704545,0.0
15,1,23,4,29.204134500494778,1.0,0.0,1.0,1.0,1.0,3.6958200969117385,3.772539737904193,3.941203627169537,0.0
15,1,24,4,21.508966672305803,0.0,0.0,0.0,0.0,0.0,0.0,0.0,-2.290690895888242,0.0
15,1,25,5,29.52567994008666,1.0,0.0,1.0,1.0,0.0,0.6615655923629795,3.0835803223344556,-1.9011249834837212,0.0
15,1,26,5,40.281762862160264,1.0,0.0,1.0,1.0,0.0,9.51288179045115,12.458808831116883,3.6925427872218286,0.0
15,1,27,5,38.115139771877715,1.0,0.0,1.0,1.0,1.0,5.276509923316787,10.20532032475565,5.5353910331906375,0.0
15,1,28,5,38.25511170959482,1.0,0.0,1.0,1.0,1.0,3.171447867623449,11.088189056333022,2.9098105898360536,0.0
15,1,29,5,48.75163010293112,1.0,0.0,1.0,1.0,1.0,11.237343887298437,20.0080178458658,2.823289080256951,0.0
15,1,30,6,57.81968815958736,1.0,1.0,1.0,1.0,1.0,17.678888026350265,26.30254354517774,6.568182795903215,1.0
15,1,31,6,60.99552473844239,1.0,1.0,1.0,1.0,1.0,18.022015979965552,27.25254305757594,7.580137676282523,1.0
15,1,32,6,52.55067525105049,1.0,0.0,1.0,1.0,1.0,6.527959996006317,17.171652354791682,1.2663483827064586,1.0
15,1,33,6,45.59226974378929,0.0,0.0,0.0,1.0,0.0,0.0,8.643979356821276,-4.075806138599357,1.0
15,1,34,6,44.009802589785366,0.0,0.0,0.0,1.0,0.0,0.0,6.000934795810942,-5.661907382885675,1.0
15,3,0,0,0.0,0.0,0.0,0.0,0.0,0.0,0.0,0.0,0.0,0.0
15,3,1,0,2.18077040355399,0.0,0.0,0.0,0.0,0.0,0.0,0.0,2.18077040355399,0.0
15,3,2,0,5.817461447939291,0.0,0.0,0.0,0.0,0.0,0.0,0.0,2.9087307239696454,0.0
15,3,3,0,8.53502962429314,0.0,0.0,0.0,1.0,0.0,0.0,1.0635635731495254,2.8450098747643797,0.0
15,3,4,0,9.372096937121192,0.0,0.0,1.0,1.0,0.0,0.0,1.229467147746341,2.3971088445224007,0.0
15,3,5,1,8.53972981851263,0.0,0.0,0.0,1.0,0.0,0.0,0.15328665054668988,0.9074227901911129,0.0
15,3,6,1,7.089721241941579,0.0,0.0,0.0,0.0,0.0,0.0,0.0,-0.48176946078385363,0.0
15,3,7,1,6.836676367521469,0.0,0.0,0.0,0.0,0.0,0.0,0.0,-0.8451401898665744,0.0
15,3,8,1,6.899907118119704,0.0,0.0,0.0,0.0,0.0,0.0,0.0,-0.5466075667976419,0.0
15,3,9,1,5.152549017244056,0.0,0.0,0.0,0.0,0.0,0.0,0.0,-0.6457240748991744,0.0
15,3,10,2,2.8788556922597257,0.0,0.0,0.0,0.0,0.0,0.0,0.0,-1.319273558420581,0.0
15,3,11,2,1.5560578234222402,0.0,0.0,0.0,0.0,0.0,0.0,0.0,-1.7812830982324879,0.0
15,3,12,2,1.9768778003845866,0.0,0.0,0.0,0.0,0.0,0.0,0.0,-1.0585570722864897,0.0
15,3,13,2,2.9808847947917068,0.0,0.0,0.0,0.0,0.0,0.0,0.0,0.034009700843993684,0.0
15,3,14,2,3.8596571175507055,0.0,0.0,0.0,0.0,0.0,0.0,0.0,0.7678664313761551,0.0
15,3,15,3,5.452447251549166,0.0,0.0,0.0,0.0,0.0,0.0,0.0,1.158523150388193,0.0
15,3,16,3,4.225013150134563,0.0,0.0,0.0,0.0,0.0,0.0,0.0,0.41470945178095214,0.0
15,3,17,3,3.2188470688768795,0.0,0.0,0.0,0.0,0.0,0.0,0.0,-0.213603349557942,0.0
15,3,18,3,2.9534086076119204,0.0,0.0,0.0,0.0,0.0,0.0,0.0,-0.8330128813124151,0.0
15,3,19,3,3.886336055928051,0.0,0.0,0.0,0.0,0.0,0.0,0.0,-0.11289236473550401,0.0
15,3,20,4,3.5706148835318463,0.0,0.0,0.0,0.0,0.0,0.0,0.0,0.11725593821832225,0.0
15,3,21,4,3.220409897067374,0.0,0.0,0.0,0.0,0.0,0.0,0.0,0.08900042981848448,0.0
15,3,22,4,4.1081125650332195,0.0,0.0,0.0,0.0,0.0,0.0,0.0,0.07392550303505614,0.0
15,3,23,4,3.8347425486952096,0.0,0.0,0.0,0.0,0.0,0.0,0.0,0.08804255505445442,0.0
15,3,24,4,2.2246771545179453,0.0,0.0,0.0,0.0,0.0,0.0,0.0,-0.33191091418314284,0.0
15,3,25,5,1.3882260318526651,0.0,0.0,0.0,0.0,0.0,0.0,0.0,-0.9066288443935182,0.0
15,3,26,5,2.6708625192515947,0.0,0.0,0.0,0.0,0.0,0.0,0.0,-0.3879600098145383,0.0
15,3,27,5,6.9243416549516805,0.0,0.0,0.0,0.0,0.0,0.0,0.0,1.5665548334779118,0.0
15,3,28,5,7.754319702868985,0.0,0.0,0.0,0.0,0.0,0.0,0.0,2.122031223672107,0.0
15,3,29,5,8.576133970793101,0.0,0.0,0.0,0.0,0.0,0.0,0.0,1.9684238171805024,0.0
15,3,30,6,20.179184095753264,0.0,0.0,0.0,0.0,0.0,0.0,0.0,4.418280813600528,0.0
15,3,31,6,28.8243474034061,0.0,0.0,0.0,0.0,0.0,0.0,0.0,7.023342566845706,0.0
15,3,32,6,32.28820890120488,0.0,0.0,0.0,0.0,0.0,0.0,0.0,7.904024976803927,0.0
15,3,33,6,42.95642096715028,0.0,0.0,0.0,1.0,0.0,0.0,4.143901855464151,7.5924122904656715,0.0
15,3,34,6,42.88020048575996,0.0,0.0,0.0,1.0,0.0,0.0,0.5314011983786173,4.685284360784618,0.0
15,3,35,7,31.99429169902313,0.0,0.0,0.0,0.0,0.0,0.0,0.0,-0.09797240072725089,0.0
15,3,36,7,25.480420794803504,0.0,0.0,0.0,0.0,0.0,0.0,0.0,-5.825333390782259,0.0
15,3,37,7,22.834724288266614,0.0,0.0,0.0,0.0,0.0,0.0,0.0,-6.681825399164448,0.0
15,3,38,7,21.71857446813598,0.0,0.0,0.0,0.0,0.0,0.0,0.0,-3.425239076962383,1.0
15,3,39,7,49.64285028113764,0.0,0.0,0.0,1.0,0.0,0.0,0.6715960179204359,8.054143162111378,1.0
15,3,40,8,83.32014169390055,1.0,0.0,1.0,1.0,0.0,3.873471455456425,25.76082752308011,20.16180580187798,1.0
15,3,41,8,95.57077194711061,1.0,0.0,1.0,1.0,0.0,10.66277200400026,29.307363588885323,24.61739915965821,1.0
15,3,42,8,98.8324681611964,1.0,0.0,1.0,1.0,1.0,8.14360900516985,25.429530810009084,16.39653929335292,1.0
15,1,0,0,0.0,0.0,0.0,0.0,0.0,0.0,0.0,0.0,0.0,0.0
15,1,1,0,17.062034053935683,1.0,1.0,1.0,1.0,0.0,8.640267787479612,8.640267787479612,17.062034053935683,0.0
15,1,2,0,19.061562514115188,1.0,1.0,1.0,1.0,0.0,10.242597206422355,6.689142507359719,9.530781257057594,0.0
15,1,3,0,16.95313011617182,1.0,1.0,1.0,1.0,1.0,7.764504457971396,5.057688263927403,5.6510433720572735,0.0
15,1,4,0,27.36635490926769,1.0,1.0,1.0,1.0,1.0,17.83105183194414,13.92527507703226,3.434773618444003,0.0
15,1,5,1,34.33748191911893,1.0,1.0,1.0,1.0,1.0,24.473928594712007,18.87454278079574,5.091973135001247,0.0
15,1,6,1,32.39998103612403,1.0,1.0,1.0,1.0,1.0,22.08305211018594,16.365740103729543,5.148950306650737,0.0
15,1,7,1,27.737984750468826,1.0,1.0,1.0,1.0,1.0,16.69334700348151,11.860051216538372,0.12387661373371135,0.0
15,1,8,1,19.615125969367188,1.0,1.0,1.0,1.0,1.0,7.873557458616773,4.005916690159683,-4.9074519832505805,0.0
15,1,9,1,10.77007662826298,0.0,0.0,0.0,0.0,0.0,0.0,0.0,-7.209968135953684,0.0
15,1,10,2,5.5463072310975665,0.0,0.0,0.0,0.0,0.0,0.0,0.0,-7.39722583979042,0.0
15,1,11,2,3.435205113050123,0.0,0.0,0.0,0.0,0.0,0.0,0.0,-5.3933069521056884,0.0
15,1,12,2,1.9362966227871004,0.0,0.0,0.0,0.0,0.0,0.0,0.0,-2.944593335158627,0.0
15,1,13,2,0.9941278336638921,0.0,0.0,0.0,0.0,0.0,0.0,0.0,-1.5173931324778913,0.0
15,1,14,2,0.8234887571167882,0.0,0.0,0.0,0.0,0.0,0.0,0.0,-0.870572118644445,0.0
15,1,15,3,3.3109902039505807,0.0,0.0,0.0,0.0,0.0,0.0,0.0,0.4582311937211601,0.0
15,1,16,3,2.7235271179778486,0.0,0.0,0.0,0.0,0.0,0.0,0.0,0.5764664281046522,0.0
15,1,17,3,1.5736515984673263,0.0,0.0,0.0,0.0,0.0,0.0,0.0,0.25005428045017936,0.0
15,1,18,3,5.657389277710228,0.0,0.0,0.0,0.0,0.0,0.0,0.0,0.7821330245865492,0.0
15,1,19,3,14.704738427605799,0.0,0.0,0.0,1.0,0.0,0.0,0.44951696431699695,3.9937371032093165,0.0
15,1,20,4,18.281734120981604,0.0,0.0,0.0,1.0,0.0,0.0,2.0894411817506757,5.569360840838093,0.0
15,1,21,4,22.74471119524076,1.0,0.0,1.0,1.0,0.0,0.055906488639664076,3.969810907307746,5.695773972510177,0.0
15,1,22,4,35.362164695253455,1.0,1.0,1.0,1.0,0.0,11.325489839210107,12.393849073019986,6.885808755882553,0.0
15,1,23,4,35.28389767629382,1.0,1.0,1.0,1.0,1.0,9.77558327271078,9.682424549898982,5.667387851770738,0.0
15,1,24,4,24.87071295213707,0.0,0.0,0.0,0.0,0.0,0.0,0.0,0.7086672522987693,0.0
15,1,25,5,24.67775378138664,0.0,0.0,0.0,0.0,0.0,0.0,0.0,-3.561470304622271,0.0
15,1,26,5,41.40247441327524,1.0,0.0,1.0,1.0,0.0,10.63359334156613,12.863195102898324,2.0395255789938083,0.0
15,1,27,5,53.601953936859,1.0,1.0,1.0,1.0,0.0,20.76332408829807,22.25312827544178,9.577080328240642,0.0
15,1,28,5,56.54552375066888,1.0,1.0,1.0,1.0,1.0,21.461859908697505,23.608281002934902,10.622589989760746,0.0
15,1,29,5,52.10069867333619,1.0,1.0,1.0,1.0,1.0,14.58641245770351,18.926088692783836,3.5660747533536488,0.0
15,1,30,6,37.42107188710706,0.0,0.0,0.0,1.0,0.0,0.0,4.360357637310621,-5.393627349917312,0.0
15,1,31,6,30.29927410516936,0.0,0.0,0.0,0.0,0.0,0.0,0.0,-8.748749881833172,0.0
15,1,32,6,38.25630024166971,0.0,0.0,0.0,1.0,0.0,0.0,4.365150541949198,-4.614799477222159,1.0
15,1,33,6,50.0906740699005,1.0,0.0,1.0,1.0,0.0,0.7919512832691851,14.163386515444117,4.223200727597813,1.0
15,1,34,6,64.24633888984108,1.0,0.0,1.0,1.0,0.0,11.434504372910567,24.744090403303296,11.315688261557241,1.0
15,1,35,7,70.2550996653382,1.0,0.0,1.0,1.0,1.0,13.6827460557042,28.083047142211583,10.66626647455616,1.0
15,1,36,7,71.52774565744342,1.0,0.0,1.0,1.0,1.0,10.93716242900939,27.72480734625931,7.145690529180972,1.0
15,2,0,0,0.0,0.0,0.0,0.0,0.0,0.0,0.0,0.0,0.0,0.0
15,2,1,0,20.030378581394704,1.0,1.0,1.0,1.0,0.0,11.608612314938632,11.608612314938632,20.030378581394704,0.0
15,2,2,0,30.73096402643533,1.0,1.0,1.0,1.0,0.0,21.911998718742495,14.174866890131781,15.365482013217665,0.0
15,2,3,0,33.70923531313148,1.0,1.0,1.0,1.0,1.0,24.520609654931057,16.309807938827483,11.236411771043826,0.0
15,2,4,0,36.98683039741002,1.0,1.0,1.0,1.0,1.0,27.451527320086466,19.038354859644627,5.652150605338438,0.0
15,2,5,1,37.51106716679602,1.0,1.0,1.0,1.0,1.0,27.647513842389095,19.449046898608604,2.260034380120229,0.0
15,2,6,1,36.15364235110739,1.0,1.0,1.0,1.0,1.0,25.8367134251693,18.29747403718875,0.8148023459919713,0.0
15,2,7,1,30.23810935077604,1.0,1.0,1.0,1.0,1.0,19.193471603788723,12.869978036861806,-2.249573682211326,0.0
15,2,8,1,20.97819832909968,1.0,1.0,1.0,1.0,1.0,9.236629818349265,3.7638156611093585,-5.510956279232112,0.0
15,2,9,1,20.73152663793708,1.0,1.0,1.0,1.0,1.0,8.313502257017461,3.6222469247234343,-5.140705237723438,0.0
15,2,10,2,31.62277171677544,1.0,1.0,1.0,1.0,1.0,18.538463195588267,14.627598172091275,0.46155412199980006,0.0
15,2,11,2,33.62544709884812,1.0,1.0,1.0,1.0,1.0,19.874723003602814,20.60379558866727,4.215749589916147,0.0
15,2,12,2,24.197203119096464,1.0,1.0,1.0,1.0,1.0,9.769628852310202,11.36656841437145,1.1552254937197948,0.0
15,2,13,2,17.74934964574308,1.0,0.0,1.0,1.0,1.0,2.624187446240798,3.5016055772184327,-4.624474023677453,0.0
15,2,14,2,18.395068412221402,1.0,0.0,1.0,1.0,1.0,2.541277355135808,3.260625315754332,-5.07679289554224,0.0
15,2,15,3,17.051686795634588,1.0,0.0,1.0,1.0,1.0,0.42792279240614306,1.5002326884830417,-2.381838774487292,0.0
15,2,16,3,15.039097579304308,0.0,0.0,0.0,0.0,0.0,0.0,0.0,-0.9034173554795911,0.0
15,2,17,3,19.522888210600634,1.0,0.0,1.0,1.0,0.0,1.1939333946389326,4.404749542830032,0.37593993279307725,0.0
15,2,18,3,36.91537931364113,1.0,1.0,1.0,1.0,0.0,17.63060030370455,20.31459504453003,6.621230839335515,0.0
15,2,19,3,55.71140496339518,1.0,1.0,1.0,1.0,1.0,35.38824501615523,34.00191149657005,13.557435794696957,0.0
15,2,20,4,59.420768198821406,1.0,1.0,1.0,1.0,1.0,37.966367407257366,33.94542563477387,13.299293329406924,0.0
15,2,21,4,46.42193876435058,1.0,1.0,1.0,1.0,1.0,23.73313405774948,19.547277362230915,3.168853150236482,0.0
15,2,22,4,33.05952206553654,1.0,1.0,1.0,1.0,1.0,9.022847209493193,5.479761590550176,-7.550627632619547,0.0
15,2,23,4,28.485216720829435,1.0,0.0,1.0,1.0,1.0,2.9769023172463953,0.2578004174924047,-10.311850492663991,0.0
15,2,24,4,31.708509081740438,1.0,0.0,1.0,1.0,1.0,4.594482568828035,3.269592148826547,-4.904476560870047,0.0
15,2,25,5,37.24698042511365,1.0,0.0,1.0,1.0,1.0,8.382866077389966,8.594864000634374,1.395819453192369,0.0
15,2,26,5,38.70442733441311,1.0,0.0,1.0,1.0,1.0,7.935546262703998,10.180702873695232,3.4064035378612254,0.0
15,2,27,5,37.11260357791623,1.0,0.0,1.0,1.0,1.0,4.273973729355305,9.436553100644119,1.8013648320585982,0.0
15,2,28,5,36.25645890988264,1.0,0.0,1.0,1.0,1.0,1.1727950679112666,9.129323282123519,-0.3301738384103364,1.0
15,2,29,5,33.96138610337674,0.0,0.0,0.0,1.0,0.0,0.0,5.452141799981753,-1.5810137436787908,1.0
15,2,30,6,40.28177586738998,1.0,0.0,1.0,1.0,0.0,0.14097573415288878,11.848346180025178,1.0563907631579166,1.0
15,2,31,6,47.01640347537192,1.0,0.0,1.0,1.0,0.0,4.042894716895084,19.703495593655113,3.586648188496428,1.0
15,2,32,6,63.8920107180314,1.0,1.0,1.0,1.0,1.0,17.869295462987225,31.31916018781743,9.976874871551553,1.0
